특징,밴드,정규화,모델,학습 정확도 (Trial),학습 정확도 (Epoch),테스트 정확도 (Trial),테스트 정확도 (Epoch)
F_median_3d_8rm,alpha,norm3,Logistic Regression,0.6533,0.5892,0.61,0.6114
F_median_3d_8rm,alpha,norm3,Linear SVM,0.66,0.5915,0.64,0.6086
F_median_3d_8rm,alpha,norm3,Ensemble (Majority Vote),0.8267,0.686,0.63,0.6014
F_median_3d_2area,alpha,norm3,Linear SVM,0.5467,0.531,0.63,0.59
F_median_3d_8rm,alpha,None,Linear SVM,0.6133,0.583,0.6,0.59
F_median_3d_2area,alpha,norm3,Logistic Regression,0.5467,0.529,0.63,0.5886
F_mean_3d_8rm,alpha,None,Logistic Regression,0.5867,0.5651,0.63,0.5886
F_de_3d_8rm,alpha,None,Linear SVM,0.6267,0.5841,0.6,0.5871
F_mean_3d_8rm,alpha,None,Linear SVM,0.6133,0.5752,0.65,0.5857
F_dasm_3d19,alpha,norm3,Linear SVM,0.6667,0.6085,0.58,0.5857
F_dasm_3d19,alpha,norm3,Logistic Regression,0.6733,0.609,0.59,0.5857
F_rasm_3d_10rm,theta,norm3,XGBoost,0.8667,0.729,0.63,0.5814
F_median_3d_10rm,alpha,norm3,Linear SVM,0.6667,0.6034,0.59,0.58
F_median_3d_2area,beta,norm3,Linear SVM,0.4867,0.5198,0.62,0.58
F_median_3d_8rm,alpha,None,Logistic Regression,0.5867,0.5676,0.57,0.5771
F_peak_3d_3area,beta,None,Logistic Regression,0.5533,0.5497,0.62,0.5771
F_de_3d_8rm,alpha,None,Logistic Regression,0.6,0.5699,0.59,0.5743
F_de_3d_2area,delta,norm3,XGBoost,0.7,0.5998,0.6,0.5743
F_median_3d,alpha,norm3,Linear SVM,0.7067,0.6175,0.57,0.5729
F_median_3d_2area,beta,norm3,Logistic Regression,0.5,0.5211,0.62,0.5714
F_rasm_3d,theta,None,XGBoost,0.8467,0.6713,0.62,0.5714
F_peak_3d_1area,all,None,KNN,0.9867,0.7759,0.62,0.5714
F_rasm_3d_10rm,theta,norm3,Random Forest,0.7933,0.7028,0.56,0.5714
F_median_3d_2area,beta,norm3,Ensemble (Majority Vote),0.7933,0.6244,0.61,0.57
F_mean_3d_8rm,alpha,norm3,Linear SVM,0.6333,0.5855,0.61,0.57
F_median_3d_8rm,alpha,norm3,Random Forest,0.7733,0.6605,0.59,0.57
F_mean_3d,alpha,None,Logistic Regression,0.6267,0.5966,0.59,0.57
F_de_3d19,alpha,None,Linear SVM,0.7267,0.6533,0.63,0.57
F_median_3d_10rm,alpha,norm3,Ensemble (Majority Vote),0.82,0.6959,0.57,0.5686
F_median_3d,alpha,norm3,Logistic Regression,0.6667,0.612,0.55,0.5686
F_peak_3d_8rm,beta,None,Logistic Regression,0.5533,0.5634,0.59,0.5686
F_mean_3d19,alpha,None,Random Forest,0.74,0.6715,0.56,0.5671
F_mean_3d_T7,alpha,None,XGBoost,0.5933,0.5577,0.61,0.5671
F_mean_3d_2area,alpha,None,Logistic Regression,0.56,0.5366,0.58,0.5671
F_peak_3d_F3,alpha,None,Logistic Regression,0.5267,0.5225,0.58,0.5671
F_peak_3d_Fp2,gamma,None,Random Forest,0.7,0.6037,0.59,0.5671
F_peak_3d_2area,all,None,Ensemble (Majority Vote),0.8267,0.7356,0.55,0.5657
F_de_3d_3area,alpha,None,Linear SVM,0.5467,0.54,0.58,0.5657
F_de_3d19,alpha,norm3,Random Forest,0.8733,0.709,0.63,0.5657
F_median_3d_10rm,alpha,norm3,Logistic Regression,0.6533,0.5961,0.55,0.5657
F_peak_3d_Fp2,gamma,None,XGBoost,0.66,0.6048,0.59,0.5643
F_peak_3d_F3,alpha,None,Linear SVM,0.5267,0.5221,0.57,0.5643
F_dasm_3d_10rm,alpha,norm3,Logistic Regression,0.5533,0.5549,0.62,0.5643
F_peak_3d_3area,beta,None,Linear SVM,0.6,0.5582,0.6,0.5629
F_peak_3d_8rm,beta,None,Linear SVM,0.6267,0.5952,0.61,0.5629
F_de_3d,alpha,None,Logistic Regression,0.64,0.5989,0.58,0.5629
F_mean_3d,alpha,None,Linear SVM,0.6333,0.6011,0.58,0.5614
F_dasm_3d_8rm,alpha,norm3,Linear SVM,0.5933,0.5439,0.59,0.5614
F_mean_3d_2area,alpha,None,Linear SVM,0.58,0.5409,0.61,0.56
F_dasm_3d_10rm,alpha,norm3,Linear SVM,0.5667,0.5575,0.61,0.56
F_dasm_3d_8rm,alpha,norm3,Logistic Regression,0.5867,0.5434,0.59,0.56
F_peak_3d_10rm,beta,None,Logistic Regression,0.6,0.5821,0.57,0.56
F_mean_3d_10rm,alpha,None,Linear SVM,0.62,0.5857,0.6,0.56
F_dasm_3d19,alpha,norm3,XGBoost,0.9333,0.7887,0.57,0.56
F_peak_3d_Fp2,gamma,None,Ensemble (Majority Vote),0.7333,0.6283,0.6,0.56
F_mean_3d_8rm,alpha,norm3,Ensemble (Majority Vote),0.8133,0.6844,0.6,0.56
F_peak_3d,beta,None,Logistic Regression,0.6333,0.6018,0.58,0.5586
F_de_3d_Fp2,theta,norm3,KNN,0.98,0.6857,0.65,0.5586
F_de_3d_Fp2,theta,norm2,KNN,0.98,0.6857,0.65,0.5586
F_median_3d,alpha,None,Linear SVM,0.6467,0.6103,0.53,0.5586
F_peak_3d_2area,all,None,KNN,0.9867,0.8028,0.61,0.5586
F_de_3d_8rm,alpha,norm3,Ensemble (Majority Vote),0.8133,0.6931,0.54,0.5586
F_mean_3d_8rm,alpha,norm3,Logistic Regression,0.6133,0.5782,0.6,0.5586
F_median_3d_3area,theta,None,Linear SVM,0.62,0.5549,0.54,0.5586
F_rasm_3d_3area,delta,None,XGBoost,0.6,0.5715,0.59,0.5571
F_peak_3d_3area,alpha,None,Linear SVM,0.5667,0.546,0.6,0.5571
F_de_3d_F3,beta,None,Logistic Regression,0.5,0.5115,0.56,0.5571
F_de_3d_F3,beta,None,Linear SVM,0.5,0.5106,0.56,0.5571
F_mean_3d_2area,delta,norm3,XGBoost,0.66,0.5885,0.59,0.5571
F_rasm_3d_8rm,gamma,None,Ensemble (Majority Vote),0.8067,0.6667,0.63,0.5557
F_mean_3d_8rm,alpha,norm3,Random Forest,0.8067,0.6628,0.62,0.5557
F_de_3d_2area,delta,norm3,Ensemble (Majority Vote),0.7067,0.6336,0.51,0.5557
F_de_3d_Fp1,alpha,None,Linear SVM,0.4733,0.5216,0.57,0.5557
F_de_3d_Fp2,all,None,Linear SVM,0.6333,0.5805,0.57,0.5543
F_de_3d_F3,alpha,None,Logistic Regression,0.5133,0.523,0.59,0.5543
F_peak_3d_2area,delta,norm3,Ensemble (Majority Vote),0.7267,0.6386,0.55,0.5543
F_median_3d19,alpha,None,Random Forest,0.7933,0.6798,0.55,0.5543
F_rasm_3d,all,norm3,Linear SVM,0.6333,0.5717,0.6,0.5543
F_median_3d_F3,delta,None,Linear SVM,0.5133,0.514,0.55,0.5543
F_rasm_3d_8rm,gamma,None,Linear SVM,0.52,0.5172,0.57,0.5543
F_dasm_3d19,alpha,norm3,Ensemble (Majority Vote),0.8667,0.7485,0.55,0.5529
F_de_3d,alpha,None,Linear SVM,0.6667,0.6113,0.58,0.5529
F_de_3d_8rm,alpha,norm3,Random Forest,0.7933,0.6724,0.59,0.5529
F_dasm_3d_3area,alpha,None,Logistic Regression,0.5133,0.5113,0.57,0.5529
F_de_3d19,alpha,norm3,Ensemble (Majority Vote),0.92,0.7582,0.61,0.5529
F_dasm_3d_8rm,theta,norm3,Random Forest,0.6867,0.6257,0.61,0.5529
F_rasm_3d,gamma,None,Logistic Regression,0.5467,0.5009,0.57,0.5529
F_de_3d_8rm,alpha,norm3,Logistic Regression,0.6,0.5809,0.56,0.5529
F_median_3d_2area,alpha,norm3,Ensemble (Majority Vote),0.76,0.6303,0.58,0.5529
F_median_3d_2area,beta,None,Linear SVM,0.5533,0.5326,0.56,0.5529
F_median_3d_F3,delta,None,Logistic Regression,0.5133,0.5143,0.55,0.5529
F_rasm_3d_8rm,gamma,None,Random Forest,0.8067,0.6485,0.6,0.5514
F_median_3d_8rm,theta,None,Linear SVM,0.6667,0.5871,0.56,0.5514
F_dasm_3d_10rm,alpha,norm3,Random Forest,0.7533,0.6522,0.59,0.5514
F_de_3d_F3,alpha,None,Linear SVM,0.5267,0.5216,0.58,0.5514
F_de_3d_2area,beta,None,Logistic Regression,0.56,0.5363,0.54,0.5514
F_mean_3d_Cz,gamma,norm2,KNN,0.9533,0.6782,0.65,0.5514
F_mean_3d_Cz,gamma,norm3,KNN,0.9533,0.6782,0.65,0.5514
F_de_3d_2area,alpha,None,Logistic Regression,0.58,0.5538,0.55,0.5514
F_median_3d_Fz,gamma,None,Logistic Regression,0.5133,0.5216,0.54,0.5514
F_mean_3d_3area,alpha,None,Linear SVM,0.5467,0.5398,0.59,0.5514
F_dasm_3d,beta,norm3,XGBoost,0.92,0.7064,0.59,0.5514
F_median_3d_2area,delta,norm3,XGBoost,0.66,0.597,0.55,0.55
F_median_3d_10rm,alpha,None,Linear SVM,0.62,0.5952,0.53,0.55
F_peak_3d_Fp2,all,norm3,Linear SVM,0.6467,0.5786,0.53,0.55
F_peak_3d_Fp2,all,norm3,Logistic Regression,0.6333,0.5807,0.54,0.55
F_de_3d_Fp1,alpha,None,Logistic Regression,0.48,0.5228,0.57,0.55
F_rasm_3d_10rm,gamma,None,Linear SVM,0.5333,0.5232,0.55,0.55
F_de_3d_2area,beta,None,Linear SVM,0.56,0.5421,0.53,0.55
F_median_3d_Fz,gamma,None,Linear SVM,0.52,0.5211,0.54,0.55
F_mean_3d_2area,beta,norm3,Logistic Regression,0.5467,0.5228,0.57,0.55
F_median_3d,alpha,None,Logistic Regression,0.6533,0.6025,0.51,0.55
F_median_3d_8rm,theta,norm3,Random Forest,0.8067,0.6607,0.55,0.55
F_de_3d_2area,alpha,None,Linear SVM,0.58,0.5485,0.57,0.55
F_peak_3d_2area,delta,norm3,Linear SVM,0.58,0.5487,0.57,0.55
F_median_3d,alpha,norm3,Ensemble (Majority Vote),0.86,0.7092,0.56,0.55
F_rasm_3d_10rm,theta,None,XGBoost,0.9,0.666,0.57,0.55
F_peak_3d_2area,beta,None,Logistic Regression,0.56,0.5409,0.55,0.55
F_dasm_3d19,alpha,norm3,Random Forest,0.84,0.7384,0.58,0.5486
F_median_3d_Fz,all,norm2,Random Forest,0.9467,0.6816,0.53,0.5486
F_mean_3d_10rm,alpha,None,Logistic Regression,0.5867,0.5766,0.55,0.5486
F_rasm_3d_8rm,delta,None,Logistic Regression,0.4867,0.4961,0.56,0.5486
F_peak_3d_C3,gamma,norm2,Random Forest,0.8667,0.5855,0.57,0.5486
F_de_3d_8rm,alpha,norm3,Linear SVM,0.6267,0.589,0.55,0.5486
F_median_3d_10rm,alpha,norm3,Random Forest,0.8067,0.6717,0.56,0.5486
F_peak_3d_3area,beta,None,Ensemble (Majority Vote),0.7067,0.6497,0.54,0.5486
F_de_3d_T7,gamma,norm2,KNN,0.9733,0.6862,0.58,0.5486
F_median_3d_Fp2,theta,norm2,Ensemble (Majority Vote),0.7933,0.6129,0.62,0.5486
F_peak_3d_C3,gamma,norm3,Random Forest,0.8667,0.5855,0.57,0.5486
F_median_3d_Fp2,theta,norm3,Ensemble (Majority Vote),0.7933,0.6129,0.62,0.5486
F_peak_3d_2area,beta,None,Linear SVM,0.5467,0.549,0.56,0.5486
F_peak_3d_2area,delta,norm3,Logistic Regression,0.58,0.5526,0.56,0.5486
F_median_3d_T8,all,norm2,KNN,0.98,0.6887,0.62,0.5486
F_de_3d_T7,gamma,norm3,KNN,0.9733,0.6862,0.58,0.5486
F_rasm_3d,all,norm3,Logistic Regression,0.6333,0.5662,0.56,0.5471
F_peak_3d_3area,alpha,None,Logistic Regression,0.56,0.5439,0.57,0.5471
F_median_3d_8rm,alpha,norm3,XGBoost,0.8067,0.6766,0.53,0.5471
F_de_3d_C4,all,norm2,KNN,0.9733,0.694,0.63,0.5471
F_median_3d_C3,alpha,norm2,KNN,1.0,0.6897,0.6,0.5471
F_median_3d_8rm,theta,None,Logistic Regression,0.62,0.5752,0.56,0.5471
F_median_3d_8rm,theta,norm3,XGBoost,0.86,0.6853,0.54,0.5471
F_de_3d_2area,delta,norm3,Random Forest,0.7933,0.6248,0.51,0.5471
F_mean_3d_T7,all,norm2,KNN,0.98,0.6926,0.61,0.5471
F_median_3d_Fz,all,norm2,XGBoost,0.92,0.6616,0.57,0.5471
F_dasm_3d_10rm,alpha,norm3,Ensemble (Majority Vote),0.7733,0.6616,0.59,0.5471
F_median_3d_C3,all,norm2,Random Forest,0.9533,0.6761,0.57,0.5471
F_median_3d_C3,alpha,norm3,KNN,1.0,0.6897,0.6,0.5471
F_peak_3d_Fp2,all,norm3,XGBoost,0.88,0.6961,0.53,0.5471
F_de_3d_C3,theta,norm2,KNN,0.9867,0.6811,0.6,0.5457
F_rasm_3d_10rm,gamma,None,Logistic Regression,0.54,0.5021,0.58,0.5457
F_de_3d_1area,alpha,None,Logistic Regression,0.4933,0.5225,0.54,0.5457
F_median_3d_2area,delta,None,Linear SVM,0.5933,0.551,0.53,0.5457
F_de_3d_F8,theta,norm2,Random Forest,0.7267,0.5876,0.55,0.5457
F_de_3d_2area,delta,norm3,Logistic Regression,0.56,0.5393,0.55,0.5457
F_de_3d_F8,theta,norm3,Random Forest,0.7267,0.5876,0.55,0.5457
F_dasm_3d_8rm,all,norm3,Logistic Regression,0.7533,0.6729,0.57,0.5457
F_mean_3d_Fp2,alpha,None,Linear SVM,0.5467,0.5283,0.54,0.5457
F_mean_3d_8rm,alpha,norm3,XGBoost,0.8067,0.6834,0.57,0.5457
F_de_3d_10rm,alpha,norm3,Random Forest,0.8133,0.6853,0.59,0.5457
F_peak_3d_Cz,gamma,None,Ensemble (Majority Vote),0.7267,0.6262,0.56,0.5457
F_peak_3d_Cz,gamma,None,Random Forest,0.7333,0.6101,0.58,0.5457
F_mean_3d_T8,delta,norm2,KNN,0.9867,0.6936,0.6,0.5457
F_peak_3d_F4,beta,None,Logistic Regression,0.5,0.5133,0.59,0.5457
F_peak_3d19,alpha,None,Linear SVM,0.7533,0.6538,0.56,0.5457
F_mean_3d_T8,delta,norm3,KNN,0.9867,0.6936,0.6,0.5457
F_mean_3d_Fz,gamma,None,Logistic Regression,0.4933,0.5172,0.54,0.5457
F_rasm_3d_10rm,delta,norm3,Random Forest,0.8,0.7037,0.57,0.5457
F_de_3d_C3,theta,norm3,KNN,0.9867,0.6811,0.6,0.5457
F_mean_3d_Fp2,all,norm3,Random Forest,0.7667,0.6434,0.55,0.5443
F_de_3d_C3,all,norm2,Ensemble (Majority Vote),0.86,0.6683,0.61,0.5443
F_rasm_3d_10rm,theta,norm2,Ensemble (Majority Vote),0.8733,0.7205,0.57,0.5443
F_rasm_3d,gamma,None,Linear SVM,0.52,0.5032,0.54,0.5443
F_peak_3d_3area,delta,norm3,Logistic Regression,0.6133,0.5607,0.55,0.5443
F_peak_3d_3area,beta,None,XGBoost,0.6867,0.6395,0.54,0.5443
F_peak_3d_Fp2,all,norm3,Ensemble (Majority Vote),0.84,0.6805,0.57,0.5443
F_de_3d_10rm,alpha,None,Linear SVM,0.6333,0.5924,0.58,0.5443
F_de_3d_F8,all,norm2,KNN,0.9867,0.6977,0.59,0.5443
F_peak_3d_Fp2,all,norm3,Random Forest,0.82,0.6766,0.58,0.5443
F_mean_3d_F8,delta,norm2,Random Forest,0.7867,0.5959,0.58,0.5443
F_mean_3d_Fp1,all,norm2,KNN,0.9733,0.6975,0.6,0.5443
F_mean_3d_T7,alpha,None,Random Forest,0.6467,0.5791,0.54,0.5443
F_mean_3d_Fz,gamma,None,Linear SVM,0.4933,0.5189,0.54,0.5443
F_peak_3d_Fp1,alpha,None,Logistic Regression,0.5267,0.5218,0.55,0.5443
F_mean_3d_F8,delta,norm3,Random Forest,0.7867,0.5959,0.58,0.5443
F_mean_3d_T8,alpha,norm3,XGBoost,0.6333,0.5485,0.55,0.5429
F_peak_3d_8rm,alpha,None,Logistic Regression,0.6,0.5706,0.57,0.5429
F_peak_3d_C3,gamma,None,Ensemble (Majority Vote),0.74,0.6359,0.58,0.5429
F_rasm_3d_3area,delta,None,Random Forest,0.6533,0.586,0.59,0.5429
F_de_3d_F4,alpha,norm2,KNN,0.9867,0.6894,0.63,0.5429
F_median_3d_3area,gamma,None,Linear SVM,0.5667,0.546,0.55,0.5429
F_peak_3d_Fz,gamma,None,XGBoost,0.64,0.5906,0.58,0.5429
F_de_3d_F4,alpha,norm3,Random Forest,0.7533,0.5929,0.53,0.5429
F_peak_3d_T7,gamma,None,KNN,0.9667,0.7092,0.6,0.5429
F_rasm_3d,gamma,None,XGBoost,0.8933,0.6892,0.62,0.5429
F_rasm_3d_3area,theta,None,KNN,0.9867,0.6883,0.55,0.5429
F_de_3d_1area,alpha,None,Linear SVM,0.4933,0.5218,0.54,0.5429
F_peak_3d_2area,all,None,XGBoost,0.9667,0.7867,0.56,0.5429
F_mean_3d_2area,gamma,None,Linear SVM,0.5733,0.5508,0.58,0.5429
F_mean_3d_T8,alpha,norm2,XGBoost,0.6333,0.5485,0.55,0.5429
F_peak_3d_Fp1,alpha,None,Linear SVM,0.5267,0.5221,0.55,0.5429
F_de_3d_Fp1,theta,norm3,Ensemble (Majority Vote),0.7267,0.6216,0.54,0.5429
F_de_3d_F4,alpha,norm3,KNN,0.9867,0.6894,0.63,0.5429
F_de_3d_F4,alpha,norm2,Random Forest,0.7533,0.5929,0.53,0.5429
F_peak_3d_T7,beta,norm3,KNN,0.9933,0.6929,0.58,0.5429
F_peak_3d_T7,beta,norm2,KNN,0.9933,0.6929,0.58,0.5429
F_de_3d_Fp2,all,norm3,Logistic Regression,0.6067,0.5628,0.53,0.5429
F_de_3d_Fp1,theta,norm2,Ensemble (Majority Vote),0.7267,0.6216,0.54,0.5429
F_mean_3d_F8,delta,norm3,XGBoost,0.6733,0.5595,0.53,0.5414
F_median_3d_Fp1,beta,norm3,KNN,0.9867,0.6913,0.61,0.5414
F_dasm_3d_10rm,beta,norm2,Random Forest,0.9333,0.6646,0.61,0.5414
F_peak_3d_T8,beta,None,Logistic Regression,0.54,0.5326,0.56,0.5414
F_median_3d_3area,theta,norm3,XGBoost,0.7533,0.6037,0.58,0.5414
F_mean_3d_F8,delta,norm2,XGBoost,0.6733,0.5595,0.53,0.5414
F_median_3d_Fp1,beta,norm2,KNN,0.9867,0.6913,0.61,0.5414
F_de_3d_Fp2,alpha,None,Linear SVM,0.52,0.5301,0.54,0.5414
F_de_3d_T7,theta,norm2,KNN,0.9867,0.6933,0.57,0.5414
F_de_3d_2area,all,norm2,KNN,0.98,0.6995,0.58,0.5414
F_median_3d_F3,theta,None,Linear SVM,0.5667,0.5411,0.52,0.5414
F_mean_3d_T8,all,norm2,KNN,0.98,0.6998,0.6,0.5414
F_median_3d_F3,theta,None,Logistic Regression,0.56,0.5395,0.52,0.5414
F_peak_3d_C3,gamma,None,XGBoost,0.6733,0.6037,0.56,0.5414
F_peak_3d_3area,all,None,KNN,0.98,0.8228,0.59,0.5414
F_mean_3d_2area,delta,norm3,Random Forest,0.78,0.612,0.57,0.5414
F_peak_3d_Fp2,all,None,Ensemble (Majority Vote),0.84,0.7011,0.56,0.5414
F_median_3d_T7,gamma,norm3,Random Forest,0.7933,0.5977,0.53,0.5414
F_mean_3d_8rm,alpha,None,Ensemble (Majority Vote),0.7933,0.6857,0.55,0.5414
F_dasm_3d,gamma,norm2,Ensemble (Majority Vote),0.8867,0.6857,0.6,0.5414
F_de_3d_Fp2,all,None,Logistic Regression,0.6267,0.5743,0.57,0.5414
F_peak_3d_Cz,beta,norm3,KNN,0.98,0.6917,0.6,0.5414
F_de_3d_T7,theta,norm3,KNN,0.9867,0.6933,0.57,0.5414
F_peak_3d_Cz,beta,norm2,KNN,0.98,0.6917,0.6,0.5414
F_median_3d_F7,beta,norm2,Ensemble (Majority Vote),0.82,0.6278,0.57,0.5414
F_rasm_3d_10rm,gamma,None,XGBoost,0.8467,0.6644,0.57,0.5414
F_peak_3d_8rm,beta,norm3,Linear SVM,0.58,0.5733,0.57,0.5414
F_median_3d_T7,gamma,norm2,Random Forest,0.7933,0.5977,0.53,0.5414
F_median_3d_F7,beta,norm3,Ensemble (Majority Vote),0.82,0.6278,0.57,0.5414
F_de_3d_Fp1,theta,norm3,KNN,0.9733,0.6809,0.62,0.5414
F_median_3d_Fz,all,norm2,Ensemble (Majority Vote),0.8533,0.6768,0.54,0.5414
F_de_3d_2area,delta,norm3,Linear SVM,0.5733,0.5434,0.54,0.5414
F_de_3d_Fp1,theta,norm2,KNN,0.9733,0.6809,0.62,0.5414
F_rasm_3d,theta,None,Random Forest,0.7867,0.646,0.56,0.5414
F_dasm_3d,beta,norm3,Linear SVM,0.6,0.5678,0.57,0.5414
F_peak_3d_8rm,delta,None,Logistic Regression,0.6733,0.5982,0.56,0.5414
F_median_3d_2area,beta,norm3,Random Forest,0.7333,0.5995,0.58,0.5414
F_dasm_3d19,theta,norm3,KNN,1.0,0.7807,0.59,0.54
F_peak_3d_C4,beta,None,Logistic Regression,0.5333,0.532,0.53,0.54
F_median_3d_Fp2,theta,norm3,KNN,0.9467,0.6701,0.59,0.54
F_median_3d19,alpha,norm3,Ensemble (Majority Vote),0.9067,0.7411,0.55,0.54
F_median_3d_2area,alpha,norm3,KNN,1.0,0.6913,0.6,0.54
F_median_3d_Fp2,theta,norm2,KNN,0.9467,0.6701,0.59,0.54
F_de_3d_2area,theta,norm2,XGBoost,0.62,0.5676,0.59,0.54
F_rasm_3d_8rm,delta,norm3,Random Forest,0.8067,0.6867,0.53,0.54
F_mean_3d_2area,delta,None,KNN,0.9467,0.7011,0.58,0.54
F_dasm_3d_3area,alpha,None,Linear SVM,0.5,0.511,0.58,0.54
F_peak_3d_3area,beta,norm3,Logistic Regression,0.5467,0.5476,0.51,0.54
F_de_3d_Fp2,alpha,None,Logistic Regression,0.5333,0.5294,0.53,0.54
F_dasm_3d_8rm,all,norm3,Ensemble (Majority Vote),0.9067,0.783,0.54,0.54
F_peak_3d_F8,beta,norm3,Random Forest,0.7867,0.5823,0.59,0.54
F_peak_3d_F8,beta,norm2,Random Forest,0.7867,0.5823,0.59,0.54
F_peak_3d_Cz,beta,None,Linear SVM,0.5267,0.5338,0.54,0.54
F_peak_3d_8rm,alpha,None,Linear SVM,0.6533,0.58,0.56,0.54
F_median_3d_C3,gamma,norm3,Ensemble (Majority Vote),0.68,0.6009,0.54,0.54
F_rasm_3d_8rm,theta,None,XGBoost,0.8267,0.6356,0.54,0.54
F_median_3d_C3,gamma,norm2,Ensemble (Majority Vote),0.68,0.6009,0.54,0.54
F_median_3d_10rm,alpha,norm3,XGBoost,0.8267,0.7039,0.56,0.54
F_de_3d_Fp2,all,norm3,Linear SVM,0.6133,0.5628,0.53,0.54
F_rasm_3d_10rm,theta,norm3,Ensemble (Majority Vote),0.8133,0.7159,0.56,0.54
F_median_3d_F3,beta,None,Logistic Regression,0.5,0.5136,0.52,0.54
F_rasm_3d_10rm,theta,norm3,Logistic Regression,0.56,0.5418,0.54,0.54
F_peak_3d_C3,alpha,norm2,KNN,0.9933,0.6924,0.59,0.5386
F_de_3d_1area,theta,norm3,XGBoost,0.5733,0.5648,0.54,0.5386
F_peak_3d_F4,beta,None,Linear SVM,0.4933,0.5108,0.57,0.5386
F_median_3d_F7,beta,norm2,XGBoost,0.5533,0.5524,0.57,0.5386
F_de_3d_2area,delta,None,Linear SVM,0.5933,0.5471,0.55,0.5386
F_mean_3d_Fp2,alpha,None,Logistic Regression,0.52,0.5278,0.54,0.5386
F_peak_3d_C3,gamma,None,Random Forest,0.6867,0.6053,0.57,0.5386
F_peak_3d_Fp2,all,None,Linear SVM,0.6733,0.5986,0.54,0.5386
F_rasm_3d,theta,norm3,Ensemble (Majority Vote),0.84,0.7315,0.59,0.5386
F_rasm_3d,all,None,XGBoost,1.0,0.906,0.6,0.5386
F_median_3d_F7,beta,norm3,XGBoost,0.5533,0.5524,0.57,0.5386
F_median_3d_T7,gamma,norm3,Ensemble (Majority Vote),0.6733,0.6138,0.52,0.5386
F_mean_3d_3area,alpha,norm3,KNN,0.9733,0.7039,0.59,0.5386
F_median_3d_F4,beta,norm3,KNN,0.9933,0.6857,0.61,0.5386
F_median_3d_Fp1,gamma,None,Linear SVM,0.52,0.5193,0.55,0.5386
F_de_3d_1area,theta,norm2,XGBoost,0.5733,0.5648,0.54,0.5386
F_peak_3d_Cz,beta,None,Logistic Regression,0.5333,0.5315,0.55,0.5386
F_dasm_3d,beta,norm3,Logistic Regression,0.6,0.5685,0.58,0.5386
F_median_3d_F4,beta,norm2,KNN,0.9933,0.6857,0.61,0.5386
F_peak_3d_C3,alpha,norm3,KNN,0.9933,0.6924,0.59,0.5386
F_peak_3d_T8,beta,None,Linear SVM,0.5533,0.5354,0.57,0.5386
F_peak_3d_C4,alpha,norm3,KNN,0.9733,0.6791,0.61,0.5386
F_peak_3d_C4,alpha,norm2,KNN,0.9733,0.6791,0.61,0.5386
F_median_3d_8rm,theta,norm3,Ensemble (Majority Vote),0.8133,0.68,0.52,0.5386
F_de_3d19,alpha,None,Logistic Regression,0.7067,0.6354,0.57,0.5386
F_median_3d_T7,gamma,norm2,Ensemble (Majority Vote),0.6733,0.6138,0.52,0.5386
F_mean_3d_1area,alpha,None,Logistic Regression,0.5,0.5223,0.55,0.5386
F_median_3d_F3,beta,None,Linear SVM,0.5067,0.5126,0.52,0.5386
F_peak_3d_8rm,beta,norm3,Ensemble (Majority Vote),0.7867,0.6814,0.6,0.5386
F_peak_3d_Fz,alpha,None,Linear SVM,0.5,0.5166,0.55,0.5386
F_de_3d_8rm,theta,norm3,Linear SVM,0.6533,0.5784,0.56,0.5386
F_dasm_3d_8rm,theta,norm3,XGBoost,0.7067,0.6411,0.57,0.5386
F_de_3d_T7,alpha,None,Linear SVM,0.44,0.4993,0.53,0.5386
F_de_3d_10rm,alpha,norm3,Linear SVM,0.6333,0.5966,0.55,0.5386
F_peak_3d_F8,gamma,None,Logistic Regression,0.4933,0.5133,0.55,0.5386
F_de_3d_Fz,theta,norm3,Random Forest,0.7933,0.5818,0.58,0.5371
F_de_3d_10rm,alpha,None,Logistic Regression,0.62,0.5784,0.55,0.5371
F_de_3d_1area,theta,norm2,Random Forest,0.7933,0.5947,0.58,0.5371
F_de_3d_Fz,theta,norm2,Random Forest,0.7933,0.5818,0.58,0.5371
F_de_3d_2area,delta,norm3,KNN,0.98,0.6995,0.58,0.5371
F_median_3d_C3,all,norm2,KNN,0.9733,0.6853,0.6,0.5371
F_peak_3d_F3,alpha,norm2,Ensemble (Majority Vote),0.6333,0.5949,0.57,0.5371
F_dasm_3d_8rm,all,norm3,Linear SVM,0.76,0.672,0.56,0.5371
F_peak_3d_10rm,beta,norm3,Random Forest,0.8333,0.6782,0.58,0.5371
F_peak_3d,beta,norm3,Linear SVM,0.6467,0.6143,0.53,0.5371
F_de_3d_C3,theta,norm2,Ensemble (Majority Vote),0.66,0.5846,0.53,0.5371
F_de_3d_C4,theta,norm3,Random Forest,0.7733,0.5869,0.62,0.5371
F_de_3d_C3,gamma,None,XGBoost,0.6333,0.5933,0.58,0.5371
F_peak_3d_10rm,beta,norm3,Logistic Regression,0.6533,0.5977,0.55,0.5371
F_median_3d_10rm,alpha,None,Logistic Regression,0.5867,0.5786,0.5,0.5371
F_peak_3d_F8,gamma,None,Linear SVM,0.4933,0.514,0.55,0.5371
F_dasm_3d19,theta,norm3,Linear SVM,0.66,0.6097,0.53,0.5371
F_de_3d_3area,alpha,norm3,Random Forest,0.8133,0.6269,0.5,0.5371
F_de_3d_C4,theta,norm2,Random Forest,0.7733,0.5869,0.62,0.5371
F_de_3d_C3,theta,norm3,Ensemble (Majority Vote),0.66,0.5846,0.53,0.5371
F_peak_3d_Fz,gamma,None,Random Forest,0.6467,0.5966,0.58,0.5371
F_peak_3d_2area,alpha,None,XGBoost,0.68,0.6076,0.58,0.5371
F_median_3d_3area,all,norm2,Ensemble (Majority Vote),0.9133,0.7209,0.58,0.5371
F_mean_3d_1area,gamma,norm2,Random Forest,0.8267,0.5966,0.61,0.5371
F_rasm_3d19,gamma,norm2,Ensemble (Majority Vote),0.94,0.7876,0.53,0.5371
F_mean_3d_10rm,alpha,norm2,KNN,0.9867,0.7005,0.6,0.5371
F_median_3d_T8,beta,norm2,KNN,0.98,0.6841,0.62,0.5371
F_mean_3d_1area,gamma,norm3,Random Forest,0.8267,0.5966,0.61,0.5371
F_median_3d_T8,beta,norm3,KNN,0.98,0.6841,0.62,0.5371
F_de_3d_1area,theta,norm3,Random Forest,0.7933,0.5947,0.58,0.5371
F_dasm_3d,delta,norm2,XGBoost,0.92,0.6697,0.6,0.5371
F_dasm_3d_8rm,theta,norm3,Ensemble (Majority Vote),0.7133,0.6322,0.55,0.5371
F_peak_3d_F3,alpha,norm3,Ensemble (Majority Vote),0.6333,0.5949,0.57,0.5371
F_mean_3d_3area,alpha,None,XGBoost,0.76,0.6347,0.59,0.5371
F_peak_3d_2area,delta,norm3,XGBoost,0.6867,0.6002,0.54,0.5371
F_rasm_3d_8rm,beta,None,Linear SVM,0.4667,0.4929,0.59,0.5371
F_rasm_3d_8rm,gamma,None,XGBoost,0.8267,0.6453,0.58,0.5371
F_mean_3d_1area,alpha,None,Linear SVM,0.5,0.5211,0.55,0.5371
F_peak_3d_Fz,alpha,None,Logistic Regression,0.5067,0.5177,0.54,0.5371
F_de_3d_Fp2,theta,norm3,Random Forest,0.7467,0.5816,0.54,0.5357
F_de_3d_F4,alpha,None,Logistic Regression,0.5,0.5115,0.56,0.5357
F_mean_3d_8rm,all,norm2,Ensemble (Majority Vote),0.94,0.7701,0.6,0.5357
F_de_3d_Fp2,theta,norm2,Random Forest,0.7467,0.5816,0.54,0.5357
F_median_3d_F4,theta,norm2,KNN,0.9867,0.6864,0.64,0.5357
F_peak_3d_C4,beta,None,Linear SVM,0.5467,0.5343,0.52,0.5357
F_de_3d_C4,all,norm2,Ensemble (Majority Vote),0.8267,0.677,0.57,0.5357
F_median_3d_F4,theta,norm3,KNN,0.9867,0.6864,0.64,0.5357
F_peak_3d_2area,delta,None,Linear SVM,0.5933,0.5462,0.55,0.5357
F_de_3d_F7,alpha,None,Ensemble (Majority Vote),0.7667,0.6386,0.56,0.5357
F_median_3d_C4,alpha,norm2,XGBoost,0.6933,0.5614,0.55,0.5357
F_mean_3d_T8,all,norm2,Ensemble (Majority Vote),0.8067,0.6637,0.59,0.5357
F_mean_3d_3area,gamma,norm2,KNN,0.9733,0.6899,0.59,0.5357
F_de_3d19,alpha,norm3,XGBoost,0.9067,0.7715,0.63,0.5357
F_mean_3d_Cz,alpha,None,Linear SVM,0.5533,0.5278,0.56,0.5357
F_peak_3d_8rm,beta,norm3,Logistic Regression,0.5667,0.5717,0.57,0.5357
F_de_3d_T8,alpha,None,Logistic Regression,0.5267,0.5239,0.57,0.5357
F_median_3d_Fz,gamma,norm3,Random Forest,0.7467,0.5883,0.6,0.5357
F_peak_3d_3area,delta,norm3,Linear SVM,0.62,0.5584,0.54,0.5357
F_peak_3d_F3,beta,None,Logistic Regression,0.5067,0.5207,0.54,0.5357
F_rasm_3d_10rm,all,None,Linear SVM,0.5933,0.5386,0.54,0.5357
F_dasm_3d_8rm,theta,None,Ensemble (Majority Vote),0.7333,0.6559,0.56,0.5357
F_de_3d_3area,delta,norm3,KNN,0.98,0.7092,0.6,0.5357
F_median_3d_C4,alpha,norm3,XGBoost,0.6933,0.5614,0.55,0.5357
F_median_3d_Fp1,gamma,None,Logistic Regression,0.5267,0.5177,0.54,0.5357
F_dasm_3d,delta,norm2,Ensemble (Majority Vote),0.8667,0.6943,0.56,0.5357
F_median_3d_Fz,gamma,norm2,Random Forest,0.7467,0.5883,0.6,0.5357
F_peak_3d,beta,norm3,Logistic Regression,0.6533,0.6074,0.48,0.5357
F_de_3d_F4,alpha,None,Linear SVM,0.48,0.5115,0.57,0.5357
F_peak_3d_F7,all,norm2,XGBoost,0.8933,0.6359,0.53,0.5357
F_de_3d19,all,None,KNN,0.9933,0.8745,0.53,0.5357
F_de_3d_8rm,theta,norm3,KNN,0.98,0.7356,0.58,0.5357
F_peak_3d19,beta,norm2,KNN,0.9667,0.7046,0.6,0.5357
F_mean_3d_8rm,theta,norm3,Linear SVM,0.64,0.5793,0.54,0.5357
F_de_3d_T7,alpha,None,Logistic Regression,0.44,0.4975,0.53,0.5357
F_median_3d_Fp2,theta,norm2,Random Forest,0.78,0.5805,0.62,0.5357
F_mean_3d_2area,beta,norm3,Ensemble (Majority Vote),0.7267,0.6301,0.58,0.5357
F_median_3d_Fp2,theta,norm3,Random Forest,0.78,0.5805,0.62,0.5357
F_rasm_3d_10rm,gamma,None,Ensemble (Majority Vote),0.86,0.6738,0.58,0.5357
F_median_3d_8rm,theta,None,Ensemble (Majority Vote),0.7667,0.683,0.54,0.5357
F_median_3d_F3,theta,norm2,Random Forest,0.78,0.591,0.6,0.5343
F_peak_3d_T8,gamma,None,Ensemble (Majority Vote),0.72,0.6209,0.59,0.5343
F_peak_3d_Fp1,all,None,KNN,0.98,0.7657,0.53,0.5343
F_peak_3d_F8,gamma,None,Ensemble (Majority Vote),0.7533,0.6354,0.56,0.5343
F_median_3d_F3,theta,norm3,Random Forest,0.78,0.591,0.6,0.5343
F_rasm_3d,all,None,Ensemble (Majority Vote),0.96,0.7756,0.56,0.5343
F_peak_3d_F4,beta,None,Ensemble (Majority Vote),0.68,0.6211,0.57,0.5343
F_peak_3d_Fp2,beta,None,XGBoost,0.6,0.5894,0.58,0.5343
F_median_3d,alpha,norm3,XGBoost,0.86,0.7207,0.52,0.5343
F_mean_3d_3area,alpha,None,Logistic Regression,0.5467,0.5308,0.55,0.5343
F_mean_3d19,theta,norm3,Linear SVM,0.7267,0.6241,0.54,0.5343
F_de_3d_F4,alpha,None,KNN,0.9933,0.6991,0.58,0.5343
F_dasm_3d19,beta,norm3,Linear SVM,0.6333,0.6018,0.54,0.5343
F_dasm_3d_8rm,all,norm2,Linear SVM,0.5,0.5057,0.63,0.5343
F_mean_3d_C3,alpha,None,XGBoost,0.6133,0.5699,0.56,0.5343
F_de_3d_Fz,alpha,None,Logistic Regression,0.5067,0.5182,0.51,0.5343
F_de_3d_C3,theta,norm3,Random Forest,0.82,0.5938,0.56,0.5343
F_de_3d_C3,theta,norm2,Random Forest,0.82,0.5938,0.56,0.5343
F_median_3d_8rm,theta,None,XGBoost,0.84,0.7034,0.49,0.5343
F_peak_3d_10rm,beta,norm3,Ensemble (Majority Vote),0.7667,0.6975,0.59,0.5343
F_dasm_3d_10rm,beta,norm2,Ensemble (Majority Vote),0.8667,0.6731,0.55,0.5343
F_de_3d_Fp1,theta,norm2,Random Forest,0.7467,0.5837,0.59,0.5343
F_peak_3d_F3,beta,None,Linear SVM,0.5267,0.5225,0.53,0.5343
F_de_3d_Fp1,theta,norm3,Random Forest,0.7467,0.5837,0.59,0.5343
F_de_3d_F8,all,norm2,XGBoost,0.92,0.6464,0.58,0.5343
F_mean_3d_F4,alpha,None,Logistic Regression,0.4933,0.514,0.54,0.5343
F_median_3d_Fp2,gamma,None,Logistic Regression,0.6,0.5501,0.52,0.5343
F_de_3d_3area,delta,None,XGBoost,0.8333,0.6317,0.57,0.5343
F_peak_3d_C3,gamma,None,Logistic Regression,0.52,0.5262,0.57,0.5343
F_rasm_3d,all,None,Logistic Regression,0.6133,0.5421,0.59,0.5343
F_mean_3d,alpha,norm3,Ensemble (Majority Vote),0.8533,0.6986,0.54,0.5343
F_median_3d_Fp2,gamma,None,Linear SVM,0.6,0.5501,0.52,0.5343
F_peak_3d_T7,theta,norm2,Ensemble (Majority Vote),0.8067,0.6331,0.57,0.5343
F_de_3d_3area,theta,norm2,KNN,0.9733,0.6772,0.57,0.5343
F_peak_3d_T7,theta,norm3,Ensemble (Majority Vote),0.8067,0.6331,0.57,0.5343
F_rasm_3d_3area,delta,None,Ensemble (Majority Vote),0.7733,0.6269,0.58,0.5343
F_peak_3d_Fp1,all,norm3,Logistic Regression,0.6267,0.5651,0.59,0.5343
F_rasm_3d_10rm,theta,norm3,Linear SVM,0.5667,0.5425,0.53,0.5343
F_peak_3d_T7,alpha,None,XGBoost,0.6267,0.5745,0.52,0.5343
F_de_3d_3area,theta,None,Linear SVM,0.5933,0.5529,0.56,0.5343
F_dasm_3d19,beta,norm3,Logistic Regression,0.6467,0.6039,0.54,0.5343
F_dasm_3d_10rm,delta,norm2,KNN,0.9933,0.7133,0.56,0.5343
F_peak_3d_T7,beta,norm2,Ensemble (Majority Vote),0.6933,0.5982,0.54,0.5343
F_de_3d_3area,delta,norm3,Ensemble (Majority Vote),0.8067,0.6515,0.57,0.5343
F_peak_3d_Cz,alpha,norm3,KNN,0.9867,0.6917,0.57,0.5343
F_peak_3d_T7,beta,norm3,Ensemble (Majority Vote),0.6933,0.5982,0.54,0.5343
F_de_3d_F8,beta,norm2,XGBoost,0.5267,0.5598,0.54,0.5343
F_de_3d_F8,beta,norm3,XGBoost,0.5267,0.5598,0.54,0.5343
F_mean_3d_1area,all,norm2,Random Forest,0.9133,0.6697,0.61,0.5343
F_peak_3d_Cz,alpha,norm2,KNN,0.9867,0.6917,0.57,0.5343
F_peak_3d_C3,all,norm3,Logistic Regression,0.64,0.5837,0.58,0.5329
F_peak_3d_C3,all,None,Ensemble (Majority Vote),0.84,0.6959,0.56,0.5329
F_median_3d_T8,alpha,norm3,KNN,0.98,0.6933,0.59,0.5329
F_peak_3d_8rm,theta,norm3,Random Forest,0.76,0.6524,0.59,0.5329
F_rasm_3d,all,None,Random Forest,0.9267,0.7662,0.54,0.5329
F_mean_3d_2area,delta,None,Linear SVM,0.5933,0.5524,0.53,0.5329
F_mean_3d_F4,alpha,None,Linear SVM,0.4933,0.5126,0.54,0.5329
F_mean_3d19,theta,norm3,Logistic Regression,0.6667,0.6156,0.54,0.5329
F_peak_3d,beta,None,Ensemble (Majority Vote),0.8067,0.7246,0.58,0.5329
F_mean_3d_F3,alpha,None,Logistic Regression,0.52,0.52,0.54,0.5329
F_peak_3d_3area,delta,norm3,XGBoost,0.6867,0.6007,0.55,0.5329
F_mean_3d_F8,all,norm2,Ensemble (Majority Vote),0.8467,0.6782,0.53,0.5329
F_mean_3d_Fz,alpha,None,Linear SVM,0.5267,0.5207,0.53,0.5329
F_de_3d_T8,all,norm2,Random Forest,0.8733,0.6611,0.6,0.5329
F_median_3d_T8,alpha,norm2,KNN,0.98,0.6933,0.59,0.5329
F_de_3d_8rm,beta,norm2,KNN,0.9467,0.6947,0.59,0.5329
F_median_3d_F4,beta,None,XGBoost,0.6,0.5722,0.54,0.5329
F_median_3d_Fp1,beta,None,KNN,0.9467,0.7018,0.54,0.5329
F_peak_3d_3area,delta,norm3,Ensemble (Majority Vote),0.76,0.6457,0.57,0.5329
F_dasm_3d_3area,delta,None,Logistic Regression,0.5533,0.5414,0.53,0.5329
F_peak_3d_2area,beta,None,XGBoost,0.6533,0.614,0.52,0.5329
F_peak_3d,beta,None,Linear SVM,0.7133,0.631,0.54,0.5329
F_median_3d19,beta,norm2,Random Forest,0.8267,0.6752,0.57,0.5329
F_peak_3d_T8,gamma,None,Linear SVM,0.5067,0.5209,0.57,0.5329
F_de_3d_1area,theta,norm2,Ensemble (Majority Vote),0.7533,0.6354,0.55,0.5329
F_de_3d_1area,theta,norm3,Ensemble (Majority Vote),0.7533,0.6354,0.55,0.5329
F_mean_3d_Fp2,all,norm3,XGBoost,0.8533,0.6761,0.53,0.5329
F_peak_3d_1area,beta,None,Logistic Regression,0.54,0.531,0.55,0.5329
F_median_3d_8rm,alpha,None,Ensemble (Majority Vote),0.8,0.6878,0.52,0.5329
F_median_3d_2area,gamma,None,Linear SVM,0.5667,0.5462,0.54,0.5329
F_peak_3d_F4,theta,None,Linear SVM,0.54,0.5329,0.55,0.5329
F_median_3d_F8,delta,norm3,Random Forest,0.8533,0.5989,0.59,0.5329
F_peak_3d_F3,gamma,norm3,KNN,0.9667,0.6839,0.55,0.5329
F_peak_3d_F3,gamma,norm2,KNN,0.9667,0.6839,0.55,0.5329
F_peak_3d_Fp2,alpha,None,Logistic Regression,0.5467,0.5368,0.55,0.5329
F_rasm_3d19,gamma,None,Linear SVM,0.4867,0.5094,0.56,0.5329
F_rasm_3d,gamma,None,Ensemble (Majority Vote),0.9067,0.6899,0.62,0.5329
F_de_3d_F7,alpha,None,XGBoost,0.66,0.583,0.55,0.5329
F_rasm_3d_10rm,delta,norm3,Linear SVM,0.5733,0.5225,0.56,0.5329
F_median_3d_F8,delta,norm2,Random Forest,0.8533,0.5989,0.59,0.5329
F_peak_3d_Fp2,alpha,None,Linear SVM,0.5467,0.5368,0.55,0.5329
F_de_3d_C3,all,norm2,Random Forest,0.8933,0.6634,0.56,0.5329
F_median_3d_3area,alpha,norm3,KNN,0.9867,0.7062,0.58,0.5329
F_peak_3d_Fp2,all,None,Logistic Regression,0.66,0.5956,0.52,0.5314
F_mean_3d_Fz,alpha,None,Logistic Regression,0.54,0.5209,0.52,0.5314
F_median_3d_F8,all,norm2,XGBoost,0.9333,0.6556,0.53,0.5314
F_de_3d19,gamma,norm3,KNN,0.9933,0.7943,0.6,0.5314
F_mean_3d_F3,alpha,None,Linear SVM,0.5133,0.5209,0.56,0.5314
F_de_3d_10rm,all,norm2,Random Forest,0.9667,0.7522,0.62,0.5314
F_mean_3d_Fp1,gamma,None,Logistic Regression,0.52,0.5078,0.52,0.5314
F_mean_3d_T8,alpha,norm2,Linear SVM,0.5333,0.5122,0.61,0.5314
F_mean_3d_F8,theta,norm2,Ensemble (Majority Vote),0.7133,0.6223,0.57,0.5314
F_peak_3d_3area,alpha,norm3,Logistic Regression,0.58,0.531,0.55,0.5314
F_mean_3d_F7,all,norm2,Random Forest,0.9067,0.6708,0.58,0.5314
F_peak_3d_F7,all,norm2,Random Forest,0.9,0.6602,0.55,0.5314
F_mean_3d_F8,delta,norm2,Ensemble (Majority Vote),0.7,0.6177,0.56,0.5314
F_mean_3d_1area,all,norm2,Ensemble (Majority Vote),0.8333,0.6763,0.61,0.5314
F_mean_3d_Fp1,gamma,None,Linear SVM,0.5133,0.5085,0.52,0.5314
F_median_3d_F3,theta,norm3,KNN,0.98,0.6816,0.53,0.5314
F_median_3d_F3,theta,norm2,KNN,0.98,0.6816,0.53,0.5314
F_mean_3d_2area,delta,norm2,KNN,0.9933,0.6943,0.55,0.5314
F_rasm_3d,theta,None,Ensemble (Majority Vote),0.8733,0.6811,0.54,0.5314
F_mean_3d_T8,alpha,norm3,Linear SVM,0.5333,0.5122,0.61,0.5314
F_peak_3d19,gamma,norm2,Random Forest,0.8867,0.6793,0.56,0.5314
F_peak_3d_C3,gamma,norm3,KNN,0.98,0.6754,0.58,0.5314
F_de_3d_Fp1,gamma,norm2,XGBoost,0.5533,0.5361,0.54,0.5314
F_mean_3d_F8,theta,norm3,Ensemble (Majority Vote),0.7133,0.6223,0.57,0.5314
F_mean_3d_F8,delta,norm3,Ensemble (Majority Vote),0.7,0.6177,0.56,0.5314
F_median_3d_1area,theta,norm3,Ensemble (Majority Vote),0.7933,0.6097,0.58,0.5314
F_de_3d_Fp1,gamma,norm3,XGBoost,0.5533,0.5361,0.54,0.5314
F_mean_3d_3area,alpha,norm2,KNN,0.98,0.6924,0.57,0.5314
F_peak_3d_C3,gamma,norm2,KNN,0.98,0.6754,0.58,0.5314
F_mean_3d_3area,alpha,norm3,Ensemble (Majority Vote),0.7933,0.6379,0.57,0.5314
F_mean_3d_3area,alpha,norm3,XGBoost,0.7333,0.6021,0.53,0.5314
F_median_3d_1area,theta,norm2,Ensemble (Majority Vote),0.7933,0.6097,0.58,0.5314
F_peak_3d_2area,alpha,None,Logistic Regression,0.5867,0.5536,0.56,0.5314
F_peak_3d_F3,delta,None,Logistic Regression,0.5733,0.5172,0.51,0.5314
F_peak_3d_10rm,beta,None,Ensemble (Majority Vote),0.78,0.7028,0.57,0.5314
F_dasm_3d19,gamma,norm2,XGBoost,0.96,0.7016,0.55,0.5314
F_median_3d_8rm,alpha,norm3,KNN,0.9867,0.7471,0.53,0.5314
F_rasm_3d_8rm,all,None,Ensemble (Majority Vote),0.96,0.7398,0.53,0.5314
F_peak_3d_F8,all,norm3,Logistic Regression,0.64,0.5834,0.51,0.5314
F_median_3d_Fp2,all,None,Linear SVM,0.64,0.5853,0.53,0.5314
F_mean_3d_Fp2,alpha,None,Ensemble (Majority Vote),0.74,0.6264,0.57,0.5314
F_de_3d_10rm,alpha,norm2,Random Forest,0.8533,0.671,0.55,0.5314
F_median_3d_2area,delta,norm3,KNN,0.98,0.6968,0.53,0.5314
F_mean_3d_Fp2,all,norm3,Ensemble (Majority Vote),0.7933,0.6648,0.54,0.5314
F_mean_3d_C3,all,norm2,XGBoost,0.92,0.6393,0.53,0.5314
F_peak_3d_F4,theta,None,Logistic Regression,0.5467,0.534,0.53,0.5314
F_dasm_3d_3area,theta,norm2,KNN,0.98,0.6899,0.61,0.5314
F_dasm_3d_3area,theta,norm3,KNN,0.98,0.6899,0.61,0.5314
F_mean_3d_Fp2,alpha,None,Random Forest,0.68,0.5933,0.55,0.5314
F_peak_3d_1area,beta,None,Linear SVM,0.5267,0.5313,0.55,0.5314
F_de_3d_3area,all,norm2,XGBoost,0.96,0.7241,0.55,0.53
F_peak_3d_3area,alpha,norm3,Linear SVM,0.58,0.5326,0.56,0.53
F_peak_3d_3area,delta,norm2,KNN,0.9467,0.6853,0.57,0.53
F_mean_3d_F8,alpha,None,Logistic Regression,0.5,0.5078,0.52,0.53
F_peak_3d_C3,gamma,None,KNN,0.98,0.7129,0.55,0.53
F_mean_3d_1area,delta,norm2,XGBoost,0.6333,0.5593,0.54,0.53
F_mean_3d_1area,delta,norm3,XGBoost,0.6333,0.5593,0.54,0.53
F_peak_3d_C3,all,norm2,KNN,0.9867,0.7007,0.59,0.53
F_peak_3d_F7,beta,None,Linear SVM,0.5333,0.5131,0.53,0.53
F_peak_3d_1area,beta,None,Ensemble (Majority Vote),0.6133,0.6021,0.53,0.53
F_de_3d_8rm,theta,norm3,Random Forest,0.7533,0.6605,0.59,0.53
F_peak_3d_F3,delta,None,Linear SVM,0.58,0.5166,0.51,0.53
F_dasm_3d19,theta,norm3,Ensemble (Majority Vote),0.8267,0.7179,0.55,0.53
F_de_3d_C4,all,norm2,XGBoost,0.9133,0.6469,0.57,0.53
F_mean_3d,all,norm2,Ensemble (Majority Vote),0.92,0.7855,0.54,0.53
F_mean_3d_2area,alpha,None,Ensemble (Majority Vote),0.6933,0.6267,0.54,0.53
F_dasm_3d_10rm,all,norm3,KNN,0.9867,0.8694,0.52,0.53
F_peak_3d_8rm,gamma,norm2,KNN,0.9933,0.6917,0.55,0.53
F_rasm_3d19,alpha,norm2,Random Forest,0.88,0.7306,0.53,0.53
F_peak_3d_8rm,delta,None,Linear SVM,0.64,0.6097,0.54,0.53
F_median_3d_10rm,theta,None,KNN,0.9867,0.7821,0.58,0.53
F_peak_3d_F8,all,None,KNN,0.98,0.7614,0.53,0.53
F_mean_3d19,all,norm2,KNN,0.9333,0.7315,0.57,0.53
F_peak_3d_8rm,alpha,norm3,Logistic Regression,0.6667,0.583,0.54,0.53
F_rasm_3d_8rm,all,None,Random Forest,0.8867,0.7276,0.52,0.53
F_peak_3d_8rm,delta,None,XGBoost,0.9133,0.734,0.51,0.53
F_mean_3d_Fp1,all,norm2,Ensemble (Majority Vote),0.8667,0.6766,0.56,0.53
F_de_3d19,alpha,norm3,Linear SVM,0.7667,0.6561,0.52,0.53
F_rasm_3d_8rm,all,None,Logistic Regression,0.5867,0.5292,0.57,0.53
F_de_3d_Fz,all,norm2,Ensemble (Majority Vote),0.8667,0.6722,0.61,0.53
F_peak_3d_Cz,alpha,None,XGBoost,0.5733,0.5761,0.51,0.53
F_peak_3d_F8,all,norm3,Linear SVM,0.6467,0.583,0.5,0.53
F_peak_3d_2area,all,None,Linear SVM,0.7267,0.6216,0.54,0.53
F_peak_3d_F7,all,norm3,KNN,0.9733,0.7441,0.53,0.53
F_de_3d_3area,delta,norm3,Linear SVM,0.5867,0.5582,0.52,0.53
F_rasm_3d_10rm,gamma,norm2,XGBoost,0.9,0.7113,0.52,0.53
F_peak_3d_F7,alpha,None,Random Forest,0.6467,0.6,0.54,0.53
F_mean_3d_10rm,alpha,norm3,XGBoost,0.82,0.7034,0.55,0.53
F_peak_3d_F7,alpha,None,XGBoost,0.6533,0.5917,0.52,0.53
F_rasm_3d,theta,norm3,XGBoost,0.8933,0.7579,0.58,0.53
F_peak_3d_10rm,beta,norm3,Linear SVM,0.6467,0.6023,0.56,0.53
F_median_3d_C3,all,norm2,XGBoost,0.9267,0.6446,0.54,0.53
F_peak_3d19,alpha,None,Logistic Regression,0.7267,0.6372,0.56,0.53
F_median_3d,beta,None,Random Forest,0.72,0.6687,0.5,0.53
F_peak_3d_Fp2,delta,norm3,KNN,1.0,0.6864,0.57,0.53
F_peak_3d_Fp2,delta,norm2,KNN,1.0,0.6864,0.57,0.53
F_median_3d_2area,beta,norm3,XGBoost,0.6467,0.5823,0.49,0.53
F_dasm_3d_8rm,alpha,norm3,Ensemble (Majority Vote),0.6733,0.632,0.51,0.53
F_mean_3d_Fz,delta,norm2,Ensemble (Majority Vote),0.7333,0.6117,0.53,0.53
F_median_3d_T8,beta,None,Linear SVM,0.5133,0.5115,0.54,0.53
F_mean_3d_8rm,theta,norm3,Logistic Regression,0.64,0.5694,0.54,0.53
F_mean_3d_F4,alpha,norm3,Random Forest,0.8333,0.5915,0.56,0.53
F_peak_3d_C3,all,None,Random Forest,0.7733,0.6692,0.54,0.53
F_peak_3d_Fp1,alpha,norm2,Ensemble (Majority Vote),0.5333,0.586,0.53,0.53
F_mean_3d_Fz,delta,norm3,Ensemble (Majority Vote),0.7333,0.6117,0.53,0.53
F_peak_3d_C3,all,None,XGBoost,0.9067,0.7276,0.58,0.53
F_dasm_3d_8rm,theta,None,Linear SVM,0.5867,0.5678,0.55,0.53
F_dasm_3d19,theta,norm3,Random Forest,0.82,0.6995,0.53,0.53
F_median_3d,all,norm2,Random Forest,0.96,0.7598,0.54,0.53
F_de_3d19,theta,norm3,Logistic Regression,0.6867,0.6101,0.56,0.53
F_de_3d,all,norm2,KNN,0.9733,0.7547,0.58,0.53
F_median_3d_T8,beta,None,Logistic Regression,0.5067,0.5115,0.55,0.53
F_de_3d,alpha,norm2,Random Forest,0.84,0.6756,0.59,0.53
F_mean_3d_Fz,all,norm2,KNN,0.9867,0.6963,0.51,0.53
F_mean_3d_F4,alpha,norm2,Random Forest,0.8333,0.5915,0.56,0.53
F_de_3d_3area,alpha,norm3,XGBoost,0.7067,0.5975,0.54,0.53
F_de_3d_T8,gamma,None,Logistic Regression,0.54,0.5184,0.56,0.53
F_peak_3d_3area,beta,norm2,Ensemble (Majority Vote),0.7667,0.6336,0.55,0.53
F_mean_3d_2area,delta,norm3,Ensemble (Majority Vote),0.7467,0.6255,0.52,0.53
F_peak_3d_Fp1,alpha,norm3,Ensemble (Majority Vote),0.5333,0.586,0.53,0.53
F_rasm_3d,theta,norm2,XGBoost,0.9467,0.751,0.51,0.53
F_peak_3d_10rm,beta,None,Linear SVM,0.6667,0.6099,0.57,0.5286
F_mean_3d19,alpha,None,Logistic Regression,0.7,0.6267,0.57,0.5286
F_mean_3d_10rm,alpha,norm3,Random Forest,0.7867,0.6616,0.57,0.5286
F_rasm_3d_3area,all,None,Random Forest,0.8,0.6618,0.56,0.5286
F_mean_3d_T8,alpha,norm3,Random Forest,0.7867,0.5853,0.6,0.5286
F_mean_3d_T8,alpha,norm3,Ensemble (Majority Vote),0.72,0.5936,0.56,0.5286
F_peak_3d_8rm,theta,norm2,XGBoost,0.7933,0.6455,0.57,0.5286
F_de_3d_1area,alpha,norm2,Random Forest,0.76,0.588,0.61,0.5286
F_median_3d_F7,theta,None,Logistic Regression,0.5467,0.529,0.53,0.5286
F_mean_3d_T8,alpha,norm2,Random Forest,0.7867,0.5853,0.6,0.5286
F_mean_3d_T8,alpha,norm2,Ensemble (Majority Vote),0.72,0.5936,0.56,0.5286
F_dasm_3d_10rm,theta,None,KNN,0.9867,0.7377,0.56,0.5286
F_peak_3d_Fp1,all,norm3,Linear SVM,0.62,0.5634,0.58,0.5286
F_mean_3d_F7,delta,norm3,Ensemble (Majority Vote),0.76,0.6106,0.6,0.5286
F_de_3d,theta,norm2,KNN,0.9533,0.6936,0.55,0.5286
F_median_3d_C3,all,norm2,Ensemble (Majority Vote),0.82,0.6667,0.57,0.5286
F_dasm_3d_3area,theta,None,Linear SVM,0.5467,0.5216,0.56,0.5286
F_peak_3d_Fz,beta,norm2,Random Forest,0.82,0.5938,0.54,0.5286
F_mean_3d_F7,delta,norm2,Ensemble (Majority Vote),0.76,0.6106,0.6,0.5286
F_mean_3d_Fp2,gamma,None,Logistic Regression,0.56,0.5418,0.54,0.5286
F_rasm_3d,theta,norm2,Random Forest,0.86,0.7011,0.6,0.5286
F_mean_3d_F8,theta,norm2,Random Forest,0.8333,0.5952,0.55,0.5286
F_mean_3d_F8,theta,norm3,Random Forest,0.8333,0.5952,0.55,0.5286
F_peak_3d_8rm,beta,None,Ensemble (Majority Vote),0.7333,0.6906,0.56,0.5286
F_peak_3d_3area,beta,norm2,XGBoost,0.7133,0.5855,0.54,0.5286
F_peak_3d_Fz,all,None,KNN,0.9867,0.7651,0.51,0.5286
F_rasm_3d,gamma,None,Random Forest,0.82,0.6644,0.58,0.5286
F_median_3d_F3,theta,norm3,Ensemble (Majority Vote),0.8333,0.6092,0.57,0.5286
F_median_3d_F3,theta,norm2,Ensemble (Majority Vote),0.8333,0.6092,0.57,0.5286
F_median_3d_3area,theta,norm3,Ensemble (Majority Vote),0.8,0.6368,0.56,0.5286
F_dasm_3d19,beta,None,XGBoost,0.9333,0.7782,0.55,0.5286
F_mean_3d_Cz,alpha,None,Logistic Regression,0.54,0.5294,0.53,0.5286
F_median_3d_Fp2,all,norm3,Logistic Regression,0.6,0.5713,0.56,0.5286
F_peak_3d_Fz,beta,norm3,Random Forest,0.82,0.5938,0.54,0.5286
F_de_3d_F7,all,norm2,Random Forest,0.9,0.669,0.59,0.5286
F_median_3d_2area,delta,norm3,Random Forest,0.7333,0.6126,0.5,0.5286
F_mean_3d_F3,all,norm2,KNN,0.9867,0.6897,0.56,0.5286
F_peak_3d_2area,beta,None,Ensemble (Majority Vote),0.64,0.6186,0.53,0.5286
F_peak_3d_2area,alpha,None,Ensemble (Majority Vote),0.68,0.6384,0.55,0.5286
F_mean_3d_Fp2,alpha,norm2,KNN,0.9933,0.692,0.57,0.5286
F_de_3d_1area,alpha,norm3,Random Forest,0.76,0.588,0.61,0.5286
F_mean_3d_1area,gamma,norm3,Ensemble (Majority Vote),0.7867,0.6202,0.56,0.5286
F_mean_3d_1area,gamma,norm3,KNN,0.9667,0.6825,0.6,0.5286
F_peak_3d_T8,all,norm3,Logistic Regression,0.6267,0.589,0.55,0.5286
F_median_3d_F7,theta,None,Linear SVM,0.54,0.5276,0.52,0.5286
F_median_3d_F7,beta,norm2,Random Forest,0.8,0.5837,0.56,0.5286
F_rasm_3d,all,None,Linear SVM,0.6,0.5366,0.57,0.5286
F_de_3d_T7,delta,norm2,KNN,0.98,0.6841,0.56,0.5286
F_mean_3d_1area,gamma,norm2,Ensemble (Majority Vote),0.7867,0.6202,0.56,0.5286
F_mean_3d_C4,all,norm2,KNN,0.9733,0.6908,0.51,0.5286
F_mean_3d_Fp2,alpha,norm3,KNN,0.9933,0.692,0.57,0.5286
F_median_3d_F7,beta,norm2,KNN,0.9733,0.6848,0.53,0.5286
F_peak_3d_F7,theta,norm2,Random Forest,0.7867,0.5915,0.62,0.5286
F_mean_3d_F4,alpha,None,XGBoost,0.74,0.5883,0.56,0.5286
F_median_3d_F8,all,norm2,Random Forest,0.9267,0.6743,0.52,0.5286
F_peak_3d_C3,alpha,None,Ensemble (Majority Vote),0.6533,0.6154,0.54,0.5286
F_de_3d_F8,theta,norm3,Ensemble (Majority Vote),0.66,0.5972,0.56,0.5286
F_mean_3d_1area,gamma,norm2,KNN,0.9667,0.6825,0.6,0.5286
F_de_3d_T8,gamma,norm3,KNN,0.9867,0.6887,0.57,0.5286
F_peak_3d_Cz,alpha,None,KNN,0.98,0.6986,0.55,0.5286
F_rasm_3d_3area,theta,None,Linear SVM,0.52,0.5207,0.57,0.5286
F_peak_3d_8rm,delta,norm3,Logistic Regression,0.6667,0.6053,0.53,0.5286
F_de_3d_T8,gamma,norm2,KNN,0.9867,0.6887,0.57,0.5286
F_de_3d_T7,delta,norm3,KNN,0.98,0.6841,0.56,0.5286
F_de_3d_F8,theta,norm2,Ensemble (Majority Vote),0.66,0.5972,0.56,0.5286
F_median_3d_F7,beta,norm3,Random Forest,0.8,0.5837,0.56,0.5286
F_dasm_3d,delta,norm2,KNN,1.0,0.7147,0.54,0.5286
F_rasm_3d_10rm,theta,norm2,KNN,0.9933,0.7503,0.56,0.5286
F_de_3d_3area,alpha,None,Logistic Regression,0.5333,0.5386,0.53,0.5286
F_dasm_3d_3area,delta,None,Linear SVM,0.5467,0.5409,0.52,0.5286
F_peak_3d_F7,theta,norm3,Random Forest,0.7867,0.5915,0.62,0.5286
F_peak_3d_2area,gamma,None,Random Forest,0.7267,0.6143,0.55,0.5286
F_median_3d_1area,beta,None,KNN,0.94,0.697,0.53,0.5286
F_median_3d_10rm,alpha,norm3,KNN,0.98,0.7538,0.52,0.5286
F_median_3d_F7,beta,norm3,KNN,0.9733,0.6848,0.53,0.5286
F_mean_3d_F3,theta,None,KNN,0.9867,0.7044,0.56,0.5286
F_peak_3d_T8,beta,None,XGBoost,0.64,0.594,0.53,0.5286
F_peak_3d_8rm,beta,norm2,Linear SVM,0.5133,0.5055,0.59,0.5271
F_de_3d_F8,all,norm2,Random Forest,0.92,0.6795,0.55,0.5271
F_de_3d_T8,gamma,None,Linear SVM,0.5267,0.5172,0.56,0.5271
F_mean_3d_T8,gamma,None,Logistic Regression,0.54,0.5237,0.51,0.5271
F_peak_3d,beta,None,Random Forest,0.7533,0.6816,0.55,0.5271
F_peak_3d_T7,alpha,None,Ensemble (Majority Vote),0.7733,0.6411,0.55,0.5271
F_de_3d_F7,alpha,None,Random Forest,0.6533,0.5825,0.53,0.5271
F_de_3d_T7,theta,norm3,Ensemble (Majority Vote),0.6267,0.5883,0.53,0.5271
F_de_3d_T7,theta,norm2,Ensemble (Majority Vote),0.6267,0.5883,0.53,0.5271
F_peak_3d_2area,alpha,None,Linear SVM,0.6133,0.5568,0.58,0.5271
F_de_3d_Fp1,gamma,norm2,Random Forest,0.74,0.5938,0.54,0.5271
F_rasm_3d19,alpha,None,Random Forest,0.8333,0.6784,0.52,0.5271
F_median_3d_F8,alpha,norm2,KNN,0.9933,0.6954,0.58,0.5271
F_de_3d_Fp1,gamma,norm3,Random Forest,0.74,0.5938,0.54,0.5271
F_median_3d_Fp2,all,norm3,Linear SVM,0.6,0.5724,0.55,0.5271
F_median_3d_F8,alpha,norm3,KNN,0.9933,0.6954,0.58,0.5271
F_mean_3d_F8,theta,norm3,KNN,0.9867,0.6864,0.58,0.5271
F_peak_3d_C3,beta,None,Ensemble (Majority Vote),0.66,0.6143,0.59,0.5271
F_rasm_3d,theta,norm2,Ensemble (Majority Vote),0.9133,0.7455,0.53,0.5271
F_mean_3d_Fp2,alpha,None,XGBoost,0.6533,0.5816,0.56,0.5271
F_peak_3d_F8,gamma,None,KNN,0.98,0.6977,0.57,0.5271
F_de_3d_3area,delta,norm3,XGBoost,0.7533,0.6076,0.57,0.5271
F_peak_3d_F8,gamma,norm3,KNN,0.98,0.6752,0.54,0.5271
F_mean_3d_C3,alpha,norm3,KNN,0.9867,0.6952,0.58,0.5271
F_mean_3d_C3,alpha,norm2,KNN,0.9867,0.6952,0.58,0.5271
F_rasm_3d_3area,theta,norm3,Ensemble (Majority Vote),0.8,0.6441,0.52,0.5271
F_peak_3d_Fp1,all,None,Logistic Regression,0.64,0.5853,0.55,0.5271
F_mean_3d_8rm,delta,None,XGBoost,0.88,0.7122,0.54,0.5271
F_peak_3d_8rm,all,norm3,XGBoost,0.9867,0.8811,0.51,0.5271
F_mean_3d_Fp2,gamma,None,Linear SVM,0.5533,0.5402,0.54,0.5271
F_mean_3d_8rm,all,norm3,Logistic Regression,0.7467,0.6777,0.55,0.5271
F_mean_3d_3area,theta,norm3,Logistic Regression,0.6133,0.5336,0.55,0.5271
F_mean_3d_3area,theta,norm3,Linear SVM,0.58,0.5313,0.56,0.5271
F_median_3d_Cz,alpha,norm2,Linear SVM,0.4867,0.4947,0.55,0.5271
F_rasm_3d_3area,theta,norm2,Ensemble (Majority Vote),0.8,0.6441,0.52,0.5271
F_median_3d_Cz,alpha,norm3,Linear SVM,0.4867,0.4947,0.55,0.5271
F_mean_3d_3area,all,norm2,XGBoost,0.98,0.7287,0.51,0.5271
F_median_3d_C3,gamma,None,Logistic Regression,0.56,0.5248,0.55,0.5271
F_de_3d_C4,theta,norm3,Ensemble (Majority Vote),0.6933,0.6087,0.55,0.5271
F_rasm_3d,theta,norm3,Linear SVM,0.5667,0.5257,0.51,0.5271
F_median_3d_3area,delta,norm2,XGBoost,0.7467,0.5977,0.54,0.5271
F_mean_3d_F8,theta,norm2,KNN,0.9867,0.6864,0.58,0.5271
F_median_3d_3area,all,norm2,XGBoost,0.9733,0.7294,0.56,0.5271
F_peak_3d_1area,alpha,None,Linear SVM,0.5333,0.5276,0.55,0.5271
F_median_3d_3area,alpha,None,XGBoost,0.7467,0.6313,0.55,0.5271
F_rasm_3d,gamma,norm3,Logistic Regression,0.56,0.534,0.54,0.5271
F_mean_3d_F8,alpha,None,Linear SVM,0.4933,0.5057,0.52,0.5271
F_mean_3d_F8,all,norm2,KNN,0.9867,0.6915,0.54,0.5271
F_peak_3d_F7,beta,None,Logistic Regression,0.54,0.5143,0.53,0.5271
F_rasm_3d19,gamma,norm3,Ensemble (Majority Vote),0.8533,0.7591,0.54,0.5271
F_de_3d_C4,theta,norm2,Ensemble (Majority Vote),0.6933,0.6087,0.55,0.5271
F_median_3d_3area,theta,norm3,KNN,0.9733,0.6995,0.57,0.5271
F_mean_3d_F7,alpha,None,Logistic Regression,0.5333,0.514,0.52,0.5271
F_mean_3d_F4,delta,norm3,Ensemble (Majority Vote),0.7733,0.6241,0.54,0.5271
F_mean_3d_F4,delta,norm2,Ensemble (Majority Vote),0.7733,0.6241,0.54,0.5271
F_dasm_3d19,theta,norm3,Logistic Regression,0.6733,0.6069,0.51,0.5271
F_rasm_3d_8rm,alpha,norm2,Linear SVM,0.52,0.5078,0.56,0.5271
F_mean_3d_F3,alpha,None,Ensemble (Majority Vote),0.7333,0.6398,0.53,0.5271
F_median_3d_2area,delta,norm3,Ensemble (Majority Vote),0.74,0.629,0.51,0.5271
F_median_3d_T7,beta,None,KNN,0.9667,0.6926,0.54,0.5271
F_peak_3d_F8,gamma,norm2,KNN,0.98,0.6752,0.54,0.5271
F_de_3d19,alpha,None,Ensemble (Majority Vote),0.8867,0.7678,0.56,0.5271
F_de_3d19,alpha,norm2,Ensemble (Majority Vote),0.8933,0.7133,0.52,0.5271
F_mean_3d19,theta,norm3,Ensemble (Majority Vote),0.88,0.7313,0.53,0.5271
F_de_3d19,alpha,norm3,Logistic Regression,0.7467,0.6568,0.54,0.5271
F_peak_3d_T8,theta,norm3,Random Forest,0.8133,0.5841,0.54,0.5271
F_peak_3d_T8,theta,norm2,Random Forest,0.8133,0.5841,0.54,0.5271
F_rasm_3d_8rm,theta,None,Random Forest,0.7933,0.6297,0.54,0.5271
F_mean_3d19,theta,norm2,KNN,0.9533,0.7085,0.54,0.5271
F_mean_3d_10rm,all,norm2,Ensemble (Majority Vote),0.9067,0.7789,0.55,0.5271
F_mean_3d_2area,delta,norm2,Ensemble (Majority Vote),0.6933,0.617,0.62,0.5271
F_de_3d19,theta,norm3,Ensemble (Majority Vote),0.88,0.737,0.55,0.5271
F_dasm_3d_8rm,alpha,None,Logistic Regression,0.5333,0.5384,0.51,0.5257
F_dasm_3d19,gamma,norm2,Ensemble (Majority Vote),0.8333,0.7051,0.52,0.5257
F_median_3d_Fp2,theta,norm3,XGBoost,0.6533,0.5566,0.56,0.5257
F_rasm_3d_3area,theta,norm3,Linear SVM,0.5467,0.5101,0.54,0.5257
F_mean_3d_C3,gamma,None,Linear SVM,0.5133,0.517,0.54,0.5257
F_median_3d_2area,delta,None,Logistic Regression,0.5533,0.5345,0.52,0.5257
F_peak_3d_C4,beta,norm2,KNN,1.0,0.703,0.52,0.5257
F_dasm_3d_10rm,beta,norm2,XGBoost,0.88,0.6499,0.57,0.5257
F_median_3d_Fz,gamma,norm3,XGBoost,0.5733,0.5536,0.56,0.5257
F_median_3d19,gamma,norm2,Random Forest,0.8267,0.6851,0.58,0.5257
F_rasm_3d19,gamma,norm3,XGBoost,0.9733,0.8384,0.53,0.5257
F_peak_3d_T7,theta,None,Ensemble (Majority Vote),0.76,0.6175,0.58,0.5257
F_dasm_3d,beta,norm3,KNN,0.98,0.7485,0.57,0.5257
F_rasm_3d,theta,norm3,Random Forest,0.8,0.7106,0.55,0.5257
F_mean_3d_F4,gamma,None,Linear SVM,0.5333,0.5294,0.53,0.5257
F_de_3d_C4,all,norm2,Random Forest,0.88,0.6641,0.55,0.5257
F_peak_3d_3area,all,norm2,Random Forest,0.9733,0.7074,0.55,0.5257
F_rasm_3d_10rm,gamma,norm3,Linear SVM,0.54,0.5283,0.47,0.5257
F_peak_3d_3area,all,norm3,KNN,0.98,0.8018,0.54,0.5257
F_rasm_3d_8rm,alpha,norm3,XGBoost,0.8667,0.7074,0.54,0.5257
F_dasm_3d_10rm,beta,norm3,Linear SVM,0.58,0.5745,0.51,0.5257
F_rasm_3d_8rm,theta,norm2,Linear SVM,0.5467,0.5124,0.59,0.5257
F_de_3d_Fz,alpha,None,Linear SVM,0.5,0.5168,0.51,0.5257
F_mean_3d_10rm,alpha,norm3,Linear SVM,0.6333,0.5903,0.51,0.5257
F_rasm_3d_10rm,gamma,None,Random Forest,0.8,0.6487,0.58,0.5257
F_de_3d_F7,theta,norm2,Random Forest,0.74,0.5954,0.58,0.5257
F_de_3d_F7,theta,norm3,Random Forest,0.74,0.5954,0.58,0.5257
F_rasm_3d_3area,alpha,None,KNN,0.98,0.6959,0.56,0.5257
F_mean_3d_F3,theta,None,Ensemble (Majority Vote),0.7333,0.6267,0.53,0.5257
F_peak_3d_C3,alpha,None,KNN,0.98,0.6915,0.52,0.5257
F_de_3d_Fp2,alpha,norm3,Ensemble (Majority Vote),0.7133,0.5791,0.55,0.5257
F_peak_3d_C4,beta,norm3,KNN,1.0,0.703,0.52,0.5257
F_de_3d_Fp2,alpha,norm2,Ensemble (Majority Vote),0.7133,0.5791,0.55,0.5257
F_de_3d_Fp2,alpha,None,Random Forest,0.64,0.586,0.55,0.5257
F_peak_3d_T7,beta,norm3,Random Forest,0.7667,0.5818,0.54,0.5257
F_mean_3d_C4,gamma,norm3,KNN,0.98,0.6862,0.57,0.5257
F_mean_3d_C4,gamma,norm2,KNN,0.98,0.6862,0.57,0.5257
F_peak_3d_T7,beta,norm2,Random Forest,0.7667,0.5818,0.54,0.5257
F_peak_3d,delta,None,XGBoost,0.8667,0.7494,0.53,0.5257
F_median_3d_3area,beta,norm2,KNN,0.94,0.6784,0.57,0.5257
F_median_3d_Fz,gamma,norm2,XGBoost,0.5733,0.5536,0.56,0.5257
F_dasm_3d_3area,all,None,Logistic Regression,0.6,0.5653,0.52,0.5257
F_mean_3d_F4,gamma,None,Logistic Regression,0.5333,0.5264,0.53,0.5257
F_mean_3d_T8,gamma,None,Linear SVM,0.5267,0.5228,0.51,0.5257
F_median_3d_Fp2,theta,norm2,XGBoost,0.6533,0.5566,0.56,0.5257
F_median_3d_F7,all,norm3,Linear SVM,0.6467,0.5897,0.51,0.5257
F_peak_3d_C3,all,norm3,Ensemble (Majority Vote),0.7667,0.6678,0.52,0.5257
F_peak_3d_C3,theta,norm2,KNN,0.98,0.6837,0.6,0.5257
F_dasm_3d_8rm,theta,norm3,Logistic Regression,0.5867,0.5455,0.55,0.5257
F_median_3d_3area,gamma,norm2,Random Forest,0.8,0.6154,0.52,0.5257
F_rasm_3d_3area,theta,None,Ensemble (Majority Vote),0.7067,0.5945,0.56,0.5257
F_de_3d,all,norm2,Ensemble (Majority Vote),0.9667,0.7966,0.56,0.5257
F_peak_3d_T7,all,norm2,Random Forest,0.9133,0.6687,0.53,0.5257
F_de_3d_C3,all,norm2,XGBoost,0.92,0.6425,0.57,0.5257
F_peak_3d_F7,all,norm2,Ensemble (Majority Vote),0.8467,0.6674,0.47,0.5257
F_median_3d_Cz,gamma,None,Logistic Regression,0.5333,0.529,0.52,0.5257
F_mean_3d_Fz,delta,norm2,Random Forest,0.8,0.5867,0.58,0.5257
F_mean_3d_Fz,delta,norm3,Random Forest,0.8,0.5867,0.58,0.5257
F_rasm_3d,gamma,norm3,Linear SVM,0.54,0.5333,0.54,0.5257
F_rasm_3d19,all,norm3,Logistic Regression,0.6267,0.5641,0.56,0.5257
F_peak_3d_3area,theta,norm2,Ensemble (Majority Vote),0.8133,0.6331,0.53,0.5257
F_peak_3d_8rm,delta,norm3,Linear SVM,0.6867,0.6037,0.53,0.5257
F_rasm_3d_8rm,theta,norm2,Ensemble (Majority Vote),0.86,0.697,0.54,0.5257
F_peak_3d_T8,all,norm3,Linear SVM,0.6333,0.5848,0.55,0.5257
F_rasm_3d_3area,theta,norm2,Linear SVM,0.5467,0.5101,0.54,0.5257
F_mean_3d_2area,beta,None,Linear SVM,0.5667,0.5375,0.52,0.5257
F_rasm_3d_8rm,all,norm3,Linear SVM,0.6467,0.5579,0.55,0.5257
F_mean_3d_F7,alpha,None,Linear SVM,0.5333,0.5136,0.51,0.5257
F_median_3d_3area,theta,None,Logistic Regression,0.6067,0.5515,0.51,0.5257
F_mean_3d_3area,theta,None,Linear SVM,0.6067,0.5492,0.53,0.5257
F_median_3d_2area,alpha,None,Linear SVM,0.58,0.5425,0.5,0.5257
F_peak_3d_1area,alpha,None,Logistic Regression,0.5267,0.5271,0.55,0.5257
F_de_3d_T8,all,norm2,KNN,0.9733,0.7009,0.57,0.5257
F_peak_3d_C3,theta,norm3,KNN,0.98,0.6837,0.6,0.5257
F_de_3d_C3,gamma,None,Random Forest,0.6933,0.5977,0.56,0.5257
F_mean_3d_8rm,all,norm3,Linear SVM,0.7667,0.6943,0.52,0.5257
F_mean_3d_8rm,all,norm2,Linear SVM,0.4733,0.5016,0.59,0.5257
F_de_3d_Fp1,theta,norm2,XGBoost,0.54,0.5478,0.52,0.5243
F_mean_3d19,all,norm2,Ensemble (Majority Vote),0.9067,0.7929,0.62,0.5243
F_median_3d_3area,alpha,norm3,XGBoost,0.72,0.611,0.49,0.5243
F_de_3d_1area,gamma,norm3,Ensemble (Majority Vote),0.7533,0.6067,0.54,0.5243
F_median_3d_3area,gamma,norm2,Linear SVM,0.4933,0.4966,0.54,0.5243
F_mean_3d_F3,delta,None,XGBoost,0.6267,0.5791,0.53,0.5243
F_rasm_3d19,theta,None,Random Forest,0.84,0.6747,0.52,0.5243
F_rasm_3d,delta,None,XGBoost,0.9,0.7053,0.53,0.5243
F_mean_3d_Fp1,theta,norm3,KNN,0.9933,0.6878,0.6,0.5243
F_rasm_3d19,gamma,norm3,KNN,0.9733,0.7929,0.55,0.5243
F_peak_3d_T8,alpha,None,Linear SVM,0.5333,0.5294,0.57,0.5243
F_de_3d_8rm,alpha,None,Ensemble (Majority Vote),0.7867,0.6943,0.56,0.5243
F_dasm_3d,gamma,norm3,KNN,0.9733,0.7513,0.55,0.5243
F_mean_3d_F7,delta,norm2,XGBoost,0.5467,0.5457,0.51,0.5243
F_de_3d_1area,gamma,norm2,Ensemble (Majority Vote),0.7533,0.6067,0.54,0.5243
F_de_3d_1area,all,norm2,Random Forest,0.9467,0.671,0.54,0.5243
F_mean_3d_Fp1,beta,norm2,Linear SVM,0.5067,0.4945,0.5,0.5243
F_mean_3d_Fp1,theta,norm2,KNN,0.9933,0.6878,0.6,0.5243
F_mean_3d_F7,delta,norm3,XGBoost,0.5467,0.5457,0.51,0.5243
F_de_3d19,alpha,norm2,Random Forest,0.9067,0.6883,0.56,0.5243
F_median_3d_2area,gamma,None,XGBoost,0.7333,0.6292,0.54,0.5243
F_rasm_3d19,gamma,norm2,XGBoost,0.9533,0.8239,0.55,0.5243
F_de_3d_Fp1,theta,norm3,XGBoost,0.54,0.5478,0.52,0.5243
F_median_3d_8rm,beta,norm3,KNN,0.9867,0.7416,0.58,0.5243
F_mean_3d_Fp1,beta,norm3,Linear SVM,0.5067,0.4945,0.5,0.5243
F_median_3d,theta,norm2,XGBoost,0.9067,0.6697,0.58,0.5243
F_peak_3d_T8,all,None,Random Forest,0.7533,0.668,0.54,0.5243
F_de_3d_8rm,theta,norm3,Logistic Regression,0.6467,0.572,0.54,0.5243
F_mean_3d_10rm,alpha,norm3,Ensemble (Majority Vote),0.8133,0.688,0.53,0.5243
F_median_3d_Fp2,delta,norm2,KNN,0.9667,0.6823,0.53,0.5243
F_rasm_3d_8rm,delta,norm3,Linear SVM,0.5067,0.5115,0.51,0.5243
F_dasm_3d,beta,norm3,Random Forest,0.82,0.6667,0.54,0.5243
F_rasm_3d,all,norm3,Ensemble (Majority Vote),0.8733,0.7717,0.48,0.5243
F_peak_3d_T8,beta,None,Ensemble (Majority Vote),0.6533,0.614,0.55,0.5243
F_dasm_3d,gamma,norm2,Random Forest,0.9,0.6729,0.49,0.5243
F_rasm_3d_10rm,all,None,KNN,0.9733,0.7216,0.5,0.5243
F_median_3d_2area,alpha,norm2,Linear SVM,0.4467,0.4931,0.54,0.5243
F_de_3d_8rm,delta,None,Linear SVM,0.6667,0.6067,0.52,0.5243
F_mean_3d_8rm,alpha,norm2,KNN,0.9867,0.6894,0.53,0.5243
F_dasm_3d_8rm,delta,norm2,XGBoost,0.82,0.6108,0.56,0.5243
F_median_3d_F7,all,norm2,Random Forest,0.9333,0.672,0.54,0.5243
F_de_3d_10rm,all,norm3,Linear SVM,0.8267,0.7175,0.49,0.5243
F_de_3d_T8,alpha,None,Linear SVM,0.5333,0.5234,0.56,0.5243
F_median_3d_Cz,theta,norm2,Linear SVM,0.48,0.5007,0.57,0.5243
F_de_3d_1area,theta,norm3,KNN,0.9867,0.6922,0.56,0.5243
F_peak_3d_C3,all,norm3,Linear SVM,0.6533,0.5809,0.57,0.5243
F_peak_3d_8rm,alpha,norm3,Linear SVM,0.6933,0.5878,0.53,0.5243
F_mean_3d_3area,alpha,None,Ensemble (Majority Vote),0.7667,0.6506,0.53,0.5243
F_de_3d,all,norm2,Random Forest,0.96,0.7609,0.55,0.5243
F_median_3d_Cz,gamma,None,Linear SVM,0.5333,0.5271,0.52,0.5243
F_peak_3d_Fp2,all,None,KNN,0.98,0.757,0.57,0.5243
F_de_3d,alpha,None,Ensemble (Majority Vote),0.8133,0.723,0.55,0.5243
F_median_3d,alpha,None,Ensemble (Majority Vote),0.8,0.7092,0.46,0.5243
F_de_3d,alpha,norm2,Ensemble (Majority Vote),0.8667,0.7016,0.56,0.5243
F_de_3d,alpha,norm2,XGBoost,0.8,0.6853,0.59,0.5243
F_de_3d_2area,delta,None,XGBoost,0.7467,0.6195,0.56,0.5243
F_mean_3d_8rm,theta,None,Logistic Regression,0.6333,0.5678,0.54,0.5243
F_de_3d_1area,theta,norm2,KNN,0.9867,0.6922,0.56,0.5243
F_dasm_3d,beta,norm3,Ensemble (Majority Vote),0.78,0.6644,0.54,0.5243
F_de_3d19,all,norm2,KNN,0.9467,0.754,0.55,0.5243
F_de_3d_2area,gamma,norm2,XGBoost,0.7333,0.5703,0.55,0.5243
F_dasm_3d,beta,None,XGBoost,0.8667,0.7055,0.52,0.5243
F_peak_3d_F3,delta,norm2,KNN,0.9733,0.6823,0.58,0.5243
F_de_3d_F8,gamma,norm3,Linear SVM,0.4933,0.4984,0.54,0.5243
F_de_3d_F8,gamma,norm2,Linear SVM,0.4933,0.4984,0.54,0.5243
F_de_3d_Cz,beta,None,Linear SVM,0.52,0.509,0.52,0.5243
F_peak_3d_F3,delta,norm3,KNN,0.9733,0.6823,0.58,0.5243
F_de_3d_Fz,delta,None,KNN,0.98,0.7028,0.51,0.5243
F_peak_3d,beta,norm3,Random Forest,0.88,0.68,0.53,0.5243
F_mean_3d_Cz,all,norm2,KNN,0.98,0.6936,0.54,0.5243
F_mean_3d_T8,all,norm2,Random Forest,0.9067,0.6616,0.55,0.5243
F_peak_3d_10rm,beta,None,Random Forest,0.7733,0.6818,0.53,0.5243
F_de_3d_Fz,theta,norm2,XGBoost,0.5133,0.5368,0.53,0.5243
F_de_3d_Fz,theta,norm3,XGBoost,0.5133,0.5368,0.53,0.5243
F_rasm_3d_10rm,gamma,norm3,Logistic Regression,0.5467,0.5269,0.47,0.5243
F_peak_3d_Fp2,beta,None,Linear SVM,0.5467,0.5283,0.55,0.5243
F_rasm_3d_10rm,all,norm3,Logistic Regression,0.6467,0.5795,0.55,0.5243
F_median_3d_F7,theta,norm3,Random Forest,0.8,0.592,0.59,0.5243
F_peak_3d_T7,beta,None,Ensemble (Majority Vote),0.68,0.6025,0.5,0.5243
F_median_3d_F7,theta,norm2,Random Forest,0.8,0.592,0.59,0.5243
F_median_3d_Fp2,delta,norm3,KNN,0.9667,0.6823,0.53,0.5243
F_de_3d_F3,all,norm2,XGBoost,0.94,0.6483,0.53,0.5243
F_median_3d_Cz,theta,norm3,Linear SVM,0.48,0.5007,0.57,0.5243
F_dasm_3d_10rm,gamma,None,KNN,0.96,0.7591,0.57,0.5243
F_peak_3d_T8,gamma,None,Logistic Regression,0.5133,0.5218,0.55,0.5229
F_peak_3d_T8,gamma,None,Random Forest,0.66,0.5864,0.53,0.5229
F_rasm_3d,theta,norm3,Logistic Regression,0.5733,0.5287,0.49,0.5229
F_de_3d_3area,delta,norm3,Random Forest,0.8133,0.6225,0.54,0.5229
F_peak_3d_3area,delta,norm3,Random Forest,0.8,0.6198,0.53,0.5229
F_de_3d_F3,delta,None,Ensemble (Majority Vote),0.74,0.634,0.57,0.5229
F_rasm_3d19,delta,None,Linear SVM,0.5267,0.5092,0.54,0.5229
F_de_3d_2area,beta,None,Ensemble (Majority Vote),0.6933,0.6276,0.5,0.5229
F_de_3d_C3,all,norm2,Linear SVM,0.5267,0.5,0.59,0.5229
F_de_3d_3area,delta,None,KNN,0.96,0.7209,0.49,0.5229
F_rasm_3d19,all,norm3,KNN,0.9667,0.7506,0.5,0.5229
F_peak_3d_3area,delta,norm3,KNN,0.98,0.7051,0.56,0.5229
F_median_3d_Fp2,all,None,Logistic Regression,0.6467,0.5798,0.51,0.5229
F_rasm_3d,beta,norm2,Linear SVM,0.4333,0.4864,0.53,0.5229
F_peak_3d_T8,beta,None,Random Forest,0.62,0.5993,0.53,0.5229
F_peak_3d_8rm,beta,norm3,Random Forest,0.8467,0.6641,0.53,0.5229
F_median_3d_Fz,gamma,norm2,KNN,0.9667,0.6899,0.55,0.5229
F_de_3d_C4,delta,norm3,Random Forest,0.7867,0.5926,0.53,0.5229
F_de_3d_C4,delta,norm2,Random Forest,0.7867,0.5926,0.53,0.5229
F_median_3d_Fz,gamma,norm3,KNN,0.9667,0.6899,0.55,0.5229
F_rasm_3d19,gamma,norm3,Random Forest,0.8267,0.7434,0.52,0.5229
F_rasm_3d,gamma,norm3,Ensemble (Majority Vote),0.8467,0.7202,0.56,0.5229
F_rasm_3d19,gamma,None,Logistic Regression,0.5067,0.5145,0.55,0.5229
F_rasm_3d19,delta,None,Logistic Regression,0.54,0.5205,0.56,0.5229
F_peak_3d_3area,all,None,Ensemble (Majority Vote),0.8933,0.763,0.54,0.5229
F_de_3d_F8,gamma,None,KNN,0.98,0.7048,0.57,0.5229
F_median_3d_1area,gamma,norm3,KNN,0.98,0.6853,0.49,0.5229
F_peak_3d_1area,alpha,None,Ensemble (Majority Vote),0.7333,0.6363,0.53,0.5229
F_rasm_3d_3area,theta,None,Logistic Regression,0.5467,0.5264,0.57,0.5229
F_mean_3d_Fp1,alpha,None,Linear SVM,0.5533,0.5283,0.57,0.5229
F_de_3d,all,norm2,XGBoost,1.0,0.8359,0.52,0.5229
F_mean_3d_2area,delta,norm3,KNN,0.9867,0.6933,0.51,0.5229
F_dasm_3d_10rm,all,norm3,Logistic Regression,0.7467,0.6729,0.51,0.5229
F_peak_3d_Fp2,all,None,Random Forest,0.78,0.669,0.53,0.5229
F_dasm_3d_10rm,all,norm3,Ensemble (Majority Vote),0.9133,0.8103,0.51,0.5229
F_median_3d_2area,delta,norm2,KNN,0.98,0.6871,0.48,0.5229
F_mean_3d_Fz,all,norm2,XGBoost,0.8867,0.6363,0.53,0.5229
F_de_3d,theta,norm2,XGBoost,0.8533,0.6667,0.55,0.5229
F_median_3d_F3,theta,norm2,XGBoost,0.62,0.5416,0.56,0.5229
F_median_3d_F3,theta,norm3,XGBoost,0.62,0.5416,0.56,0.5229
F_peak_3d_Fz,all,norm2,KNN,0.9667,0.7014,0.47,0.5229
F_dasm_3d19,alpha,norm2,KNN,0.9867,0.7168,0.56,0.5229
F_peak_3d19,all,None,KNN,0.9933,0.8786,0.54,0.5229
F_mean_3d19,alpha,norm2,Random Forest,0.8867,0.6811,0.56,0.5229
F_rasm_3d_3area,all,norm3,Random Forest,0.7933,0.7002,0.48,0.5229
F_mean_3d19,alpha,norm2,Ensemble (Majority Vote),0.84,0.7103,0.53,0.5229
F_dasm_3d_8rm,theta,None,Random Forest,0.74,0.6485,0.57,0.5229
F_peak_3d_Fp1,beta,norm3,Random Forest,0.76,0.5901,0.52,0.5229
F_dasm_3d_10rm,beta,norm3,Logistic Regression,0.5867,0.5766,0.51,0.5229
F_peak_3d_F8,gamma,norm2,Random Forest,0.8,0.5915,0.54,0.5229
F_rasm_3d_8rm,all,norm3,Logistic Regression,0.6333,0.5554,0.55,0.5229
F_median_3d_C3,gamma,None,Linear SVM,0.5533,0.5246,0.55,0.5229
F_peak_3d_10rm,delta,None,Logistic Regression,0.6467,0.5991,0.54,0.5229
F_mean_3d_F3,theta,None,Random Forest,0.6667,0.6009,0.56,0.5229
F_mean_3d_F4,all,norm2,KNN,0.9933,0.6993,0.54,0.5229
F_mean_3d_F4,all,norm2,Random Forest,0.9,0.6715,0.55,0.5229
F_dasm_3d_3area,all,norm3,Logistic Regression,0.58,0.566,0.51,0.5229
F_mean_3d_C3,gamma,None,Logistic Regression,0.5133,0.5166,0.53,0.5229
F_peak_3d_F8,gamma,norm3,Random Forest,0.8,0.5915,0.54,0.5229
F_dasm_3d_10rm,delta,norm2,Ensemble (Majority Vote),0.8533,0.6766,0.58,0.5229
F_peak_3d_10rm,alpha,norm2,Ensemble (Majority Vote),0.86,0.6667,0.56,0.5229
F_mean_3d_8rm,theta,None,Linear SVM,0.6333,0.5722,0.54,0.5229
F_dasm_3d_8rm,beta,norm2,XGBoost,0.8867,0.6228,0.52,0.5229
F_peak_3d_Fp1,alpha,None,KNN,0.96,0.7062,0.55,0.5229
F_median_3d_3area,delta,norm3,Ensemble (Majority Vote),0.7667,0.6515,0.52,0.5229
F_mean_3d_8rm,delta,norm2,KNN,0.9933,0.6968,0.56,0.5229
F_mean_3d_F8,alpha,None,KNN,0.9867,0.691,0.55,0.5229
F_peak_3d_Fp1,beta,norm2,Random Forest,0.76,0.5901,0.52,0.5229
F_dasm_3d19,alpha,None,Random Forest,0.8133,0.7154,0.58,0.5229
F_median_3d_Fp1,alpha,norm3,KNN,0.9933,0.686,0.53,0.5229
F_median_3d_1area,gamma,norm2,KNN,0.98,0.6853,0.49,0.5229
F_median_3d_Fp1,alpha,norm2,KNN,0.9933,0.686,0.53,0.5229
F_dasm_3d,delta,None,XGBoost,0.8933,0.7345,0.48,0.5229
F_median_3d_10rm,theta,norm3,XGBoost,0.8867,0.7046,0.52,0.5229
F_median_3d19,all,norm2,Random Forest,0.8933,0.7382,0.53,0.5229
F_median_3d_10rm,all,norm3,Linear SVM,0.8667,0.7285,0.5,0.5229
F_de_3d_10rm,gamma,norm2,KNN,0.9867,0.697,0.54,0.5229
F_mean_3d,alpha,norm3,XGBoost,0.8933,0.7175,0.55,0.5229
F_rasm_3d_10rm,gamma,norm3,Ensemble (Majority Vote),0.8667,0.729,0.52,0.5229
F_de_3d_1area,all,norm2,XGBoost,0.8933,0.6547,0.52,0.5229
F_de_3d_T7,all,None,KNN,0.9667,0.7591,0.59,0.5229
F_median_3d_F7,theta,norm3,XGBoost,0.6133,0.5462,0.51,0.5229
F_median_3d_F7,theta,norm2,XGBoost,0.6133,0.5462,0.51,0.5229
F_mean_3d_T8,all,norm2,XGBoost,0.88,0.6478,0.58,0.5229
F_dasm_3d,delta,norm2,Random Forest,0.9467,0.6867,0.55,0.5229
F_median_3d19,alpha,norm3,Linear SVM,0.78,0.6517,0.53,0.5229
F_median_3d,all,norm2,XGBoost,1.0,0.8589,0.51,0.5229
F_median_3d_1area,delta,norm2,KNN,0.9867,0.6839,0.53,0.5229
F_mean_3d,alpha,norm3,KNN,0.98,0.7446,0.59,0.5229
F_mean_3d,alpha,None,Ensemble (Majority Vote),0.78,0.6949,0.53,0.5229
F_peak_3d_C3,alpha,None,XGBoost,0.6067,0.5807,0.53,0.5229
F_peak_3d_F4,alpha,None,Linear SVM,0.5133,0.5152,0.52,0.5229
F_median_3d_1area,delta,norm3,KNN,0.9867,0.6839,0.53,0.5229
F_peak_3d_10rm,beta,norm2,Random Forest,0.8867,0.6589,0.52,0.5229
F_mean_3d19,alpha,None,Ensemble (Majority Vote),0.9,0.7531,0.52,0.5229
F_de_3d_Cz,beta,None,Logistic Regression,0.52,0.5103,0.52,0.5229
F_mean_3d_10rm,alpha,None,XGBoost,0.9,0.7154,0.5,0.5229
F_dasm_3d_8rm,alpha,None,Linear SVM,0.5267,0.5432,0.51,0.5229
F_de_3d_8rm,theta,norm3,Ensemble (Majority Vote),0.78,0.6772,0.56,0.5229
F_mean_3d_Fp2,all,norm3,Logistic Regression,0.6133,0.571,0.54,0.5229
F_rasm_3d,delta,norm3,Linear SVM,0.5733,0.5297,0.54,0.5214
F_mean_3d_Cz,gamma,None,Logistic Regression,0.5267,0.5154,0.53,0.5214
F_mean_3d_F3,gamma,None,Linear SVM,0.5,0.5069,0.54,0.5214
F_de_3d_8rm,delta,None,Logistic Regression,0.6733,0.6021,0.54,0.5214
F_dasm_3d,beta,None,Random Forest,0.7533,0.6697,0.52,0.5214
F_de_3d_8rm,alpha,norm2,Random Forest,0.8667,0.6614,0.53,0.5214
F_median_3d_8rm,delta,norm2,XGBoost,0.8733,0.6674,0.64,0.5214
F_rasm_3d19,gamma,norm2,Random Forest,0.9133,0.7418,0.53,0.5214
F_de_3d_2area,theta,norm2,Ensemble (Majority Vote),0.72,0.626,0.54,0.5214
F_mean_3d_Cz,gamma,None,Linear SVM,0.52,0.5154,0.53,0.5214
F_median_3d_10rm,all,None,Linear SVM,0.8467,0.7228,0.51,0.5214
F_median_3d19,alpha,norm2,KNN,0.96,0.7103,0.53,0.5214
F_mean_3d_F3,all,None,KNN,0.98,0.7485,0.53,0.5214
F_peak_3d_10rm,delta,None,KNN,0.98,0.8041,0.53,0.5214
F_de_3d_8rm,all,norm2,XGBoost,0.9867,0.8048,0.57,0.5214
F_dasm_3d_3area,all,norm3,Linear SVM,0.6,0.5662,0.52,0.5214
F_median_3d_3area,theta,norm3,Random Forest,0.7867,0.6179,0.57,0.5214
F_dasm_3d,all,norm2,XGBoost,1.0,0.8683,0.57,0.5214
F_median_3d_8rm,all,norm3,Linear SVM,0.8467,0.7166,0.48,0.5214
F_peak_3d_2area,all,norm3,KNN,0.9933,0.7828,0.51,0.5214
F_dasm_3d_10rm,beta,norm2,KNN,0.9867,0.6998,0.57,0.5214
F_peak_3d_1area,all,None,XGBoost,0.8733,0.7262,0.55,0.5214
F_de_3d_C3,gamma,norm2,XGBoost,0.5733,0.5554,0.5,0.5214
F_peak_3d_F4,alpha,None,Logistic Regression,0.5067,0.5138,0.52,0.5214
F_median_3d_T7,beta,None,XGBoost,0.6133,0.5839,0.5,0.5214
F_median_3d_1area,theta,norm2,Linear SVM,0.48,0.4931,0.61,0.5214
F_median_3d_1area,delta,norm3,Ensemble (Majority Vote),0.68,0.6044,0.53,0.5214
F_rasm_3d,theta,norm3,KNN,0.9733,0.7717,0.55,0.5214
F_de_3d_C3,all,None,Logistic Regression,0.6333,0.5786,0.58,0.5214
F_mean_3d_Fz,delta,None,KNN,0.9733,0.7048,0.52,0.5214
F_de_3d_C3,gamma,None,Ensemble (Majority Vote),0.7733,0.6391,0.59,0.5214
F_mean_3d_Fz,alpha,norm3,XGBoost,0.5667,0.5375,0.51,0.5214
F_mean_3d_Fz,alpha,norm2,XGBoost,0.5667,0.5375,0.51,0.5214
F_median_3d_1area,delta,norm2,Ensemble (Majority Vote),0.68,0.6044,0.53,0.5214
F_mean_3d_Fp2,delta,None,XGBoost,0.6533,0.5871,0.55,0.5214
F_de_3d_C3,gamma,norm3,XGBoost,0.5733,0.5554,0.5,0.5214
F_peak_3d_Cz,gamma,norm3,Random Forest,0.7333,0.5837,0.52,0.5214
F_rasm_3d_8rm,delta,norm3,Logistic Regression,0.4867,0.5099,0.51,0.5214
F_rasm_3d_8rm,gamma,norm3,Ensemble (Majority Vote),0.8667,0.7161,0.56,0.5214
F_median_3d_2area,gamma,None,Ensemble (Majority Vote),0.7733,0.6554,0.54,0.5214
F_median_3d_2area,gamma,None,Logistic Regression,0.5467,0.5391,0.52,0.5214
F_dasm_3d_10rm,all,norm3,Linear SVM,0.7667,0.6789,0.5,0.5214
F_dasm_3d,theta,norm2,KNN,0.9733,0.691,0.53,0.5214
F_median_3d_1area,all,norm2,Random Forest,0.9333,0.6729,0.58,0.5214
F_median_3d_3area,all,norm2,Random Forest,0.9533,0.7051,0.58,0.5214
F_rasm_3d19,all,None,Logistic Regression,0.6667,0.5522,0.53,0.5214
F_peak_3d_F3,theta,None,Logistic Regression,0.5467,0.5405,0.56,0.5214
F_peak_3d_Cz,gamma,norm2,Random Forest,0.7333,0.5837,0.52,0.5214
F_peak_3d_1area,all,norm2,Random Forest,0.9267,0.6694,0.53,0.5214
F_median_3d_1area,theta,norm3,Linear SVM,0.48,0.4931,0.61,0.5214
F_peak_3d_F8,all,norm2,Random Forest,0.9467,0.6761,0.54,0.5214
F_peak_3d_F8,all,norm2,XGBoost,0.8867,0.6428,0.55,0.5214
F_mean_3d19,alpha,norm3,XGBoost,0.9533,0.7772,0.55,0.5214
F_peak_3d_2area,gamma,None,Ensemble (Majority Vote),0.7533,0.6455,0.56,0.5214
F_dasm_3d_8rm,theta,norm3,KNN,0.9733,0.7069,0.51,0.5214
F_de_3d_3area,theta,norm3,Ensemble (Majority Vote),0.7,0.6278,0.54,0.5214
F_mean_3d_1area,gamma,norm3,XGBoost,0.5667,0.5437,0.51,0.5214
F_mean_3d_1area,gamma,norm2,XGBoost,0.5667,0.5437,0.51,0.5214
F_de_3d_F3,gamma,norm2,KNN,0.9867,0.6793,0.54,0.5214
F_de_3d_F3,gamma,norm3,KNN,0.9867,0.6793,0.54,0.5214
F_peak_3d19,beta,norm2,Ensemble (Majority Vote),0.86,0.7032,0.55,0.5214
F_peak_3d_Fp2,beta,norm2,Ensemble (Majority Vote),0.7333,0.6087,0.53,0.5214
F_peak_3d_Fp2,beta,norm2,KNN,0.9533,0.6869,0.56,0.5214
F_peak_3d_Fp2,beta,norm3,Ensemble (Majority Vote),0.7333,0.6087,0.53,0.5214
F_mean_3d_Cz,beta,norm3,Random Forest,0.7867,0.5947,0.57,0.5214
F_peak_3d_Fp2,gamma,None,Linear SVM,0.5267,0.5299,0.54,0.5214
F_peak_3d_Fz,beta,None,Linear SVM,0.5267,0.5087,0.53,0.5214
F_dasm_3d_8rm,delta,norm2,Ensemble (Majority Vote),0.6867,0.6515,0.52,0.5214
F_peak_3d_Fz,gamma,None,Ensemble (Majority Vote),0.7467,0.6264,0.55,0.5214
F_de_3d_F7,alpha,norm2,Ensemble (Majority Vote),0.5733,0.5901,0.5,0.5214
F_de_3d_T8,all,norm2,Ensemble (Majority Vote),0.8067,0.6733,0.55,0.5214
F_de_3d_F7,alpha,norm3,Ensemble (Majority Vote),0.5733,0.5901,0.5,0.5214
F_rasm_3d_10rm,theta,None,Random Forest,0.8133,0.6451,0.54,0.5214
F_peak_3d_T7,gamma,None,Ensemble (Majority Vote),0.7267,0.6338,0.51,0.5214
F_peak_3d,beta,None,XGBoost,0.8667,0.751,0.56,0.5214
F_de_3d_F8,all,norm2,Ensemble (Majority Vote),0.8067,0.671,0.56,0.5214
F_de_3d_Fp2,alpha,None,Ensemble (Majority Vote),0.7133,0.6191,0.54,0.5214
F_de_3d_Fp2,all,norm3,Ensemble (Majority Vote),0.78,0.6722,0.52,0.5214
F_peak_3d_3area,delta,None,KNN,0.9733,0.7269,0.54,0.5214
F_peak_3d_3area,delta,None,Linear SVM,0.6,0.5423,0.53,0.5214
F_peak_3d_8rm,delta,norm3,Ensemble (Majority Vote),0.8267,0.6991,0.53,0.5214
F_mean_3d_3area,gamma,norm2,Random Forest,0.86,0.6161,0.51,0.5214
F_peak_3d_Fp2,beta,norm3,KNN,0.9533,0.6869,0.56,0.5214
F_median_3d_C3,gamma,norm3,Random Forest,0.7867,0.5876,0.53,0.5214
F_peak_3d_8rm,alpha,norm2,Ensemble (Majority Vote),0.8467,0.6625,0.55,0.5214
F_dasm_3d_8rm,all,None,Linear SVM,0.7467,0.6625,0.58,0.5214
F_peak_3d_C4,alpha,norm2,Ensemble (Majority Vote),0.6733,0.6034,0.57,0.5214
F_peak_3d_10rm,beta,None,XGBoost,0.8467,0.7347,0.55,0.5214
F_peak_3d_C4,alpha,norm3,Ensemble (Majority Vote),0.6733,0.6034,0.57,0.5214
F_median_3d_C3,gamma,norm2,Random Forest,0.7867,0.5876,0.53,0.5214
F_mean_3d_Cz,beta,norm2,Random Forest,0.7867,0.5947,0.57,0.5214
F_peak_3d_Fp1,all,None,Linear SVM,0.66,0.5846,0.54,0.5214
F_peak_3d_8rm,all,norm3,Linear SVM,0.84,0.7251,0.5,0.5214
F_peak_3d_3area,all,None,Random Forest,0.76,0.6936,0.49,0.5214
F_de_3d_F7,all,norm2,KNN,0.9867,0.7023,0.59,0.5214
F_peak_3d_C3,gamma,None,Linear SVM,0.5133,0.5253,0.54,0.5214
F_rasm_3d_3area,all,None,Ensemble (Majority Vote),0.8533,0.6729,0.52,0.5214
F_de_3d_10rm,all,None,Linear SVM,0.84,0.7108,0.54,0.5214
F_dasm_3d,all,norm3,Linear SVM,0.8,0.6908,0.53,0.5214
F_median_3d_3area,beta,norm2,Linear SVM,0.5333,0.5025,0.56,0.5214
F_dasm_3d_8rm,theta,norm3,Linear SVM,0.6,0.5432,0.53,0.5214
F_median_3d19,theta,None,KNN,0.98,0.797,0.54,0.5214
F_peak_3d_T8,alpha,None,Logistic Regression,0.5267,0.528,0.56,0.5214
F_mean_3d_T8,beta,norm2,Random Forest,0.8,0.5915,0.54,0.52
F_peak_3d_F3,gamma,norm2,Random Forest,0.7267,0.5883,0.51,0.52
F_mean_3d_T8,beta,norm3,Random Forest,0.8,0.5915,0.54,0.52
F_de_3d_Fz,beta,norm3,Linear SVM,0.4933,0.5025,0.58,0.52
F_de_3d_T7,delta,norm2,Random Forest,0.7467,0.5807,0.55,0.52
F_peak_3d_Cz,gamma,None,XGBoost,0.6867,0.5984,0.52,0.52
F_de_3d_Fz,beta,norm2,Linear SVM,0.4933,0.5025,0.58,0.52
F_median_3d_Fp1,gamma,norm3,Random Forest,0.8333,0.5998,0.52,0.52
F_median_3d_F8,delta,None,Random Forest,0.64,0.5926,0.51,0.52
F_peak_3d_F3,gamma,norm3,Random Forest,0.7267,0.5883,0.51,0.52
F_peak_3d_F7,alpha,norm3,XGBoost,0.64,0.5476,0.52,0.52
F_median_3d_Fp1,gamma,norm2,Random Forest,0.8333,0.5998,0.52,0.52
F_peak_3d_Cz,theta,norm2,XGBoost,0.6133,0.554,0.56,0.52
F_peak_3d_F3,alpha,norm2,XGBoost,0.5733,0.5515,0.52,0.52
F_peak_3d_F3,alpha,norm2,Random Forest,0.7133,0.5807,0.5,0.52
F_peak_3d_F3,alpha,norm3,Random Forest,0.7133,0.5807,0.5,0.52
F_de_3d_Fp1,all,norm2,Ensemble (Majority Vote),0.8667,0.6699,0.55,0.52
F_peak_3d_F3,alpha,norm3,XGBoost,0.5733,0.5515,0.52,0.52
F_de_3d_8rm,alpha,norm2,Ensemble (Majority Vote),0.9067,0.6809,0.52,0.52
F_peak_3d_F8,all,norm3,KNN,0.98,0.746,0.52,0.52
F_median_3d_Fp1,all,norm2,Random Forest,0.9333,0.6828,0.57,0.52
F_mean_3d_F3,delta,None,Linear SVM,0.5133,0.5177,0.51,0.52
F_median_3d_Fz,alpha,norm3,KNN,1.0,0.6892,0.48,0.52
F_median_3d,theta,norm3,XGBoost,0.9,0.7228,0.51,0.52
F_median_3d,theta,norm2,Linear SVM,0.4867,0.5018,0.6,0.52
F_median_3d_Fz,alpha,norm2,KNN,1.0,0.6892,0.48,0.52
F_de_3d_T7,delta,norm3,Random Forest,0.7467,0.5807,0.55,0.52
F_median_3d_F8,delta,norm3,Ensemble (Majority Vote),0.7867,0.632,0.55,0.52
F_de_3d_Fp2,gamma,None,Logistic Regression,0.5333,0.5326,0.51,0.52
F_median_3d_F8,delta,norm2,Ensemble (Majority Vote),0.7867,0.632,0.55,0.52
F_peak_3d_Cz,theta,norm3,XGBoost,0.6133,0.554,0.56,0.52
F_de_3d_T8,alpha,norm3,Random Forest,0.7333,0.5867,0.55,0.52
F_mean_3d_T8,alpha,None,Linear SVM,0.5133,0.5262,0.53,0.52
F_peak_3d_Fp2,alpha,None,KNN,0.9733,0.6968,0.52,0.52
F_median_3d_8rm,all,norm3,Ensemble (Majority Vote),0.9267,0.8055,0.52,0.52
F_peak_3d_8rm,alpha,norm2,XGBoost,0.84,0.6497,0.54,0.52
F_mean_3d_F7,delta,norm2,Random Forest,0.78,0.5811,0.61,0.52
F_median_3d_F3,all,norm2,XGBoost,0.9267,0.6446,0.56,0.52
F_mean_3d_F7,delta,norm3,Random Forest,0.78,0.5811,0.61,0.52
F_mean_3d_Fp2,all,None,KNN,0.96,0.7515,0.54,0.52
F_mean_3d_F7,gamma,norm2,Random Forest,0.7667,0.5894,0.52,0.52
F_mean_3d_2area,delta,norm2,XGBoost,0.68,0.5784,0.57,0.52
F_peak_3d_Fp2,beta,None,Ensemble (Majority Vote),0.7333,0.6207,0.5,0.52
F_mean_3d_3area,all,norm2,Random Forest,0.9333,0.7124,0.55,0.52
F_mean_3d_F7,gamma,norm3,Random Forest,0.7667,0.5894,0.52,0.52
F_mean_3d_8rm,delta,norm2,Random Forest,0.8867,0.6582,0.51,0.52
F_median_3d_Cz,alpha,None,Ensemble (Majority Vote),0.7267,0.6225,0.56,0.52
F_peak_3d_F7,alpha,norm2,XGBoost,0.64,0.5476,0.52,0.52
F_mean_3d_8rm,delta,None,KNN,0.98,0.7536,0.5,0.52
F_median_3d_Cz,all,norm2,Ensemble (Majority Vote),0.8267,0.6786,0.53,0.52
F_median_3d_2area,beta,None,Ensemble (Majority Vote),0.7133,0.6354,0.5,0.52
F_peak_3d_Fp2,beta,None,Logistic Regression,0.5667,0.5299,0.52,0.52
F_peak_3d_F4,all,None,Logistic Regression,0.6133,0.5653,0.52,0.52
F_median_3d_T7,beta,None,Random Forest,0.6467,0.5954,0.49,0.52
F_de_3d_T8,all,norm3,KNN,0.9733,0.7345,0.57,0.52
F_de_3d_T8,alpha,norm2,Random Forest,0.7333,0.5867,0.55,0.52
F_peak_3d_C4,theta,norm2,Ensemble (Majority Vote),0.6733,0.589,0.56,0.52
F_median_3d_F7,all,norm3,Logistic Regression,0.64,0.5885,0.51,0.52
F_mean_3d_Fz,gamma,norm3,KNN,0.9733,0.6818,0.52,0.52
F_mean_3d_Fz,gamma,norm2,KNN,0.9733,0.6818,0.52,0.52
F_mean_3d19,alpha,norm2,XGBoost,0.8667,0.7159,0.58,0.52
F_median_3d_8rm,alpha,norm2,XGBoost,0.8133,0.6563,0.54,0.52
F_mean_3d_F7,all,norm2,Ensemble (Majority Vote),0.8333,0.6701,0.55,0.52
F_peak_3d_C3,beta,None,Random Forest,0.6333,0.5959,0.55,0.52
F_de_3d_C3,beta,None,KNN,0.98,0.7011,0.54,0.52
F_mean_3d_C3,delta,norm3,XGBoost,0.5867,0.5561,0.51,0.52
F_peak_3d_C4,theta,norm3,Ensemble (Majority Vote),0.6733,0.589,0.56,0.52
F_median_3d_8rm,all,norm3,Logistic Regression,0.8267,0.6995,0.53,0.52
F_median_3d_T7,all,norm2,Ensemble (Majority Vote),0.7667,0.6614,0.51,0.52
F_mean_3d_C3,delta,norm2,XGBoost,0.5867,0.5561,0.51,0.52
F_median_3d_T8,all,norm2,Linear SVM,0.5067,0.5094,0.52,0.52
F_median_3d19,gamma,norm2,KNN,0.92,0.6995,0.54,0.52
F_dasm_3d,alpha,norm3,Linear SVM,0.5733,0.5736,0.54,0.52
F_peak_3d_10rm,beta,norm2,Ensemble (Majority Vote),0.8733,0.669,0.53,0.52
F_de_3d_1area,delta,norm3,XGBoost,0.6333,0.5568,0.49,0.52
F_de_3d_1area,delta,norm2,XGBoost,0.6333,0.5568,0.49,0.52
F_de_3d19,all,norm2,Ensemble (Majority Vote),0.94,0.7991,0.59,0.52
F_peak_3d_3area,beta,norm3,Random Forest,0.8,0.623,0.53,0.52
F_de_3d19,gamma,norm2,Ensemble (Majority Vote),0.82,0.7002,0.53,0.52
F_peak_3d_3area,all,norm2,Linear SVM,0.5267,0.5101,0.59,0.52
F_dasm_3d_3area,delta,norm2,KNN,1.0,0.6956,0.54,0.52
F_dasm_3d,beta,norm2,Linear SVM,0.4867,0.5016,0.59,0.52
F_dasm_3d_3area,delta,norm3,KNN,1.0,0.6956,0.54,0.52
F_rasm_3d_8rm,all,None,XGBoost,1.0,0.8368,0.51,0.52
F_rasm_3d_10rm,all,None,Logistic Regression,0.66,0.5448,0.55,0.52
F_rasm_3d_8rm,theta,norm2,XGBoost,0.84,0.6876,0.52,0.52
F_rasm_3d_8rm,gamma,norm3,XGBoost,0.8867,0.7297,0.53,0.52
F_dasm_3d19,theta,norm2,Linear SVM,0.54,0.5113,0.49,0.52
F_peak_3d_1area,gamma,None,Random Forest,0.7133,0.6055,0.55,0.52
F_rasm_3d_8rm,theta,norm3,Random Forest,0.7867,0.6733,0.52,0.52
F_de_3d_10rm,alpha,norm3,Logistic Regression,0.62,0.5922,0.53,0.52
F_de_3d19,alpha,None,Random Forest,0.7333,0.6575,0.49,0.52
F_de_3d,theta,norm3,Random Forest,0.7733,0.6699,0.57,0.52
F_peak_3d_3area,beta,norm3,Ensemble (Majority Vote),0.6933,0.6402,0.54,0.52
F_dasm_3d_8rm,beta,norm3,Logistic Regression,0.6067,0.5538,0.54,0.52
F_rasm_3d_10rm,delta,norm3,Logistic Regression,0.5867,0.523,0.55,0.52
F_peak_3d_2area,all,None,Logistic Regression,0.6667,0.6051,0.52,0.52
F_peak_3d19,all,norm3,KNN,1.0,0.8563,0.52,0.52
F_dasm_3d,delta,norm3,Linear SVM,0.6467,0.5949,0.53,0.52
F_dasm_3d_8rm,gamma,None,KNN,0.9533,0.7501,0.55,0.52
F_de_3d_C3,gamma,norm3,KNN,0.9867,0.688,0.56,0.52
F_rasm_3d_3area,all,None,Linear SVM,0.5267,0.5253,0.54,0.52
F_de_3d,alpha,norm3,Linear SVM,0.64,0.6172,0.52,0.52
F_peak_3d_T7,delta,None,XGBoost,0.64,0.5809,0.54,0.52
F_peak_3d_F3,theta,None,KNN,0.9733,0.7106,0.51,0.52
F_mean_3d_F4,theta,norm2,KNN,1.0,0.6938,0.51,0.52
F_mean_3d,all,norm2,KNN,0.9733,0.7207,0.54,0.52
F_dasm_3d_3area,delta,None,Ensemble (Majority Vote),0.7333,0.6313,0.53,0.52
F_de_3d_T8,theta,norm3,Ensemble (Majority Vote),0.74,0.6099,0.54,0.52
F_peak_3d_T8,all,norm3,XGBoost,0.9,0.7002,0.53,0.52
F_de_3d_T8,theta,norm2,Ensemble (Majority Vote),0.74,0.6099,0.54,0.52
F_de_3d19,theta,norm3,Linear SVM,0.7,0.6356,0.52,0.52
F_mean_3d_Cz,alpha,None,XGBoost,0.6733,0.5867,0.5,0.52
F_peak_3d_T7,alpha,None,Logistic Regression,0.4733,0.4995,0.5,0.52
F_de_3d_C3,gamma,norm2,KNN,0.9867,0.688,0.56,0.52
F_de_3d_T7,theta,norm3,Random Forest,0.7933,0.5811,0.55,0.52
F_peak_3d_8rm,theta,None,Ensemble (Majority Vote),0.8333,0.7069,0.52,0.52
F_de_3d_T7,theta,norm2,Random Forest,0.7933,0.5811,0.55,0.52
F_mean_3d_F4,theta,norm3,KNN,1.0,0.6938,0.51,0.52
F_dasm_3d,gamma,None,KNN,0.9733,0.7667,0.51,0.52
F_de_3d_F3,delta,None,Random Forest,0.7,0.6039,0.53,0.52
F_median_3d_3area,theta,None,Ensemble (Majority Vote),0.74,0.6503,0.54,0.52
F_median_3d19,theta,norm3,KNN,0.9867,0.7855,0.51,0.52
F_median_3d_2area,gamma,None,Random Forest,0.7067,0.62,0.54,0.52
F_dasm_3d19,alpha,None,XGBoost,0.9533,0.7943,0.55,0.52
F_peak_3d_Fz,beta,None,Logistic Regression,0.5133,0.5085,0.55,0.52
F_de_3d_8rm,alpha,norm3,XGBoost,0.8133,0.6929,0.54,0.52
F_median_3d_8rm,all,None,Linear SVM,0.8333,0.7062,0.48,0.52
F_rasm_3d,alpha,None,Linear SVM,0.5267,0.5207,0.49,0.52
F_peak_3d_T8,all,None,Ensemble (Majority Vote),0.84,0.6961,0.55,0.5186
F_rasm_3d_8rm,theta,norm3,Ensemble (Majority Vote),0.8467,0.709,0.54,0.5186
F_rasm_3d,gamma,norm2,XGBoost,0.94,0.7485,0.53,0.5186
F_median_3d_Cz,alpha,None,KNN,0.9667,0.6926,0.52,0.5186
F_de_3d_3area,theta,norm2,Ensemble (Majority Vote),0.7933,0.6361,0.49,0.5186
F_peak_3d,gamma,norm2,KNN,0.9533,0.6837,0.5,0.5186
F_mean_3d_Fp1,alpha,None,Logistic Regression,0.56,0.528,0.56,0.5186
F_rasm_3d_10rm,delta,norm3,Ensemble (Majority Vote),0.8267,0.7294,0.56,0.5186
F_median_3d_3area,beta,norm2,Ensemble (Majority Vote),0.72,0.6205,0.55,0.5186
F_rasm_3d_3area,all,None,KNN,0.9867,0.7143,0.48,0.5186
F_mean_3d_3area,theta,norm3,Ensemble (Majority Vote),0.7667,0.6356,0.51,0.5186
F_dasm_3d_10rm,delta,norm2,XGBoost,0.92,0.6494,0.53,0.5186
F_de_3d_T7,theta,norm3,Linear SVM,0.48,0.5044,0.55,0.5186
F_mean_3d_F8,delta,norm3,KNN,0.9733,0.6871,0.53,0.5186
F_median_3d19,alpha,norm2,Ensemble (Majority Vote),0.88,0.7147,0.53,0.5186
F_mean_3d_F3,alpha,None,XGBoost,0.64,0.5809,0.54,0.5186
F_median_3d_1area,all,norm2,XGBoost,0.8867,0.6471,0.54,0.5186
F_de_3d_Fz,gamma,None,XGBoost,0.6067,0.5717,0.56,0.5186
F_median_3d_F8,all,norm2,Ensemble (Majority Vote),0.8467,0.6768,0.51,0.5186
F_peak_3d_Fp1,alpha,None,Ensemble (Majority Vote),0.76,0.6494,0.49,0.5186
F_peak_3d_1area,gamma,None,KNN,0.9733,0.7057,0.55,0.5186
F_median_3d_1area,all,None,KNN,0.9933,0.7699,0.52,0.5186
F_mean_3d_C4,all,norm2,Ensemble (Majority Vote),0.8333,0.671,0.53,0.5186
F_de_3d_F3,all,norm2,Linear SVM,0.5133,0.5085,0.54,0.5186
F_de_3d_T7,delta,norm2,Ensemble (Majority Vote),0.5867,0.5894,0.51,0.5186
F_peak_3d_3area,beta,norm3,Linear SVM,0.5533,0.5526,0.49,0.5186
F_de_3d_T7,delta,norm3,Ensemble (Majority Vote),0.5867,0.5894,0.51,0.5186
F_peak_3d_8rm,theta,None,Linear SVM,0.6133,0.5743,0.52,0.5186
F_rasm_3d,all,norm3,Random Forest,0.78,0.751,0.52,0.5186
F_median_3d_2area,beta,None,Logistic Regression,0.5267,0.531,0.5,0.5186
F_de_3d_2area,delta,None,Ensemble (Majority Vote),0.74,0.6416,0.51,0.5186
F_de_3d_10rm,alpha,norm3,Ensemble (Majority Vote),0.8333,0.7032,0.55,0.5186
F_mean_3d19,theta,None,Ensemble (Majority Vote),0.8667,0.7347,0.5,0.5186
F_de_3d_T7,theta,norm2,Linear SVM,0.48,0.5044,0.55,0.5186
F_mean_3d_F3,alpha,None,Random Forest,0.6467,0.5897,0.55,0.5186
F_mean_3d_F8,delta,norm2,KNN,0.9733,0.6871,0.53,0.5186
F_peak_3d,alpha,norm2,KNN,0.9667,0.7046,0.51,0.5186
F_peak_3d_Fz,beta,norm3,Linear SVM,0.5133,0.5037,0.56,0.5186
F_mean_3d,alpha,norm2,KNN,0.9733,0.7002,0.58,0.5186
F_mean_3d,alpha,norm3,Linear SVM,0.6933,0.6039,0.5,0.5186
F_de_3d_F7,alpha,None,KNN,0.9667,0.6883,0.53,0.5186
F_median_3d_8rm,delta,norm2,Ensemble (Majority Vote),0.88,0.6821,0.5,0.5186
F_mean_3d_2area,beta,norm3,Linear SVM,0.5533,0.5244,0.51,0.5186
F_median_3d_8rm,beta,norm3,XGBoost,0.8,0.6749,0.56,0.5186
F_median_3d_Fp1,delta,norm2,Random Forest,0.7533,0.5864,0.54,0.5186
F_mean_3d_2area,alpha,norm3,KNN,0.9533,0.6929,0.56,0.5186
F_median_3d_Fp1,delta,norm3,Random Forest,0.7533,0.5864,0.54,0.5186
F_peak_3d_1area,all,None,Ensemble (Majority Vote),0.8133,0.6975,0.53,0.5186
F_mean_3d_F4,delta,None,Logistic Regression,0.5267,0.5216,0.55,0.5186
F_dasm_3d_3area,all,None,Linear SVM,0.62,0.5752,0.52,0.5186
F_de_3d_F7,alpha,norm3,XGBoost,0.6067,0.5416,0.54,0.5186
F_peak_3d_8rm,beta,norm3,XGBoost,0.8267,0.6869,0.53,0.5186
F_mean_3d_2area,all,norm2,Random Forest,0.9467,0.6933,0.56,0.5186
F_mean_3d_F7,all,norm2,KNN,0.9867,0.6959,0.54,0.5186
F_peak_3d_8rm,beta,norm3,KNN,0.96,0.7522,0.58,0.5186
F_median_3d19,alpha,None,Logistic Regression,0.7133,0.6202,0.54,0.5186
F_mean_3d,alpha,None,Random Forest,0.72,0.6609,0.52,0.5186
F_de_3d_F7,alpha,norm2,XGBoost,0.6067,0.5416,0.54,0.5186
F_peak_3d_Fz,beta,norm2,Linear SVM,0.5133,0.5037,0.56,0.5186
F_peak_3d_10rm,delta,None,XGBoost,0.9067,0.7501,0.52,0.5186
F_median_3d_8rm,theta,norm3,KNN,0.9867,0.7372,0.55,0.5186
F_mean_3d_F3,beta,norm2,KNN,0.9933,0.6867,0.53,0.5186
F_mean_3d_F3,beta,norm3,KNN,0.9933,0.6867,0.53,0.5186
F_mean_3d_F3,delta,None,Logistic Regression,0.5133,0.5191,0.51,0.5186
F_rasm_3d_8rm,all,None,Linear SVM,0.5467,0.5262,0.48,0.5186
F_de_3d_3area,delta,norm3,Logistic Regression,0.6,0.56,0.52,0.5186
F_mean_3d_F3,gamma,None,Logistic Regression,0.5133,0.5067,0.54,0.5186
F_median_3d_C4,alpha,norm2,Ensemble (Majority Vote),0.7867,0.6182,0.53,0.5186
F_mean_3d_C3,alpha,norm2,Ensemble (Majority Vote),0.7,0.6062,0.52,0.5186
F_median_3d_8rm,all,None,Logistic Regression,0.7933,0.6821,0.51,0.5186
F_mean_3d_C3,alpha,norm3,Ensemble (Majority Vote),0.7,0.6062,0.52,0.5186
F_peak_3d_Cz,all,norm2,XGBoost,0.94,0.6667,0.52,0.5186
F_de_3d_C3,theta,norm2,XGBoost,0.54,0.5457,0.49,0.5186
F_median_3d_C4,alpha,norm3,Ensemble (Majority Vote),0.7867,0.6182,0.53,0.5186
F_dasm_3d_8rm,all,norm3,XGBoost,0.9933,0.88,0.52,0.5186
F_mean_3d_Fz,all,norm2,Ensemble (Majority Vote),0.8067,0.6646,0.57,0.5186
F_de_3d_F4,theta,norm2,KNN,0.9733,0.6867,0.54,0.5186
F_peak_3d_8rm,all,None,Logistic Regression,0.82,0.692,0.54,0.5186
F_de_3d_Cz,all,norm2,KNN,0.9733,0.6954,0.61,0.5186
F_de_3d_F3,all,None,KNN,0.9867,0.78,0.48,0.5186
F_peak_3d_10rm,delta,norm3,Logistic Regression,0.6733,0.6156,0.5,0.5186
F_rasm_3d_10rm,all,None,Ensemble (Majority Vote),0.9467,0.7568,0.55,0.5186
F_de_3d_F4,theta,norm3,KNN,0.9733,0.6867,0.54,0.5186
F_median_3d_Fp1,delta,None,Logistic Regression,0.5,0.5131,0.51,0.5186
F_peak_3d_Cz,gamma,None,Logistic Regression,0.54,0.5375,0.5,0.5186
F_rasm_3d_10rm,beta,None,Linear SVM,0.4533,0.4892,0.54,0.5186
F_peak_3d_T7,theta,None,XGBoost,0.6867,0.5736,0.52,0.5186
F_de_3d_Fp2,all,None,KNN,0.96,0.7639,0.52,0.5186
F_mean_3d_C4,all,norm2,Random Forest,0.9067,0.671,0.5,0.5186
F_de_3d_Fp2,all,norm2,XGBoost,0.88,0.629,0.53,0.5186
F_peak_3d_2area,alpha,norm2,KNN,0.9733,0.6949,0.54,0.5186
F_peak_3d_F4,all,norm2,XGBoost,0.9267,0.6641,0.54,0.5186
F_de_3d_C3,theta,norm3,XGBoost,0.54,0.5457,0.49,0.5186
F_median_3d_1area,theta,norm2,XGBoost,0.72,0.5577,0.58,0.5186
F_mean_3d_F8,all,norm2,XGBoost,0.94,0.6637,0.57,0.5186
F_median_3d_1area,theta,norm3,XGBoost,0.72,0.5577,0.58,0.5186
F_de_3d_3area,theta,norm2,XGBoost,0.76,0.5864,0.52,0.5186
F_mean_3d_8rm,alpha,None,XGBoost,0.8467,0.7002,0.52,0.5186
F_dasm_3d_8rm,delta,norm2,Random Forest,0.9133,0.652,0.53,0.5186
F_peak_3d_Fp2,all,None,XGBoost,0.8933,0.726,0.52,0.5186
F_de_3d_8rm,alpha,None,XGBoost,0.82,0.6966,0.54,0.5186
F_rasm_3d_3area,gamma,None,KNN,0.98,0.7039,0.56,0.5186
F_de_3d_8rm,all,norm3,Linear SVM,0.8067,0.6998,0.51,0.5186
F_mean_3d_3area,all,norm2,Ensemble (Majority Vote),0.9133,0.7225,0.56,0.5186
F_rasm_3d_3area,alpha,norm3,KNN,0.9867,0.7147,0.53,0.5186
F_peak_3d_3area,all,norm2,Ensemble (Majority Vote),0.9133,0.7255,0.56,0.5186
F_mean_3d_8rm,theta,norm3,Ensemble (Majority Vote),0.8133,0.6811,0.5,0.5186
F_rasm_3d_3area,alpha,norm2,KNN,0.9867,0.7147,0.53,0.5186
F_mean_3d_F8,alpha,None,Ensemble (Majority Vote),0.7467,0.6182,0.53,0.5171
F_de_3d_F4,gamma,norm2,Linear SVM,0.5067,0.4993,0.55,0.5171
F_de_3d_F4,gamma,norm3,Linear SVM,0.5067,0.4993,0.55,0.5171
F_median_3d_Cz,alpha,norm3,KNN,0.9867,0.686,0.56,0.5171
F_mean_3d_1area,alpha,None,Random Forest,0.6667,0.5936,0.54,0.5171
F_median_3d_3area,delta,norm2,KNN,0.9933,0.6913,0.56,0.5171
F_peak_3d_Cz,alpha,None,Ensemble (Majority Vote),0.72,0.6246,0.51,0.5171
F_median_3d_Fp1,alpha,norm2,Ensemble (Majority Vote),0.8,0.6138,0.51,0.5171
F_median_3d_T8,all,norm3,Logistic Regression,0.5867,0.5692,0.53,0.5171
F_mean_3d_3area,alpha,norm3,Linear SVM,0.5933,0.5501,0.55,0.5171
F_peak_3d_10rm,beta,norm3,XGBoost,0.8467,0.7138,0.55,0.5171
F_de_3d_T8,theta,norm2,Random Forest,0.7133,0.5857,0.6,0.5171
F_median_3d_T7,gamma,None,Logistic Regression,0.5333,0.5237,0.51,0.5171
F_peak_3d_Fp1,beta,norm3,XGBoost,0.6267,0.5559,0.58,0.5171
F_de_3d_2area,theta,norm2,Random Forest,0.86,0.6133,0.57,0.5171
F_mean_3d_Cz,gamma,norm2,Linear SVM,0.5,0.508,0.53,0.5171
F_de_3d_T8,alpha,norm2,XGBoost,0.6067,0.5423,0.55,0.5171
F_mean_3d_2area,all,norm2,Ensemble (Majority Vote),0.88,0.6975,0.55,0.5171
F_peak_3d_T7,theta,norm2,KNN,0.9733,0.6949,0.56,0.5171
F_rasm_3d_8rm,beta,norm2,Random Forest,0.8133,0.6844,0.52,0.5171
F_de_3d_T8,alpha,norm3,XGBoost,0.6067,0.5423,0.55,0.5171
F_rasm_3d19,alpha,norm3,KNN,0.9333,0.7791,0.52,0.5171
F_peak_3d_F4,all,None,Ensemble (Majority Vote),0.82,0.7007,0.48,0.5171
F_median_3d_Cz,alpha,norm2,KNN,0.9867,0.686,0.56,0.5171
F_mean_3d_Cz,gamma,norm3,Linear SVM,0.5,0.508,0.53,0.5171
F_peak_3d_F7,alpha,norm2,Ensemble (Majority Vote),0.68,0.5995,0.57,0.5171
F_peak_3d_T7,theta,norm3,KNN,0.9733,0.6949,0.56,0.5171
F_mean_3d_1area,all,norm2,XGBoost,0.88,0.6434,0.59,0.5171
F_peak_3d_Fz,all,norm3,Logistic Regression,0.66,0.5823,0.49,0.5171
F_peak_3d_F7,alpha,norm3,Ensemble (Majority Vote),0.68,0.5995,0.57,0.5171
F_peak_3d_T8,alpha,None,Ensemble (Majority Vote),0.66,0.6159,0.51,0.5171
F_peak_3d,alpha,None,Logistic Regression,0.6667,0.5989,0.51,0.5171
F_de_3d_T8,theta,norm2,XGBoost,0.5467,0.557,0.5,0.5171
F_median_3d_1area,delta,norm3,Linear SVM,0.5133,0.5009,0.51,0.5171
F_dasm_3d_10rm,theta,norm2,XGBoost,0.8333,0.6264,0.54,0.5171
F_mean_3d_F7,alpha,None,XGBoost,0.6867,0.58,0.54,0.5171
F_median_3d_F4,gamma,None,Linear SVM,0.56,0.5299,0.51,0.5171
F_median_3d_Cz,theta,norm3,Ensemble (Majority Vote),0.6533,0.6062,0.51,0.5171
F_median_3d_10rm,all,norm3,Ensemble (Majority Vote),0.92,0.8191,0.49,0.5171
F_peak_3d_Fp2,all,norm3,KNN,0.9867,0.7531,0.48,0.5171
F_rasm_3d_10rm,all,norm3,Linear SVM,0.6333,0.5809,0.52,0.5171
F_median_3d_Fp1,gamma,None,Random Forest,0.6467,0.6064,0.49,0.5171
F_mean_3d,gamma,norm2,Linear SVM,0.4867,0.497,0.53,0.5171
F_de_3d_C4,gamma,None,Random Forest,0.6467,0.5986,0.54,0.5171
F_median_3d_Cz,theta,norm2,Ensemble (Majority Vote),0.6533,0.6062,0.51,0.5171
F_rasm_3d19,theta,norm2,Linear SVM,0.4867,0.4963,0.51,0.5171
F_median_3d_T8,beta,None,Ensemble (Majority Vote),0.6533,0.6099,0.56,0.5171
F_de_3d_C4,gamma,None,Ensemble (Majority Vote),0.7467,0.6384,0.49,0.5171
F_dasm_3d_10rm,theta,None,Random Forest,0.7867,0.6648,0.52,0.5171
F_median_3d_8rm,theta,norm2,XGBoost,0.8467,0.6382,0.5,0.5171
F_peak_3d_Fp2,alpha,None,Random Forest,0.6733,0.5926,0.55,0.5171
F_median_3d_Fp1,delta,None,Linear SVM,0.5,0.514,0.51,0.5171
F_median_3d_T8,beta,norm2,Ensemble (Majority Vote),0.6533,0.6048,0.59,0.5171
F_de_3d_F7,all,norm2,Ensemble (Majority Vote),0.8733,0.6782,0.56,0.5171
F_median_3d_Fp1,alpha,norm3,XGBoost,0.5467,0.5586,0.51,0.5171
F_median_3d_1area,delta,norm2,Linear SVM,0.5133,0.5009,0.51,0.5171
F_median_3d_Fp1,alpha,norm3,Ensemble (Majority Vote),0.8,0.6138,0.51,0.5171
F_median_3d_Fp1,alpha,norm2,XGBoost,0.5467,0.5586,0.51,0.5171
F_de_3d_T8,theta,norm3,XGBoost,0.5467,0.557,0.5,0.5171
F_median_3d_T7,gamma,None,Linear SVM,0.5333,0.5228,0.51,0.5171
F_de_3d_F8,theta,norm2,XGBoost,0.56,0.5352,0.55,0.5171
F_de_3d_T8,theta,norm3,Random Forest,0.7133,0.5857,0.6,0.5171
F_de_3d_F8,theta,norm3,XGBoost,0.56,0.5352,0.55,0.5171
F_de_3d_F3,theta,norm3,XGBoost,0.5533,0.5437,0.49,0.5171
F_mean_3d_Fp1,alpha,None,Random Forest,0.6133,0.5825,0.53,0.5171
F_rasm_3d19,theta,None,XGBoost,0.94,0.7306,0.54,0.5171
F_de_3d_F3,theta,norm2,XGBoost,0.5533,0.5437,0.49,0.5171
F_mean_3d_Fp2,gamma,norm2,KNN,0.9867,0.6924,0.52,0.5171
F_de_3d_2area,delta,norm2,Linear SVM,0.4933,0.508,0.51,0.5171
F_mean_3d_C3,theta,None,KNN,0.9667,0.692,0.51,0.5171
F_dasm_3d_8rm,beta,norm3,Linear SVM,0.6133,0.5554,0.55,0.5171
F_mean_3d_Fp2,gamma,norm3,KNN,0.9867,0.6924,0.52,0.5171
F_de_3d_8rm,all,None,Logistic Regression,0.7933,0.6738,0.51,0.5171
F_dasm_3d_8rm,all,None,XGBoost,1.0,0.8793,0.51,0.5171
F_mean_3d_10rm,all,norm3,Linear SVM,0.8067,0.7034,0.47,0.5171
F_peak_3d_F3,theta,norm2,Linear SVM,0.5,0.4995,0.52,0.5171
F_median_3d19,gamma,None,Linear SVM,0.72,0.6303,0.53,0.5171
F_peak_3d_F3,theta,norm3,Linear SVM,0.5,0.4995,0.52,0.5171
F_peak_3d_2area,delta,norm3,KNN,0.94,0.7083,0.47,0.5171
F_mean_3d_C4,alpha,norm2,KNN,0.9933,0.6926,0.51,0.5171
F_de_3d_Fp2,theta,norm2,Ensemble (Majority Vote),0.6867,0.5938,0.56,0.5171
F_mean_3d_C4,alpha,norm3,KNN,0.9933,0.6926,0.51,0.5171
F_median_3d_T7,all,norm2,KNN,0.98,0.6782,0.52,0.5171
F_mean_3d_C3,gamma,norm3,XGBoost,0.6533,0.5499,0.52,0.5171
F_peak_3d_F3,theta,None,XGBoost,0.6267,0.5782,0.56,0.5171
F_de_3d_Fz,alpha,norm2,Linear SVM,0.4733,0.4977,0.56,0.5171
F_mean_3d_C3,gamma,norm2,XGBoost,0.6533,0.5499,0.52,0.5171
F_de_3d_Fz,alpha,norm3,Linear SVM,0.4733,0.4977,0.56,0.5171
F_median_3d19,gamma,norm2,Ensemble (Majority Vote),0.8333,0.7214,0.62,0.5171
F_peak_3d_F8,gamma,None,Random Forest,0.68,0.5938,0.56,0.5171
F_median_3d_10rm,gamma,None,KNN,0.9867,0.7789,0.5,0.5171
F_rasm_3d_8rm,gamma,None,KNN,0.98,0.7147,0.57,0.5171
F_median_3d_2area,alpha,None,Logistic Regression,0.5667,0.5395,0.48,0.5171
F_de_3d_Cz,theta,norm3,Linear SVM,0.4933,0.5,0.54,0.5171
F_median_3d_F8,alpha,norm3,Random Forest,0.7133,0.5869,0.55,0.5171
F_de_3d_Cz,theta,norm2,Linear SVM,0.4933,0.5,0.54,0.5171
F_de_3d19,all,norm2,Random Forest,0.9133,0.7361,0.52,0.5171
F_median_3d_F8,alpha,norm2,Random Forest,0.7133,0.5869,0.55,0.5171
F_mean_3d_C3,alpha,None,Linear SVM,0.54,0.5179,0.51,0.5171
F_dasm_3d19,beta,None,KNN,0.9933,0.7977,0.56,0.5171
F_de_3d_Fp2,theta,norm3,Ensemble (Majority Vote),0.6867,0.5938,0.56,0.5171
F_peak_3d_2area,alpha,None,Random Forest,0.6733,0.617,0.55,0.5171
F_mean_3d_Fz,delta,norm2,XGBoost,0.5867,0.5586,0.51,0.5171
F_median_3d_Cz,all,norm2,XGBoost,0.9267,0.6485,0.51,0.5171
F_peak_3d_C3,all,norm2,XGBoost,0.9333,0.6506,0.55,0.5171
F_median_3d_T8,all,norm2,Ensemble (Majority Vote),0.8,0.6708,0.56,0.5171
F_dasm_3d,beta,norm2,Random Forest,0.9467,0.6791,0.55,0.5171
F_peak_3d_Fp1,beta,norm2,XGBoost,0.6267,0.5559,0.58,0.5171
F_mean_3d_Cz,all,norm2,Ensemble (Majority Vote),0.8133,0.6699,0.61,0.5171
F_peak_3d_T7,alpha,None,Linear SVM,0.4733,0.4984,0.5,0.5171
F_peak_3d_3area,gamma,None,Random Forest,0.72,0.6255,0.52,0.5171
F_mean_3d_Fp2,all,norm3,Linear SVM,0.6067,0.5715,0.55,0.5171
F_dasm_3d,all,norm3,KNN,0.9933,0.8802,0.49,0.5171
F_mean_3d_Fz,delta,norm3,XGBoost,0.5867,0.5586,0.51,0.5171
F_median_3d_3area,all,None,Linear SVM,0.7133,0.6324,0.5,0.5171
F_median_3d_T8,beta,norm3,Ensemble (Majority Vote),0.6533,0.6048,0.59,0.5171
F_median_3d,alpha,norm2,Linear SVM,0.5,0.5085,0.56,0.5171
F_de_3d_Fp2,gamma,None,XGBoost,0.66,0.5915,0.53,0.5171
F_de_3d_Fp2,gamma,None,Random Forest,0.7,0.597,0.57,0.5171
F_de_3d_Fp2,delta,norm2,XGBoost,0.6067,0.5531,0.52,0.5171
F_de_3d_Fp2,delta,norm3,XGBoost,0.6067,0.5531,0.52,0.5171
F_mean_3d_Fz,alpha,norm3,Ensemble (Majority Vote),0.6333,0.6002,0.5,0.5157
F_mean_3d_T7,alpha,None,Linear SVM,0.5,0.5055,0.49,0.5157
F_median_3d19,beta,norm2,Ensemble (Majority Vote),0.9,0.7211,0.56,0.5157
F_mean_3d_T7,alpha,None,Logistic Regression,0.4867,0.503,0.49,0.5157
F_de_3d_Cz,beta,None,Random Forest,0.62,0.5837,0.5,0.5157
F_mean_3d_Fz,alpha,None,Ensemble (Majority Vote),0.7,0.6175,0.58,0.5157
F_mean_3d_F7,alpha,norm3,KNN,0.9733,0.6768,0.53,0.5157
F_peak_3d_8rm,alpha,norm2,Linear SVM,0.5267,0.506,0.55,0.5157
F_mean_3d_F7,alpha,norm2,KNN,0.9733,0.6768,0.53,0.5157
F_median_3d_T8,gamma,norm2,Random Forest,0.74,0.5844,0.51,0.5157
F_de_3d_8rm,alpha,norm2,XGBoost,0.74,0.6402,0.55,0.5157
F_dasm_3d_10rm,alpha,norm3,XGBoost,0.8067,0.6722,0.51,0.5157
F_de_3d_8rm,all,None,Linear SVM,0.8,0.6945,0.52,0.5157
F_de_3d_F7,alpha,norm3,Random Forest,0.7933,0.597,0.52,0.5157
F_de_3d_F7,alpha,norm2,Random Forest,0.7933,0.597,0.52,0.5157
F_mean_3d_F8,all,norm2,Random Forest,0.8933,0.668,0.54,0.5157
F_median_3d_Fp2,theta,None,KNN,0.9733,0.6915,0.53,0.5157
F_mean_3d_Fp2,all,None,Logistic Regression,0.64,0.5782,0.51,0.5157
F_median_3d_3area,gamma,norm3,KNN,0.9667,0.7046,0.54,0.5157
F_median_3d_3area,alpha,norm3,Random Forest,0.8067,0.6248,0.53,0.5157
F_peak_3d_Cz,all,None,KNN,0.9733,0.7602,0.53,0.5157
F_dasm_3d19,beta,None,Ensemble (Majority Vote),0.82,0.7271,0.49,0.5157
F_median_3d_F4,beta,None,Ensemble (Majority Vote),0.72,0.6175,0.56,0.5157
F_median_3d_2area,delta,norm2,Random Forest,0.8,0.611,0.56,0.5157
F_median_3d_2area,delta,None,Random Forest,0.6533,0.6067,0.53,0.5157
F_median_3d_T8,gamma,norm3,Random Forest,0.74,0.5844,0.51,0.5157
F_mean_3d19,delta,norm2,Random Forest,0.8733,0.6545,0.53,0.5157
F_median_3d_F8,all,norm3,Logistic Regression,0.6133,0.563,0.52,0.5157
F_peak_3d_1area,gamma,None,Ensemble (Majority Vote),0.76,0.6393,0.52,0.5157
F_de_3d_C3,gamma,None,KNN,0.9533,0.6995,0.56,0.5157
F_rasm_3d19,delta,norm2,XGBoost,0.9933,0.8205,0.53,0.5157
F_peak_3d_3area,delta,None,XGBoost,0.7467,0.6251,0.56,0.5157
F_mean_3d_T7,gamma,None,XGBoost,0.58,0.5745,0.53,0.5157
F_peak_3d,alpha,norm2,Ensemble (Majority Vote),0.84,0.6761,0.55,0.5157
F_rasm_3d_10rm,theta,norm2,Random Forest,0.82,0.6883,0.54,0.5157
F_mean_3d_T7,gamma,norm2,Ensemble (Majority Vote),0.7533,0.6267,0.51,0.5157
F_peak_3d_3area,alpha,norm3,Random Forest,0.74,0.62,0.51,0.5157
F_dasm_3d_8rm,theta,None,KNN,0.96,0.7326,0.56,0.5157
F_mean_3d_T7,gamma,norm3,Ensemble (Majority Vote),0.7533,0.6267,0.51,0.5157
F_peak_3d_T7,theta,norm3,Random Forest,0.8333,0.5989,0.48,0.5157
F_median_3d_F8,theta,norm3,Ensemble (Majority Vote),0.7933,0.6257,0.53,0.5157
F_peak_3d_F4,all,None,Linear SVM,0.6467,0.566,0.52,0.5157
F_peak_3d_T7,theta,norm2,Random Forest,0.8333,0.5989,0.48,0.5157
F_peak_3d_Fp1,alpha,norm3,XGBoost,0.58,0.543,0.54,0.5157
F_median_3d_F8,theta,norm2,Ensemble (Majority Vote),0.7933,0.6257,0.53,0.5157
F_mean_3d_Fz,alpha,norm2,Ensemble (Majority Vote),0.6333,0.6002,0.5,0.5157
F_mean_3d_T8,alpha,norm3,KNN,0.9867,0.6915,0.55,0.5157
F_dasm_3d_3area,gamma,norm3,XGBoost,0.66,0.5639,0.51,0.5157
F_mean_3d_T8,alpha,norm2,KNN,0.9867,0.6915,0.55,0.5157
F_de_3d_Fp2,alpha,norm3,Random Forest,0.7733,0.5848,0.5,0.5157
F_dasm_3d_3area,gamma,norm2,XGBoost,0.66,0.5639,0.51,0.5157
F_de_3d_Fp2,alpha,norm2,Random Forest,0.7733,0.5848,0.5,0.5157
F_peak_3d_Cz,gamma,None,Linear SVM,0.54,0.5372,0.5,0.5157
F_dasm_3d,alpha,norm3,Logistic Regression,0.58,0.5733,0.52,0.5157
F_mean_3d_T7,gamma,None,Random Forest,0.6467,0.5876,0.52,0.5157
F_peak_3d_Fp1,alpha,norm2,XGBoost,0.58,0.543,0.54,0.5157
F_de_3d19,delta,norm3,KNN,0.9867,0.7968,0.51,0.5157
F_de_3d_1area,gamma,norm3,Random Forest,0.78,0.5899,0.53,0.5157
F_median_3d_F4,gamma,None,Logistic Regression,0.56,0.5313,0.51,0.5157
F_median_3d_F8,all,norm3,Linear SVM,0.6,0.5639,0.52,0.5157
F_peak_3d_F3,gamma,norm3,Ensemble (Majority Vote),0.6267,0.6124,0.52,0.5157
F_de_3d_1area,gamma,norm2,Random Forest,0.78,0.5899,0.53,0.5157
F_median_3d_C4,beta,norm3,KNN,0.98,0.688,0.53,0.5157
F_median_3d_C4,beta,norm2,KNN,0.98,0.688,0.53,0.5157
F_de_3d_3area,gamma,norm2,Ensemble (Majority Vote),0.7733,0.631,0.51,0.5157
F_peak_3d_2area,all,None,Random Forest,0.7533,0.68,0.52,0.5157
F_median_3d_F4,theta,None,Linear SVM,0.48,0.5053,0.52,0.5157
F_median_3d_C4,gamma,None,Linear SVM,0.54,0.5225,0.53,0.5157
F_peak_3d_F3,gamma,norm2,Ensemble (Majority Vote),0.6267,0.6124,0.52,0.5157
F_mean_3d,alpha,norm3,Logistic Regression,0.68,0.6,0.51,0.5157
F_median_3d_C4,gamma,None,Logistic Regression,0.54,0.5221,0.53,0.5157
F_dasm_3d_8rm,beta,norm2,Random Forest,0.9067,0.6471,0.54,0.5157
F_peak_3d19,gamma,norm2,Ensemble (Majority Vote),0.82,0.6933,0.5,0.5157
F_mean_3d_10rm,all,norm2,KNN,0.9733,0.7209,0.51,0.5157
F_median_3d_F7,theta,norm2,Ensemble (Majority Vote),0.7933,0.6218,0.49,0.5157
F_dasm_3d_3area,gamma,norm3,Ensemble (Majority Vote),0.82,0.603,0.5,0.5157
F_peak_3d,beta,norm3,Ensemble (Majority Vote),0.82,0.7071,0.55,0.5157
F_mean_3d_3area,theta,norm2,Linear SVM,0.48,0.4979,0.52,0.5157
F_median_3d_Cz,all,norm2,Random Forest,0.9267,0.6798,0.52,0.5157
F_median_3d_F7,theta,norm3,Ensemble (Majority Vote),0.7933,0.6218,0.49,0.5157
F_peak_3d19,alpha,norm2,Ensemble (Majority Vote),0.8467,0.6984,0.54,0.5157
F_dasm_3d_3area,gamma,norm3,Random Forest,0.7733,0.5869,0.54,0.5157
F_median_3d_F3,theta,norm3,Linear SVM,0.4867,0.5028,0.54,0.5157
F_median_3d_C4,delta,norm3,Random Forest,0.7733,0.5915,0.5,0.5157
F_mean_3d_8rm,all,norm2,KNN,0.9867,0.7214,0.53,0.5157
F_median_3d_C4,all,norm2,XGBoost,0.9333,0.6651,0.5,0.5157
F_median_3d_F3,theta,None,Ensemble (Majority Vote),0.6667,0.6195,0.49,0.5157
F_dasm_3d_8rm,beta,norm2,Ensemble (Majority Vote),0.82,0.652,0.53,0.5157
F_mean_3d_2area,all,norm2,KNN,0.9933,0.6975,0.51,0.5157
F_de_3d_Fp2,all,norm2,Linear SVM,0.5267,0.5097,0.48,0.5157
F_peak_3d_Cz,beta,None,Ensemble (Majority Vote),0.6333,0.6062,0.52,0.5157
F_peak_3d_1area,all,None,Random Forest,0.7467,0.6692,0.49,0.5157
F_mean_3d_1area,beta,norm3,Linear SVM,0.5467,0.5062,0.51,0.5157
F_de_3d_Fp1,all,norm2,KNN,0.9733,0.6968,0.57,0.5157
F_peak_3d_F7,theta,norm2,KNN,0.9933,0.6839,0.55,0.5157
F_de_3d_2area,all,norm2,Ensemble (Majority Vote),0.9067,0.697,0.49,0.5157
F_median_3d_C4,delta,norm2,Random Forest,0.7733,0.5915,0.5,0.5157
F_de_3d,delta,None,XGBoost,0.8867,0.7425,0.53,0.5157
F_peak_3d_C3,gamma,norm3,Ensemble (Majority Vote),0.68,0.6136,0.51,0.5157
F_median_3d_F4,delta,norm2,Random Forest,0.8133,0.5926,0.52,0.5157
F_mean_3d_F4,alpha,None,Random Forest,0.6667,0.5834,0.5,0.5157
F_median_3d_F4,delta,norm3,Random Forest,0.8133,0.5926,0.52,0.5157
F_peak_3d_C3,gamma,norm2,Ensemble (Majority Vote),0.68,0.6136,0.51,0.5157
F_dasm_3d_3area,all,norm3,Ensemble (Majority Vote),0.8133,0.6669,0.52,0.5157
F_de_3d_F7,theta,norm3,Ensemble (Majority Vote),0.72,0.623,0.56,0.5157
F_de_3d_F7,theta,norm2,Ensemble (Majority Vote),0.72,0.623,0.56,0.5157
F_mean_3d_1area,beta,norm2,Linear SVM,0.5467,0.5062,0.51,0.5157
F_de_3d_2area,all,norm2,Random Forest,0.9133,0.6897,0.56,0.5157
F_peak_3d_Fp2,beta,None,KNN,0.9467,0.703,0.57,0.5157
F_median_3d_F8,theta,None,Logistic Regression,0.52,0.5172,0.52,0.5157
F_median_3d_2area,theta,norm3,KNN,0.9667,0.6878,0.51,0.5157
F_peak_3d_F7,all,None,Linear SVM,0.6533,0.6025,0.53,0.5157
F_dasm_3d_3area,gamma,norm2,Random Forest,0.7733,0.5869,0.54,0.5157
F_median_3d_F8,theta,None,Linear SVM,0.5133,0.5177,0.52,0.5157
F_median_3d_Fp2,gamma,None,Ensemble (Majority Vote),0.7267,0.6382,0.5,0.5157
F_dasm_3d_3area,gamma,norm2,Ensemble (Majority Vote),0.82,0.603,0.5,0.5157
F_de_3d_Fp1,gamma,norm3,Ensemble (Majority Vote),0.6267,0.606,0.54,0.5157
F_median_3d_8rm,theta,norm3,Logistic Regression,0.6467,0.5816,0.49,0.5157
F_rasm_3d_8rm,alpha,norm3,Random Forest,0.78,0.68,0.51,0.5157
F_de_3d19,theta,norm3,Random Forest,0.8667,0.6933,0.54,0.5157
F_peak_3d_F7,theta,norm3,KNN,0.9933,0.6839,0.55,0.5157
F_de_3d_F4,delta,norm2,Linear SVM,0.5067,0.497,0.53,0.5157
F_de_3d_F4,delta,norm3,Linear SVM,0.5067,0.497,0.53,0.5157
F_mean_3d_F8,alpha,None,XGBoost,0.6667,0.5678,0.51,0.5157
F_de_3d_Fp1,gamma,norm2,Ensemble (Majority Vote),0.6267,0.606,0.54,0.5157
F_median_3d_F3,theta,norm2,Linear SVM,0.4867,0.5028,0.54,0.5157
F_peak_3d_Cz,theta,norm2,Ensemble (Majority Vote),0.6533,0.6085,0.53,0.5157
F_mean_3d_T7,gamma,None,Ensemble (Majority Vote),0.68,0.6223,0.54,0.5157
F_dasm_3d19,alpha,norm2,Ensemble (Majority Vote),0.8733,0.7234,0.54,0.5157
F_de_3d_3area,beta,None,Linear SVM,0.5733,0.5398,0.52,0.5157
F_peak_3d_3area,theta,norm2,KNN,0.9533,0.6851,0.51,0.5157
F_median_3d_Fz,gamma,norm3,Ensemble (Majority Vote),0.64,0.5982,0.51,0.5157
F_dasm_3d,alpha,norm2,Random Forest,0.92,0.6736,0.53,0.5157
F_de_3d_8rm,delta,norm3,Logistic Regression,0.68,0.6161,0.53,0.5157
F_mean_3d_T7,gamma,None,Linear SVM,0.5,0.5108,0.52,0.5157
F_de_3d_C4,gamma,None,KNN,1.0,0.708,0.47,0.5157
F_mean_3d_T7,gamma,None,Logistic Regression,0.5,0.5097,0.52,0.5157
F_median_3d_T8,delta,norm3,Random Forest,0.7533,0.5979,0.5,0.5157
F_peak_3d_Cz,theta,norm3,Ensemble (Majority Vote),0.6533,0.6085,0.53,0.5157
F_median_3d_1area,beta,norm2,KNN,0.9667,0.6876,0.54,0.5157
F_de_3d_Cz,alpha,None,KNN,0.9467,0.689,0.52,0.5157
F_median_3d_T8,delta,norm2,Random Forest,0.7533,0.5979,0.5,0.5157
F_median_3d_10rm,all,norm3,Logistic Regression,0.8267,0.7094,0.52,0.5157
F_median_3d_1area,beta,norm3,KNN,0.9667,0.6876,0.54,0.5157
F_peak_3d_F3,theta,None,Ensemble (Majority Vote),0.7333,0.6269,0.54,0.5157
F_median_3d_Fz,gamma,norm2,Ensemble (Majority Vote),0.64,0.5982,0.51,0.5157
F_de_3d_2area,gamma,None,Linear SVM,0.5667,0.5462,0.55,0.5157
F_peak_3d_F3,theta,None,Linear SVM,0.5267,0.5372,0.55,0.5157
F_median_3d_3area,gamma,None,Logistic Regression,0.5733,0.5471,0.51,0.5143
F_rasm_3d_3area,all,norm3,Ensemble (Majority Vote),0.84,0.7149,0.55,0.5143
F_peak_3d_Fp2,alpha,norm3,XGBoost,0.62,0.5545,0.47,0.5143
F_mean_3d_F7,all,norm3,Random Forest,0.78,0.6485,0.53,0.5143
F_median_3d19,alpha,norm3,Logistic Regression,0.7333,0.6398,0.54,0.5143
F_peak_3d_Fp2,alpha,norm2,XGBoost,0.62,0.5545,0.47,0.5143
F_peak_3d_F3,theta,norm2,Random Forest,0.8,0.5915,0.53,0.5143
F_median_3d_F4,beta,None,Random Forest,0.6733,0.5926,0.51,0.5143
F_peak_3d_T8,all,None,XGBoost,0.92,0.7202,0.51,0.5143
F_peak_3d_Fp2,delta,norm3,Random Forest,0.7533,0.5906,0.52,0.5143
F_de_3d_10rm,alpha,norm2,Ensemble (Majority Vote),0.92,0.6892,0.53,0.5143
F_dasm_3d_8rm,gamma,norm2,KNN,0.9733,0.6917,0.56,0.5143
F_mean_3d_3area,alpha,norm3,Random Forest,0.78,0.6221,0.54,0.5143
F_de_3d_C3,alpha,None,Linear SVM,0.5067,0.5237,0.51,0.5143
F_median_3d_F3,all,norm2,Linear SVM,0.5267,0.4995,0.53,0.5143
F_de_3d_Fp1,gamma,None,Logistic Regression,0.5667,0.5299,0.52,0.5143
F_median_3d_1area,theta,norm2,Random Forest,0.84,0.5894,0.55,0.5143
F_peak_3d_Fp2,delta,norm2,Random Forest,0.7533,0.5906,0.52,0.5143
F_de_3d_C3,alpha,None,KNN,0.9867,0.7018,0.57,0.5143
F_de_3d_T8,delta,None,KNN,0.9667,0.7,0.52,0.5143
F_de_3d_Fp2,gamma,None,Linear SVM,0.5333,0.5315,0.51,0.5143
F_dasm_3d19,gamma,norm2,Random Forest,0.8867,0.6901,0.55,0.5143
F_peak_3d_F3,theta,norm3,Random Forest,0.8,0.5915,0.53,0.5143
F_median_3d_T7,gamma,norm2,KNN,0.98,0.6908,0.51,0.5143
F_peak_3d_1area,beta,None,XGBoost,0.6267,0.5897,0.5,0.5143
F_dasm_3d_10rm,alpha,norm3,KNN,0.98,0.7386,0.51,0.5143
F_peak_3d_T7,beta,None,XGBoost,0.6533,0.5883,0.53,0.5143
F_median_3d_T7,gamma,norm3,KNN,0.98,0.6908,0.51,0.5143
F_de_3d_T7,all,norm2,Random Forest,0.92,0.6708,0.56,0.5143
F_de_3d_F8,alpha,norm2,XGBoost,0.5267,0.5579,0.52,0.5143
F_peak_3d_Fz,delta,norm2,XGBoost,0.62,0.552,0.5,0.5143
F_mean_3d_C4,delta,norm3,XGBoost,0.5533,0.5575,0.51,0.5143
F_peak_3d_1area,delta,norm3,KNN,0.9867,0.6933,0.53,0.5143
F_peak_3d_Fz,delta,norm3,XGBoost,0.62,0.552,0.5,0.5143
F_median_3d_1area,theta,norm3,Random Forest,0.84,0.5894,0.55,0.5143
F_mean_3d_Fz,theta,None,KNN,1.0,0.7051,0.52,0.5143
F_de_3d_T7,theta,norm2,XGBoost,0.5667,0.5375,0.51,0.5143
F_peak_3d_1area,delta,norm2,KNN,0.9867,0.6933,0.53,0.5143
F_peak_3d_Fp2,gamma,None,Logistic Regression,0.5267,0.5322,0.53,0.5143
F_de_3d_C3,delta,norm2,Ensemble (Majority Vote),0.8,0.611,0.49,0.5143
F_peak_3d_F3,theta,None,Random Forest,0.6533,0.5874,0.53,0.5143
F_de_3d_T7,theta,norm3,XGBoost,0.5667,0.5375,0.51,0.5143
F_mean_3d_Fz,all,norm2,Random Forest,0.94,0.6749,0.56,0.5143
F_de_3d_C3,delta,norm3,Ensemble (Majority Vote),0.8,0.611,0.49,0.5143
F_peak_3d_8rm,all,None,Linear SVM,0.8067,0.7113,0.54,0.5143
F_peak_3d19,gamma,norm2,Linear SVM,0.5467,0.5074,0.55,0.5143
F_de_3d_F3,alpha,None,Ensemble (Majority Vote),0.6867,0.6294,0.51,0.5143
F_mean_3d_C4,delta,norm2,XGBoost,0.5533,0.5575,0.51,0.5143
F_de_3d_F8,alpha,norm3,XGBoost,0.5267,0.5579,0.52,0.5143
F_de_3d_Fp2,gamma,norm2,KNN,0.96,0.6846,0.52,0.5143
F_rasm_3d_3area,theta,norm3,XGBoost,0.72,0.6138,0.53,0.5143
F_median_3d_3area,alpha,norm3,Logistic Regression,0.6133,0.5469,0.51,0.5143
F_median_3d_3area,beta,None,Linear SVM,0.5867,0.5437,0.52,0.5143
F_mean_3d_C3,alpha,norm2,XGBoost,0.5733,0.5524,0.51,0.5143
F_de_3d_F7,delta,norm3,XGBoost,0.5467,0.5497,0.53,0.5143
F_de_3d_Fp2,gamma,norm3,KNN,0.96,0.6846,0.52,0.5143
F_mean_3d_T8,beta,norm2,Ensemble (Majority Vote),0.8,0.6044,0.57,0.5143
F_mean_3d_T8,beta,norm2,XGBoost,0.62,0.5566,0.53,0.5143
F_median_3d_Fp2,delta,None,KNN,0.98,0.6993,0.57,0.5143
F_mean_3d_T8,beta,norm3,Ensemble (Majority Vote),0.8,0.6044,0.57,0.5143
F_mean_3d_Fz,gamma,norm3,Ensemble (Majority Vote),0.7267,0.6136,0.52,0.5143
F_mean_3d_C3,alpha,norm3,XGBoost,0.5733,0.5524,0.51,0.5143
F_peak_3d_Fp2,beta,norm2,Linear SVM,0.4933,0.5023,0.52,0.5143
F_peak_3d_T7,beta,norm3,XGBoost,0.72,0.5632,0.55,0.5143
F_dasm_3d_8rm,all,norm3,KNN,0.9867,0.8499,0.49,0.5143
F_mean_3d_T8,beta,norm3,XGBoost,0.62,0.5566,0.53,0.5143
F_de_3d_F4,alpha,norm3,Ensemble (Majority Vote),0.7733,0.6037,0.52,0.5143
F_peak_3d_3area,beta,norm3,XGBoost,0.7133,0.6166,0.51,0.5143
F_de_3d_F4,alpha,norm2,Ensemble (Majority Vote),0.7733,0.6037,0.52,0.5143
F_peak_3d,beta,norm2,XGBoost,0.7733,0.6584,0.52,0.5143
F_rasm_3d_8rm,gamma,None,Logistic Regression,0.54,0.5149,0.51,0.5143
F_peak_3d_F4,beta,None,KNN,0.9533,0.7009,0.55,0.5143
F_de_3d_F8,beta,norm2,Linear SVM,0.5133,0.5016,0.54,0.5143
F_de_3d_2area,theta,norm2,Linear SVM,0.5067,0.5028,0.52,0.5143
F_peak_3d_F7,theta,norm2,Linear SVM,0.5,0.4984,0.5,0.5143
F_peak_3d_T8,alpha,None,XGBoost,0.6333,0.5853,0.49,0.5143
F_rasm_3d_3area,beta,None,Logistic Regression,0.5067,0.4917,0.54,0.5143
F_median_3d_8rm,delta,norm2,Random Forest,0.9133,0.6662,0.51,0.5143
F_peak_3d_10rm,delta,norm3,Linear SVM,0.6867,0.6228,0.5,0.5143
F_de_3d_F8,beta,norm3,Linear SVM,0.5133,0.5016,0.54,0.5143
F_mean_3d_10rm,gamma,norm2,XGBoost,0.8067,0.6474,0.45,0.5143
F_de_3d_F7,beta,norm2,Ensemble (Majority Vote),0.8067,0.6152,0.53,0.5143
F_mean_3d_F3,delta,None,Ensemble (Majority Vote),0.76,0.6271,0.49,0.5143
F_peak_3d_10rm,gamma,None,Random Forest,0.78,0.669,0.54,0.5143
F_mean_3d_F4,alpha,norm2,XGBoost,0.5667,0.5423,0.53,0.5143
F_de_3d_F7,beta,norm3,Ensemble (Majority Vote),0.8067,0.6152,0.53,0.5143
F_mean_3d_F4,alpha,norm3,XGBoost,0.5667,0.5423,0.53,0.5143
F_peak_3d_F7,gamma,None,XGBoost,0.66,0.6078,0.53,0.5143
F_de_3d_3area,theta,norm2,Random Forest,0.8267,0.612,0.56,0.5143
F_de_3d_F7,delta,norm2,XGBoost,0.5467,0.5497,0.53,0.5143
F_peak_3d_F4,all,norm3,XGBoost,0.8267,0.6713,0.52,0.5143
F_peak_3d_10rm,delta,None,Linear SVM,0.64,0.6113,0.5,0.5143
F_median_3d_8rm,theta,norm2,Random Forest,0.8733,0.6513,0.51,0.5143
F_peak_3d_8rm,gamma,norm2,Random Forest,0.9,0.6589,0.52,0.5143
F_median_3d_1area,beta,None,Ensemble (Majority Vote),0.7267,0.617,0.55,0.5143
F_peak_3d_Fp2,beta,norm3,Linear SVM,0.4933,0.5023,0.52,0.5143
F_rasm_3d_8rm,gamma,norm3,Random Forest,0.8,0.689,0.49,0.5143
F_mean_3d_F8,alpha,norm3,Linear SVM,0.4933,0.5032,0.49,0.5143
F_mean_3d_F8,alpha,norm2,Linear SVM,0.4933,0.5032,0.49,0.5143
F_dasm_3d_10rm,delta,norm3,KNN,0.9733,0.7605,0.48,0.5143
F_peak_3d_10rm,beta,norm2,Linear SVM,0.4733,0.4998,0.52,0.5143
F_dasm_3d_3area,gamma,norm3,KNN,0.96,0.694,0.57,0.5143
F_dasm_3d_3area,gamma,norm2,KNN,0.96,0.694,0.57,0.5143
F_peak_3d_8rm,all,norm2,Random Forest,0.9733,0.7595,0.51,0.5143
F_peak_3d_2area,beta,None,Random Forest,0.6867,0.6143,0.49,0.5143
F_peak_3d,alpha,norm2,XGBoost,0.8333,0.6763,0.56,0.5143
F_dasm_3d_8rm,alpha,norm3,Random Forest,0.7133,0.6317,0.48,0.5143
F_de_3d_3area,all,None,KNN,0.9867,0.8234,0.51,0.5143
F_median_3d_F3,delta,None,Ensemble (Majority Vote),0.76,0.611,0.5,0.5143
F_peak_3d_F7,theta,norm3,Linear SVM,0.5,0.4984,0.5,0.5143
F_de_3d_Fp1,alpha,norm3,XGBoost,0.6133,0.5338,0.54,0.5143
F_de_3d_Fp1,alpha,norm2,XGBoost,0.6133,0.5338,0.54,0.5143
F_mean_3d_T7,all,norm2,Linear SVM,0.5267,0.5021,0.57,0.5143
F_peak_3d_T8,gamma,None,XGBoost,0.62,0.58,0.52,0.5143
F_de_3d_Cz,alpha,norm2,XGBoost,0.58,0.5499,0.49,0.5143
F_peak_3d_3area,alpha,norm3,XGBoost,0.76,0.6241,0.54,0.5143
F_median_3d,all,norm3,Linear SVM,0.88,0.7421,0.46,0.5143
F_mean_3d,all,norm2,Random Forest,0.96,0.768,0.49,0.5143
F_rasm_3d,alpha,None,XGBoost,0.8867,0.6786,0.54,0.5143
F_dasm_3d,delta,norm3,Logistic Regression,0.6267,0.592,0.5,0.5143
F_rasm_3d_3area,theta,norm2,XGBoost,0.72,0.6138,0.53,0.5143
F_de_3d_C3,alpha,norm2,Linear SVM,0.5267,0.509,0.53,0.5143
F_mean_3d_2area,gamma,None,Logistic Regression,0.5533,0.54,0.52,0.5143
F_dasm_3d19,gamma,norm3,XGBoost,0.9533,0.8067,0.55,0.5143
F_de_3d_T8,alpha,norm3,KNN,0.9867,0.6867,0.56,0.5143
F_mean_3d_8rm,alpha,norm3,KNN,0.98,0.7421,0.53,0.5143
F_median_3d_T7,theta,None,KNN,0.9867,0.6913,0.52,0.5143
F_mean_3d_2area,delta,norm3,Logistic Regression,0.62,0.5368,0.49,0.5143
F_rasm_3d19,all,None,Linear SVM,0.5933,0.5457,0.5,0.5143
F_rasm_3d,all,norm3,KNN,0.9467,0.7467,0.52,0.5143
F_peak_3d_F4,beta,norm2,Random Forest,0.7867,0.5839,0.55,0.5143
F_dasm_3d_8rm,delta,norm3,Linear SVM,0.6267,0.6005,0.48,0.5143
F_peak_3d_2area,theta,norm2,XGBoost,0.7067,0.5841,0.53,0.5143
F_de_3d_T8,alpha,norm2,KNN,0.9867,0.6867,0.56,0.5143
F_peak_3d_F4,beta,norm3,Random Forest,0.7867,0.5839,0.55,0.5143
F_peak_3d_Fz,gamma,norm2,XGBoost,0.56,0.5329,0.54,0.5143
F_median_3d_10rm,beta,None,Random Forest,0.6867,0.6494,0.51,0.5143
F_mean_3d_2area,beta,norm3,Random Forest,0.7867,0.6136,0.51,0.5143
F_dasm_3d19,beta,None,Logistic Regression,0.6333,0.5924,0.52,0.5143
F_mean_3d_3area,delta,norm3,XGBoost,0.72,0.6034,0.52,0.5143
F_de_3d_C3,alpha,norm3,Linear SVM,0.5267,0.509,0.53,0.5143
F_de_3d19,theta,norm2,Linear SVM,0.5067,0.4977,0.52,0.5143
F_median_3d19,alpha,norm3,KNN,0.9933,0.7782,0.59,0.5143
F_dasm_3d19,delta,norm3,Linear SVM,0.64,0.6115,0.52,0.5143
F_mean_3d_Fz,gamma,norm2,Ensemble (Majority Vote),0.7267,0.6136,0.52,0.5143
F_de_3d_F3,alpha,norm3,Linear SVM,0.5,0.4977,0.54,0.5143
F_de_3d_Cz,alpha,norm3,XGBoost,0.58,0.5499,0.49,0.5143
F_peak_3d_T7,beta,norm2,XGBoost,0.72,0.5632,0.55,0.5143
F_median_3d19,alpha,norm3,XGBoost,0.88,0.7637,0.55,0.5143
F_peak_3d_3area,all,None,XGBoost,0.9733,0.8205,0.5,0.5143
F_de_3d_T8,delta,norm3,Random Forest,0.78,0.5869,0.53,0.5143
F_de_3d_2area,beta,norm3,Linear SVM,0.5267,0.5244,0.5,0.5143
F_mean_3d19,alpha,None,Linear SVM,0.7067,0.6377,0.52,0.5143
F_median_3d_2area,delta,None,Ensemble (Majority Vote),0.7067,0.6333,0.51,0.5143
F_de_3d_T8,delta,norm3,KNN,0.9667,0.6752,0.5,0.5143
F_peak_3d_Fz,gamma,norm3,XGBoost,0.56,0.5329,0.54,0.5143
F_de_3d_10rm,delta,None,XGBoost,0.9067,0.7389,0.45,0.5143
F_de_3d_F3,alpha,norm2,Linear SVM,0.5,0.4977,0.54,0.5143
F_de_3d_T8,delta,norm2,Random Forest,0.78,0.5869,0.53,0.5143
F_rasm_3d_8rm,delta,None,Ensemble (Majority Vote),0.84,0.6648,0.55,0.5143
F_de_3d_T8,delta,norm2,KNN,0.9667,0.6752,0.5,0.5143
F_de_3d_T7,all,norm2,XGBoost,0.9067,0.6453,0.54,0.5143
F_median_3d_1area,gamma,None,Linear SVM,0.5667,0.5375,0.51,0.5129
F_median_3d_3area,theta,None,KNN,0.9533,0.72,0.5,0.5129
F_mean_3d_F8,alpha,norm3,Random Forest,0.7133,0.5789,0.55,0.5129
F_peak_3d_Fp1,gamma,norm3,KNN,0.98,0.6816,0.56,0.5129
F_mean_3d_Cz,all,norm3,Linear SVM,0.6133,0.5844,0.5,0.5129
F_median_3d_1area,gamma,None,Logistic Regression,0.5667,0.5375,0.51,0.5129
F_mean_3d_F8,alpha,norm2,Random Forest,0.7133,0.5789,0.55,0.5129
F_peak_3d,alpha,norm2,Random Forest,0.84,0.6674,0.53,0.5129
F_peak_3d_Fp1,gamma,norm2,KNN,0.98,0.6816,0.56,0.5129
F_mean_3d_Cz,all,norm3,Logistic Regression,0.6133,0.5805,0.49,0.5129
F_median_3d_8rm,theta,norm2,Ensemble (Majority Vote),0.8467,0.6782,0.52,0.5129
F_dasm_3d_8rm,theta,norm2,Random Forest,0.8933,0.6441,0.57,0.5129
F_rasm_3d_10rm,theta,None,Ensemble (Majority Vote),0.8867,0.6736,0.53,0.5129
F_median_3d_F4,all,norm2,XGBoost,0.9133,0.6469,0.52,0.5129
F_peak_3d_T8,beta,norm2,KNN,0.9667,0.6766,0.59,0.5129
F_de_3d_Cz,beta,None,XGBoost,0.6067,0.5743,0.5,0.5129
F_mean_3d_1area,theta,norm2,KNN,0.98,0.6862,0.56,0.5129
F_peak_3d_Fz,all,norm3,Linear SVM,0.6467,0.5789,0.49,0.5129
F_peak_3d_Fz,beta,norm3,KNN,0.9867,0.694,0.51,0.5129
F_mean_3d_1area,theta,norm3,KNN,0.98,0.6862,0.56,0.5129
F_median_3d_10rm,all,norm2,Random Forest,0.9667,0.7667,0.44,0.5129
F_peak_3d_T8,beta,norm3,KNN,0.9667,0.6766,0.59,0.5129
F_peak_3d_Fz,beta,norm2,KNN,0.9867,0.694,0.51,0.5129
F_de_3d_F7,gamma,norm2,Random Forest,0.72,0.5846,0.49,0.5129
F_mean_3d_C3,alpha,None,Logistic Regression,0.5267,0.5182,0.51,0.5129
F_dasm_3d_8rm,alpha,norm2,Linear SVM,0.5267,0.5076,0.55,0.5129
F_de_3d_F7,gamma,norm3,Random Forest,0.72,0.5846,0.49,0.5129
F_median_3d,alpha,norm3,KNN,0.9867,0.7595,0.52,0.5129
F_mean_3d_Fp2,all,None,Linear SVM,0.6533,0.5775,0.53,0.5129
F_dasm_3d_3area,delta,norm2,Ensemble (Majority Vote),0.7667,0.62,0.51,0.5129
F_median_3d,theta,None,Logistic Regression,0.6733,0.591,0.51,0.5129
F_mean_3d_F4,delta,norm2,XGBoost,0.5933,0.5391,0.54,0.5129
F_mean_3d19,theta,None,Linear SVM,0.72,0.6202,0.47,0.5129
F_peak_3d_10rm,delta,None,Ensemble (Majority Vote),0.8333,0.7198,0.52,0.5129
F_median_3d_Fp1,gamma,norm2,Ensemble (Majority Vote),0.68,0.6069,0.58,0.5129
F_median_3d_Fp1,gamma,norm3,Ensemble (Majority Vote),0.68,0.6069,0.58,0.5129
F_mean_3d_F4,delta,norm3,XGBoost,0.5933,0.5391,0.54,0.5129
F_mean_3d_T7,gamma,norm2,Linear SVM,0.4867,0.4977,0.53,0.5129
F_rasm_3d_3area,theta,None,XGBoost,0.6467,0.5713,0.48,0.5129
F_rasm_3d,delta,norm3,Logistic Regression,0.5867,0.5317,0.53,0.5129
F_rasm_3d_3area,alpha,None,Linear SVM,0.4867,0.4972,0.51,0.5129
F_dasm_3d_3area,alpha,None,Ensemble (Majority Vote),0.6933,0.6207,0.51,0.5129
F_median_3d_8rm,beta,norm2,Linear SVM,0.4933,0.5032,0.56,0.5129
F_de_3d_1area,delta,norm2,Linear SVM,0.5,0.5,0.53,0.5129
F_median_3d_F4,theta,None,Logistic Regression,0.4733,0.5046,0.52,0.5129
F_median_3d_10rm,alpha,None,Ensemble (Majority Vote),0.8067,0.6991,0.48,0.5129
F_peak_3d19,gamma,norm2,KNN,0.92,0.6966,0.53,0.5129
F_dasm_3d_3area,delta,norm2,Linear SVM,0.5133,0.4995,0.57,0.5129
F_peak_3d_Fp2,all,norm2,Random Forest,0.9133,0.6579,0.51,0.5129
F_de_3d_1area,delta,norm3,Linear SVM,0.5,0.5,0.53,0.5129
F_de_3d_F8,alpha,norm3,Random Forest,0.7733,0.5929,0.57,0.5129
F_mean_3d19,alpha,norm2,Linear SVM,0.5267,0.5021,0.48,0.5129
F_rasm_3d19,alpha,None,Linear SVM,0.5467,0.5234,0.49,0.5129
F_median_3d19,alpha,None,Linear SVM,0.7067,0.6386,0.54,0.5129
F_de_3d_F8,alpha,norm2,Random Forest,0.7733,0.5929,0.57,0.5129
F_peak_3d,all,norm2,Random Forest,0.9667,0.7628,0.5,0.5129
F_rasm_3d_3area,all,None,Logistic Regression,0.5467,0.5294,0.49,0.5129
F_peak_3d_C4,gamma,None,Random Forest,0.6733,0.6016,0.55,0.5129
F_de_3d_3area,gamma,norm2,Linear SVM,0.4467,0.4924,0.52,0.5129
F_de_3d_Fz,gamma,norm3,Ensemble (Majority Vote),0.58,0.5897,0.49,0.5129
F_dasm_3d_3area,delta,norm3,Ensemble (Majority Vote),0.7667,0.62,0.51,0.5129
F_mean_3d_C3,gamma,norm3,Linear SVM,0.5133,0.5002,0.54,0.5129
F_peak_3d_Fz,all,norm2,XGBoost,0.9067,0.6462,0.55,0.5129
F_de_3d_10rm,theta,norm2,XGBoost,0.8133,0.6545,0.56,0.5129
F_de_3d_T7,delta,norm3,XGBoost,0.5867,0.5354,0.52,0.5129
F_mean_3d_8rm,alpha,norm2,Random Forest,0.84,0.6575,0.5,0.5129
F_mean_3d_C4,alpha,norm3,Random Forest,0.78,0.5874,0.51,0.5129
F_mean_3d_C4,alpha,norm2,Random Forest,0.78,0.5874,0.51,0.5129
F_de_3d_Fp2,theta,norm2,XGBoost,0.6,0.5478,0.51,0.5129
F_de_3d_T7,delta,norm2,XGBoost,0.5867,0.5354,0.52,0.5129
F_median_3d_F7,theta,norm2,KNN,0.9867,0.6853,0.52,0.5129
F_de_3d_Fp2,theta,norm3,XGBoost,0.6,0.5478,0.51,0.5129
F_peak_3d_2area,all,norm2,Ensemble (Majority Vote),0.9067,0.708,0.5,0.5129
F_peak_3d_8rm,all,None,Random Forest,0.84,0.7499,0.52,0.5129
F_median_3d_F7,theta,norm3,KNN,0.9867,0.6853,0.52,0.5129
F_peak_3d,delta,norm3,Random Forest,0.8133,0.6926,0.54,0.5129
F_median_3d_F4,beta,norm3,Ensemble (Majority Vote),0.6133,0.6039,0.52,0.5129
F_peak_3d_C3,all,None,KNN,0.9733,0.7646,0.52,0.5129
F_mean_3d_C3,gamma,norm2,Linear SVM,0.5133,0.5002,0.54,0.5129
F_peak_3d_F8,gamma,None,XGBoost,0.6333,0.5802,0.55,0.5129
F_mean_3d_1area,alpha,None,Ensemble (Majority Vote),0.7333,0.6253,0.51,0.5129
F_de_3d_3area,beta,None,Logistic Regression,0.58,0.5405,0.5,0.5129
F_peak_3d_F8,theta,norm3,Random Forest,0.7867,0.5929,0.54,0.5129
F_median_3d_10rm,theta,norm3,Random Forest,0.84,0.6754,0.5,0.5129
F_mean_3d_C3,delta,norm3,Ensemble (Majority Vote),0.6933,0.6122,0.52,0.5129
F_mean_3d_C3,delta,norm2,Ensemble (Majority Vote),0.6933,0.6122,0.52,0.5129
F_peak_3d_F8,gamma,norm2,XGBoost,0.5,0.5253,0.52,0.5129
F_mean_3d_C3,all,norm2,Ensemble (Majority Vote),0.82,0.6738,0.52,0.5129
F_peak_3d_F8,gamma,norm3,XGBoost,0.5,0.5253,0.52,0.5129
F_mean_3d_C3,all,norm2,Linear SVM,0.5667,0.5101,0.58,0.5129
F_peak_3d_F8,theta,norm2,Random Forest,0.7867,0.5929,0.54,0.5129
F_median_3d_F4,beta,norm2,Ensemble (Majority Vote),0.6133,0.6039,0.52,0.5129
F_de_3d_T7,gamma,norm2,Ensemble (Majority Vote),0.68,0.5906,0.49,0.5129
F_median_3d_C3,gamma,norm3,XGBoost,0.68,0.5593,0.5,0.5129
F_peak_3d_F3,delta,None,XGBoost,0.6533,0.5844,0.51,0.5129
F_mean_3d_3area,gamma,norm2,Ensemble (Majority Vote),0.74,0.6366,0.53,0.5129
F_peak_3d_T7,theta,norm3,XGBoost,0.66,0.5526,0.53,0.5129
F_mean_3d_T7,gamma,norm3,Linear SVM,0.4867,0.4977,0.53,0.5129
F_dasm_3d_3area,delta,norm3,Linear SVM,0.5133,0.4995,0.57,0.5129
F_peak_3d_T7,theta,norm2,XGBoost,0.66,0.5526,0.53,0.5129
F_median_3d_1area,beta,None,XGBoost,0.6533,0.5908,0.53,0.5129
F_peak_3d_8rm,gamma,None,KNN,0.9867,0.7876,0.52,0.5129
F_de_3d_Fp1,gamma,norm2,Linear SVM,0.5067,0.5009,0.53,0.5129
F_mean_3d_Cz,delta,norm3,Ensemble (Majority Vote),0.7067,0.6067,0.56,0.5129
F_de_3d_Fp1,gamma,norm3,Linear SVM,0.5067,0.5009,0.53,0.5129
F_de_3d_Fz,gamma,norm2,Ensemble (Majority Vote),0.58,0.5897,0.49,0.5129
F_mean_3d_Cz,delta,norm2,Ensemble (Majority Vote),0.7067,0.6067,0.56,0.5129
F_de_3d_Fp2,all,None,Ensemble (Majority Vote),0.8067,0.6876,0.5,0.5129
F_rasm_3d_10rm,delta,None,Logistic Regression,0.5,0.4979,0.57,0.5129
F_peak_3d_8rm,gamma,None,Random Forest,0.7533,0.6602,0.51,0.5129
F_de_3d_Fp2,alpha,None,XGBoost,0.66,0.58,0.51,0.5129
F_mean_3d_C4,delta,norm2,Random Forest,0.7933,0.5977,0.5,0.5129
F_de_3d_T8,alpha,norm3,Ensemble (Majority Vote),0.5667,0.5903,0.51,0.5129
F_rasm_3d_3area,delta,None,KNN,0.9733,0.6864,0.52,0.5129
F_mean_3d_Cz,all,norm2,Linear SVM,0.52,0.5016,0.55,0.5129
F_de_3d_T8,alpha,norm2,Ensemble (Majority Vote),0.5667,0.5903,0.51,0.5129
F_de_3d_10rm,theta,norm3,Random Forest,0.82,0.6708,0.54,0.5129
F_peak_3d_C3,all,norm3,KNN,0.98,0.7474,0.43,0.5129
F_peak_3d,gamma,None,Random Forest,0.7933,0.6738,0.55,0.5129
F_peak_3d_2area,all,norm2,KNN,0.98,0.7055,0.52,0.5129
F_median_3d,alpha,norm3,Random Forest,0.82,0.6708,0.51,0.5129
F_median_3d_C3,gamma,norm2,XGBoost,0.68,0.5593,0.5,0.5129
F_dasm_3d,delta,None,KNN,0.9733,0.7841,0.49,0.5129
F_mean_3d_C4,delta,norm3,Random Forest,0.7933,0.5977,0.5,0.5129
F_mean_3d_8rm,all,norm2,Random Forest,0.9733,0.7618,0.54,0.5129
F_de_3d_T7,gamma,norm3,Ensemble (Majority Vote),0.68,0.5906,0.49,0.5129
F_de_3d_F7,gamma,None,KNN,0.9667,0.7078,0.51,0.5129
F_peak_3d_F3,alpha,None,XGBoost,0.5867,0.58,0.5,0.5129
F_mean_3d_Fz,gamma,norm2,XGBoost,0.5267,0.5271,0.51,0.5129
F_mean_3d_F7,theta,norm3,Ensemble (Majority Vote),0.74,0.5949,0.52,0.5129
F_de_3d_Cz,gamma,None,KNN,0.96,0.7011,0.5,0.5129
F_mean_3d_10rm,delta,norm2,XGBoost,0.8667,0.6798,0.47,0.5129
F_median_3d_Fz,all,None,KNN,0.9933,0.7446,0.49,0.5129
F_peak_3d_F7,alpha,None,Logistic Regression,0.52,0.5189,0.54,0.5129
F_median_3d_Fz,gamma,None,Ensemble (Majority Vote),0.6933,0.6177,0.56,0.5129
F_de_3d_2area,delta,norm2,Ensemble (Majority Vote),0.5933,0.5989,0.5,0.5129
F_median_3d_3area,theta,norm3,Logistic Regression,0.58,0.5464,0.52,0.5129
F_median_3d_Fp2,all,norm2,XGBoost,0.9,0.6552,0.48,0.5129
F_mean_3d_Fz,gamma,norm3,XGBoost,0.5267,0.5271,0.51,0.5129
F_de_3d_F3,all,norm3,KNN,0.9667,0.7386,0.5,0.5129
F_median_3d_Fz,beta,norm2,Linear SVM,0.52,0.5048,0.53,0.5129
F_median_3d_3area,theta,norm3,Linear SVM,0.5867,0.5444,0.5,0.5129
F_median_3d_Fz,beta,norm3,Ensemble (Majority Vote),0.76,0.6048,0.6,0.5129
F_rasm_3d_8rm,gamma,norm2,Linear SVM,0.4667,0.4931,0.54,0.5129
F_dasm_3d19,alpha,norm2,XGBoost,0.98,0.7195,0.5,0.5129
F_mean_3d_F7,theta,norm2,Ensemble (Majority Vote),0.74,0.5949,0.52,0.5129
F_median_3d19,gamma,norm2,Linear SVM,0.4867,0.4979,0.54,0.5129
F_median_3d_Fz,beta,norm2,Ensemble (Majority Vote),0.76,0.6048,0.6,0.5129
F_peak_3d_1area,alpha,norm2,Random Forest,0.74,0.5857,0.54,0.5129
F_dasm_3d19,all,norm3,Logistic Regression,0.88,0.7354,0.51,0.5129
F_de_3d_2area,beta,norm3,Logistic Regression,0.5333,0.5269,0.5,0.5129
F_peak_3d_1area,delta,None,XGBoost,0.6067,0.5825,0.52,0.5129
F_mean_3d_10rm,alpha,norm2,Random Forest,0.8467,0.6731,0.54,0.5129
F_de_3d_F7,alpha,None,Logistic Regression,0.5333,0.5129,0.52,0.5129
F_de_3d_F7,alpha,None,Linear SVM,0.5267,0.5129,0.52,0.5129
F_peak_3d_3area,gamma,norm2,Linear SVM,0.4933,0.4938,0.53,0.5129
F_median_3d_Fz,beta,norm3,Linear SVM,0.52,0.5048,0.53,0.5129
F_de_3d_2area,all,None,Linear SVM,0.6867,0.6149,0.54,0.5129
F_rasm_3d,delta,None,Random Forest,0.8,0.671,0.48,0.5129
F_mean_3d_10rm,alpha,norm3,Logistic Regression,0.62,0.5828,0.48,0.5129
F_median_3d_8rm,all,norm3,XGBoost,0.9933,0.8784,0.54,0.5129
F_mean_3d_Fz,all,norm2,Linear SVM,0.5133,0.4998,0.55,0.5129
F_peak_3d_1area,alpha,norm3,Random Forest,0.74,0.5857,0.54,0.5129
F_median_3d_F4,all,norm2,Linear SVM,0.52,0.506,0.48,0.5129
F_peak_3d_8rm,beta,None,Random Forest,0.7067,0.6591,0.52,0.5129
F_peak_3d19,alpha,None,Ensemble (Majority Vote),0.8733,0.7738,0.54,0.5129
F_mean_3d_F8,all,norm3,Random Forest,0.8667,0.6575,0.52,0.5129
F_median_3d_Fz,theta,norm2,KNN,0.9667,0.6841,0.58,0.5114
F_peak_3d19,beta,norm2,Random Forest,0.88,0.6738,0.51,0.5114
F_mean_3d_3area,alpha,norm3,Logistic Regression,0.5933,0.5453,0.54,0.5114
F_median_3d_F8,theta,norm2,KNN,0.9733,0.6892,0.51,0.5114
F_rasm_3d_3area,all,norm2,XGBoost,0.9467,0.7724,0.51,0.5114
F_median_3d_Fz,theta,norm3,KNN,0.9667,0.6841,0.58,0.5114
F_rasm_3d19,theta,None,Ensemble (Majority Vote),0.9067,0.7023,0.52,0.5114
F_median_3d_3area,alpha,None,Linear SVM,0.56,0.5317,0.51,0.5114
F_mean_3d_Fz,gamma,norm3,Random Forest,0.8067,0.5945,0.52,0.5114
F_de_3d_F3,delta,None,Logistic Regression,0.5467,0.5136,0.48,0.5114
F_mean_3d_F3,gamma,norm2,Random Forest,0.8067,0.5966,0.5,0.5114
F_de_3d_10rm,alpha,norm2,XGBoost,0.7467,0.6641,0.51,0.5114
F_median_3d_F4,delta,norm2,Ensemble (Majority Vote),0.7667,0.6166,0.54,0.5114
F_mean_3d_F3,gamma,norm3,Random Forest,0.8067,0.5966,0.5,0.5114
F_median_3d_F3,alpha,norm2,KNN,0.96,0.6846,0.53,0.5114
F_median_3d_F3,alpha,norm3,KNN,0.96,0.6846,0.53,0.5114
F_median_3d_F8,theta,norm3,KNN,0.9733,0.6892,0.51,0.5114
F_peak_3d_Fp1,alpha,norm3,Random Forest,0.7467,0.5857,0.51,0.5114
F_de_3d_3area,delta,None,Ensemble (Majority Vote),0.7867,0.6503,0.55,0.5114
F_mean_3d_F4,theta,norm2,Ensemble (Majority Vote),0.7067,0.6172,0.5,0.5114
F_rasm_3d_3area,theta,norm3,Random Forest,0.72,0.6113,0.52,0.5114
F_median_3d_8rm,beta,norm3,Ensemble (Majority Vote),0.8467,0.6821,0.49,0.5114
F_median_3d_2area,beta,norm3,KNN,0.94,0.6811,0.61,0.5114
F_median_3d19,alpha,norm2,Random Forest,0.88,0.6818,0.56,0.5114
F_median_3d_F8,alpha,norm3,Ensemble (Majority Vote),0.8867,0.6228,0.56,0.5114
F_mean_3d_Fz,gamma,norm2,Random Forest,0.8067,0.5945,0.52,0.5114
F_dasm_3d19,gamma,norm3,Random Forest,0.8333,0.7294,0.53,0.5114
F_rasm_3d_8rm,alpha,norm2,XGBoost,0.82,0.6871,0.55,0.5114
F_mean_3d_F4,theta,norm3,Ensemble (Majority Vote),0.7067,0.6172,0.5,0.5114
F_median_3d_F3,beta,None,KNN,0.96,0.7014,0.54,0.5114
F_median_3d_Fp1,gamma,None,Ensemble (Majority Vote),0.7733,0.6444,0.52,0.5114
F_median_3d_T8,all,norm3,Linear SVM,0.58,0.5669,0.52,0.5114
F_median_3d_F8,alpha,norm2,Ensemble (Majority Vote),0.8867,0.6228,0.56,0.5114
F_peak_3d_Fp1,alpha,norm2,Random Forest,0.7467,0.5857,0.51,0.5114
F_rasm_3d_8rm,delta,norm2,KNN,0.9533,0.729,0.53,0.5114
F_median_3d_F4,delta,norm3,Ensemble (Majority Vote),0.7667,0.6166,0.54,0.5114
F_rasm_3d_3area,theta,norm2,Random Forest,0.72,0.6113,0.52,0.5114
F_de_3d_3area,all,norm2,KNN,0.98,0.7092,0.55,0.5114
F_rasm_3d,theta,None,Logistic Regression,0.5133,0.4906,0.51,0.5114
F_de_3d_Fp2,alpha,norm3,XGBoost,0.5667,0.5329,0.5,0.5114
F_dasm_3d_3area,beta,norm2,Linear SVM,0.5067,0.4982,0.54,0.5114
F_de_3d_Fp2,all,norm3,KNN,0.9733,0.7361,0.51,0.5114
F_dasm_3d_3area,delta,None,Random Forest,0.66,0.5989,0.53,0.5114
F_de_3d_T8,beta,None,Linear SVM,0.52,0.5145,0.51,0.5114
F_de_3d_C4,beta,norm2,Linear SVM,0.5133,0.506,0.52,0.5114
F_rasm_3d_8rm,gamma,norm3,Linear SVM,0.5067,0.514,0.48,0.5114
F_peak_3d_F7,all,norm3,Linear SVM,0.6533,0.6048,0.51,0.5114
F_median_3d_Fz,theta,norm2,Random Forest,0.8267,0.5949,0.52,0.5114
F_de_3d_F7,all,norm2,XGBoost,0.9333,0.6508,0.53,0.5114
F_peak_3d_Fz,all,None,Linear SVM,0.6467,0.5825,0.49,0.5114
F_peak_3d_3area,beta,norm2,Random Forest,0.88,0.614,0.51,0.5114
F_mean_3d19,beta,norm2,Ensemble (Majority Vote),0.86,0.7191,0.56,0.5114
F_mean_3d_Fz,delta,norm3,Linear SVM,0.5,0.5037,0.53,0.5114
F_de_3d_1area,beta,None,Random Forest,0.68,0.6007,0.5,0.5114
F_mean_3d_F3,alpha,norm3,Ensemble (Majority Vote),0.6733,0.6016,0.54,0.5114
F_dasm_3d_3area,beta,norm3,Linear SVM,0.5067,0.4982,0.54,0.5114
F_mean_3d_Fz,delta,norm2,Linear SVM,0.5,0.5037,0.53,0.5114
F_mean_3d_Fp1,all,norm2,XGBoost,0.8867,0.6494,0.51,0.5114
F_median_3d_C3,beta,norm3,XGBoost,0.64,0.551,0.52,0.5114
F_de_3d_C4,alpha,norm3,Linear SVM,0.5,0.4993,0.55,0.5114
F_peak_3d_F3,beta,None,Ensemble (Majority Vote),0.64,0.6186,0.5,0.5114
F_mean_3d_F3,alpha,norm2,Ensemble (Majority Vote),0.6733,0.6016,0.54,0.5114
F_de_3d_F3,delta,None,KNN,0.9733,0.7037,0.52,0.5114
F_de_3d_C3,all,None,Linear SVM,0.6333,0.58,0.54,0.5114
F_peak_3d_2area,delta,norm3,Random Forest,0.8133,0.6283,0.54,0.5114
F_dasm_3d_8rm,beta,norm3,Ensemble (Majority Vote),0.7533,0.6545,0.52,0.5114
F_median_3d_C3,beta,norm3,Linear SVM,0.5,0.5044,0.51,0.5114
F_mean_3d_T8,alpha,None,Logistic Regression,0.5,0.5239,0.52,0.5114
F_de_3d_T7,delta,norm2,Linear SVM,0.4933,0.497,0.52,0.5114
F_rasm_3d_8rm,gamma,norm3,Logistic Regression,0.5,0.5129,0.49,0.5114
F_de_3d_T7,delta,None,Logistic Regression,0.4867,0.5021,0.51,0.5114
F_median_3d_F4,alpha,None,KNN,0.98,0.6929,0.52,0.5114
F_median_3d_1area,beta,None,Random Forest,0.66,0.5989,0.54,0.5114
F_mean_3d_Cz,delta,norm3,Linear SVM,0.4933,0.4933,0.5,0.5114
F_mean_3d_8rm,beta,norm3,Linear SVM,0.6467,0.5694,0.54,0.5114
F_median_3d_C3,beta,norm2,Linear SVM,0.5,0.5044,0.51,0.5114
F_mean_3d_Fp1,delta,norm3,KNN,0.98,0.6984,0.49,0.5114
F_mean_3d_Cz,delta,norm2,XGBoost,0.6133,0.5536,0.52,0.5114
F_mean_3d_Cz,delta,norm2,Linear SVM,0.4933,0.4933,0.5,0.5114
F_de_3d_Fp2,all,norm3,Random Forest,0.7533,0.6563,0.56,0.5114
F_peak_3d,beta,norm2,Ensemble (Majority Vote),0.8067,0.6759,0.53,0.5114
F_de_3d_1area,all,None,KNN,0.9933,0.7848,0.49,0.5114
F_mean_3d_Fp1,delta,norm2,KNN,0.98,0.6984,0.49,0.5114
F_median_3d_Fz,theta,norm3,Random Forest,0.8267,0.5949,0.52,0.5114
F_median_3d_Fp2,beta,None,KNN,0.98,0.6995,0.58,0.5114
F_peak_3d_3area,alpha,None,XGBoost,0.7133,0.6395,0.47,0.5114
F_peak_3d_F8,all,norm3,Ensemble (Majority Vote),0.8467,0.6632,0.5,0.5114
F_de_3d_Fp1,gamma,None,Linear SVM,0.54,0.5299,0.52,0.5114
F_median_3d_C3,beta,norm2,XGBoost,0.64,0.551,0.52,0.5114
F_mean_3d_Cz,delta,norm3,XGBoost,0.6133,0.5536,0.52,0.5114
F_peak_3d_C3,all,None,Linear SVM,0.6533,0.5814,0.53,0.5114
F_median_3d_Fz,theta,norm2,XGBoost,0.5533,0.5469,0.53,0.5114
F_median_3d_1area,gamma,norm2,Random Forest,0.78,0.5989,0.54,0.5114
F_peak_3d_T8,all,None,Logistic Regression,0.66,0.5936,0.53,0.5114
F_de_3d_C4,alpha,norm2,Linear SVM,0.5,0.4993,0.55,0.5114
F_de_3d_Fp2,alpha,norm2,XGBoost,0.5667,0.5329,0.5,0.5114
F_median_3d_3area,delta,norm3,XGBoost,0.8267,0.6182,0.46,0.5114
F_median_3d_1area,gamma,norm3,Random Forest,0.78,0.5989,0.54,0.5114
F_median_3d_3area,delta,norm3,Random Forest,0.82,0.6221,0.51,0.5114
F_peak_3d_Cz,alpha,norm3,Ensemble (Majority Vote),0.5867,0.5899,0.54,0.5114
F_rasm_3d19,alpha,norm2,XGBoost,0.98,0.8028,0.5,0.5114
F_median_3d_F3,beta,None,Ensemble (Majority Vote),0.8333,0.6497,0.45,0.5114
F_peak_3d_F7,beta,None,Random Forest,0.6467,0.5952,0.51,0.5114
F_dasm_3d_8rm,alpha,norm3,KNN,0.9667,0.7078,0.51,0.5114
F_dasm_3d_8rm,beta,norm2,Linear SVM,0.48,0.5009,0.53,0.5114
F_dasm_3d,all,norm3,Logistic Regression,0.7867,0.6901,0.52,0.5114
F_median_3d,all,norm3,XGBoost,0.9933,0.9007,0.49,0.5114
F_de_3d_C4,beta,norm2,XGBoost,0.58,0.5556,0.55,0.5114
F_median_3d_F8,alpha,norm2,Linear SVM,0.5067,0.506,0.57,0.5114
F_de_3d_T7,delta,norm3,Linear SVM,0.4933,0.497,0.52,0.5114
F_peak_3d_C3,all,norm3,XGBoost,0.8467,0.6807,0.49,0.5114
F_de_3d_T8,beta,None,Logistic Regression,0.52,0.5156,0.51,0.5114
F_peak_3d_Fz,gamma,norm2,Random Forest,0.78,0.5903,0.53,0.5114
F_peak_3d_F4,all,norm3,Linear SVM,0.62,0.5726,0.51,0.5114
F_median_3d_Cz,gamma,norm3,Linear SVM,0.4867,0.4982,0.54,0.5114
F_mean_3d_2area,beta,norm3,KNN,0.9733,0.7053,0.56,0.5114
F_mean_3d,delta,norm2,Ensemble (Majority Vote),0.9,0.6899,0.56,0.5114
F_median_3d_Fp2,all,None,Ensemble (Majority Vote),0.8333,0.6876,0.52,0.5114
F_de_3d_2area,gamma,None,Random Forest,0.72,0.6136,0.54,0.5114
F_rasm_3d_3area,all,norm3,XGBoost,0.94,0.769,0.51,0.5114
F_peak_3d_Fz,gamma,None,Linear SVM,0.5,0.5152,0.54,0.5114
F_median_3d,theta,norm3,Random Forest,0.8333,0.6752,0.47,0.5114
F_de_3d_C4,theta,norm2,XGBoost,0.5133,0.5329,0.51,0.5114
F_median_3d_8rm,beta,norm3,Random Forest,0.78,0.6476,0.5,0.5114
F_peak_3d_T8,alpha,norm3,KNN,0.9667,0.6841,0.46,0.5114
F_peak_3d_F7,delta,None,KNN,0.9333,0.7064,0.5,0.5114
F_mean_3d_10rm,gamma,norm2,Random Forest,0.9,0.6685,0.54,0.5114
F_mean_3d_Fp2,delta,norm3,KNN,0.96,0.6738,0.54,0.5114
F_rasm_3d_3area,all,None,XGBoost,0.9067,0.694,0.56,0.5114
F_mean_3d_2area,delta,norm3,Linear SVM,0.6267,0.5379,0.49,0.5114
F_peak_3d19,gamma,norm2,XGBoost,0.9333,0.7198,0.49,0.5114
F_median_3d_Cz,gamma,norm2,Linear SVM,0.4867,0.4982,0.54,0.5114
F_rasm_3d_10rm,all,norm2,XGBoost,1.0,0.9451,0.57,0.5114
F_de_3d_2area,gamma,None,XGBoost,0.7,0.626,0.54,0.5114
F_mean_3d_Fp2,delta,norm2,KNN,0.96,0.6738,0.54,0.5114
F_mean_3d,delta,norm2,Random Forest,0.9067,0.6554,0.49,0.5114
F_de_3d_Fz,all,norm2,Random Forest,0.94,0.683,0.53,0.5114
F_peak_3d_C4,theta,norm2,KNN,0.9867,0.6834,0.55,0.5114
F_peak_3d_Fp2,beta,norm2,Random Forest,0.84,0.5917,0.53,0.5114
F_peak_3d_C4,theta,norm3,KNN,0.9867,0.6834,0.55,0.5114
F_mean_3d19,theta,None,Random Forest,0.7467,0.6618,0.51,0.5114
F_median_3d_Fp1,gamma,norm3,XGBoost,0.6333,0.548,0.53,0.5114
F_median_3d_Fp1,gamma,norm3,Linear SVM,0.5267,0.5005,0.53,0.5114
F_median_3d_Fp1,gamma,norm2,XGBoost,0.6333,0.548,0.53,0.5114
F_dasm_3d_8rm,all,None,Random Forest,0.86,0.7497,0.51,0.5114
F_mean_3d19,theta,None,Logistic Regression,0.6733,0.6087,0.49,0.5114
F_median_3d_Fp1,gamma,norm2,Linear SVM,0.5267,0.5005,0.53,0.5114
F_peak_3d_F7,alpha,norm2,KNN,0.9867,0.6867,0.54,0.5114
F_dasm_3d_10rm,delta,None,Logistic Regression,0.6867,0.6023,0.54,0.5114
F_de_3d_Cz,gamma,None,Random Forest,0.6733,0.5936,0.55,0.5114
F_median_3d_Cz,theta,norm3,Random Forest,0.7933,0.5887,0.55,0.5114
F_mean_3d_F4,delta,norm3,Linear SVM,0.4733,0.4966,0.49,0.5114
F_mean_3d_10rm,delta,norm2,Linear SVM,0.48,0.4949,0.53,0.5114
F_rasm_3d19,alpha,None,Logistic Regression,0.5933,0.5255,0.52,0.5114
F_dasm_3d_10rm,theta,norm2,Random Forest,0.9067,0.649,0.55,0.5114
F_mean_3d_T8,beta,None,Logistic Regression,0.5267,0.5205,0.53,0.5114
F_median_3d19,alpha,None,Ensemble (Majority Vote),0.86,0.7593,0.54,0.5114
F_mean_3d_F4,delta,norm2,Linear SVM,0.4733,0.4966,0.49,0.5114
F_median_3d_Cz,theta,norm2,Random Forest,0.7933,0.5887,0.55,0.5114
F_mean_3d19,alpha,norm2,KNN,0.9467,0.6966,0.52,0.5114
F_median_3d_2area,beta,norm2,Linear SVM,0.5533,0.5103,0.54,0.5114
F_de_3d_Fz,alpha,norm2,Ensemble (Majority Vote),0.8067,0.6149,0.54,0.5114
F_dasm_3d_8rm,alpha,norm3,XGBoost,0.8067,0.6446,0.48,0.5114
F_dasm_3d_8rm,alpha,None,Ensemble (Majority Vote),0.7867,0.6664,0.53,0.5114
F_de_3d_C4,beta,norm3,XGBoost,0.58,0.5556,0.55,0.5114
F_peak_3d_2area,all,norm3,Linear SVM,0.7133,0.626,0.51,0.5114
F_mean_3d_F3,gamma,norm3,KNN,0.9867,0.6853,0.52,0.5114
F_de_3d_F3,alpha,norm3,KNN,0.9867,0.6922,0.51,0.5114
F_dasm_3d_8rm,all,norm3,Random Forest,0.88,0.7651,0.49,0.5114
F_mean_3d_F3,gamma,norm2,KNN,0.9867,0.6853,0.52,0.5114
F_de_3d_C4,theta,norm3,XGBoost,0.5133,0.5329,0.51,0.5114
F_peak_3d_T8,alpha,norm2,KNN,0.9667,0.6841,0.46,0.5114
F_mean_3d_3area,delta,norm2,Random Forest,0.7933,0.6053,0.49,0.5114
F_de_3d_8rm,theta,None,Logistic Regression,0.6333,0.5763,0.51,0.5114
F_median_3d_F8,alpha,norm3,Linear SVM,0.5067,0.506,0.57,0.5114
F_median_3d_3area,all,norm3,Linear SVM,0.7133,0.6379,0.53,0.5114
F_peak_3d_Fp2,beta,norm3,Random Forest,0.84,0.5917,0.53,0.5114
F_rasm_3d,alpha,norm3,KNN,1.0,0.766,0.49,0.5114
F_dasm_3d_8rm,theta,None,Logistic Regression,0.5867,0.5591,0.52,0.5114
F_mean_3d_F3,delta,None,Random Forest,0.7,0.6009,0.51,0.5114
F_peak_3d_F7,alpha,norm3,KNN,0.9867,0.6867,0.54,0.5114
F_de_3d19,theta,norm2,Random Forest,0.8533,0.6694,0.51,0.5114
F_mean_3d_3area,delta,norm2,XGBoost,0.7467,0.5867,0.53,0.5114
F_dasm_3d,theta,None,Ensemble (Majority Vote),0.7667,0.6777,0.53,0.5114
F_peak_3d19,theta,None,Random Forest,0.7333,0.6683,0.52,0.5114
F_de_3d_F8,delta,None,Random Forest,0.6533,0.5901,0.51,0.5114
F_median_3d19,beta,None,Random Forest,0.7533,0.6851,0.49,0.5114
F_median_3d_Cz,delta,norm3,XGBoost,0.6867,0.5671,0.48,0.5114
F_median_3d,theta,None,Random Forest,0.7267,0.6577,0.51,0.5114
F_peak_3d_Fz,gamma,norm3,Random Forest,0.78,0.5903,0.53,0.5114
F_de_3d_F3,alpha,norm2,KNN,0.9867,0.6922,0.51,0.5114
F_de_3d_Fz,alpha,norm3,Ensemble (Majority Vote),0.8067,0.6149,0.54,0.5114
F_median_3d_Cz,delta,norm2,XGBoost,0.6867,0.5671,0.48,0.5114
F_median_3d_F7,all,norm2,XGBoost,0.9267,0.6467,0.56,0.5114
F_de_3d_C4,beta,norm3,Linear SVM,0.5133,0.506,0.52,0.5114
F_peak_3d_Cz,alpha,norm2,Ensemble (Majority Vote),0.5867,0.5899,0.54,0.5114
F_median_3d_Fz,theta,norm3,XGBoost,0.5533,0.5469,0.53,0.5114
F_mean_3d_10rm,all,norm2,Linear SVM,0.52,0.5002,0.55,0.51
F_de_3d_Fz,theta,norm2,Ensemble (Majority Vote),0.7933,0.6002,0.52,0.51
F_de_3d_Fz,delta,norm2,Linear SVM,0.4867,0.4947,0.52,0.51
F_de_3d_Fz,delta,norm2,Random Forest,0.78,0.5846,0.54,0.51
F_mean_3d_C3,alpha,None,Ensemble (Majority Vote),0.72,0.6032,0.52,0.51
F_peak_3d_Fp2,beta,norm2,XGBoost,0.62,0.5446,0.5,0.51
F_mean_3d_10rm,delta,norm2,Ensemble (Majority Vote),0.94,0.6841,0.51,0.51
F_peak_3d_T7,gamma,None,Logistic Regression,0.52,0.5251,0.5,0.51
F_peak_3d_T8,theta,norm3,Ensemble (Majority Vote),0.6933,0.6202,0.5,0.51
F_median_3d_3area,alpha,norm2,KNN,0.9867,0.6949,0.49,0.51
F_de_3d_Fz,alpha,norm3,Random Forest,0.7667,0.5869,0.53,0.51
F_de_3d_Fz,alpha,norm2,Random Forest,0.7667,0.5869,0.53,0.51
F_mean_3d_C3,gamma,norm3,Random Forest,0.8,0.5908,0.53,0.51
F_median_3d_T7,alpha,None,Random Forest,0.6267,0.5917,0.52,0.51
F_mean_3d_C3,gamma,norm2,Random Forest,0.8,0.5908,0.53,0.51
F_mean_3d_F8,theta,None,Linear SVM,0.5133,0.5182,0.51,0.51
F_mean_3d_C3,theta,None,Ensemble (Majority Vote),0.7267,0.6145,0.51,0.51
F_de_3d_10rm,gamma,norm3,XGBoost,0.82,0.708,0.52,0.51
F_de_3d_Fz,delta,norm3,Random Forest,0.78,0.5846,0.54,0.51
F_peak_3d_F7,alpha,None,Linear SVM,0.5267,0.5191,0.54,0.51
F_mean_3d_F8,theta,None,Logistic Regression,0.5133,0.5184,0.51,0.51
F_rasm_3d_10rm,all,None,XGBoost,1.0,0.869,0.53,0.51
F_rasm_3d_10rm,delta,norm3,XGBoost,0.9133,0.7545,0.51,0.51
F_de_3d_Fz,delta,norm3,Linear SVM,0.4867,0.4947,0.52,0.51
F_peak_3d_T8,theta,norm2,Ensemble (Majority Vote),0.6933,0.6202,0.5,0.51
F_peak_3d_8rm,theta,None,KNN,0.9467,0.7639,0.52,0.51
F_de_3d19,alpha,norm2,KNN,0.9867,0.7285,0.52,0.51
F_peak_3d_1area,alpha,None,XGBoost,0.6467,0.5961,0.51,0.51
F_median_3d_Cz,all,norm3,KNN,0.96,0.729,0.51,0.51
F_de_3d_Fz,theta,norm3,Ensemble (Majority Vote),0.7933,0.6002,0.52,0.51
F_median_3d_Cz,delta,norm3,Ensemble (Majority Vote),0.6933,0.6046,0.48,0.51
F_median_3d_F4,theta,norm3,Ensemble (Majority Vote),0.58,0.5954,0.52,0.51
F_de_3d_8rm,delta,norm3,Linear SVM,0.68,0.6147,0.54,0.51
F_dasm_3d19,beta,None,Linear SVM,0.6733,0.5986,0.52,0.51
F_median_3d_Cz,gamma,None,XGBoost,0.64,0.5903,0.51,0.51
F_mean_3d_2area,gamma,norm2,Linear SVM,0.5,0.5016,0.5,0.51
F_peak_3d_C3,alpha,norm2,Ensemble (Majority Vote),0.7067,0.6069,0.52,0.51
F_rasm_3d_3area,delta,norm2,KNN,0.9933,0.7094,0.52,0.51
F_de_3d_F3,alpha,norm2,Random Forest,0.8067,0.5959,0.55,0.51
F_rasm_3d_3area,alpha,norm3,Linear SVM,0.5067,0.4713,0.51,0.51
F_de_3d_F3,alpha,norm2,XGBoost,0.5533,0.543,0.55,0.51
F_median_3d_F7,all,norm3,KNN,0.9667,0.732,0.51,0.51
F_median_3d_Cz,delta,norm2,Ensemble (Majority Vote),0.6933,0.6046,0.48,0.51
F_dasm_3d,beta,None,Ensemble (Majority Vote),0.7867,0.686,0.49,0.51
F_mean_3d_3area,all,norm2,KNN,0.9933,0.7009,0.52,0.51
F_de_3d_T8,gamma,norm3,Ensemble (Majority Vote),0.7133,0.603,0.51,0.51
F_de_3d_F3,alpha,norm3,Random Forest,0.8067,0.5959,0.55,0.51
F_median_3d_F4,theta,norm2,Ensemble (Majority Vote),0.58,0.5954,0.52,0.51
F_median_3d_T7,gamma,norm2,XGBoost,0.6067,0.5607,0.49,0.51
F_mean_3d_3area,alpha,norm2,Random Forest,0.82,0.623,0.51,0.51
F_median_3d19,alpha,norm2,XGBoost,0.8467,0.7195,0.44,0.51
F_rasm_3d_3area,delta,norm3,KNN,0.9933,0.7094,0.52,0.51
F_median_3d19,alpha,norm3,Random Forest,0.9,0.7064,0.54,0.51
F_peak_3d_C3,alpha,norm3,Ensemble (Majority Vote),0.7067,0.6069,0.52,0.51
F_mean_3d19,all,norm2,Random Forest,0.8867,0.7446,0.5,0.51
F_peak_3d_F4,beta,norm3,XGBoost,0.5733,0.5446,0.5,0.51
F_median_3d_F4,delta,norm2,Linear SVM,0.4933,0.5023,0.54,0.51
F_mean_3d_Fz,alpha,norm2,Linear SVM,0.5133,0.5009,0.52,0.51
F_median_3d_Fz,all,norm2,KNN,0.9667,0.6887,0.51,0.51
F_peak_3d_F4,beta,norm2,XGBoost,0.5733,0.5446,0.5,0.51
F_mean_3d_1area,gamma,None,Logistic Regression,0.52,0.529,0.51,0.51
F_median_3d_F4,delta,norm3,Linear SVM,0.4933,0.5023,0.54,0.51
F_median_3d_T7,gamma,norm3,XGBoost,0.6067,0.5607,0.49,0.51
F_median_3d_10rm,all,norm2,XGBoost,0.9867,0.8402,0.56,0.51
F_median_3d_2area,all,norm2,XGBoost,0.9467,0.7078,0.54,0.51
F_mean_3d_Fz,alpha,norm3,Linear SVM,0.5133,0.5009,0.52,0.51
F_median_3d_2area,alpha,None,XGBoost,0.7133,0.6145,0.48,0.51
F_peak_3d_2area,gamma,None,KNN,0.9933,0.7292,0.55,0.51
F_de_3d_T8,gamma,norm2,Ensemble (Majority Vote),0.7133,0.603,0.51,0.51
F_de_3d_Cz,beta,None,Ensemble (Majority Vote),0.7133,0.6184,0.45,0.51
F_median_3d_C4,theta,None,Logistic Regression,0.5,0.5099,0.52,0.51
F_median_3d_T7,delta,None,Linear SVM,0.48,0.5014,0.49,0.51
F_peak_3d_8rm,all,None,Ensemble (Majority Vote),0.94,0.8267,0.5,0.51
F_mean_3d_Fp1,gamma,norm3,XGBoost,0.5467,0.5379,0.51,0.51
F_mean_3d_Fp1,gamma,norm2,XGBoost,0.5467,0.5379,0.51,0.51
F_mean_3d_10rm,alpha,None,Ensemble (Majority Vote),0.8067,0.6901,0.54,0.51
F_peak_3d_10rm,alpha,None,Logistic Regression,0.64,0.5828,0.51,0.51
F_mean_3d_8rm,beta,norm3,Logistic Regression,0.6267,0.5667,0.52,0.51
F_dasm_3d_8rm,beta,norm3,Random Forest,0.7333,0.6434,0.51,0.51
F_peak_3d_C3,all,norm2,Ensemble (Majority Vote),0.88,0.6782,0.55,0.51
F_de_3d_C3,alpha,norm2,Ensemble (Majority Vote),0.6333,0.5851,0.5,0.51
F_median_3d_C4,theta,None,Linear SVM,0.5,0.5108,0.51,0.51
F_de_3d_C3,alpha,norm3,Ensemble (Majority Vote),0.6333,0.5851,0.5,0.51
F_mean_3d_8rm,gamma,norm2,Random Forest,0.9,0.6584,0.54,0.51
F_mean_3d_8rm,gamma,norm2,XGBoost,0.7933,0.6214,0.49,0.51
F_peak_3d_1area,gamma,None,XGBoost,0.6467,0.5961,0.55,0.51
F_peak_3d_Cz,delta,norm2,KNN,0.9867,0.6814,0.56,0.51
F_peak_3d_10rm,all,norm2,Random Forest,0.9467,0.7584,0.52,0.51
F_rasm_3d_10rm,theta,norm2,XGBoost,0.9067,0.7214,0.47,0.51
F_dasm_3d_8rm,theta,None,XGBoost,0.8067,0.6575,0.56,0.51
F_median_3d_T7,delta,None,Logistic Regression,0.48,0.5005,0.47,0.51
F_de_3d_F3,alpha,norm3,XGBoost,0.5533,0.543,0.55,0.51
F_peak_3d_F3,delta,norm2,Ensemble (Majority Vote),0.7667,0.6154,0.51,0.51
F_de_3d_2area,gamma,norm2,Ensemble (Majority Vote),0.6667,0.6269,0.56,0.51
F_peak_3d_2area,all,norm3,Logistic Regression,0.7067,0.6207,0.54,0.51
F_de_3d_8rm,theta,None,Linear SVM,0.6467,0.5837,0.51,0.51
F_median_3d_Cz,alpha,None,XGBoost,0.6533,0.5869,0.53,0.51
F_median_3d,delta,norm2,Ensemble (Majority Vote),0.8733,0.689,0.5,0.51
F_de_3d_2area,beta,None,XGBoost,0.68,0.6154,0.49,0.51
F_median_3d_F3,theta,None,KNN,0.9667,0.7078,0.49,0.51
F_de_3d_F3,delta,None,Linear SVM,0.5467,0.5133,0.48,0.51
F_peak_3d_F3,delta,norm3,Ensemble (Majority Vote),0.7667,0.6154,0.51,0.51
F_median_3d19,beta,norm3,Logistic Regression,0.7533,0.6646,0.52,0.51
F_de_3d_10rm,all,norm2,XGBoost,0.9933,0.8267,0.51,0.51
F_de_3d_T8,all,norm2,XGBoost,0.9067,0.6487,0.51,0.51
F_median_3d_T8,theta,None,KNN,0.94,0.6795,0.51,0.51
F_peak_3d_Fp1,beta,None,Logistic Regression,0.5533,0.543,0.5,0.51
F_median_3d_Fp2,delta,None,Ensemble (Majority Vote),0.7267,0.6221,0.47,0.51
F_peak_3d_Cz,delta,norm3,KNN,0.9867,0.6814,0.56,0.51
F_median_3d_3area,alpha,norm3,Ensemble (Majority Vote),0.7867,0.6393,0.49,0.51
F_peak_3d_F7,gamma,norm3,Random Forest,0.7667,0.5906,0.55,0.51
F_mean_3d19,theta,norm3,KNN,0.9733,0.7717,0.5,0.51
F_median_3d_8rm,theta,norm2,Linear SVM,0.52,0.5083,0.55,0.51
F_peak_3d_3area,delta,norm2,Linear SVM,0.5333,0.5037,0.5,0.51
F_peak_3d_F7,theta,norm2,Ensemble (Majority Vote),0.7533,0.6159,0.52,0.51
F_mean_3d_T7,alpha,None,Ensemble (Majority Vote),0.7067,0.6166,0.51,0.51
F_mean_3d19,gamma,None,Linear SVM,0.7133,0.6283,0.55,0.51
F_de_3d_F4,delta,norm3,KNN,0.9933,0.6837,0.51,0.51
F_median_3d_1area,delta,norm2,Random Forest,0.7733,0.591,0.5,0.51
F_peak_3d_Fp2,beta,norm3,XGBoost,0.62,0.5446,0.5,0.51
F_rasm_3d,delta,norm2,Random Forest,0.84,0.6989,0.5,0.51
F_mean_3d_F4,all,norm2,Linear SVM,0.5333,0.5044,0.6,0.51
F_mean_3d_T7,alpha,None,KNN,0.9933,0.6855,0.58,0.51
F_peak_3d,all,norm3,KNN,0.9867,0.8517,0.51,0.51
F_median_3d_F4,all,norm2,Ensemble (Majority Vote),0.7867,0.6715,0.52,0.51
F_peak_3d_F7,alpha,norm3,Random Forest,0.6933,0.5791,0.51,0.51
F_mean_3d_C4,gamma,None,Logistic Regression,0.5067,0.5175,0.51,0.51
F_rasm_3d,delta,None,Logistic Regression,0.48,0.5044,0.56,0.51
F_peak_3d_F7,gamma,norm2,Random Forest,0.7667,0.5906,0.55,0.51
F_peak_3d_F7,beta,norm3,Random Forest,0.76,0.5793,0.5,0.51
F_rasm_3d,beta,None,Logistic Regression,0.4867,0.4901,0.55,0.51
F_mean_3d_10rm,gamma,norm2,KNN,0.9933,0.6945,0.58,0.51
F_peak_3d_T8,all,None,KNN,0.9867,0.769,0.51,0.51
F_mean_3d_F8,all,norm3,Ensemble (Majority Vote),0.8467,0.6703,0.54,0.51
F_peak_3d_T7,theta,None,Random Forest,0.72,0.5871,0.52,0.51
F_de_3d_3area,all,norm2,Ensemble (Majority Vote),0.92,0.717,0.49,0.51
F_mean_3d_Cz,gamma,norm2,Ensemble (Majority Vote),0.6933,0.6175,0.51,0.51
F_peak_3d_T7,theta,None,KNN,0.9533,0.6811,0.52,0.51
F_mean_3d_Cz,gamma,norm3,Ensemble (Majority Vote),0.6933,0.6175,0.51,0.51
F_mean_3d_T7,gamma,norm3,KNN,0.96,0.6823,0.57,0.51
F_rasm_3d_10rm,beta,norm2,XGBoost,0.8933,0.7336,0.52,0.51
F_peak_3d_F7,beta,norm2,Random Forest,0.76,0.5793,0.5,0.51
F_peak_3d,alpha,None,Linear SVM,0.6733,0.6149,0.51,0.51
F_rasm_3d,gamma,norm3,Random Forest,0.7867,0.7064,0.51,0.51
F_mean_3d_10rm,delta,norm2,Random Forest,0.88,0.6545,0.5,0.51
F_mean_3d_T8,all,norm2,Linear SVM,0.5133,0.5076,0.58,0.51
F_peak_3d_F7,theta,norm3,Ensemble (Majority Vote),0.7533,0.6159,0.52,0.51
F_median_3d_1area,beta,norm2,XGBoost,0.5333,0.5515,0.52,0.51
F_mean_3d_T7,gamma,norm2,KNN,0.96,0.6823,0.57,0.51
F_rasm_3d_3area,alpha,norm2,Linear SVM,0.5067,0.4713,0.51,0.51
F_median_3d_1area,beta,norm3,XGBoost,0.5333,0.5515,0.52,0.51
F_de_3d_F4,delta,norm2,KNN,0.9933,0.6837,0.51,0.51
F_mean_3d_F3,theta,None,Linear SVM,0.5867,0.5437,0.52,0.51
F_mean_3d_F4,delta,None,Linear SVM,0.52,0.5209,0.55,0.51
F_peak_3d_F4,all,norm3,Logistic Regression,0.6133,0.5736,0.52,0.51
F_median_3d_C3,theta,norm3,Linear SVM,0.4733,0.4936,0.54,0.51
F_median_3d_Fp1,gamma,None,XGBoost,0.62,0.5929,0.49,0.51
F_median_3d_C3,theta,norm3,XGBoost,0.6133,0.5398,0.53,0.51
F_de_3d_F7,theta,norm3,KNN,0.98,0.6738,0.53,0.51
F_mean_3d19,theta,norm2,Ensemble (Majority Vote),0.82,0.6949,0.51,0.51
F_median_3d_1area,delta,norm3,Random Forest,0.7733,0.591,0.5,0.51
F_mean_3d_F4,delta,norm3,KNN,0.98,0.6857,0.54,0.51
F_mean_3d_F4,delta,norm3,Random Forest,0.7867,0.5825,0.52,0.51
F_rasm_3d,alpha,norm3,XGBoost,0.8667,0.7476,0.53,0.51
F_mean_3d_F4,delta,norm2,KNN,0.98,0.6857,0.54,0.51
F_median_3d_8rm,alpha,None,XGBoost,0.8733,0.7071,0.52,0.51
F_de_3d_F7,theta,norm2,KNN,0.98,0.6738,0.53,0.51
F_peak_3d_F7,alpha,norm2,Random Forest,0.6933,0.5791,0.51,0.51
F_median_3d_8rm,all,norm2,Random Forest,0.9467,0.7566,0.48,0.51
F_mean_3d_F4,delta,norm2,Random Forest,0.7867,0.5825,0.52,0.51
F_median_3d_C3,theta,norm2,XGBoost,0.6133,0.5398,0.53,0.51
F_median_3d_C3,theta,norm2,Linear SVM,0.4733,0.4936,0.54,0.51
F_rasm_3d_8rm,beta,None,Random Forest,0.8267,0.6451,0.54,0.51
F_peak_3d_F8,beta,norm2,Ensemble (Majority Vote),0.72,0.5867,0.56,0.51
F_peak_3d_F8,beta,norm3,Ensemble (Majority Vote),0.72,0.5867,0.56,0.51
F_peak_3d_1area,all,norm2,XGBoost,0.9333,0.6625,0.53,0.51
F_median_3d_F8,delta,None,XGBoost,0.6533,0.5851,0.53,0.51
F_median_3d_Fz,beta,norm2,KNN,0.9933,0.6818,0.52,0.5086
F_median_3d_Fz,beta,norm3,KNN,0.9933,0.6818,0.52,0.5086
F_peak_3d_Fp1,beta,norm2,KNN,0.9867,0.6841,0.5,0.5086
F_de_3d_Fp1,alpha,norm3,Linear SVM,0.5267,0.5023,0.5,0.5086
F_median_3d_T8,theta,norm3,Linear SVM,0.4667,0.4952,0.55,0.5086
F_peak_3d_C3,all,norm2,Random Forest,0.94,0.6733,0.54,0.5086
F_de_3d_Fp1,alpha,norm3,Random Forest,0.8067,0.594,0.51,0.5086
F_peak_3d_F3,delta,norm3,XGBoost,0.56,0.5497,0.52,0.5086
F_de_3d_3area,delta,norm2,Linear SVM,0.52,0.5055,0.55,0.5086
F_peak_3d_F3,delta,norm2,XGBoost,0.56,0.5497,0.52,0.5086
F_peak_3d_3area,delta,norm2,Ensemble (Majority Vote),0.7067,0.6382,0.48,0.5086
F_mean_3d19,alpha,None,KNN,0.9867,0.7867,0.51,0.5086
F_peak_3d_Fp1,beta,norm3,KNN,0.9867,0.6841,0.5,0.5086
F_rasm_3d,delta,None,Ensemble (Majority Vote),0.8667,0.7025,0.55,0.5086
F_de_3d_Fp1,alpha,norm2,Random Forest,0.8067,0.594,0.51,0.5086
F_de_3d_T8,all,norm3,XGBoost,0.86,0.6883,0.57,0.5086
F_de_3d19,alpha,norm3,KNN,0.9667,0.7915,0.56,0.5086
F_mean_3d_3area,gamma,norm3,KNN,0.9667,0.7159,0.55,0.5086
F_de_3d_Fp1,alpha,norm2,Linear SVM,0.5267,0.5023,0.5,0.5086
F_mean_3d_Fp2,theta,norm2,XGBoost,0.54,0.5308,0.52,0.5086
F_mean_3d19,beta,norm2,Linear SVM,0.5133,0.4947,0.5,0.5086
F_rasm_3d19,beta,norm3,Random Forest,0.8067,0.7439,0.52,0.5086
F_dasm_3d_10rm,gamma,norm3,Ensemble (Majority Vote),0.7733,0.6745,0.49,0.5086
F_peak_3d_10rm,alpha,None,Linear SVM,0.6267,0.5972,0.51,0.5086
F_de_3d_T7,delta,None,Linear SVM,0.4867,0.5023,0.5,0.5086
F_median_3d_F7,gamma,norm3,KNN,0.98,0.6913,0.54,0.5086
F_de_3d_Cz,all,norm2,Linear SVM,0.5133,0.5023,0.5,0.5086
F_peak_3d_F4,alpha,None,KNN,0.98,0.703,0.51,0.5086
F_de_3d_8rm,all,None,Ensemble (Majority Vote),0.9067,0.8078,0.51,0.5086
F_rasm_3d_8rm,gamma,norm2,Random Forest,0.7867,0.6694,0.48,0.5086
F_de_3d_F7,delta,norm2,Random Forest,0.6933,0.5887,0.49,0.5086
F_peak_3d_C3,theta,norm3,Ensemble (Majority Vote),0.82,0.614,0.5,0.5086
F_mean_3d_F4,gamma,norm3,Linear SVM,0.5,0.4998,0.52,0.5086
F_peak_3d_10rm,all,norm3,XGBoost,0.98,0.886,0.5,0.5086
F_mean_3d_F7,theta,norm3,KNN,0.9533,0.6841,0.52,0.5086
F_mean_3d_T7,theta,None,KNN,0.96,0.6864,0.51,0.5086
F_median_3d_F7,gamma,norm2,KNN,0.98,0.6913,0.54,0.5086
F_dasm_3d_8rm,delta,norm3,Logistic Regression,0.6267,0.6014,0.48,0.5086
F_mean_3d_8rm,all,norm3,Ensemble (Majority Vote),0.9067,0.7853,0.55,0.5086
F_peak_3d_F8,all,None,Random Forest,0.76,0.6639,0.53,0.5086
F_mean_3d_F7,theta,norm2,KNN,0.9533,0.6841,0.52,0.5086
F_mean_3d_F7,all,norm2,Linear SVM,0.5133,0.5051,0.54,0.5086
F_mean_3d_F4,gamma,norm2,Linear SVM,0.5,0.4998,0.52,0.5086
F_de_3d_C3,all,norm2,KNN,0.9533,0.6901,0.56,0.5086
F_median_3d_2area,delta,norm3,Linear SVM,0.5467,0.5368,0.48,0.5086
F_peak_3d_Fp2,theta,norm2,Linear SVM,0.5067,0.5034,0.52,0.5086
F_mean_3d_F3,beta,norm2,Ensemble (Majority Vote),0.6333,0.5961,0.53,0.5086
F_median_3d_Fz,all,norm3,KNN,0.96,0.7239,0.53,0.5086
F_median_3d_Fp1,all,norm2,Linear SVM,0.52,0.5002,0.51,0.5086
F_rasm_3d_10rm,theta,norm3,KNN,0.9667,0.7733,0.47,0.5086
F_peak_3d19,alpha,None,Random Forest,0.7267,0.6644,0.51,0.5086
F_mean_3d_F3,beta,norm3,Random Forest,0.7933,0.5915,0.51,0.5086
F_mean_3d_F3,beta,norm2,Random Forest,0.7933,0.5915,0.51,0.5086
F_median_3d_2area,beta,norm2,XGBoost,0.6467,0.5618,0.51,0.5086
F_de_3d_F8,delta,None,XGBoost,0.66,0.5867,0.5,0.5086
F_mean_3d,gamma,norm3,Random Forest,0.88,0.697,0.51,0.5086
F_de_3d_F3,alpha,norm2,Ensemble (Majority Vote),0.7667,0.6069,0.51,0.5086
F_median_3d_8rm,delta,norm2,Linear SVM,0.4733,0.5039,0.56,0.5086
F_rasm_3d19,all,norm3,Linear SVM,0.6333,0.5763,0.53,0.5086
F_rasm_3d19,theta,None,KNN,0.96,0.7322,0.44,0.5086
F_mean_3d_F4,all,norm2,Ensemble (Majority Vote),0.8467,0.6676,0.54,0.5086
F_dasm_3d_10rm,theta,norm2,Ensemble (Majority Vote),0.84,0.6517,0.52,0.5086
F_peak_3d_Fp2,gamma,None,KNN,0.9733,0.7062,0.55,0.5086
F_median_3d_F4,all,norm3,Logistic Regression,0.6,0.5628,0.48,0.5086
F_mean_3d_F4,alpha,None,Ensemble (Majority Vote),0.7467,0.6202,0.49,0.5086
F_de_3d_8rm,delta,norm3,KNN,0.9933,0.78,0.54,0.5086
F_peak_3d_3area,alpha,norm3,Ensemble (Majority Vote),0.8,0.6377,0.52,0.5086
F_mean_3d_Fp2,gamma,None,KNN,0.9533,0.7009,0.51,0.5086
F_peak_3d_10rm,gamma,None,KNN,0.98,0.7995,0.54,0.5086
F_mean_3d_2area,delta,norm2,Linear SVM,0.5,0.5037,0.54,0.5086
F_de_3d_F8,alpha,norm3,Ensemble (Majority Vote),0.74,0.6156,0.45,0.5086
F_dasm_3d19,all,norm3,Linear SVM,0.8867,0.7487,0.49,0.5086
F_median_3d_10rm,all,norm3,XGBoost,0.9933,0.891,0.47,0.5086
F_dasm_3d_3area,all,norm3,Random Forest,0.7867,0.6591,0.46,0.5086
F_peak_3d_F7,delta,None,Random Forest,0.6467,0.6064,0.49,0.5086
F_peak_3d_Fz,gamma,None,Logistic Regression,0.5067,0.5163,0.53,0.5086
F_peak_3d_10rm,gamma,norm3,Linear SVM,0.6533,0.6237,0.52,0.5086
F_de_3d_F8,alpha,norm2,Ensemble (Majority Vote),0.74,0.6156,0.45,0.5086
F_mean_3d_Fp2,theta,norm3,XGBoost,0.54,0.5308,0.52,0.5086
F_de_3d_F8,delta,norm2,Linear SVM,0.5,0.4949,0.5,0.5086
F_de_3d19,gamma,norm2,Linear SVM,0.4867,0.5076,0.56,0.5086
F_de_3d_Cz,delta,None,Ensemble (Majority Vote),0.7667,0.6363,0.52,0.5086
F_median_3d_8rm,gamma,norm2,Linear SVM,0.5667,0.509,0.5,0.5086
F_rasm_3d_8rm,theta,norm3,KNN,0.98,0.7651,0.51,0.5086
F_mean_3d_F3,beta,norm3,Ensemble (Majority Vote),0.6333,0.5961,0.53,0.5086
F_peak_3d_F4,all,None,XGBoost,0.9067,0.7175,0.52,0.5086
F_peak_3d_3area,beta,None,Random Forest,0.6933,0.6278,0.49,0.5086
F_rasm_3d_3area,theta,norm2,KNN,0.9867,0.7007,0.56,0.5086
F_peak_3d_8rm,delta,None,Ensemble (Majority Vote),0.8267,0.7133,0.52,0.5086
F_de_3d19,gamma,norm3,XGBoost,0.8867,0.771,0.5,0.5086
F_dasm_3d,beta,norm2,Ensemble (Majority Vote),0.8867,0.6779,0.5,0.5086
F_rasm_3d_8rm,delta,norm3,Ensemble (Majority Vote),0.7933,0.6952,0.44,0.5086
F_peak_3d_C3,theta,norm2,Ensemble (Majority Vote),0.82,0.614,0.5,0.5086
F_peak_3d_T8,alpha,norm2,Ensemble (Majority Vote),0.7467,0.6106,0.54,0.5086
F_median_3d_F7,all,norm3,XGBoost,0.8333,0.6864,0.5,0.5086
F_de_3d19,delta,norm2,Linear SVM,0.5067,0.4943,0.57,0.5086
F_mean_3d_1area,gamma,None,Linear SVM,0.5133,0.529,0.51,0.5086
F_de_3d19,gamma,norm2,Random Forest,0.84,0.6685,0.5,0.5086
F_peak_3d_T8,alpha,norm3,Ensemble (Majority Vote),0.7467,0.6106,0.54,0.5086
F_peak_3d_Fp1,gamma,None,Random Forest,0.6667,0.6117,0.53,0.5086
F_peak_3d_Fp1,gamma,None,XGBoost,0.6067,0.6046,0.51,0.5086
F_de_3d_F3,alpha,norm3,Ensemble (Majority Vote),0.7667,0.6069,0.51,0.5086
F_de_3d_F4,theta,None,Logistic Regression,0.4933,0.5108,0.49,0.5086
F_mean_3d_F3,theta,None,Logistic Regression,0.58,0.5441,0.52,0.5086
F_de_3d_3area,theta,norm3,Linear SVM,0.5867,0.5338,0.52,0.5086
F_de_3d_F8,delta,norm3,Linear SVM,0.5,0.4949,0.5,0.5086
F_median_3d,gamma,norm3,KNN,0.9933,0.7706,0.52,0.5086
F_peak_3d_3area,alpha,norm2,Ensemble (Majority Vote),0.7733,0.6326,0.52,0.5086
F_de_3d_C3,alpha,None,Logistic Regression,0.5067,0.5234,0.5,0.5086
F_de_3d_F7,delta,norm3,Random Forest,0.6933,0.5887,0.49,0.5086
F_median_3d_10rm,theta,norm2,XGBoost,0.9,0.6538,0.54,0.5086
F_peak_3d_Cz,alpha,norm2,Random Forest,0.72,0.5814,0.54,0.5086
F_median_3d_T8,theta,norm2,Linear SVM,0.4667,0.4952,0.55,0.5086
F_dasm_3d,gamma,norm2,XGBoost,0.92,0.6549,0.52,0.5086
F_de_3d_Fp2,all,norm2,Random Forest,0.8667,0.6662,0.5,0.5086
F_median_3d_F8,delta,norm3,XGBoost,0.62,0.5487,0.53,0.5086
F_peak_3d_Fp2,delta,norm3,Ensemble (Majority Vote),0.8,0.617,0.53,0.5086
F_peak_3d_C3,beta,norm3,KNN,0.9933,0.6982,0.55,0.5086
F_median_3d_Fp2,delta,norm3,XGBoost,0.6933,0.5607,0.49,0.5086
F_peak_3d_F8,theta,norm3,XGBoost,0.6067,0.5407,0.55,0.5086
F_median_3d_F8,all,norm3,XGBoost,0.8867,0.6869,0.5,0.5086
F_rasm_3d_8rm,all,None,KNN,0.9867,0.7147,0.46,0.5086
F_rasm_3d19,delta,norm2,Linear SVM,0.52,0.5037,0.54,0.5086
F_peak_3d_10rm,alpha,norm2,KNN,0.9667,0.6956,0.5,0.5086
F_median_3d_C4,delta,norm3,Linear SVM,0.4933,0.4968,0.5,0.5086
F_median_3d_Fp2,gamma,None,KNN,0.96,0.7115,0.5,0.5086
F_de_3d_2area,alpha,norm2,Random Forest,0.82,0.6163,0.49,0.5086
F_peak_3d,delta,norm3,KNN,0.96,0.791,0.52,0.5086
F_median_3d_T8,all,norm2,Random Forest,0.9333,0.668,0.55,0.5086
F_peak_3d_F7,all,None,Logistic Regression,0.6533,0.5995,0.5,0.5086
F_peak_3d_Cz,alpha,None,Linear SVM,0.52,0.5198,0.55,0.5086
F_median_3d_F8,delta,norm3,KNN,0.98,0.6913,0.56,0.5086
F_de_3d_C3,delta,norm2,Random Forest,0.7733,0.5855,0.48,0.5086
F_median_3d_T8,delta,norm3,Ensemble (Majority Vote),0.7667,0.614,0.53,0.5086
F_peak_3d,delta,None,Logistic Regression,0.6667,0.6062,0.51,0.5086
F_median_3d_T7,all,None,Linear SVM,0.6067,0.5651,0.52,0.5086
F_peak_3d_8rm,theta,norm2,Ensemble (Majority Vote),0.7733,0.671,0.53,0.5086
F_peak_3d_Fp2,delta,norm2,Ensemble (Majority Vote),0.8,0.617,0.53,0.5086
F_median_3d_C4,beta,None,KNN,0.9667,0.694,0.51,0.5086
F_rasm_3d_3area,theta,norm3,KNN,0.9867,0.7007,0.56,0.5086
F_median_3d_Fp2,delta,norm2,XGBoost,0.6933,0.5607,0.49,0.5086
F_mean_3d_C4,gamma,norm3,Random Forest,0.8067,0.5933,0.51,0.5086
F_peak_3d_F8,theta,norm2,XGBoost,0.6067,0.5407,0.55,0.5086
F_peak_3d_2area,alpha,norm2,Linear SVM,0.5133,0.5057,0.54,0.5086
F_median_3d_F8,gamma,norm3,KNN,0.9867,0.6945,0.51,0.5086
F_mean_3d_C3,alpha,norm3,Random Forest,0.8267,0.5963,0.57,0.5086
F_peak_3d19,all,norm2,Random Forest,0.8867,0.7297,0.5,0.5086
F_dasm_3d_10rm,delta,norm3,Ensemble (Majority Vote),0.7867,0.6945,0.48,0.5086
F_mean_3d_C3,alpha,norm2,Random Forest,0.8267,0.5963,0.57,0.5086
F_dasm_3d_10rm,alpha,norm2,Linear SVM,0.52,0.5018,0.52,0.5086
F_mean_3d_C4,gamma,norm2,Random Forest,0.8067,0.5933,0.51,0.5086
F_median_3d_Fp2,beta,None,Random Forest,0.6333,0.5915,0.47,0.5086
F_median_3d_3area,all,norm3,Logistic Regression,0.7067,0.6287,0.51,0.5086
F_rasm_3d_10rm,gamma,norm2,Linear SVM,0.46,0.4818,0.5,0.5086
F_mean_3d_C3,alpha,None,KNN,0.9867,0.6998,0.57,0.5086
F_rasm_3d_8rm,theta,norm3,Logistic Regression,0.4867,0.523,0.51,0.5086
F_median_3d_F8,gamma,norm2,KNN,0.9867,0.6945,0.51,0.5086
F_rasm_3d_10rm,gamma,norm2,Random Forest,0.8467,0.6929,0.5,0.5086
F_mean_3d_10rm,all,norm2,XGBoost,1.0,0.8411,0.49,0.5086
F_median_3d_C4,delta,norm2,Linear SVM,0.4933,0.4968,0.5,0.5086
F_median_3d_F8,delta,norm2,KNN,0.98,0.6913,0.56,0.5086
F_peak_3d_8rm,theta,norm3,XGBoost,0.8,0.6867,0.5,0.5086
F_median_3d19,theta,norm3,Random Forest,0.9333,0.7032,0.53,0.5086
F_mean_3d_T8,all,None,KNN,0.9933,0.7391,0.54,0.5086
F_de_3d_C3,delta,norm3,Random Forest,0.7733,0.5855,0.48,0.5086
F_peak_3d_Fp2,theta,norm3,Linear SVM,0.5067,0.5034,0.52,0.5086
F_peak_3d_Cz,alpha,None,Logistic Regression,0.52,0.5205,0.55,0.5086
F_peak_3d_1area,all,norm2,KNN,0.9867,0.703,0.51,0.5086
F_peak_3d_C3,beta,norm2,KNN,0.9933,0.6982,0.55,0.5086
F_median_3d_T8,delta,norm2,Ensemble (Majority Vote),0.7667,0.614,0.53,0.5086
F_median_3d_F8,delta,norm2,XGBoost,0.62,0.5487,0.53,0.5086
F_peak_3d19,all,None,Random Forest,0.8333,0.7533,0.46,0.5086
F_peak_3d,alpha,norm3,Linear SVM,0.6933,0.6099,0.51,0.5086
F_peak_3d_Cz,alpha,norm3,Random Forest,0.72,0.5814,0.54,0.5086
F_median_3d_T7,all,None,Logistic Regression,0.6133,0.5611,0.52,0.5086
F_median_3d_F3,gamma,None,Linear SVM,0.5267,0.5074,0.53,0.5086
F_de_3d_C4,theta,norm2,KNN,0.9667,0.6848,0.52,0.5071
F_median_3d_F4,theta,norm3,Linear SVM,0.4933,0.4949,0.53,0.5071
F_de_3d_Fz,beta,norm3,KNN,0.9733,0.6798,0.47,0.5071
F_de_3d19,delta,None,XGBoost,0.96,0.7867,0.52,0.5071
F_peak_3d_C4,alpha,norm2,XGBoost,0.66,0.5595,0.53,0.5071
F_median_3d_2area,beta,None,Random Forest,0.6733,0.6138,0.46,0.5071
F_mean_3d_T7,beta,norm2,KNN,0.9733,0.688,0.5,0.5071
F_de_3d_C4,delta,norm3,XGBoost,0.58,0.5425,0.53,0.5071
F_median_3d_C4,all,norm2,Ensemble (Majority Vote),0.8467,0.6747,0.49,0.5071
F_mean_3d_C3,delta,norm3,Random Forest,0.78,0.5929,0.55,0.5071
F_peak_3d_F3,beta,norm3,Linear SVM,0.4933,0.5021,0.5,0.5071
F_peak_3d_3area,theta,norm2,XGBoost,0.6867,0.5814,0.52,0.5071
F_mean_3d_C3,delta,norm2,Random Forest,0.78,0.5929,0.55,0.5071
F_de_3d_Fz,beta,norm2,KNN,0.9733,0.6798,0.47,0.5071
F_peak_3d_F8,gamma,norm2,Ensemble (Majority Vote),0.5933,0.5786,0.53,0.5071
F_peak_3d_Fz,beta,norm2,Ensemble (Majority Vote),0.8067,0.6136,0.51,0.5071
F_mean_3d,beta,None,Linear SVM,0.7,0.6122,0.52,0.5071
F_mean_3d_F4,theta,norm3,Linear SVM,0.46,0.4933,0.48,0.5071
F_median_3d_2area,all,norm2,Random Forest,0.9533,0.6995,0.47,0.5071
F_de_3d_C4,delta,norm3,Ensemble (Majority Vote),0.7733,0.6184,0.49,0.5071
F_mean_3d_C4,gamma,norm3,Ensemble (Majority Vote),0.7667,0.6248,0.56,0.5071
F_median_3d_C3,gamma,norm2,Linear SVM,0.5067,0.5041,0.5,0.5071
F_median_3d_Fz,alpha,None,XGBoost,0.6533,0.5899,0.5,0.5071
F_de_3d_C4,gamma,norm3,KNN,0.9467,0.6846,0.51,0.5071
F_peak_3d_Fp1,theta,norm2,Random Forest,0.7333,0.5818,0.53,0.5071
F_de_3d_F8,delta,norm2,KNN,0.9733,0.691,0.56,0.5071
F_de_3d_F7,alpha,norm3,Linear SVM,0.4933,0.5018,0.54,0.5071
F_mean_3d_F4,theta,norm2,Linear SVM,0.46,0.4933,0.48,0.5071
F_de_3d_C4,gamma,norm3,Ensemble (Majority Vote),0.66,0.5947,0.48,0.5071
F_peak_3d_F7,alpha,None,Ensemble (Majority Vote),0.7267,0.6407,0.53,0.5071
F_dasm_3d_8rm,all,None,Logistic Regression,0.6933,0.6402,0.54,0.5071
F_median_3d_F7,all,norm2,KNN,0.9867,0.6791,0.49,0.5071
F_median_3d_F4,beta,None,KNN,0.9733,0.6972,0.56,0.5071
F_mean_3d_T7,beta,norm3,KNN,0.9733,0.688,0.5,0.5071
F_peak_3d_Fp1,theta,norm3,Random Forest,0.7333,0.5818,0.53,0.5071
F_dasm_3d_3area,theta,None,KNN,0.9867,0.6991,0.46,0.5071
F_peak_3d_F8,gamma,norm3,Ensemble (Majority Vote),0.5933,0.5786,0.53,0.5071
F_de_3d_C4,delta,norm2,XGBoost,0.58,0.5425,0.53,0.5071
F_median_3d_F4,theta,norm3,Random Forest,0.82,0.5892,0.55,0.5071
F_median_3d_F4,theta,norm2,Random Forest,0.82,0.5892,0.55,0.5071
F_dasm_3d_8rm,alpha,None,XGBoost,0.8133,0.6706,0.54,0.5071
F_de_3d_C4,theta,norm3,KNN,0.9667,0.6848,0.52,0.5071
F_peak_3d19,alpha,None,KNN,1.0,0.8292,0.51,0.5071
F_median_3d_2area,all,norm2,Linear SVM,0.56,0.5055,0.52,0.5071
F_peak_3d_C4,alpha,norm3,XGBoost,0.66,0.5595,0.53,0.5071
F_de_3d_F4,beta,None,XGBoost,0.64,0.5743,0.51,0.5071
F_mean_3d,delta,norm2,XGBoost,0.88,0.694,0.55,0.5071
F_peak_3d_C3,gamma,norm2,XGBoost,0.6667,0.5533,0.43,0.5071
F_mean_3d_2area,beta,None,KNN,0.9733,0.7101,0.53,0.5071
F_median_3d_8rm,all,norm2,KNN,0.9667,0.709,0.55,0.5071
F_peak_3d_T7,delta,norm3,XGBoost,0.5867,0.5531,0.49,0.5071
F_peak_3d_F8,delta,norm3,XGBoost,0.56,0.5448,0.53,0.5071
F_peak_3d_2area,delta,norm2,KNN,0.98,0.6832,0.54,0.5071
F_peak_3d_Fp2,all,norm2,Linear SVM,0.4933,0.4952,0.52,0.5071
F_peak_3d_2area,theta,norm2,Random Forest,0.86,0.6154,0.5,0.5071
F_median_3d_T8,theta,norm2,XGBoost,0.5867,0.5552,0.51,0.5071
F_de_3d_F7,beta,norm3,Random Forest,0.8,0.5924,0.5,0.5071
F_median_3d_Fz,gamma,None,KNN,0.9733,0.6936,0.52,0.5071
F_peak_3d_3area,alpha,None,Ensemble (Majority Vote),0.7467,0.6579,0.5,0.5071
F_median_3d_2area,all,None,KNN,1.0,0.786,0.47,0.5071
F_de_3d_1area,gamma,None,Random Forest,0.6933,0.6023,0.51,0.5071
F_de_3d_C4,gamma,norm2,KNN,0.9467,0.6846,0.51,0.5071
F_mean_3d,gamma,None,Logistic Regression,0.68,0.6067,0.48,0.5071
F_mean_3d_10rm,all,norm2,Random Forest,0.98,0.7621,0.55,0.5071
F_mean_3d,gamma,norm2,Ensemble (Majority Vote),0.8533,0.6807,0.54,0.5071
F_peak_3d_F7,gamma,None,Random Forest,0.7067,0.6166,0.51,0.5071
F_median_3d_F4,delta,None,Logistic Regression,0.5133,0.5189,0.52,0.5071
F_peak_3d_T7,delta,norm2,XGBoost,0.5867,0.5531,0.49,0.5071
F_dasm_3d,theta,None,Linear SVM,0.6133,0.5717,0.47,0.5071
F_peak_3d_1area,gamma,norm2,Random Forest,0.7667,0.5869,0.51,0.5071
F_median_3d_8rm,beta,norm2,KNN,0.94,0.6876,0.54,0.5071
F_median_3d_C3,gamma,norm3,Linear SVM,0.5067,0.5041,0.5,0.5071
F_mean_3d_Fp2,gamma,norm2,Linear SVM,0.5,0.4995,0.49,0.5071
F_de_3d_C4,gamma,norm2,Ensemble (Majority Vote),0.66,0.5947,0.48,0.5071
F_dasm_3d19,beta,norm3,Ensemble (Majority Vote),0.8467,0.7347,0.51,0.5071
F_mean_3d_C4,gamma,norm2,Ensemble (Majority Vote),0.7667,0.6248,0.56,0.5071
F_median_3d_3area,alpha,norm3,Linear SVM,0.6333,0.5487,0.49,0.5071
F_median_3d_F4,theta,norm2,Linear SVM,0.4933,0.4949,0.53,0.5071
F_de_3d_F7,beta,norm2,Random Forest,0.8,0.5924,0.5,0.5071
F_mean_3d,beta,norm3,Linear SVM,0.6933,0.6002,0.54,0.5071
F_mean_3d_2area,delta,None,Logistic Regression,0.5533,0.5343,0.52,0.5071
F_median_3d_Fp2,delta,None,XGBoost,0.6667,0.5747,0.48,0.5071
F_peak_3d_F3,beta,norm2,Linear SVM,0.4933,0.5021,0.5,0.5071
F_rasm_3d,theta,norm2,KNN,0.9933,0.7563,0.54,0.5071
F_peak_3d_F8,alpha,norm3,XGBoost,0.7267,0.5653,0.54,0.5071
F_peak_3d_Fz,beta,norm3,Ensemble (Majority Vote),0.8067,0.6136,0.51,0.5071
F_de_3d_F7,delta,None,Random Forest,0.6133,0.6002,0.51,0.5071
F_peak_3d_1area,theta,norm3,Random Forest,0.8067,0.5857,0.52,0.5071
F_peak_3d19,gamma,None,KNN,0.9933,0.8329,0.57,0.5071
F_peak_3d_F8,delta,norm2,XGBoost,0.56,0.5448,0.53,0.5071
F_median_3d_Fz,alpha,None,Logistic Regression,0.5133,0.526,0.47,0.5071
F_mean_3d_T7,beta,None,KNN,0.9867,0.7041,0.55,0.5071
F_mean_3d_C4,delta,None,KNN,0.98,0.7039,0.5,0.5071
F_dasm_3d_10rm,beta,None,XGBoost,0.82,0.6853,0.53,0.5071
F_mean_3d_Fp2,gamma,norm3,Linear SVM,0.5,0.4995,0.49,0.5071
F_median_3d_Cz,delta,norm3,Linear SVM,0.5067,0.5064,0.52,0.5071
F_peak_3d_F7,beta,None,Ensemble (Majority Vote),0.72,0.6064,0.5,0.5071
F_rasm_3d19,gamma,norm3,Linear SVM,0.5667,0.5464,0.53,0.5071
F_de_3d_3area,delta,None,Random Forest,0.7133,0.6159,0.56,0.5071
F_median_3d_C4,gamma,norm2,Random Forest,0.7333,0.5862,0.49,0.5071
F_median_3d_1area,beta,norm2,Random Forest,0.7133,0.583,0.48,0.5071
F_rasm_3d_8rm,theta,norm2,KNN,0.9733,0.7432,0.52,0.5071
F_de_3d_Cz,beta,norm3,Ensemble (Majority Vote),0.7067,0.6154,0.49,0.5071
F_dasm_3d_10rm,gamma,norm2,Linear SVM,0.4733,0.4885,0.55,0.5071
F_median_3d_F3,delta,norm2,Random Forest,0.76,0.5952,0.48,0.5071
F_median_3d_F8,theta,norm3,Random Forest,0.84,0.5986,0.55,0.5071
F_de_3d_3area,theta,norm3,Logistic Regression,0.56,0.5299,0.53,0.5071
F_de_3d19,beta,norm2,Linear SVM,0.4533,0.4961,0.52,0.5071
F_de_3d_3area,alpha,norm3,Ensemble (Majority Vote),0.7933,0.64,0.54,0.5071
F_mean_3d_F3,all,norm2,Linear SVM,0.5,0.5014,0.55,0.5071
F_peak_3d_Fp1,beta,None,Linear SVM,0.5667,0.5469,0.5,0.5071
F_rasm_3d_10rm,gamma,norm3,Random Forest,0.8067,0.7009,0.59,0.5071
F_de_3d_Fp1,all,norm2,Random Forest,0.8867,0.6623,0.5,0.5071
F_median_3d_Fp2,gamma,None,XGBoost,0.6933,0.6025,0.5,0.5071
F_median_3d,all,None,Linear SVM,0.8467,0.7372,0.48,0.5071
F_peak_3d_T7,beta,norm2,Linear SVM,0.54,0.5161,0.48,0.5071
F_mean_3d_Cz,alpha,norm3,Linear SVM,0.5067,0.4991,0.51,0.5071
F_de_3d,gamma,norm3,XGBoost,0.88,0.7274,0.51,0.5071
F_mean_3d_Cz,alpha,norm2,Linear SVM,0.5067,0.4991,0.51,0.5071
F_peak_3d_Cz,alpha,norm2,XGBoost,0.6067,0.5623,0.53,0.5071
F_median_3d_T7,beta,None,Ensemble (Majority Vote),0.7333,0.6207,0.5,0.5071
F_peak_3d_C4,gamma,None,Ensemble (Majority Vote),0.72,0.6269,0.56,0.5071
F_median_3d,theta,None,Linear SVM,0.6667,0.5956,0.49,0.5071
F_de_3d_Fp1,alpha,None,Ensemble (Majority Vote),0.7467,0.6384,0.49,0.5071
F_mean_3d_3area,gamma,norm2,XGBoost,0.6867,0.5756,0.49,0.5071
F_median_3d_C4,gamma,norm3,Random Forest,0.7333,0.5862,0.49,0.5071
F_mean_3d_Fp1,beta,norm2,XGBoost,0.6067,0.5549,0.5,0.5071
F_rasm_3d19,delta,norm2,Ensemble (Majority Vote),0.9733,0.7924,0.52,0.5071
F_mean_3d_8rm,all,norm2,XGBoost,1.0,0.811,0.46,0.5071
F_dasm_3d19,all,norm3,XGBoost,1.0,0.9777,0.51,0.5071
F_de_3d_1area,alpha,norm3,Linear SVM,0.5,0.5009,0.52,0.5071
F_peak_3d_1area,all,norm2,Ensemble (Majority Vote),0.9,0.6816,0.47,0.5071
F_dasm_3d_8rm,delta,norm2,KNN,1.0,0.6977,0.53,0.5071
F_de_3d_Cz,beta,norm2,Ensemble (Majority Vote),0.7067,0.6154,0.49,0.5071
F_median_3d_F3,delta,norm3,Random Forest,0.76,0.5952,0.48,0.5071
F_dasm_3d_8rm,delta,norm2,Linear SVM,0.5,0.5085,0.52,0.5071
F_median_3d19,gamma,None,Logistic Regression,0.7133,0.6143,0.52,0.5071
F_peak_3d_10rm,beta,norm3,KNN,0.9733,0.7736,0.53,0.5071
F_peak_3d_Cz,alpha,norm3,XGBoost,0.6067,0.5623,0.53,0.5071
F_rasm_3d_10rm,theta,None,Logistic Regression,0.4867,0.4867,0.5,0.5071
F_de_3d_Fp1,delta,norm3,KNN,0.9867,0.6952,0.53,0.5071
F_median_3d_F3,gamma,None,Logistic Regression,0.52,0.5069,0.53,0.5071
F_mean_3d_Fp1,beta,norm3,XGBoost,0.6067,0.5549,0.5,0.5071
F_peak_3d_F7,all,None,Ensemble (Majority Vote),0.8333,0.7044,0.52,0.5071
F_peak_3d_C3,theta,norm3,Random Forest,0.82,0.5947,0.57,0.5071
F_median_3d_T7,beta,norm2,KNN,0.9867,0.6894,0.5,0.5071
F_peak_3d_C3,theta,norm2,Random Forest,0.82,0.5947,0.57,0.5071
F_median_3d_T7,beta,norm3,KNN,0.9867,0.6894,0.5,0.5071
F_dasm_3d,delta,norm3,Ensemble (Majority Vote),0.82,0.7053,0.46,0.5071
F_peak_3d_Cz,theta,norm3,Linear SVM,0.4933,0.5009,0.5,0.5071
F_de_3d_Fp1,delta,norm2,KNN,0.9867,0.6952,0.53,0.5071
F_median_3d_F8,theta,norm2,Random Forest,0.84,0.5986,0.55,0.5071
F_de_3d_1area,alpha,norm2,Linear SVM,0.5,0.5009,0.52,0.5071
F_peak_3d_C3,all,None,Logistic Regression,0.6267,0.5818,0.52,0.5071
F_dasm_3d_10rm,gamma,norm3,KNN,0.96,0.7439,0.53,0.5071
F_dasm_3d_3area,delta,None,XGBoost,0.68,0.6025,0.52,0.5071
F_rasm_3d19,gamma,norm2,Linear SVM,0.4667,0.506,0.53,0.5071
F_de_3d_F4,all,norm2,Ensemble (Majority Vote),0.84,0.6761,0.53,0.5071
F_mean_3d_Fp1,alpha,None,Ensemble (Majority Vote),0.72,0.6182,0.53,0.5071
F_mean_3d_3area,gamma,None,Logistic Regression,0.54,0.5437,0.51,0.5071
F_peak_3d_C3,delta,None,Logistic Regression,0.52,0.5083,0.52,0.5071
F_median_3d_F7,alpha,None,Random Forest,0.6733,0.5993,0.48,0.5071
F_median_3d_10rm,gamma,norm2,Random Forest,0.8467,0.6662,0.48,0.5071
F_median_3d_F7,alpha,None,Logistic Regression,0.52,0.5161,0.5,0.5071
F_median_3d_F7,alpha,None,Linear SVM,0.52,0.5156,0.5,0.5071
F_median_3d_3area,delta,None,Linear SVM,0.6067,0.5503,0.51,0.5071
F_peak_3d_C3,gamma,norm3,XGBoost,0.6667,0.5533,0.43,0.5071
F_de_3d_C4,delta,norm2,Ensemble (Majority Vote),0.7733,0.6184,0.49,0.5071
F_mean_3d_F3,gamma,norm2,Ensemble (Majority Vote),0.8133,0.6234,0.53,0.5071
F_mean_3d_F3,gamma,norm3,Ensemble (Majority Vote),0.8133,0.6234,0.53,0.5071
F_peak_3d_10rm,alpha,norm2,Random Forest,0.8533,0.6568,0.56,0.5071
F_dasm_3d_10rm,delta,norm3,Linear SVM,0.6333,0.6025,0.51,0.5071
F_peak_3d_1area,gamma,norm3,Random Forest,0.7667,0.5869,0.51,0.5071
F_peak_3d_F7,all,norm3,Logistic Regression,0.6533,0.6053,0.52,0.5071
F_peak_3d_F8,alpha,norm2,XGBoost,0.7267,0.5653,0.54,0.5071
F_de_3d_F8,delta,norm3,KNN,0.9733,0.691,0.56,0.5071
F_median_3d_Cz,delta,norm2,Linear SVM,0.5067,0.5064,0.52,0.5071
F_de_3d_T8,theta,norm2,Linear SVM,0.5,0.4947,0.5,0.5071
F_peak_3d_1area,theta,norm2,Random Forest,0.8067,0.5857,0.52,0.5071
F_median_3d_10rm,alpha,norm2,Linear SVM,0.5267,0.5046,0.54,0.5071
F_peak_3d_F3,alpha,None,Ensemble (Majority Vote),0.6333,0.6255,0.53,0.5071
F_median_3d,theta,None,KNN,0.9933,0.7814,0.51,0.5071
F_median_3d_F3,delta,None,Random Forest,0.7467,0.6011,0.51,0.5071
F_de_3d_T8,theta,norm3,Linear SVM,0.5,0.4947,0.5,0.5071
F_mean_3d_C3,alpha,None,Random Forest,0.6533,0.5871,0.52,0.5071
F_de_3d_F7,alpha,norm2,Linear SVM,0.4933,0.5018,0.54,0.5071
F_median_3d_T8,theta,norm3,XGBoost,0.5867,0.5552,0.51,0.5071
F_peak_3d_Cz,theta,norm2,Linear SVM,0.4933,0.5009,0.5,0.5071
F_rasm_3d_8rm,gamma,norm2,XGBoost,0.8267,0.6754,0.49,0.5071
F_mean_3d_C3,all,norm3,XGBoost,0.9067,0.6915,0.49,0.5071
F_mean_3d_F3,beta,norm3,XGBoost,0.58,0.546,0.53,0.5071
F_median_3d_Cz,beta,norm3,Linear SVM,0.5,0.4995,0.49,0.5071
F_rasm_3d,delta,norm2,XGBoost,0.9533,0.766,0.51,0.5071
F_mean_3d_F3,beta,norm2,XGBoost,0.58,0.546,0.53,0.5071
F_mean_3d_C3,all,norm3,Random Forest,0.7933,0.6575,0.54,0.5071
F_de_3d_10rm,delta,norm2,Random Forest,0.8933,0.6501,0.45,0.5071
F_median_3d_T7,delta,None,XGBoost,0.6533,0.5805,0.54,0.5071
F_mean_3d_C3,all,norm3,KNN,0.98,0.7292,0.5,0.5071
F_peak_3d_T7,beta,norm3,Linear SVM,0.54,0.5161,0.48,0.5071
F_median_3d,delta,norm2,KNN,1.0,0.7087,0.53,0.5071
F_de_3d_2area,beta,norm2,KNN,0.9733,0.692,0.47,0.5071
F_median_3d_1area,beta,norm3,Random Forest,0.7133,0.583,0.48,0.5071
F_de_3d_1area,all,norm2,Ensemble (Majority Vote),0.8533,0.677,0.51,0.5071
F_median_3d_Cz,beta,norm2,Linear SVM,0.5,0.4995,0.49,0.5071
F_dasm_3d19,gamma,None,Logistic Regression,0.68,0.5984,0.51,0.5071
F_mean_3d_3area,beta,norm2,KNN,0.96,0.6989,0.5,0.5071
F_dasm_3d19,gamma,norm3,Linear SVM,0.6867,0.6092,0.5,0.5071
F_mean_3d_1area,beta,norm3,Random Forest,0.8133,0.5924,0.52,0.5057
F_peak_3d_Fp2,beta,None,Random Forest,0.64,0.6005,0.51,0.5057
F_mean_3d_1area,delta,norm2,Random Forest,0.78,0.5943,0.5,0.5057
F_mean_3d_1area,alpha,None,XGBoost,0.68,0.592,0.52,0.5057
F_median_3d_F3,delta,norm2,Linear SVM,0.4933,0.4986,0.52,0.5057
F_peak_3d_C3,beta,norm3,XGBoost,0.5933,0.5536,0.49,0.5057
F_mean_3d_1area,delta,norm3,Random Forest,0.78,0.5943,0.5,0.5057
F_de_3d,theta,norm3,Ensemble (Majority Vote),0.7933,0.7021,0.47,0.5057
F_median_3d_F3,gamma,norm2,Linear SVM,0.4933,0.4947,0.52,0.5057
F_rasm_3d_3area,delta,norm2,XGBoost,0.7533,0.6241,0.55,0.5057
F_median_3d_F3,gamma,norm3,Linear SVM,0.4933,0.4947,0.52,0.5057
F_mean_3d_1area,beta,norm2,Random Forest,0.8133,0.5924,0.52,0.5057
F_median_3d19,gamma,norm3,XGBoost,0.98,0.7991,0.48,0.5057
F_mean_3d_10rm,delta,norm3,XGBoost,0.9267,0.7205,0.54,0.5057
F_median_3d_F3,delta,norm3,Linear SVM,0.4933,0.4986,0.52,0.5057
F_median_3d19,theta,norm2,Ensemble (Majority Vote),0.8333,0.7117,0.51,0.5057
F_mean_3d_C4,gamma,None,Linear SVM,0.5067,0.5189,0.51,0.5057
F_rasm_3d_8rm,theta,norm3,Linear SVM,0.48,0.5225,0.49,0.5057
F_peak_3d_C4,theta,norm3,Random Forest,0.7467,0.577,0.58,0.5057
F_mean_3d_Fz,theta,norm3,KNN,0.9733,0.6878,0.51,0.5057
F_median_3d_1area,gamma,norm2,XGBoost,0.66,0.5591,0.48,0.5057
F_dasm_3d_10rm,gamma,norm2,XGBoost,0.92,0.64,0.52,0.5057
F_median_3d_1area,gamma,norm2,Linear SVM,0.5,0.4986,0.49,0.5057
F_peak_3d_1area,gamma,norm3,Linear SVM,0.5067,0.4979,0.5,0.5057
F_mean_3d_F7,delta,norm3,KNN,0.9867,0.6811,0.52,0.5057
F_dasm_3d_10rm,gamma,norm3,Logistic Regression,0.64,0.5867,0.51,0.5057
F_mean_3d_F7,delta,norm2,KNN,0.9867,0.6811,0.52,0.5057
F_mean_3d_F7,beta,norm3,Random Forest,0.74,0.5933,0.49,0.5057
F_median_3d_3area,theta,norm2,Linear SVM,0.4933,0.4922,0.53,0.5057
F_mean_3d_F7,beta,norm2,Random Forest,0.74,0.5933,0.49,0.5057
F_median_3d_3area,theta,norm2,XGBoost,0.7667,0.5922,0.51,0.5057
F_dasm_3d_10rm,theta,norm2,Linear SVM,0.5067,0.5009,0.51,0.5057
F_mean_3d_F7,alpha,None,Random Forest,0.68,0.5837,0.55,0.5057
F_mean_3d_Cz,theta,norm3,KNN,0.9733,0.6857,0.48,0.5057
F_dasm_3d_10rm,theta,norm3,KNN,0.9733,0.7336,0.49,0.5057
F_mean_3d_T7,alpha,norm2,Linear SVM,0.52,0.5044,0.51,0.5057
F_peak_3d_F4,alpha,None,Ensemble (Majority Vote),0.7133,0.634,0.54,0.5057
F_peak_3d_10rm,theta,None,XGBoost,0.8933,0.7267,0.51,0.5057
F_dasm_3d_3area,all,norm2,KNN,0.98,0.7,0.49,0.5057
F_peak_3d_C4,theta,norm2,Random Forest,0.7467,0.577,0.58,0.5057
F_mean_3d_T7,alpha,norm3,Linear SVM,0.52,0.5044,0.51,0.5057
F_median_3d_8rm,beta,norm3,Logistic Regression,0.68,0.594,0.51,0.5057
F_dasm_3d_3area,alpha,norm2,KNN,0.98,0.6952,0.51,0.5057
F_mean_3d_F4,all,norm3,Logistic Regression,0.62,0.5667,0.49,0.5057
F_mean_3d_F4,all,norm3,Linear SVM,0.6267,0.5674,0.49,0.5057
F_dasm_3d19,all,norm2,Random Forest,0.9867,0.8366,0.52,0.5057
F_mean_3d_F3,theta,None,XGBoost,0.6933,0.5998,0.52,0.5057
F_median_3d_1area,gamma,norm3,Linear SVM,0.5,0.4986,0.49,0.5057
F_mean_3d_Fz,theta,norm2,KNN,0.9733,0.6878,0.51,0.5057
F_mean_3d_F8,all,norm3,Linear SVM,0.58,0.5556,0.52,0.5057
F_median_3d_1area,gamma,norm3,XGBoost,0.66,0.5591,0.48,0.5057
F_mean_3d_Fz,alpha,None,KNN,0.9867,0.6972,0.57,0.5057
F_mean_3d_Fz,alpha,norm2,KNN,0.9933,0.6837,0.52,0.5057
F_mean_3d_Fz,alpha,norm3,KNN,0.9933,0.6837,0.52,0.5057
F_dasm_3d19,beta,norm3,Random Forest,0.8133,0.7159,0.51,0.5057
F_mean_3d_Fz,beta,norm2,Random Forest,0.7867,0.5961,0.48,0.5057
F_mean_3d_Fz,beta,norm3,Random Forest,0.7867,0.5961,0.48,0.5057
F_rasm_3d_8rm,delta,norm2,Random Forest,0.7867,0.663,0.5,0.5057
F_mean_3d_Fp2,all,norm3,KNN,0.9867,0.7294,0.51,0.5057
F_peak_3d_1area,beta,norm3,Linear SVM,0.5467,0.509,0.51,0.5057
F_peak_3d_1area,beta,norm3,KNN,0.9667,0.6848,0.51,0.5057
F_median_3d_2area,delta,norm3,Logistic Regression,0.5533,0.5384,0.48,0.5057
F_peak_3d_1area,beta,norm2,Linear SVM,0.5467,0.509,0.51,0.5057
F_peak_3d_1area,beta,norm2,KNN,0.9667,0.6848,0.51,0.5057
F_peak_3d_F4,theta,norm2,Linear SVM,0.5,0.4984,0.5,0.5057
F_mean_3d_Fp1,gamma,norm3,Linear SVM,0.4867,0.4991,0.51,0.5057
F_mean_3d_Fp1,gamma,norm2,Linear SVM,0.4867,0.4991,0.51,0.5057
F_peak_3d_1area,alpha,norm3,XGBoost,0.6467,0.5605,0.5,0.5057
F_peak_3d_F4,theta,norm3,Linear SVM,0.5,0.4984,0.5,0.5057
F_peak_3d_F7,all,None,Random Forest,0.7933,0.6828,0.51,0.5057
F_peak_3d_1area,alpha,norm3,KNN,0.9667,0.6885,0.55,0.5057
F_peak_3d_1area,alpha,norm2,XGBoost,0.6467,0.5605,0.5,0.5057
F_median_3d_3area,all,norm2,Linear SVM,0.5133,0.5076,0.49,0.5057
F_peak_3d_1area,alpha,norm2,KNN,0.9667,0.6885,0.55,0.5057
F_mean_3d_F8,gamma,norm3,Linear SVM,0.5,0.4982,0.53,0.5057
F_mean_3d_F8,gamma,norm2,Linear SVM,0.5,0.4982,0.53,0.5057
F_peak_3d_Cz,alpha,None,Random Forest,0.6267,0.586,0.48,0.5057
F_peak_3d_1area,gamma,norm2,Linear SVM,0.5067,0.4979,0.5,0.5057
F_peak_3d_F4,all,norm2,KNN,0.98,0.7002,0.51,0.5057
F_mean_3d_Cz,theta,norm2,KNN,0.9733,0.6857,0.48,0.5057
F_median_3d_F3,all,None,KNN,0.98,0.7517,0.49,0.5057
F_median_3d_Cz,delta,norm2,Random Forest,0.8133,0.5956,0.44,0.5057
F_mean_3d_8rm,gamma,norm3,KNN,0.9733,0.7462,0.56,0.5057
F_peak_3d_Fp1,alpha,norm2,KNN,0.9733,0.6821,0.48,0.5057
F_peak_3d_Fp1,alpha,norm3,KNN,0.9733,0.6821,0.48,0.5057
F_peak_3d_Cz,theta,norm3,Random Forest,0.7267,0.594,0.56,0.5057
F_median_3d_10rm,delta,norm2,KNN,0.98,0.6959,0.49,0.5057
F_mean_3d_3area,theta,norm2,KNN,0.9733,0.6979,0.51,0.5057
F_peak_3d_Fp1,beta,norm2,Linear SVM,0.5,0.5064,0.49,0.5057
F_peak_3d_10rm,all,None,Random Forest,0.8533,0.7559,0.48,0.5057
F_peak_3d_Fp1,beta,norm3,Linear SVM,0.5,0.5064,0.49,0.5057
F_median_3d_Cz,alpha,norm2,Ensemble (Majority Vote),0.76,0.6198,0.51,0.5057
F_median_3d_Cz,alpha,norm3,Ensemble (Majority Vote),0.76,0.6198,0.51,0.5057
F_peak_3d_2area,all,norm2,Linear SVM,0.5467,0.5087,0.52,0.5057
F_rasm_3d_3area,theta,None,Random Forest,0.7,0.5793,0.53,0.5057
F_peak_3d_Fp1,theta,norm2,Linear SVM,0.52,0.497,0.5,0.5057
F_mean_3d_Cz,beta,norm3,Linear SVM,0.5267,0.5021,0.49,0.5057
F_median_3d_Cz,delta,norm3,Random Forest,0.8133,0.5956,0.44,0.5057
F_peak_3d_Fp1,theta,norm3,Linear SVM,0.52,0.497,0.5,0.5057
F_mean_3d_2area,gamma,norm3,KNN,0.9533,0.7014,0.47,0.5057
F_de_3d,alpha,norm3,Logistic Regression,0.6533,0.6145,0.5,0.5057
F_peak_3d19,gamma,None,Random Forest,0.7933,0.6908,0.55,0.5057
F_median_3d_10rm,all,norm3,Random Forest,0.9,0.7559,0.5,0.5057
F_median_3d_Cz,theta,norm2,KNN,0.9867,0.6878,0.45,0.5057
F_dasm_3d,alpha,norm2,Linear SVM,0.5133,0.5067,0.51,0.5057
F_peak_3d19,delta,norm2,XGBoost,0.9533,0.7345,0.51,0.5057
F_mean_3d_2area,all,norm2,XGBoost,0.9533,0.6793,0.51,0.5057
F_mean_3d_2area,all,norm2,Linear SVM,0.5267,0.503,0.54,0.5057
F_median_3d_Cz,theta,norm3,KNN,0.9867,0.6878,0.45,0.5057
F_rasm_3d_3area,delta,norm3,XGBoost,0.7533,0.6241,0.55,0.5057
F_peak_3d_Cz,theta,norm2,Random Forest,0.7267,0.594,0.56,0.5057
F_median_3d_C4,gamma,None,Ensemble (Majority Vote),0.7,0.6205,0.49,0.5057
F_mean_3d_8rm,gamma,norm3,XGBoost,0.7933,0.6761,0.51,0.5057
F_median_3d,all,norm2,Ensemble (Majority Vote),0.94,0.7802,0.51,0.5057
F_mean_3d_Cz,beta,norm2,Linear SVM,0.5267,0.5021,0.49,0.5057
F_peak_3d_F8,all,norm3,Random Forest,0.8333,0.6678,0.5,0.5057
F_peak_3d_C4,beta,norm3,Linear SVM,0.4867,0.5067,0.5,0.5057
F_median_3d_C3,delta,norm2,Random Forest,0.7267,0.5885,0.46,0.5057
F_mean_3d_T8,all,norm3,KNN,0.98,0.7248,0.48,0.5057
F_peak_3d_F8,alpha,norm2,Random Forest,0.7067,0.5846,0.49,0.5057
F_median_3d_C3,delta,norm3,Random Forest,0.7267,0.5885,0.46,0.5057
F_peak_3d_C4,beta,norm2,Linear SVM,0.4867,0.5067,0.5,0.5057
F_peak_3d_F8,alpha,norm3,Random Forest,0.7067,0.5846,0.49,0.5057
F_mean_3d_C4,gamma,norm3,XGBoost,0.56,0.5416,0.48,0.5057
F_mean_3d_C4,gamma,norm2,XGBoost,0.56,0.5416,0.48,0.5057
F_dasm_3d_3area,theta,None,Logistic Regression,0.5333,0.5191,0.52,0.5057
F_mean_3d_T8,beta,None,Linear SVM,0.5267,0.5205,0.52,0.5057
F_mean_3d_C4,alpha,norm3,Linear SVM,0.52,0.4975,0.6,0.5057
F_mean_3d_C4,alpha,norm2,Linear SVM,0.52,0.4975,0.6,0.5057
F_mean_3d_T8,beta,norm2,KNN,0.96,0.6825,0.53,0.5057
F_peak_3d_F8,delta,None,Linear SVM,0.5,0.5037,0.56,0.5057
F_peak_3d_F8,delta,norm2,Ensemble (Majority Vote),0.74,0.6053,0.5,0.5057
F_mean_3d_T8,beta,norm3,KNN,0.96,0.6825,0.53,0.5057
F_peak_3d_F8,delta,norm3,Ensemble (Majority Vote),0.74,0.6053,0.5,0.5057
F_peak_3d_10rm,alpha,norm3,Linear SVM,0.66,0.5938,0.52,0.5057
F_mean_3d_C3,theta,None,Random Forest,0.6467,0.5878,0.5,0.5057
F_dasm_3d_8rm,alpha,None,KNN,0.9667,0.7322,0.51,0.5057
F_dasm_3d,gamma,None,Logistic Regression,0.64,0.597,0.48,0.5057
F_mean_3d_T8,theta,norm2,KNN,1.0,0.6945,0.53,0.5057
F_mean_3d_T8,theta,norm3,KNN,1.0,0.6945,0.53,0.5057
F_peak_3d_Fp1,all,norm2,Linear SVM,0.5133,0.4917,0.51,0.5057
F_dasm_3d_3area,alpha,norm3,KNN,0.98,0.6952,0.51,0.5057
F_median_3d_F3,all,norm2,KNN,0.9533,0.6857,0.54,0.5057
F_de_3d_8rm,gamma,norm2,Linear SVM,0.4667,0.4991,0.5,0.5057
F_mean_3d,alpha,norm2,Random Forest,0.8267,0.6724,0.52,0.5057
F_rasm_3d,all,None,KNN,0.9667,0.7152,0.49,0.5057
F_de_3d_1area,gamma,None,XGBoost,0.6533,0.5917,0.51,0.5057
F_peak_3d_T7,gamma,None,XGBoost,0.6933,0.5963,0.49,0.5057
F_peak_3d_T7,gamma,None,Random Forest,0.6733,0.5993,0.5,0.5057
F_de_3d_Cz,delta,None,XGBoost,0.6667,0.5908,0.54,0.5057
F_peak_3d_C3,beta,None,Linear SVM,0.5,0.5159,0.52,0.5057
F_de_3d_C3,gamma,norm2,Ensemble (Majority Vote),0.7667,0.6166,0.53,0.5057
F_de_3d_C3,gamma,norm3,Ensemble (Majority Vote),0.7667,0.6166,0.53,0.5057
F_peak_3d_T8,beta,norm2,Linear SVM,0.4933,0.508,0.5,0.5057
F_de_3d_F4,theta,norm3,XGBoost,0.5867,0.5556,0.48,0.5057
F_de_3d_10rm,theta,norm2,Ensemble (Majority Vote),0.84,0.6754,0.5,0.5057
F_de_3d_Cz,delta,norm3,Linear SVM,0.4933,0.4938,0.53,0.5057
F_median_3d_Fz,alpha,norm3,XGBoost,0.62,0.5609,0.51,0.5057
F_de_3d_Fp1,theta,norm3,Linear SVM,0.5,0.5,0.49,0.5057
F_de_3d_F4,theta,norm2,XGBoost,0.5867,0.5556,0.48,0.5057
F_de_3d_C4,theta,norm3,Linear SVM,0.4933,0.506,0.51,0.5057
F_de_3d_2area,beta,None,KNN,0.96,0.7076,0.52,0.5057
F_de_3d_C4,theta,norm2,Linear SVM,0.4933,0.506,0.51,0.5057
F_de_3d_F4,theta,None,Linear SVM,0.4933,0.5115,0.5,0.5057
F_peak_3d_8rm,theta,None,Logistic Regression,0.62,0.5731,0.51,0.5057
F_de_3d_F3,delta,None,XGBoost,0.6733,0.5926,0.5,0.5057
F_rasm_3d19,alpha,norm3,Ensemble (Majority Vote),0.9,0.7543,0.49,0.5057
F_median_3d_Fp1,theta,norm2,Linear SVM,0.4867,0.4963,0.51,0.5057
F_rasm_3d,alpha,None,KNN,0.9867,0.7234,0.52,0.5057
F_median_3d_Fz,beta,norm3,XGBoost,0.52,0.5474,0.5,0.5057
F_de_3d_8rm,delta,norm3,Ensemble (Majority Vote),0.8267,0.7071,0.52,0.5057
F_median_3d_F7,all,norm2,Linear SVM,0.5267,0.5025,0.48,0.5057
F_median_3d_Fp1,theta,norm3,Linear SVM,0.4867,0.4963,0.51,0.5057
F_peak_3d_T7,all,None,KNN,0.9667,0.7623,0.54,0.5057
F_peak_3d_8rm,all,norm3,Logistic Regression,0.84,0.7113,0.49,0.5057
F_median_3d_T8,theta,norm2,Ensemble (Majority Vote),0.7467,0.6051,0.52,0.5057
F_peak_3d_T7,gamma,norm2,Random Forest,0.7667,0.5915,0.52,0.5057
F_de_3d_Fp2,beta,None,XGBoost,0.6467,0.5901,0.5,0.5057
F_de_3d_Fp1,gamma,None,Ensemble (Majority Vote),0.7333,0.6267,0.52,0.5057
F_de_3d19,gamma,norm2,KNN,0.9467,0.7092,0.52,0.5057
F_de_3d_Fp1,theta,norm2,Linear SVM,0.5,0.5,0.49,0.5057
F_de_3d_Cz,delta,None,Random Forest,0.68,0.5929,0.53,0.5057
F_de_3d_F3,gamma,norm3,Linear SVM,0.4867,0.4984,0.49,0.5057
F_median_3d_Fp2,alpha,None,Random Forest,0.6667,0.592,0.53,0.5057
F_peak_3d_T8,beta,norm3,Linear SVM,0.4933,0.508,0.5,0.5057
F_de_3d_F7,theta,norm2,Linear SVM,0.48,0.5005,0.48,0.5057
F_median_3d_Fz,beta,norm2,XGBoost,0.52,0.5474,0.5,0.5057
F_rasm_3d,beta,None,Linear SVM,0.4333,0.4726,0.53,0.5057
F_de_3d_1area,gamma,norm2,XGBoost,0.6333,0.5589,0.51,0.5057
F_de_3d_Fp2,gamma,None,Ensemble (Majority Vote),0.74,0.6159,0.54,0.5057
F_de_3d_F7,theta,norm3,Linear SVM,0.48,0.5005,0.48,0.5057
F_peak_3d_T7,gamma,norm3,Random Forest,0.7667,0.5915,0.52,0.5057
F_peak_3d,gamma,norm2,Linear SVM,0.48,0.4947,0.5,0.5057
F_de_3d_10rm,theta,norm3,Logistic Regression,0.6667,0.5878,0.5,0.5057
F_peak_3d_8rm,beta,norm2,Ensemble (Majority Vote),0.8467,0.6591,0.5,0.5057
F_median_3d_T8,gamma,norm3,XGBoost,0.6933,0.5655,0.53,0.5057
F_de_3d_C3,theta,norm2,Linear SVM,0.5267,0.5087,0.5,0.5057
F_de_3d_C3,theta,norm3,Linear SVM,0.5267,0.5087,0.5,0.5057
F_peak_3d_Fz,all,None,Logistic Regression,0.64,0.5846,0.47,0.5057
F_median_3d_Fz,alpha,norm2,XGBoost,0.62,0.5609,0.51,0.5057
F_median_3d_T8,gamma,norm2,XGBoost,0.6933,0.5655,0.53,0.5057
F_peak_3d_3area,alpha,norm2,XGBoost,0.7533,0.5977,0.49,0.5057
F_de_3d_F4,alpha,None,Ensemble (Majority Vote),0.7067,0.6175,0.52,0.5057
F_de_3d_Fz,gamma,None,Linear SVM,0.48,0.506,0.53,0.5057
F_de_3d_C3,all,None,Random Forest,0.7467,0.6634,0.48,0.5057
F_mean_3d,delta,norm2,Linear SVM,0.5067,0.4949,0.46,0.5057
F_peak_3d_3area,delta,norm2,Random Forest,0.86,0.6087,0.5,0.5057
F_mean_3d_10rm,alpha,None,Random Forest,0.7067,0.6589,0.54,0.5057
F_de_3d_Fz,gamma,norm2,KNN,0.9867,0.7005,0.56,0.5057
F_de_3d_T7,alpha,norm3,Random Forest,0.7067,0.5869,0.51,0.5057
F_de_3d_Fz,gamma,norm3,KNN,0.9867,0.7005,0.56,0.5057
F_peak_3d_T8,alpha,None,KNN,0.9667,0.6963,0.46,0.5057
F_de_3d_10rm,delta,norm2,KNN,0.9733,0.7002,0.54,0.5057
F_de_3d_F8,theta,norm3,Linear SVM,0.5,0.5021,0.52,0.5057
F_de_3d_F3,gamma,norm2,Linear SVM,0.4867,0.4984,0.49,0.5057
F_de_3d_F8,theta,norm2,Linear SVM,0.5,0.5021,0.52,0.5057
F_de_3d_T7,all,norm2,Ensemble (Majority Vote),0.82,0.6731,0.52,0.5057
F_de_3d_T7,alpha,norm2,Random Forest,0.7067,0.5869,0.51,0.5057
F_mean_3d19,alpha,norm3,Ensemble (Majority Vote),0.8933,0.7469,0.5,0.5057
F_de_3d_F4,beta,None,KNN,0.9467,0.6949,0.53,0.5057
F_de_3d_8rm,theta,norm3,XGBoost,0.8333,0.6841,0.52,0.5057
F_de_3d_F4,delta,norm2,Ensemble (Majority Vote),0.7267,0.6048,0.54,0.5057
F_rasm_3d_10rm,delta,norm2,Random Forest,0.84,0.6749,0.51,0.5057
F_median_3d_T8,theta,norm3,Ensemble (Majority Vote),0.7467,0.6051,0.52,0.5057
F_peak_3d,alpha,norm2,Linear SVM,0.5133,0.5028,0.5,0.5057
F_de_3d_F4,gamma,norm3,KNN,0.9867,0.6975,0.53,0.5057
F_rasm_3d_10rm,theta,norm2,Linear SVM,0.54,0.5083,0.56,0.5057
F_mean_3d19,alpha,norm3,Logistic Regression,0.7267,0.6418,0.49,0.5057
F_de_3d_Cz,delta,norm2,Linear SVM,0.4933,0.4938,0.53,0.5057
F_peak_3d_Fz,theta,norm3,Random Forest,0.8,0.5871,0.49,0.5057
F_rasm_3d19,gamma,None,XGBoost,0.96,0.7444,0.51,0.5057
F_median_3d_T8,all,norm3,KNN,0.96,0.726,0.49,0.5057
F_de_3d_F4,delta,norm3,Ensemble (Majority Vote),0.7267,0.6048,0.54,0.5057
F_de_3d_10rm,beta,norm2,Linear SVM,0.5133,0.5097,0.52,0.5057
F_de_3d_F8,beta,norm2,Ensemble (Majority Vote),0.7,0.6085,0.53,0.5057
F_de_3d_F4,gamma,norm2,KNN,0.9867,0.6975,0.53,0.5057
F_de_3d_F8,beta,norm3,Ensemble (Majority Vote),0.7,0.6085,0.53,0.5057
F_peak_3d_C3,beta,norm2,XGBoost,0.5933,0.5536,0.49,0.5057
F_de_3d_F4,all,norm3,Linear SVM,0.62,0.5676,0.5,0.5057
F_mean_3d,beta,norm3,Logistic Regression,0.6733,0.5929,0.52,0.5057
F_peak_3d,theta,norm2,Ensemble (Majority Vote),0.8467,0.6876,0.54,0.5057
F_peak_3d_T8,all,norm3,KNN,0.9667,0.7416,0.51,0.5057
F_peak_3d,delta,None,Ensemble (Majority Vote),0.8667,0.7297,0.53,0.5057
F_de_3d_1area,gamma,norm3,XGBoost,0.6333,0.5589,0.51,0.5057
F_peak_3d_Fz,theta,norm2,Random Forest,0.8,0.5871,0.49,0.5057
F_mean_3d_Fz,alpha,norm2,Random Forest,0.7467,0.5899,0.51,0.5043
F_peak_3d_8rm,gamma,None,Linear SVM,0.64,0.6099,0.53,0.5043
F_mean_3d_Fz,alpha,norm3,Random Forest,0.7467,0.5899,0.51,0.5043
F_mean_3d_T8,theta,norm3,Linear SVM,0.5,0.5041,0.49,0.5043
F_median_3d_Fz,alpha,norm2,Random Forest,0.8533,0.5993,0.52,0.5043
F_mean_3d_T8,theta,norm2,Linear SVM,0.5,0.5041,0.49,0.5043
F_median_3d_Cz,delta,norm2,KNN,0.9933,0.6887,0.49,0.5043
F_de_3d_T7,beta,None,Logistic Regression,0.54,0.5345,0.52,0.5043
F_de_3d_3area,beta,norm2,KNN,0.98,0.6903,0.51,0.5043
F_dasm_3d,delta,norm2,Linear SVM,0.4867,0.5011,0.53,0.5043
F_median_3d_2area,beta,norm2,Ensemble (Majority Vote),0.78,0.6062,0.54,0.5043
F_peak_3d_F3,gamma,norm2,Linear SVM,0.4667,0.4956,0.54,0.5043
F_peak_3d_Fp2,all,norm2,Ensemble (Majority Vote),0.8467,0.6657,0.54,0.5043
F_mean_3d_2area,beta,norm2,Linear SVM,0.5133,0.5023,0.51,0.5043
F_median_3d_10rm,delta,norm2,XGBoost,0.92,0.6759,0.45,0.5043
F_peak_3d_8rm,delta,norm3,KNN,0.9867,0.7775,0.54,0.5043
F_median_3d_Fp1,all,norm3,Logistic Regression,0.64,0.5821,0.51,0.5043
F_mean_3d_T7,theta,norm2,KNN,0.9933,0.6903,0.49,0.5043
F_de_3d_F3,all,None,Random Forest,0.76,0.6743,0.52,0.5043
F_de_3d19,gamma,None,Linear SVM,0.6933,0.6228,0.5,0.5043
F_median_3d_F8,theta,norm3,XGBoost,0.5267,0.554,0.51,0.5043
F_peak_3d19,gamma,norm3,KNN,0.9933,0.8147,0.52,0.5043
F_median_3d_Cz,delta,norm3,KNN,0.9933,0.6887,0.49,0.5043
F_peak_3d_Cz,beta,norm2,Linear SVM,0.5,0.5002,0.52,0.5043
F_mean_3d_F3,all,None,Ensemble (Majority Vote),0.8267,0.6867,0.53,0.5043
F_median_3d_C3,all,norm3,KNN,0.96,0.7329,0.52,0.5043
F_de_3d_C3,all,norm3,XGBoost,0.88,0.7002,0.54,0.5043
F_peak_3d_2area,gamma,norm2,Linear SVM,0.5133,0.5062,0.55,0.5043
F_median_3d,all,norm3,Logistic Regression,0.82,0.723,0.5,0.5043
F_peak_3d_C3,alpha,None,Random Forest,0.6267,0.588,0.47,0.5043
F_median_3d_F7,all,norm2,Ensemble (Majority Vote),0.8467,0.672,0.56,0.5043
F_de_3d_Fp1,delta,norm2,Linear SVM,0.5067,0.4945,0.53,0.5043
F_de_3d_Fp1,delta,norm3,Linear SVM,0.5067,0.4945,0.53,0.5043
F_peak_3d_Cz,beta,norm3,Linear SVM,0.5,0.5002,0.52,0.5043
F_median_3d_F8,theta,norm2,XGBoost,0.5267,0.554,0.51,0.5043
F_median_3d_F8,gamma,norm2,Linear SVM,0.5067,0.4952,0.5,0.5043
F_peak_3d_F3,gamma,norm3,Linear SVM,0.4667,0.4956,0.54,0.5043
F_de_3d_10rm,beta,norm2,KNN,0.98,0.7044,0.53,0.5043
F_mean_3d_8rm,beta,norm2,Linear SVM,0.5,0.5028,0.5,0.5043
F_median_3d_C4,alpha,norm3,Random Forest,0.8267,0.594,0.52,0.5043
F_median_3d_C4,theta,norm3,Random Forest,0.8133,0.5915,0.51,0.5043
F_de_3d_2area,theta,norm2,KNN,0.9933,0.6915,0.51,0.5043
F_median_3d_F7,theta,None,Ensemble (Majority Vote),0.7333,0.6223,0.49,0.5043
F_peak_3d_8rm,theta,norm2,Random Forest,0.88,0.6736,0.54,0.5043
F_rasm_3d19,theta,None,Linear SVM,0.54,0.5108,0.51,0.5043
F_median_3d_C4,theta,norm2,Random Forest,0.8133,0.5915,0.51,0.5043
F_mean_3d_C3,gamma,norm2,Ensemble (Majority Vote),0.7733,0.6149,0.48,0.5043
F_median_3d_C4,alpha,norm2,Random Forest,0.8267,0.594,0.52,0.5043
F_de_3d_C4,gamma,None,XGBoost,0.6,0.5897,0.52,0.5043
F_mean_3d_C3,gamma,norm3,Ensemble (Majority Vote),0.7733,0.6149,0.48,0.5043
F_de_3d_Fz,all,norm2,XGBoost,0.86,0.6228,0.46,0.5043
F_de_3d_Fz,all,norm2,KNN,0.96,0.6933,0.5,0.5043
F_mean_3d_T8,all,norm3,Logistic Regression,0.6133,0.5545,0.53,0.5043
F_mean_3d_T8,all,norm3,Linear SVM,0.5867,0.5559,0.51,0.5043
F_peak_3d_C4,alpha,norm2,Random Forest,0.7867,0.5899,0.51,0.5043
F_median_3d_F8,alpha,None,Ensemble (Majority Vote),0.7133,0.6097,0.46,0.5043
F_peak_3d_T7,beta,None,Logistic Regression,0.5667,0.5352,0.51,0.5043
F_median_3d_F8,all,norm3,Ensemble (Majority Vote),0.8133,0.6586,0.55,0.5043
F_median_3d_C4,delta,norm3,KNN,0.9933,0.6885,0.51,0.5043
F_mean_3d_T7,theta,norm3,KNN,0.9933,0.6903,0.49,0.5043
F_dasm_3d_8rm,beta,None,Ensemble (Majority Vote),0.7067,0.6552,0.5,0.5043
F_median_3d_C4,delta,norm2,KNN,0.9933,0.6885,0.51,0.5043
F_median_3d_C4,delta,None,KNN,0.9733,0.6945,0.52,0.5043
F_median_3d_C4,theta,None,XGBoost,0.64,0.5664,0.49,0.5043
F_de_3d_Fz,gamma,None,Random Forest,0.6733,0.5899,0.54,0.5043
F_de_3d_Fz,gamma,None,Logistic Regression,0.4867,0.5053,0.53,0.5043
F_de_3d_T7,beta,None,Linear SVM,0.5533,0.5343,0.52,0.5043
F_mean_3d_8rm,delta,norm2,Ensemble (Majority Vote),0.8733,0.6745,0.52,0.5043
F_rasm_3d,gamma,norm3,XGBoost,0.88,0.7497,0.49,0.5043
F_rasm_3d,theta,None,Linear SVM,0.5067,0.4991,0.52,0.5043
F_dasm_3d,theta,norm2,Linear SVM,0.52,0.5101,0.51,0.5043
F_de_3d_Fp2,theta,norm3,Linear SVM,0.5133,0.5037,0.52,0.5043
F_de_3d_Fp2,all,norm2,Ensemble (Majority Vote),0.8267,0.6674,0.54,0.5043
F_median_3d_Cz,beta,norm2,KNN,0.9733,0.6862,0.5,0.5043
F_de_3d_Fp2,beta,norm3,Linear SVM,0.5267,0.5106,0.54,0.5043
F_mean_3d_F3,delta,norm3,XGBoost,0.5867,0.5439,0.5,0.5043
F_de_3d_Cz,beta,norm2,XGBoost,0.6867,0.551,0.48,0.5043
F_de_3d_2area,gamma,norm2,KNN,0.98,0.6855,0.51,0.5043
F_de_3d_Fp2,beta,norm2,Linear SVM,0.5267,0.5106,0.54,0.5043
F_de_3d_Cz,beta,norm3,XGBoost,0.6867,0.551,0.48,0.5043
F_peak_3d_Fp1,gamma,None,Ensemble (Majority Vote),0.7533,0.6402,0.52,0.5043
F_mean_3d_3area,delta,norm3,KNN,0.9667,0.7002,0.54,0.5043
F_median_3d_Cz,beta,norm3,KNN,0.9733,0.6862,0.5,0.5043
F_median_3d_Fz,alpha,norm3,Random Forest,0.8533,0.5993,0.52,0.5043
F_median_3d_F8,gamma,norm3,Linear SVM,0.5067,0.4952,0.5,0.5043
F_peak_3d_8rm,gamma,None,XGBoost,0.86,0.7209,0.55,0.5043
F_de_3d_Fp2,all,norm3,XGBoost,0.8533,0.6855,0.5,0.5043
F_de_3d_2area,gamma,None,Logistic Regression,0.5267,0.5317,0.51,0.5043
F_de_3d_Cz,alpha,norm3,Ensemble (Majority Vote),0.68,0.6014,0.48,0.5043
F_de_3d_C3,delta,None,Random Forest,0.64,0.5947,0.46,0.5043
F_median_3d_Cz,all,norm2,Linear SVM,0.5333,0.5023,0.49,0.5043
F_median_3d_1area,all,norm2,Ensemble (Majority Vote),0.7933,0.6763,0.51,0.5043
F_de_3d_Fp2,theta,norm2,Linear SVM,0.5133,0.5037,0.52,0.5043
F_peak_3d_F8,beta,norm3,KNN,0.9733,0.6816,0.55,0.5043
F_peak_3d_T7,alpha,None,KNN,0.9667,0.6952,0.54,0.5043
F_peak_3d_C4,alpha,norm3,Random Forest,0.7867,0.5899,0.51,0.5043
F_rasm_3d19,delta,norm2,Random Forest,0.8933,0.7372,0.49,0.5043
F_de_3d_10rm,theta,norm3,Ensemble (Majority Vote),0.78,0.6924,0.49,0.5043
F_de_3d_C3,delta,norm3,KNN,0.9867,0.6887,0.5,0.5043
F_dasm_3d_8rm,gamma,norm3,KNN,0.9667,0.7402,0.53,0.5043
F_peak_3d_F8,beta,norm2,KNN,0.9733,0.6816,0.55,0.5043
F_de_3d_C3,delta,norm2,KNN,0.9867,0.6887,0.5,0.5043
F_de_3d_10rm,all,norm2,Ensemble (Majority Vote),0.9267,0.7832,0.5,0.5043
F_de_3d_Cz,alpha,norm2,Ensemble (Majority Vote),0.68,0.6014,0.48,0.5043
F_median_3d_T7,all,norm2,Random Forest,0.8867,0.6609,0.57,0.5043
F_peak_3d_T7,all,norm2,XGBoost,0.9,0.6428,0.52,0.5043
F_mean_3d_F3,delta,norm2,XGBoost,0.5867,0.5439,0.5,0.5043
F_peak_3d_T7,beta,None,Random Forest,0.62,0.5899,0.5,0.5043
F_mean_3d_F3,gamma,None,KNN,0.9867,0.7034,0.48,0.5043
F_de_3d19,delta,None,KNN,0.9867,0.8044,0.49,0.5043
F_dasm_3d_10rm,delta,norm3,Random Forest,0.7867,0.6862,0.48,0.5043
F_peak_3d_C3,delta,None,Linear SVM,0.5267,0.508,0.52,0.5043
F_median_3d_Fp1,theta,None,Logistic Regression,0.54,0.5198,0.51,0.5043
F_median_3d_3area,all,norm2,KNN,0.9667,0.6945,0.49,0.5043
F_median_3d_Fp1,theta,None,Linear SVM,0.5333,0.5195,0.51,0.5043
F_de_3d_F4,all,norm2,KNN,0.98,0.6998,0.47,0.5043
F_peak_3d_T8,gamma,norm2,Linear SVM,0.4933,0.4998,0.5,0.5043
F_median_3d19,beta,norm2,XGBoost,0.8867,0.734,0.51,0.5043
F_median_3d,gamma,norm3,XGBoost,0.92,0.7347,0.5,0.5043
F_de_3d,theta,norm2,Random Forest,0.88,0.6662,0.55,0.5043
F_de_3d_2area,alpha,norm3,Ensemble (Majority Vote),0.76,0.6329,0.53,0.5043
F_peak_3d_3area,alpha,norm2,Linear SVM,0.48,0.4972,0.51,0.5043
F_mean_3d_F4,theta,None,Logistic Regression,0.52,0.5147,0.51,0.5043
F_mean_3d19,gamma,norm3,KNN,0.9867,0.7844,0.52,0.5043
F_dasm_3d,alpha,norm3,Random Forest,0.76,0.6814,0.5,0.5043
F_mean_3d_F4,theta,None,Linear SVM,0.52,0.5152,0.52,0.5043
F_mean_3d_F4,theta,None,KNN,0.98,0.7129,0.52,0.5043
F_de_3d_2area,all,norm2,XGBoost,0.9533,0.6922,0.52,0.5043
F_mean_3d_F4,gamma,norm3,Ensemble (Majority Vote),0.7933,0.6223,0.5,0.5043
F_median_3d_3area,delta,norm2,Ensemble (Majority Vote),0.6867,0.6329,0.42,0.5043
F_de_3d_8rm,all,norm3,Logistic Regression,0.78,0.6841,0.5,0.5043
F_median_3d_Fp2,beta,None,Ensemble (Majority Vote),0.66,0.6069,0.49,0.5043
F_dasm_3d_10rm,delta,norm3,Logistic Regression,0.6333,0.6009,0.51,0.5043
F_mean_3d_Fp1,all,norm2,Random Forest,0.92,0.6708,0.53,0.5043
F_median_3d_F4,all,None,Logistic Regression,0.56,0.5584,0.53,0.5043
F_median_3d19,theta,norm2,Linear SVM,0.4867,0.4949,0.53,0.5043
F_peak_3d_T8,beta,norm3,XGBoost,0.6133,0.5549,0.5,0.5043
F_median_3d_F4,all,None,Linear SVM,0.5867,0.5611,0.5,0.5043
F_median_3d,theta,norm2,Ensemble (Majority Vote),0.86,0.6874,0.51,0.5043
F_peak_3d_C3,delta,norm3,XGBoost,0.6733,0.5517,0.49,0.5043
F_dasm_3d,alpha,norm3,KNN,0.98,0.7517,0.51,0.5043
F_peak_3d19,all,norm2,XGBoost,1.0,0.8749,0.51,0.5043
F_dasm_3d_10rm,gamma,norm3,Linear SVM,0.6133,0.5846,0.51,0.5043
F_mean_3d19,delta,norm2,Ensemble (Majority Vote),0.84,0.6853,0.55,0.5043
F_median_3d_2area,theta,norm3,XGBoost,0.7067,0.5844,0.55,0.5043
F_mean_3d_F7,gamma,None,Logistic Regression,0.5067,0.5267,0.51,0.5043
F_de_3d_F3,theta,norm2,Ensemble (Majority Vote),0.74,0.5993,0.49,0.5043
F_median_3d_Fp2,all,norm2,Linear SVM,0.54,0.5074,0.51,0.5043
F_de_3d_2area,alpha,norm2,XGBoost,0.6867,0.5772,0.52,0.5043
F_de_3d_F7,beta,norm2,XGBoost,0.6533,0.5623,0.54,0.5043
F_rasm_3d19,alpha,None,Ensemble (Majority Vote),0.9333,0.7163,0.49,0.5043
F_mean_3d_Fp1,delta,norm2,Random Forest,0.7333,0.5848,0.52,0.5043
F_de_3d_F3,theta,norm3,Ensemble (Majority Vote),0.74,0.5993,0.49,0.5043
F_de_3d_8rm,delta,norm2,KNN,0.9733,0.7025,0.5,0.5043
F_de_3d_F7,beta,norm3,XGBoost,0.6533,0.5623,0.54,0.5043
F_mean_3d_Fp1,delta,norm2,XGBoost,0.62,0.5651,0.48,0.5043
F_median_3d_2area,theta,None,Logistic Regression,0.5267,0.5315,0.53,0.5043
F_peak_3d_C3,delta,norm2,XGBoost,0.6733,0.5517,0.49,0.5043
F_median_3d_8rm,all,norm2,Linear SVM,0.5,0.4993,0.51,0.5043
F_rasm_3d_10rm,alpha,None,KNN,0.9933,0.726,0.46,0.5043
F_median_3d19,all,None,KNN,0.9933,0.8628,0.5,0.5043
F_mean_3d_10rm,theta,norm3,Logistic Regression,0.6533,0.5844,0.52,0.5043
F_rasm_3d_8rm,beta,None,Ensemble (Majority Vote),0.8733,0.6736,0.48,0.5043
F_peak_3d_3area,theta,norm2,Linear SVM,0.5267,0.5051,0.5,0.5043
F_mean_3d_Fp1,delta,norm3,Random Forest,0.7333,0.5848,0.52,0.5043
F_mean_3d_Fp1,delta,norm3,XGBoost,0.62,0.5651,0.48,0.5043
F_de_3d,gamma,norm2,Linear SVM,0.5,0.4989,0.53,0.5043
F_median_3d_2area,theta,None,Linear SVM,0.5467,0.5395,0.51,0.5043
F_mean_3d_F7,all,None,Linear SVM,0.6467,0.5731,0.51,0.5043
F_peak_3d_3area,all,norm2,KNN,0.9533,0.7103,0.49,0.5043
F_rasm_3d_8rm,theta,norm2,Random Forest,0.7867,0.6621,0.47,0.5043
F_mean_3d_F3,theta,norm3,KNN,0.98,0.6947,0.52,0.5043
F_mean_3d_10rm,alpha,norm2,XGBoost,0.8667,0.6807,0.52,0.5043
F_dasm_3d19,gamma,None,KNN,0.98,0.8094,0.48,0.5043
F_de_3d_F3,delta,norm2,Linear SVM,0.5,0.4963,0.52,0.5043
F_de_3d_F4,beta,None,Random Forest,0.6533,0.5876,0.5,0.5043
F_dasm_3d_10rm,beta,norm3,KNN,0.9867,0.7264,0.51,0.5043
F_peak_3d_F3,all,norm2,XGBoost,0.9,0.6453,0.47,0.5043
F_peak_3d_T8,gamma,norm3,Linear SVM,0.4933,0.4998,0.5,0.5043
F_rasm_3d_8rm,beta,norm2,KNN,0.9867,0.7522,0.52,0.5043
F_dasm_3d_10rm,alpha,norm2,XGBoost,0.8867,0.6313,0.49,0.5043
F_de_3d_F4,beta,norm2,KNN,0.9733,0.6897,0.54,0.5043
F_rasm_3d_3area,gamma,None,Linear SVM,0.5533,0.5232,0.48,0.5043
F_de_3d_2area,alpha,norm2,Ensemble (Majority Vote),0.7933,0.623,0.51,0.5043
F_dasm_3d19,delta,norm3,Logistic Regression,0.6333,0.6143,0.49,0.5043
F_mean_3d_F8,theta,None,XGBoost,0.6933,0.5993,0.49,0.5043
F_mean_3d_F4,all,norm3,Random Forest,0.7667,0.6554,0.53,0.5043
F_de_3d_F4,beta,norm3,KNN,0.9733,0.6897,0.54,0.5043
F_de_3d_8rm,all,norm2,Linear SVM,0.54,0.5023,0.53,0.5043
F_peak_3d_F3,all,None,Logistic Regression,0.58,0.5876,0.46,0.5043
F_dasm_3d_3area,all,norm3,KNN,0.96,0.7338,0.52,0.5043
F_peak_3d_T8,beta,norm2,XGBoost,0.6133,0.5549,0.5,0.5043
F_de_3d_F4,all,norm3,Logistic Regression,0.6133,0.5692,0.49,0.5043
F_rasm_3d_8rm,delta,None,XGBoost,0.8467,0.6501,0.55,0.5043
F_de_3d_F3,delta,norm3,Linear SVM,0.5,0.4963,0.52,0.5043
F_median_3d_2area,gamma,norm2,KNN,0.9867,0.6952,0.48,0.5043
F_de_3d_8rm,all,norm2,Ensemble (Majority Vote),0.9733,0.7871,0.53,0.5043
F_de_3d_F8,all,norm2,Linear SVM,0.4667,0.4917,0.49,0.5043
F_median_3d_2area,beta,norm2,Random Forest,0.72,0.5938,0.49,0.5043
F_mean_3d_F4,gamma,norm2,Ensemble (Majority Vote),0.7933,0.6223,0.5,0.5043
F_median_3d_Fp1,beta,norm2,Random Forest,0.74,0.5816,0.5,0.5043
F_median_3d_Fp1,beta,norm3,Random Forest,0.74,0.5816,0.5,0.5043
F_median_3d_T8,all,norm3,Ensemble (Majority Vote),0.8067,0.6694,0.52,0.5043
F_mean_3d_F3,theta,norm2,KNN,0.98,0.6947,0.52,0.5043
F_mean_3d_F8,gamma,norm3,Random Forest,0.7267,0.5901,0.49,0.5029
F_peak_3d_F7,beta,norm2,Linear SVM,0.5,0.5133,0.5,0.5029
F_peak_3d_10rm,alpha,norm2,Linear SVM,0.5267,0.5078,0.47,0.5029
F_median_3d_1area,gamma,None,Random Forest,0.6933,0.6046,0.48,0.5029
F_median_3d_Fz,delta,norm3,Linear SVM,0.48,0.4966,0.47,0.5029
F_peak_3d_F8,delta,None,Logistic Regression,0.5,0.5028,0.56,0.5029
F_de_3d_C4,alpha,norm2,Ensemble (Majority Vote),0.7267,0.6195,0.49,0.5029
F_de_3d_T7,all,None,Logistic Regression,0.6467,0.5743,0.51,0.5029
F_de_3d_10rm,theta,norm2,KNN,0.9467,0.6938,0.49,0.5029
F_mean_3d_Fp1,alpha,norm2,XGBoost,0.5733,0.5382,0.51,0.5029
F_median_3d_C4,beta,None,Random Forest,0.6533,0.5887,0.49,0.5029
F_mean_3d_T7,all,norm2,Ensemble (Majority Vote),0.8133,0.6669,0.52,0.5029
F_mean_3d_F7,gamma,None,Linear SVM,0.5067,0.5276,0.51,0.5029
F_median_3d_1area,beta,norm2,Linear SVM,0.5067,0.5083,0.51,0.5029
F_de_3d_Cz,alpha,None,Linear SVM,0.4933,0.5225,0.49,0.5029
F_peak_3d_2area,alpha,norm3,Logistic Regression,0.6067,0.5524,0.48,0.5029
F_median_3d_3area,gamma,norm3,Logistic Regression,0.5733,0.5379,0.51,0.5029
F_median_3d_Fz,delta,norm2,Linear SVM,0.48,0.4966,0.47,0.5029
F_de_3d_Fp2,gamma,norm3,Linear SVM,0.5067,0.4931,0.52,0.5029
F_de_3d_Cz,all,norm2,Ensemble (Majority Vote),0.8667,0.6802,0.56,0.5029
F_dasm_3d_10rm,beta,norm3,Ensemble (Majority Vote),0.74,0.6591,0.48,0.5029
F_mean_3d_C4,alpha,norm3,XGBoost,0.5667,0.5467,0.5,0.5029
F_peak_3d_F4,alpha,norm3,Ensemble (Majority Vote),0.5733,0.5943,0.51,0.5029
F_mean_3d_C4,alpha,norm2,XGBoost,0.5667,0.5467,0.5,0.5029
F_de_3d_F7,all,norm2,Linear SVM,0.5,0.5002,0.51,0.5029
F_mean_3d_8rm,theta,norm2,Linear SVM,0.4933,0.4959,0.54,0.5029
F_de_3d_F7,all,None,XGBoost,0.8533,0.7205,0.53,0.5029
F_mean_3d_Fp1,alpha,norm3,XGBoost,0.5733,0.5382,0.51,0.5029
F_peak_3d_8rm,theta,norm3,KNN,0.9533,0.746,0.5,0.5029
F_de_3d_C4,alpha,norm3,Ensemble (Majority Vote),0.7267,0.6195,0.49,0.5029
F_peak_3d_T7,gamma,None,Linear SVM,0.52,0.5244,0.48,0.5029
F_median_3d_F8,alpha,norm2,XGBoost,0.62,0.5499,0.44,0.5029
F_mean_3d_F8,all,norm3,Logistic Regression,0.5867,0.5543,0.52,0.5029
F_peak_3d_F4,all,norm2,Linear SVM,0.5133,0.5016,0.53,0.5029
F_de_3d_Fz,beta,norm2,XGBoost,0.6133,0.5492,0.54,0.5029
F_de_3d_Fz,delta,norm3,XGBoost,0.5,0.5276,0.52,0.5029
F_median_3d_1area,delta,None,Random Forest,0.6467,0.5933,0.53,0.5029
F_median_3d_3area,beta,None,Logistic Regression,0.54,0.5382,0.5,0.5029
F_de_3d_Fp2,gamma,norm2,Linear SVM,0.5067,0.4931,0.52,0.5029
F_mean_3d_T7,delta,norm2,KNN,0.98,0.6834,0.57,0.5029
F_de_3d_Fz,beta,norm3,XGBoost,0.6133,0.5492,0.54,0.5029
F_median_3d_F8,alpha,norm3,XGBoost,0.62,0.5499,0.44,0.5029
F_de_3d_10rm,gamma,norm2,Ensemble (Majority Vote),0.8067,0.6786,0.48,0.5029
F_mean_3d_T7,beta,norm3,Random Forest,0.72,0.5777,0.45,0.5029
F_de_3d_Fz,delta,norm2,XGBoost,0.5,0.5276,0.52,0.5029
F_dasm_3d19,all,norm2,Linear SVM,0.5533,0.5113,0.51,0.5029
F_mean_3d_Fp1,all,None,KNN,0.9733,0.7506,0.55,0.5029
F_peak_3d_F7,alpha,None,KNN,0.96,0.6883,0.51,0.5029
F_peak_3d_T7,delta,None,Linear SVM,0.5,0.5014,0.52,0.5029
F_de_3d_F4,beta,norm3,XGBoost,0.62,0.5572,0.5,0.5029
F_rasm_3d_10rm,all,None,Random Forest,0.92,0.748,0.52,0.5029
F_de_3d_Fz,all,norm2,Linear SVM,0.46,0.5014,0.5,0.5029
F_rasm_3d_8rm,beta,norm2,Ensemble (Majority Vote),0.8533,0.7145,0.46,0.5029
F_peak_3d_F4,alpha,norm2,Ensemble (Majority Vote),0.5733,0.5943,0.51,0.5029
F_median_3d_1area,beta,norm3,Linear SVM,0.5067,0.5083,0.51,0.5029
F_peak_3d_F4,alpha,None,Random Forest,0.6133,0.583,0.51,0.5029
F_dasm_3d_10rm,gamma,norm2,KNN,0.9933,0.6968,0.52,0.5029
F_de_3d_F4,all,norm2,Random Forest,0.9067,0.6798,0.52,0.5029
F_mean_3d_Fp1,alpha,None,KNN,0.9867,0.7039,0.57,0.5029
F_rasm_3d_8rm,beta,None,Logistic Regression,0.4733,0.4924,0.54,0.5029
F_mean_3d_C3,theta,norm2,Linear SVM,0.5067,0.5021,0.52,0.5029
F_peak_3d_F7,all,norm3,Ensemble (Majority Vote),0.7867,0.6779,0.49,0.5029
F_mean_3d_F8,theta,None,KNN,0.98,0.7064,0.49,0.5029
F_mean_3d_T7,delta,norm3,KNN,0.98,0.6834,0.57,0.5029
F_mean_3d_C3,theta,norm3,Linear SVM,0.5067,0.5021,0.52,0.5029
F_median_3d_C4,alpha,None,KNN,0.98,0.6846,0.49,0.5029
F_peak_3d_2area,delta,norm2,Linear SVM,0.52,0.4989,0.52,0.5029
F_de_3d_F4,beta,norm2,XGBoost,0.62,0.5572,0.5,0.5029
F_mean_3d_T7,beta,norm2,Random Forest,0.72,0.5777,0.45,0.5029
F_de_3d_Cz,alpha,norm3,Random Forest,0.7267,0.5871,0.53,0.5029
F_median_3d_Fp2,alpha,None,Logistic Regression,0.5267,0.5274,0.49,0.5029
F_peak_3d_F7,delta,norm3,XGBoost,0.56,0.5428,0.55,0.5029
F_peak_3d_1area,delta,norm3,Ensemble (Majority Vote),0.7267,0.603,0.5,0.5029
F_median_3d_Fp2,theta,norm2,Linear SVM,0.48,0.4926,0.49,0.5029
F_de_3d_F3,beta,norm3,Linear SVM,0.5133,0.508,0.48,0.5029
F_median_3d_Fp1,delta,norm3,Ensemble (Majority Vote),0.7333,0.6071,0.5,0.5029
F_mean_3d_Fp2,all,norm2,Random Forest,0.9133,0.6692,0.46,0.5029
F_peak_3d_8rm,alpha,norm2,Random Forest,0.84,0.6476,0.49,0.5029
F_peak_3d_Cz,beta,norm3,Ensemble (Majority Vote),0.7267,0.6149,0.51,0.5029
F_dasm_3d_3area,alpha,None,KNN,0.9933,0.708,0.54,0.5029
F_median_3d_2area,gamma,None,KNN,0.9467,0.7175,0.46,0.5029
F_median_3d_2area,all,norm3,Linear SVM,0.72,0.6269,0.52,0.5029
F_median_3d_C3,alpha,norm2,XGBoost,0.6133,0.552,0.54,0.5029
F_de_3d_2area,delta,norm2,Random Forest,0.7667,0.6025,0.5,0.5029
F_de_3d_Cz,alpha,None,Logistic Regression,0.4933,0.5211,0.49,0.5029
F_median_3d_Fz,all,norm2,Linear SVM,0.5133,0.5034,0.49,0.5029
F_mean_3d_Cz,delta,norm3,Random Forest,0.78,0.5825,0.52,0.5029
F_median_3d_2area,all,norm2,Ensemble (Majority Vote),0.8667,0.7046,0.51,0.5029
F_de_3d_Cz,gamma,norm3,KNN,0.9867,0.6855,0.5,0.5029
F_mean_3d_Cz,delta,norm2,Random Forest,0.78,0.5825,0.52,0.5029
F_median_3d_Fz,alpha,None,Linear SVM,0.5333,0.5253,0.46,0.5029
F_peak_3d,all,None,Random Forest,0.8333,0.7566,0.49,0.5029
F_median_3d_Fz,alpha,None,Random Forest,0.6267,0.5961,0.5,0.5029
F_mean_3d_Cz,delta,None,Random Forest,0.7333,0.6025,0.47,0.5029
F_peak_3d_T7,theta,None,Logistic Regression,0.5533,0.5276,0.53,0.5029
F_de_3d_Cz,gamma,norm2,KNN,0.9867,0.6855,0.5,0.5029
F_peak_3d_T8,alpha,norm3,XGBoost,0.68,0.5641,0.52,0.5029
F_peak_3d_8rm,gamma,None,Ensemble (Majority Vote),0.8133,0.7184,0.55,0.5029
F_dasm_3d19,gamma,norm3,Ensemble (Majority Vote),0.8533,0.7432,0.49,0.5029
F_peak_3d_Cz,beta,norm2,Ensemble (Majority Vote),0.7267,0.6149,0.51,0.5029
F_median_3d_Fp2,theta,norm3,Linear SVM,0.48,0.4926,0.49,0.5029
F_median_3d_8rm,theta,None,KNN,0.9667,0.7646,0.49,0.5029
F_mean_3d_Fp2,delta,norm2,Linear SVM,0.4933,0.5009,0.5,0.5029
F_de_3d_F3,beta,None,Ensemble (Majority Vote),0.7267,0.6301,0.5,0.5029
F_de_3d_1area,beta,norm3,XGBoost,0.64,0.5561,0.49,0.5029
F_de_3d_1area,delta,None,Random Forest,0.7067,0.5977,0.44,0.5029
F_mean_3d_Fp2,delta,norm3,Linear SVM,0.4933,0.5009,0.5,0.5029
F_peak_3d_F4,gamma,None,Random Forest,0.6867,0.6037,0.5,0.5029
F_peak_3d_T8,alpha,norm2,XGBoost,0.68,0.5641,0.52,0.5029
F_de_3d_1area,beta,norm3,KNN,0.9867,0.6883,0.54,0.5029
F_peak_3d_1area,delta,norm2,Ensemble (Majority Vote),0.7267,0.603,0.5,0.5029
F_de_3d_1area,beta,norm2,XGBoost,0.64,0.5561,0.49,0.5029
F_peak_3d_10rm,delta,norm3,Ensemble (Majority Vote),0.8467,0.7156,0.52,0.5029
F_de_3d_2area,delta,None,Random Forest,0.6667,0.6064,0.49,0.5029
F_de_3d_Fp1,all,norm2,Linear SVM,0.5067,0.4966,0.43,0.5029
F_peak_3d_10rm,delta,norm3,KNN,0.98,0.7917,0.44,0.5029
F_de_3d_F3,beta,norm2,Linear SVM,0.5133,0.508,0.48,0.5029
F_de_3d_1area,beta,norm2,KNN,0.9867,0.6883,0.54,0.5029
F_peak_3d_C4,theta,None,KNN,0.9867,0.6931,0.5,0.5029
F_rasm_3d,all,norm3,XGBoost,1.0,0.9257,0.53,0.5029
F_mean_3d_F4,all,norm3,Ensemble (Majority Vote),0.7733,0.6609,0.52,0.5029
F_peak_3d_8rm,delta,norm3,XGBoost,0.8867,0.7124,0.52,0.5029
F_median_3d_Fp1,delta,norm2,Ensemble (Majority Vote),0.7333,0.6071,0.5,0.5029
F_median_3d_2area,gamma,norm2,Linear SVM,0.4733,0.4922,0.48,0.5029
F_median_3d_Fz,alpha,norm2,Ensemble (Majority Vote),0.7867,0.6179,0.5,0.5029
F_median_3d_C3,alpha,norm3,XGBoost,0.6133,0.552,0.54,0.5029
F_peak_3d_F4,beta,norm2,KNN,0.9733,0.6933,0.5,0.5029
F_de_3d_F7,delta,norm2,KNN,0.98,0.6897,0.49,0.5029
F_peak_3d_F8,alpha,norm3,Ensemble (Majority Vote),0.64,0.6103,0.47,0.5029
F_median_3d_8rm,all,norm2,XGBoost,1.0,0.8195,0.53,0.5029
F_de_3d_2area,gamma,norm2,Linear SVM,0.46,0.4977,0.51,0.5029
F_mean_3d_Fp2,delta,None,Random Forest,0.76,0.5993,0.5,0.5029
F_peak_3d_8rm,gamma,norm3,KNN,0.9667,0.7623,0.49,0.5029
F_median_3d_8rm,all,norm2,Ensemble (Majority Vote),0.9133,0.7641,0.51,0.5029
F_de_3d_10rm,theta,norm3,Linear SVM,0.6733,0.5995,0.5,0.5029
F_mean_3d_Fz,gamma,norm2,Linear SVM,0.4933,0.5025,0.45,0.5029
F_de_3d_Cz,alpha,norm2,Random Forest,0.7267,0.5871,0.53,0.5029
F_peak_3d_F4,theta,norm3,Random Forest,0.8,0.5922,0.49,0.5029
F_mean_3d_Fz,gamma,norm3,Linear SVM,0.4933,0.5025,0.45,0.5029
F_peak_3d,beta,norm2,Linear SVM,0.54,0.4993,0.52,0.5029
F_de_3d_1area,theta,norm2,Linear SVM,0.5133,0.503,0.5,0.5029
F_peak_3d_F4,theta,norm3,XGBoost,0.62,0.5536,0.51,0.5029
F_dasm_3d_3area,theta,norm2,Random Forest,0.7933,0.5839,0.51,0.5029
F_de_3d_1area,theta,norm3,Linear SVM,0.5133,0.503,0.5,0.5029
F_dasm_3d_3area,theta,norm3,Random Forest,0.7933,0.5839,0.51,0.5029
F_dasm_3d_10rm,theta,None,XGBoost,0.8,0.677,0.51,0.5029
F_de_3d_2area,all,None,KNN,0.9867,0.8064,0.5,0.5029
F_peak_3d_F7,beta,norm3,Linear SVM,0.5,0.5133,0.5,0.5029
F_median_3d_Fp2,alpha,None,Linear SVM,0.5267,0.5269,0.48,0.5029
F_de_3d_2area,all,None,Logistic Regression,0.6933,0.6005,0.5,0.5029
F_peak_3d_F4,beta,norm2,Ensemble (Majority Vote),0.6733,0.608,0.49,0.5029
F_de_3d_Fp2,alpha,norm3,Linear SVM,0.4867,0.5014,0.53,0.5029
F_peak_3d_F7,delta,norm3,Random Forest,0.7667,0.5853,0.51,0.5029
F_de_3d_F7,delta,norm3,KNN,0.98,0.6897,0.49,0.5029
F_de_3d_Cz,gamma,None,XGBoost,0.62,0.5903,0.54,0.5029
F_peak_3d_8rm,alpha,None,Random Forest,0.7267,0.6623,0.49,0.5029
F_rasm_3d_10rm,beta,norm3,Linear SVM,0.5733,0.5193,0.52,0.5029
F_peak_3d_F4,theta,norm2,Random Forest,0.8,0.5922,0.49,0.5029
F_peak_3d_T8,delta,None,XGBoost,0.64,0.5823,0.55,0.5029
F_peak_3d_F8,alpha,None,Logistic Regression,0.4867,0.5145,0.51,0.5029
F_peak_3d_F4,beta,norm3,KNN,0.9733,0.6933,0.5,0.5029
F_peak_3d_F4,theta,norm2,XGBoost,0.62,0.5536,0.51,0.5029
F_peak_3d_F4,beta,norm3,Ensemble (Majority Vote),0.6733,0.608,0.49,0.5029
F_peak_3d_3area,delta,None,Ensemble (Majority Vote),0.76,0.6531,0.53,0.5029
F_median_3d_2area,gamma,norm3,XGBoost,0.7333,0.6092,0.53,0.5029
F_median_3d_Fz,alpha,norm3,Ensemble (Majority Vote),0.7867,0.6179,0.5,0.5029
F_dasm_3d_10rm,all,norm2,Linear SVM,0.5067,0.5048,0.56,0.5029
F_mean_3d_Cz,alpha,None,Random Forest,0.6667,0.5906,0.47,0.5029
F_peak_3d_F8,alpha,norm2,Ensemble (Majority Vote),0.64,0.6103,0.47,0.5029
F_mean_3d_Cz,alpha,None,Ensemble (Majority Vote),0.7467,0.6223,0.5,0.5029
F_mean_3d_Cz,all,norm3,Random Forest,0.84,0.6589,0.51,0.5029
F_dasm_3d_3area,all,None,Ensemble (Majority Vote),0.8067,0.6887,0.53,0.5029
F_rasm_3d_10rm,delta,norm2,XGBoost,0.92,0.7267,0.51,0.5029
F_de_3d_Fp2,alpha,norm2,Linear SVM,0.4867,0.5014,0.53,0.5029
F_rasm_3d_8rm,alpha,norm3,KNN,0.96,0.7524,0.57,0.5029
F_peak_3d_F7,delta,norm2,XGBoost,0.56,0.5428,0.55,0.5029
F_peak_3d_F7,delta,norm2,Random Forest,0.7667,0.5853,0.51,0.5029
F_mean_3d_F3,alpha,None,KNN,1.0,0.7092,0.46,0.5029
F_mean_3d_F8,gamma,norm2,Random Forest,0.7267,0.5901,0.49,0.5029
F_peak_3d,delta,norm3,Logistic Regression,0.6667,0.6214,0.52,0.5029
F_mean_3d_3area,theta,norm3,KNN,0.9733,0.7172,0.53,0.5029
F_de_3d_C3,gamma,norm3,Linear SVM,0.5133,0.4995,0.51,0.5029
F_peak_3d_2area,all,norm3,Ensemble (Majority Vote),0.8467,0.7149,0.51,0.5029
F_median_3d,gamma,None,Logistic Regression,0.6733,0.6037,0.51,0.5029
F_peak_3d_Fp1,theta,norm2,Ensemble (Majority Vote),0.6333,0.5979,0.48,0.5029
F_de_3d_3area,theta,norm3,KNN,0.94,0.6949,0.49,0.5029
F_de_3d_C3,gamma,norm2,Linear SVM,0.5133,0.4995,0.51,0.5029
F_median_3d,gamma,None,Linear SVM,0.7267,0.6147,0.5,0.5029
F_peak_3d_Fp2,alpha,None,XGBoost,0.64,0.5837,0.49,0.5029
F_peak_3d_Cz,gamma,norm2,KNN,0.98,0.6743,0.54,0.5029
F_rasm_3d19,all,None,XGBoost,1.0,0.9478,0.52,0.5029
F_median_3d,delta,norm2,XGBoost,0.9067,0.6952,0.54,0.5029
F_median_3d_F4,delta,norm3,KNN,0.9867,0.6878,0.5,0.5029
F_median_3d_T8,beta,norm2,Random Forest,0.7,0.5816,0.51,0.5029
F_dasm_3d,theta,None,Logistic Regression,0.6133,0.5667,0.46,0.5029
F_de_3d_T8,alpha,norm2,Linear SVM,0.5,0.4989,0.52,0.5029
F_de_3d_T8,alpha,norm3,Linear SVM,0.5,0.4989,0.52,0.5029
F_de_3d_3area,alpha,norm2,XGBoost,0.7333,0.5943,0.43,0.5029
F_median_3d_10rm,alpha,norm2,XGBoost,0.8333,0.6756,0.54,0.5029
F_rasm_3d19,all,norm3,Ensemble (Majority Vote),0.9267,0.8115,0.51,0.5029
F_median_3d,theta,norm2,KNN,0.9733,0.6887,0.47,0.5029
F_median_3d_T7,theta,None,Linear SVM,0.5267,0.5234,0.53,0.5029
F_de_3d_8rm,beta,norm3,Linear SVM,0.6,0.5715,0.52,0.5029
F_mean_3d_8rm,alpha,norm2,Ensemble (Majority Vote),0.86,0.6738,0.54,0.5029
F_mean_3d_1area,alpha,norm2,Ensemble (Majority Vote),0.7333,0.5977,0.5,0.5029
F_mean_3d_1area,alpha,norm3,Ensemble (Majority Vote),0.7333,0.5977,0.5,0.5029
F_peak_3d_Fz,alpha,norm2,Linear SVM,0.5267,0.5087,0.46,0.5029
F_peak_3d_F3,beta,norm2,Random Forest,0.74,0.589,0.49,0.5029
F_peak_3d_1area,theta,norm2,XGBoost,0.68,0.5625,0.47,0.5029
F_peak_3d_Fz,alpha,norm3,Linear SVM,0.5267,0.5087,0.46,0.5029
F_median_3d_F3,alpha,None,KNN,0.96,0.7028,0.52,0.5029
F_median_3d_F7,gamma,norm2,Ensemble (Majority Vote),0.7733,0.6087,0.5,0.5029
F_peak_3d_C3,delta,norm3,KNN,0.9867,0.6853,0.5,0.5029
F_de_3d_3area,alpha,norm2,Random Forest,0.84,0.6264,0.51,0.5029
F_peak_3d_1area,theta,norm3,Ensemble (Majority Vote),0.7667,0.6106,0.48,0.5029
F_peak_3d_F3,beta,norm3,Random Forest,0.74,0.589,0.49,0.5029
F_peak_3d_1area,theta,norm3,XGBoost,0.68,0.5625,0.47,0.5029
F_mean_3d,gamma,norm3,KNN,0.9867,0.7731,0.56,0.5029
F_median_3d_F7,gamma,norm3,Ensemble (Majority Vote),0.7733,0.6087,0.5,0.5029
F_mean_3d,alpha,None,XGBoost,0.88,0.7225,0.5,0.5029
F_de_3d_T8,gamma,norm2,Random Forest,0.8,0.5862,0.51,0.5029
F_mean_3d,alpha,norm2,XGBoost,0.84,0.6876,0.49,0.5029
F_peak_3d_2area,gamma,None,Linear SVM,0.54,0.5451,0.54,0.5029
F_de_3d_T8,gamma,norm3,Random Forest,0.8,0.5862,0.51,0.5029
F_mean_3d_T8,theta,norm2,Random Forest,0.8,0.5936,0.49,0.5029
F_median_3d_10rm,gamma,norm2,Ensemble (Majority Vote),0.82,0.6917,0.51,0.5029
F_peak_3d_2area,gamma,None,Logistic Regression,0.5333,0.5409,0.53,0.5029
F_median_3d_T8,beta,norm3,Random Forest,0.7,0.5816,0.51,0.5029
F_de_3d_8rm,theta,norm2,Random Forest,0.8933,0.6582,0.52,0.5029
F_median_3d_T8,beta,norm3,XGBoost,0.5667,0.551,0.49,0.5029
F_peak_3d_Fp1,theta,norm3,Ensemble (Majority Vote),0.6333,0.5979,0.48,0.5029
F_mean_3d_T8,theta,norm3,Random Forest,0.8,0.5936,0.49,0.5029
F_peak_3d_Fz,theta,norm3,Linear SVM,0.48,0.4901,0.48,0.5029
F_median_3d_F7,all,norm3,Ensemble (Majority Vote),0.7933,0.6632,0.5,0.5029
F_peak_3d_F3,gamma,norm2,XGBoost,0.5533,0.5487,0.5,0.5029
F_peak_3d_Fz,theta,norm2,Linear SVM,0.48,0.4901,0.48,0.5029
F_mean_3d_3area,alpha,norm2,Ensemble (Majority Vote),0.7333,0.628,0.54,0.5029
F_peak_3d,theta,norm2,Linear SVM,0.4933,0.4984,0.54,0.5029
F_peak_3d_Fz,gamma,norm3,Ensemble (Majority Vote),0.6933,0.606,0.5,0.5029
F_peak_3d_10rm,all,None,Ensemble (Majority Vote),0.9467,0.8349,0.54,0.5029
F_median_3d,beta,norm3,Random Forest,0.8133,0.6683,0.48,0.5029
F_peak_3d_Cz,gamma,norm3,KNN,0.98,0.6743,0.54,0.5029
F_median_3d,beta,norm2,Linear SVM,0.5133,0.5057,0.52,0.5029
F_mean_3d_2area,alpha,norm2,KNN,0.9733,0.6855,0.51,0.5029
F_median_3d,beta,norm2,KNN,0.9733,0.6814,0.56,0.5029
F_peak_3d_C3,theta,norm2,Linear SVM,0.4933,0.5018,0.49,0.5029
F_de_3d_3area,delta,norm2,KNN,0.9467,0.6736,0.5,0.5029
F_peak_3d_C3,alpha,None,Linear SVM,0.5267,0.5301,0.52,0.5029
F_de_3d_C3,all,None,Ensemble (Majority Vote),0.8067,0.6982,0.53,0.5029
F_median_3d_T8,beta,norm2,XGBoost,0.5667,0.551,0.49,0.5029
F_de_3d,beta,None,Logistic Regression,0.6533,0.5984,0.52,0.5029
F_peak_3d_Fz,gamma,norm2,Ensemble (Majority Vote),0.6933,0.606,0.5,0.5029
F_rasm_3d_3area,all,norm2,KNN,0.9867,0.7428,0.5,0.5029
F_mean_3d_2area,delta,norm2,Random Forest,0.76,0.597,0.56,0.5029
F_peak_3d_F3,gamma,norm3,XGBoost,0.5533,0.5487,0.5,0.5029
F_median_3d_T7,theta,None,Logistic Regression,0.5267,0.5237,0.53,0.5029
F_median_3d_F4,delta,norm2,KNN,0.9867,0.6878,0.5,0.5029
F_median_3d_F3,beta,None,XGBoost,0.6733,0.5933,0.48,0.5029
F_dasm_3d,all,norm2,Random Forest,0.9867,0.8163,0.52,0.5029
F_dasm_3d_8rm,beta,norm3,XGBoost,0.7733,0.6533,0.49,0.5029
F_peak_3d_C3,delta,norm2,KNN,0.9867,0.6853,0.5,0.5029
F_rasm_3d19,alpha,norm3,Logistic Regression,0.5133,0.5271,0.49,0.5029
F_peak_3d_1area,theta,norm2,Ensemble (Majority Vote),0.7667,0.6106,0.48,0.5029
F_de_3d_T7,beta,None,XGBoost,0.6333,0.592,0.47,0.5029
F_peak_3d_Fz,all,norm2,Ensemble (Majority Vote),0.9067,0.6841,0.49,0.5029
F_peak_3d_F3,alpha,norm2,KNN,1.0,0.6816,0.51,0.5029
F_rasm_3d_10rm,theta,None,Linear SVM,0.4733,0.4933,0.51,0.5029
F_mean_3d19,gamma,norm3,Ensemble (Majority Vote),0.9,0.748,0.51,0.5029
F_median_3d_F4,all,norm3,Linear SVM,0.6133,0.5634,0.48,0.5029
F_mean_3d_1area,all,norm2,KNN,0.98,0.6989,0.5,0.5029
F_de_3d19,alpha,norm2,XGBoost,0.8933,0.7239,0.53,0.5029
F_mean_3d_T7,theta,norm3,XGBoost,0.5533,0.5453,0.52,0.5029
F_mean_3d_T8,alpha,None,KNN,0.9867,0.6878,0.47,0.5029
F_median_3d_C4,gamma,norm3,Linear SVM,0.4467,0.4947,0.51,0.5029
F_peak_3d_Fp1,all,norm2,XGBoost,0.84,0.6262,0.48,0.5029
F_median_3d19,delta,norm2,Random Forest,0.8867,0.671,0.44,0.5029
F_rasm_3d_3area,alpha,norm2,XGBoost,0.6667,0.6177,0.51,0.5029
F_median_3d19,gamma,norm3,Linear SVM,0.7067,0.643,0.5,0.5029
F_mean_3d_T7,theta,norm2,XGBoost,0.5533,0.5453,0.52,0.5029
F_mean_3d_10rm,beta,norm2,XGBoost,0.82,0.6752,0.53,0.5029
F_peak_3d_F3,alpha,norm3,KNN,1.0,0.6816,0.51,0.5029
F_median_3d_C4,gamma,norm2,Linear SVM,0.4467,0.4947,0.51,0.5029
F_rasm_3d_3area,alpha,norm3,XGBoost,0.6667,0.6177,0.51,0.5029
F_de_3d_8rm,all,None,XGBoost,0.9733,0.8736,0.57,0.5029
F_median_3d_T8,all,norm2,XGBoost,0.8933,0.6616,0.5,0.5029
F_peak_3d_C3,theta,norm3,Linear SVM,0.4933,0.5018,0.49,0.5029
F_dasm_3d,delta,norm3,XGBoost,0.8667,0.7333,0.5,0.5029
F_median_3d_F7,theta,None,KNN,0.98,0.6982,0.49,0.5029
F_de_3d_F7,all,None,Ensemble (Majority Vote),0.84,0.7051,0.52,0.5014
F_dasm_3d,delta,None,Logistic Regression,0.66,0.6131,0.52,0.5014
F_mean_3d_F7,beta,norm2,XGBoost,0.6133,0.5618,0.51,0.5014
F_de_3d_F8,theta,norm3,KNN,1.0,0.6726,0.49,0.5014
F_median_3d_Cz,gamma,norm3,KNN,0.9867,0.6961,0.5,0.5014
F_de_3d_3area,delta,None,Linear SVM,0.5933,0.5467,0.49,0.5014
F_mean_3d_2area,beta,norm2,Random Forest,0.8133,0.6064,0.47,0.5014
F_de_3d_2area,delta,None,Logistic Regression,0.5467,0.5317,0.5,0.5014
F_median_3d_Fp1,alpha,norm2,Random Forest,0.72,0.5915,0.48,0.5014
F_mean_3d_2area,beta,norm2,XGBoost,0.7067,0.5786,0.46,0.5014
F_mean_3d_10rm,delta,norm2,KNN,0.9867,0.7016,0.52,0.5014
F_mean_3d_F3,beta,None,Logistic Regression,0.5067,0.517,0.5,0.5014
F_de_3d_F3,alpha,None,KNN,0.9933,0.7069,0.5,0.5014
F_mean_3d_F3,beta,None,Linear SVM,0.5,0.5133,0.5,0.5014
F_mean_3d_F3,beta,None,KNN,0.9733,0.7002,0.52,0.5014
F_median_3d_8rm,theta,norm3,Linear SVM,0.64,0.5816,0.45,0.5014
F_mean_3d_F3,alpha,norm3,Linear SVM,0.52,0.5067,0.54,0.5014
F_median_3d_Fp2,beta,norm3,KNN,1.0,0.6867,0.55,0.5014
F_mean_3d_F3,alpha,norm2,Linear SVM,0.52,0.5067,0.54,0.5014
F_mean_3d,beta,norm2,KNN,0.9667,0.7071,0.53,0.5014
F_median_3d_Fp1,all,norm3,Linear SVM,0.6267,0.5795,0.52,0.5014
F_dasm_3d,delta,None,Ensemble (Majority Vote),0.7933,0.6883,0.5,0.5014
F_de_3d_F8,theta,norm2,KNN,1.0,0.6726,0.49,0.5014
F_mean_3d_Fp2,gamma,norm2,Random Forest,0.8267,0.5991,0.48,0.5014
F_median_3d_F4,theta,None,KNN,0.9733,0.7023,0.52,0.5014
F_median_3d_10rm,beta,norm2,Linear SVM,0.5733,0.5122,0.52,0.5014
F_median_3d_Fp2,delta,norm2,Random Forest,0.7667,0.5807,0.48,0.5014
F_peak_3d_Fz,delta,norm2,Random Forest,0.7733,0.5956,0.52,0.5014
F_peak_3d_F7,delta,None,Ensemble (Majority Vote),0.72,0.6216,0.52,0.5014
F_peak_3d_2area,all,norm3,XGBoost,0.96,0.7575,0.48,0.5014
F_median_3d_F3,delta,norm2,XGBoost,0.6133,0.5487,0.51,0.5014
F_de_3d_F8,gamma,norm2,KNN,0.98,0.6821,0.55,0.5014
F_mean_3d_2area,alpha,norm2,Random Forest,0.8267,0.6051,0.47,0.5014
F_mean_3d,gamma,None,Linear SVM,0.6733,0.6041,0.52,0.5014
F_peak_3d_F4,gamma,None,Ensemble (Majority Vote),0.7533,0.6232,0.53,0.5014
F_peak_3d_Fz,delta,norm3,Random Forest,0.7733,0.5956,0.52,0.5014
F_de_3d_8rm,beta,norm3,Logistic Regression,0.6,0.5616,0.51,0.5014
F_peak_3d_Fz,delta,norm3,Ensemble (Majority Vote),0.7,0.6018,0.55,0.5014
F_median_3d_Fp1,alpha,norm3,Random Forest,0.72,0.5915,0.48,0.5014
F_peak_3d_Fz,delta,norm3,Linear SVM,0.5,0.4977,0.49,0.5014
F_de_3d_F8,gamma,norm3,KNN,0.98,0.6821,0.55,0.5014
F_median_3d_10rm,delta,norm2,Linear SVM,0.4733,0.4998,0.54,0.5014
F_rasm_3d_8rm,alpha,None,Linear SVM,0.5,0.5126,0.47,0.5014
F_de_3d19,alpha,norm2,Linear SVM,0.4667,0.4986,0.49,0.5014
F_dasm_3d,all,norm2,Linear SVM,0.5667,0.5124,0.52,0.5014
F_median_3d_Fp2,beta,norm3,Linear SVM,0.5533,0.5067,0.51,0.5014
F_median_3d_F3,delta,norm3,XGBoost,0.6133,0.5487,0.51,0.5014
F_peak_3d_F3,gamma,None,KNN,0.9533,0.7005,0.55,0.5014
F_rasm_3d_3area,alpha,norm3,Ensemble (Majority Vote),0.7067,0.6469,0.44,0.5014
F_mean_3d_Cz,theta,norm2,XGBoost,0.5867,0.5501,0.48,0.5014
F_median_3d_C3,alpha,norm2,Ensemble (Majority Vote),0.6467,0.6076,0.44,0.5014
F_mean_3d_F7,delta,norm2,Linear SVM,0.5,0.4945,0.5,0.5014
F_median_3d,all,norm3,Random Forest,0.9,0.7644,0.55,0.5014
F_de_3d_C3,alpha,None,Ensemble (Majority Vote),0.7267,0.6331,0.52,0.5014
F_peak_3d_T8,theta,norm3,Linear SVM,0.4933,0.4933,0.5,0.5014
F_mean_3d_Cz,gamma,norm3,XGBoost,0.6,0.5485,0.46,0.5014
F_dasm_3d_10rm,theta,None,Ensemble (Majority Vote),0.78,0.6724,0.47,0.5014
F_de_3d_Cz,theta,norm2,XGBoost,0.54,0.5379,0.55,0.5014
F_mean_3d_Cz,gamma,norm2,XGBoost,0.6,0.5485,0.46,0.5014
F_mean_3d_F7,delta,norm3,Linear SVM,0.5,0.4945,0.5,0.5014
F_de_3d,theta,norm2,Ensemble (Majority Vote),0.8133,0.6745,0.51,0.5014
F_mean_3d,all,norm2,Linear SVM,0.5067,0.5011,0.47,0.5014
F_peak_3d19,alpha,norm2,KNN,0.9733,0.7101,0.46,0.5014
F_median_3d_C3,alpha,norm3,Ensemble (Majority Vote),0.6467,0.6076,0.44,0.5014
F_mean_3d_2area,theta,norm2,KNN,0.9867,0.7,0.51,0.5014
F_dasm_3d_10rm,all,norm2,XGBoost,1.0,0.8416,0.56,0.5014
F_peak_3d_3area,all,norm3,Logistic Regression,0.7067,0.6411,0.52,0.5014
F_de_3d_F4,alpha,norm3,XGBoost,0.5133,0.5317,0.51,0.5014
F_de_3d_F4,alpha,norm2,XGBoost,0.5133,0.5317,0.51,0.5014
F_median_3d_Fp2,gamma,norm2,Linear SVM,0.5067,0.494,0.48,0.5014
F_de_3d_F3,gamma,norm3,Random Forest,0.7733,0.5869,0.53,0.5014
F_peak_3d_C4,delta,None,XGBoost,0.62,0.5821,0.48,0.5014
F_peak_3d_C3,beta,None,Logistic Regression,0.52,0.5103,0.5,0.5014
F_peak_3d_C3,beta,norm3,Linear SVM,0.4933,0.5037,0.52,0.5014
F_mean_3d_F7,beta,norm3,XGBoost,0.6133,0.5618,0.51,0.5014
F_de_3d_F3,all,norm2,Ensemble (Majority Vote),0.8267,0.6811,0.54,0.5014
F_mean_3d,alpha,norm3,Random Forest,0.82,0.6745,0.51,0.5014
F_dasm_3d_3area,delta,None,KNN,0.9667,0.7074,0.49,0.5014
F_mean_3d_Fp2,gamma,norm3,Random Forest,0.8267,0.5991,0.48,0.5014
F_peak_3d_T8,all,norm2,Random Forest,0.8867,0.657,0.49,0.5014
F_median_3d19,delta,norm2,XGBoost,0.9333,0.7257,0.52,0.5014
F_median_3d19,all,norm3,XGBoost,0.9867,0.9214,0.51,0.5014
F_dasm_3d19,delta,None,XGBoost,0.9467,0.8014,0.52,0.5014
F_peak_3d_T8,theta,norm2,Linear SVM,0.4933,0.4933,0.5,0.5014
F_de_3d,alpha,None,Random Forest,0.7467,0.6717,0.48,0.5014
F_peak_3d_1area,all,norm3,KNN,0.9733,0.7543,0.51,0.5014
F_median_3d_Fp2,delta,norm2,Linear SVM,0.5,0.4993,0.5,0.5014
F_mean_3d_Cz,theta,norm3,XGBoost,0.5867,0.5501,0.48,0.5014
F_peak_3d_2area,gamma,norm2,Random Forest,0.8133,0.6122,0.53,0.5014
F_de_3d_Cz,theta,norm3,XGBoost,0.54,0.5379,0.55,0.5014
F_median_3d_Cz,gamma,norm2,KNN,0.9867,0.6961,0.5,0.5014
F_median_3d_Fp2,beta,norm2,Linear SVM,0.5533,0.5067,0.51,0.5014
F_de_3d_F8,delta,norm3,XGBoost,0.56,0.5453,0.49,0.5014
F_peak_3d_3area,all,norm2,XGBoost,0.9667,0.732,0.55,0.5014
F_median_3d_T7,delta,norm3,Linear SVM,0.4933,0.4975,0.51,0.5014
F_peak_3d19,beta,norm2,XGBoost,0.8467,0.7097,0.47,0.5014
F_dasm_3d_10rm,all,None,XGBoost,1.0,0.9103,0.49,0.5014
F_de_3d_F3,gamma,norm2,Ensemble (Majority Vote),0.68,0.6136,0.5,0.5014
F_peak_3d_F7,beta,None,XGBoost,0.6133,0.5789,0.48,0.5014
F_median_3d,gamma,norm2,Random Forest,0.82,0.671,0.46,0.5014
F_median_3d,gamma,norm2,Linear SVM,0.5267,0.5053,0.49,0.5014
F_peak_3d_Fz,alpha,norm3,XGBoost,0.6467,0.5526,0.51,0.5014
F_dasm_3d_10rm,gamma,norm2,Ensemble (Majority Vote),0.8533,0.6655,0.47,0.5014
F_median_3d_T7,delta,norm3,KNN,0.9933,0.6887,0.43,0.5014
F_median_3d_10rm,all,None,Logistic Regression,0.8,0.6959,0.46,0.5014
F_de_3d_3area,gamma,None,Random Forest,0.72,0.6218,0.54,0.5014
F_mean_3d_Fp1,theta,None,Linear SVM,0.54,0.5264,0.51,0.5014
F_median_3d_Fp2,gamma,norm3,Linear SVM,0.5067,0.494,0.48,0.5014
F_mean_3d_Fp1,delta,norm2,Linear SVM,0.4867,0.503,0.5,0.5014
F_mean_3d_Fp1,theta,norm2,Ensemble (Majority Vote),0.72,0.617,0.49,0.5014
F_de_3d_F4,theta,norm2,Ensemble (Majority Vote),0.7733,0.6276,0.51,0.5014
F_de_3d_F3,gamma,norm3,Ensemble (Majority Vote),0.68,0.6136,0.5,0.5014
F_median_3d_Fp2,all,norm2,Ensemble (Majority Vote),0.7867,0.6662,0.49,0.5014
F_dasm_3d19,theta,norm3,XGBoost,0.9733,0.7876,0.5,0.5014
F_rasm_3d_8rm,beta,norm3,Linear SVM,0.5867,0.5271,0.52,0.5014
F_median_3d_10rm,alpha,None,XGBoost,0.9067,0.7221,0.5,0.5014
F_mean_3d_Fp1,theta,norm3,Ensemble (Majority Vote),0.72,0.617,0.49,0.5014
F_mean_3d19,alpha,norm3,KNN,0.9667,0.7717,0.49,0.5014
F_de_3d_F3,gamma,norm2,Random Forest,0.7733,0.5869,0.53,0.5014
F_mean_3d_Fp1,delta,norm3,Linear SVM,0.4867,0.503,0.5,0.5014
F_rasm_3d19,beta,norm2,KNN,0.9933,0.7894,0.51,0.5014
F_de_3d_F7,delta,None,XGBoost,0.62,0.5982,0.51,0.5014
F_peak_3d_Fz,alpha,norm2,XGBoost,0.6467,0.5526,0.51,0.5014
F_median_3d_3area,gamma,norm2,Ensemble (Majority Vote),0.7467,0.6345,0.51,0.5014
F_de_3d_F4,theta,norm3,Random Forest,0.7667,0.5867,0.52,0.5014
F_median_3d_8rm,all,norm3,KNN,0.98,0.8191,0.5,0.5014
F_de_3d_8rm,delta,norm2,Linear SVM,0.5067,0.5002,0.5,0.5014
F_dasm_3d,alpha,norm3,Ensemble (Majority Vote),0.76,0.6844,0.49,0.5014
F_median_3d_Fp2,delta,norm3,Random Forest,0.7667,0.5807,0.48,0.5014
F_peak_3d_Cz,all,None,Random Forest,0.7733,0.6687,0.51,0.5014
F_median_3d_Fp2,delta,norm3,Linear SVM,0.5,0.4993,0.5,0.5014
F_de_3d_F4,theta,norm3,Ensemble (Majority Vote),0.7733,0.6276,0.51,0.5014
F_de_3d_F4,theta,norm2,Random Forest,0.7667,0.5867,0.52,0.5014
F_median_3d_3area,delta,norm3,Logistic Regression,0.6,0.5618,0.51,0.5014
F_peak_3d_T8,delta,norm2,Linear SVM,0.4933,0.5028,0.54,0.5014
F_rasm_3d19,all,norm2,XGBoost,1.0,0.988,0.5,0.5014
F_median_3d,theta,None,Ensemble (Majority Vote),0.7933,0.7002,0.48,0.5014
F_de_3d_F3,delta,norm3,XGBoost,0.5667,0.5379,0.5,0.5014
F_de_3d_2area,alpha,norm3,Linear SVM,0.5533,0.5306,0.48,0.5014
F_de_3d_8rm,theta,norm2,XGBoost,0.7467,0.6211,0.49,0.5014
F_peak_3d_Fz,delta,None,Linear SVM,0.5333,0.5184,0.52,0.5014
F_dasm_3d19,gamma,norm3,KNN,0.9667,0.8074,0.5,0.5014
F_peak_3d_Fz,delta,None,Logistic Regression,0.5267,0.5195,0.52,0.5014
F_peak_3d_Fz,delta,norm2,Ensemble (Majority Vote),0.7,0.6018,0.55,0.5014
F_peak_3d_Fz,delta,norm2,Linear SVM,0.5,0.4977,0.49,0.5014
F_median_3d_3area,delta,None,XGBoost,0.7733,0.6287,0.54,0.5014
F_peak_3d_T8,delta,norm3,Linear SVM,0.4933,0.5028,0.54,0.5014
F_dasm_3d_10rm,alpha,None,Random Forest,0.7667,0.6669,0.54,0.5014
F_de_3d_F4,all,norm3,Ensemble (Majority Vote),0.76,0.6556,0.5,0.5014
F_de_3d_1area,delta,norm2,Random Forest,0.8,0.591,0.49,0.5014
F_median_3d_Fp2,beta,norm2,KNN,1.0,0.6867,0.55,0.5014
F_peak_3d_1area,beta,norm3,Random Forest,0.78,0.586,0.47,0.5014
F_mean_3d,gamma,norm2,XGBoost,0.82,0.6628,0.5,0.5014
F_mean_3d_F8,alpha,norm3,Ensemble (Majority Vote),0.62,0.5887,0.53,0.5014
F_median_3d_2area,delta,None,KNN,0.9533,0.711,0.5,0.5014
F_peak_3d_C4,gamma,norm3,Linear SVM,0.5267,0.4998,0.49,0.5014
F_peak_3d_C4,gamma,norm2,Linear SVM,0.5267,0.4998,0.49,0.5014
F_peak_3d_C4,gamma,None,XGBoost,0.6267,0.5931,0.5,0.5014
F_peak_3d19,delta,norm2,Linear SVM,0.4933,0.4943,0.47,0.5014
F_de_3d_F8,delta,norm2,XGBoost,0.56,0.5453,0.49,0.5014
F_rasm_3d_3area,alpha,norm2,Ensemble (Majority Vote),0.7067,0.6469,0.44,0.5014
F_dasm_3d19,gamma,norm3,Logistic Regression,0.6867,0.6097,0.49,0.5014
F_median_3d_8rm,all,None,Ensemble (Majority Vote),0.9133,0.8057,0.5,0.5014
F_mean_3d_Fp1,alpha,norm3,Linear SVM,0.5,0.5064,0.48,0.5014
F_dasm_3d19,theta,norm2,KNN,0.9867,0.7177,0.48,0.5014
F_peak_3d_2area,beta,norm3,Linear SVM,0.54,0.5264,0.52,0.5014
F_peak_3d,all,norm2,Linear SVM,0.5867,0.5131,0.53,0.5014
F_dasm_3d,alpha,norm2,Ensemble (Majority Vote),0.84,0.6775,0.56,0.5014
F_median_3d_T7,delta,norm2,Linear SVM,0.4933,0.4975,0.51,0.5014
F_de_3d_8rm,gamma,norm3,XGBoost,0.7933,0.7005,0.51,0.5014
F_de_3d_2area,alpha,norm3,Random Forest,0.7867,0.6216,0.52,0.5014
F_de_3d_F3,delta,norm2,XGBoost,0.5667,0.5379,0.5,0.5014
F_median_3d_8rm,beta,None,Linear SVM,0.62,0.569,0.49,0.5014
F_mean_3d_Fp1,alpha,norm2,Linear SVM,0.5,0.5064,0.48,0.5014
F_median_3d_8rm,beta,None,Random Forest,0.7067,0.6494,0.46,0.5014
F_median_3d,delta,norm2,Random Forest,0.8,0.6547,0.5,0.5014
F_peak_3d_1area,beta,norm2,Random Forest,0.78,0.586,0.47,0.5014
F_median_3d_T7,delta,norm2,KNN,0.9933,0.6887,0.43,0.5014
F_de_3d_8rm,theta,norm2,Ensemble (Majority Vote),0.8133,0.6646,0.54,0.5014
F_de_3d_1area,delta,norm3,Random Forest,0.8,0.591,0.49,0.5014
F_peak_3d19,delta,None,KNN,0.9867,0.8244,0.51,0.5014
F_de_3d_F7,beta,None,KNN,0.96,0.7023,0.54,0.5014
F_peak_3d_C3,beta,norm2,Linear SVM,0.4933,0.5037,0.52,0.5014
F_mean_3d_F8,alpha,norm2,Ensemble (Majority Vote),0.62,0.5887,0.53,0.5014
F_peak_3d_C4,alpha,norm2,Linear SVM,0.52,0.5051,0.46,0.5014
F_peak_3d_F8,gamma,norm3,Linear SVM,0.4933,0.4977,0.46,0.5014
F_mean_3d_3area,alpha,None,Random Forest,0.66,0.6255,0.52,0.5014
F_mean_3d_3area,beta,norm2,Random Forest,0.8333,0.6221,0.48,0.5014
F_mean_3d_C4,theta,norm3,Linear SVM,0.48,0.4984,0.52,0.5014
F_mean_3d_3area,beta,norm2,Ensemble (Majority Vote),0.82,0.6448,0.5,0.5014
F_mean_3d_Cz,all,None,KNN,0.9867,0.7485,0.54,0.5014
F_de_3d_Fz,alpha,norm2,XGBoost,0.6067,0.5487,0.51,0.5014
F_median_3d_10rm,theta,None,Logistic Regression,0.6267,0.5841,0.47,0.5014
F_median_3d_T7,alpha,norm2,XGBoost,0.6133,0.5444,0.53,0.5014
F_de_3d_T8,all,norm3,Random Forest,0.76,0.6621,0.54,0.5014
F_de_3d_10rm,all,norm3,Logistic Regression,0.7733,0.6977,0.47,0.5014
F_de_3d_T8,delta,norm3,Linear SVM,0.4933,0.5002,0.5,0.5014
F_peak_3d_C4,alpha,norm3,Linear SVM,0.52,0.5051,0.46,0.5014
F_de_3d_C4,gamma,norm2,Linear SVM,0.48,0.4926,0.53,0.5014
F_mean_3d_T8,delta,norm3,Ensemble (Majority Vote),0.7067,0.6032,0.46,0.5014
F_peak_3d,delta,None,Linear SVM,0.6533,0.6126,0.52,0.5014
F_de_3d_T8,all,norm2,Linear SVM,0.5,0.5032,0.49,0.5014
F_de_3d_C4,gamma,norm3,Linear SVM,0.48,0.4926,0.53,0.5014
F_de_3d_3area,all,norm2,Random Forest,0.9667,0.7062,0.51,0.5014
F_mean_3d_8rm,delta,norm3,Random Forest,0.8533,0.6678,0.54,0.5014
F_median_3d_T7,alpha,norm3,Linear SVM,0.46,0.4972,0.48,0.5014
F_de_3d_Fz,alpha,None,KNN,0.9667,0.6982,0.54,0.5014
F_peak_3d_C3,alpha,None,Logistic Regression,0.5267,0.5287,0.52,0.5014
F_median_3d_T8,delta,norm2,Linear SVM,0.5067,0.506,0.5,0.5014
F_median_3d_C4,alpha,norm2,KNN,0.98,0.6894,0.52,0.5014
F_median_3d_F7,delta,norm2,Linear SVM,0.5133,0.4938,0.48,0.5014
F_median_3d_Fz,gamma,None,Random Forest,0.6667,0.5848,0.52,0.5014
F_de_3d_Fz,alpha,norm3,XGBoost,0.6067,0.5487,0.51,0.5014
F_mean_3d_C4,theta,norm2,Linear SVM,0.48,0.4984,0.52,0.5014
F_de_3d_T8,delta,norm2,Linear SVM,0.4933,0.5002,0.5,0.5014
F_de_3d19,theta,norm2,Ensemble (Majority Vote),0.88,0.7099,0.51,0.5014
F_de_3d_C4,delta,norm3,Linear SVM,0.5067,0.4991,0.5,0.5014
F_mean_3d_3area,delta,norm3,Ensemble (Majority Vote),0.74,0.6434,0.51,0.5014
F_median_3d_T7,all,norm2,XGBoost,0.9133,0.6336,0.48,0.5014
F_median_3d_C4,alpha,norm3,KNN,0.98,0.6894,0.52,0.5014
F_peak_3d_2area,delta,norm2,XGBoost,0.6867,0.5821,0.48,0.5014
F_peak_3d_F8,gamma,norm2,Linear SVM,0.4933,0.4977,0.46,0.5014
F_de_3d_Fp2,delta,norm2,Random Forest,0.7,0.5855,0.5,0.5014
F_median_3d_T8,delta,norm2,XGBoost,0.6133,0.5621,0.51,0.5014
F_dasm_3d,gamma,norm2,Linear SVM,0.4933,0.4963,0.56,0.5014
F_mean_3d_T8,delta,norm2,Ensemble (Majority Vote),0.7067,0.6032,0.46,0.5014
F_peak_3d_8rm,theta,norm2,KNN,0.9733,0.6961,0.53,0.5014
F_de_3d_Fp2,delta,norm3,Random Forest,0.7,0.5855,0.5,0.5014
F_median_3d_C4,theta,norm2,Linear SVM,0.46,0.4991,0.52,0.5014
F_peak_3d_F4,beta,None,XGBoost,0.64,0.5908,0.51,0.5014
F_de_3d_C4,delta,norm2,Linear SVM,0.5067,0.4991,0.5,0.5014
F_dasm_3d,theta,norm3,XGBoost,0.84,0.6995,0.5,0.5014
F_dasm_3d_8rm,gamma,norm3,XGBoost,0.8267,0.6777,0.51,0.5014
F_de_3d_3area,alpha,norm2,Linear SVM,0.4667,0.5057,0.51,0.5014
F_median_3d_T7,alpha,None,Logistic Regression,0.5467,0.506,0.51,0.5014
F_median_3d_T7,alpha,norm2,Linear SVM,0.46,0.4972,0.48,0.5014
F_peak_3d_T7,delta,None,Logistic Regression,0.5,0.5018,0.52,0.5014
F_peak_3d_10rm,all,None,XGBoost,0.9933,0.9057,0.48,0.5014
F_median_3d_C4,theta,norm3,Linear SVM,0.46,0.4991,0.52,0.5014
F_peak_3d_8rm,theta,None,XGBoost,0.86,0.6991,0.49,0.5014
F_median_3d_Fz,theta,norm2,Ensemble (Majority Vote),0.68,0.6209,0.53,0.5014
F_dasm_3d_8rm,alpha,None,Random Forest,0.7533,0.6513,0.51,0.5014
F_mean_3d_C3,theta,None,XGBoost,0.7,0.5841,0.52,0.5014
F_rasm_3d,gamma,norm2,Ensemble (Majority Vote),0.8933,0.7563,0.5,0.5014
F_median_3d_T8,delta,norm3,XGBoost,0.6133,0.5621,0.51,0.5014
F_de_3d_T8,theta,None,KNN,0.98,0.7025,0.57,0.5014
F_rasm_3d_10rm,beta,norm3,KNN,0.9933,0.7669,0.49,0.5014
F_peak_3d_3area,theta,None,KNN,0.94,0.723,0.51,0.5014
F_de_3d_2area,theta,None,KNN,0.96,0.7202,0.52,0.5014
F_peak_3d_T7,beta,None,Linear SVM,0.5533,0.5349,0.5,0.5014
F_peak_3d_F8,delta,None,XGBoost,0.6533,0.5949,0.47,0.5014
F_median_3d_Cz,delta,None,XGBoost,0.6267,0.5782,0.5,0.5014
F_dasm_3d_8rm,beta,None,Linear SVM,0.5867,0.5536,0.5,0.5014
F_median_3d_C3,beta,None,Logistic Regression,0.5067,0.5092,0.51,0.5014
F_median_3d_T8,delta,norm3,Linear SVM,0.5067,0.506,0.5,0.5014
F_median_3d_C3,beta,None,Linear SVM,0.5067,0.5092,0.49,0.5014
F_median_3d_Fz,theta,norm3,Ensemble (Majority Vote),0.68,0.6209,0.53,0.5014
F_de_3d_T7,gamma,norm2,XGBoost,0.6133,0.5446,0.51,0.5014
F_dasm_3d_8rm,gamma,None,Linear SVM,0.58,0.5621,0.48,0.5014
F_peak_3d_2area,delta,None,XGBoost,0.7133,0.617,0.54,0.5014
F_median_3d_F7,delta,norm3,Linear SVM,0.5133,0.4938,0.48,0.5014
F_peak_3d_F4,alpha,None,XGBoost,0.6067,0.574,0.5,0.5014
F_median_3d_T7,all,None,KNN,0.98,0.7423,0.53,0.5014
F_median_3d_10rm,gamma,None,Random Forest,0.7867,0.6807,0.5,0.5014
F_rasm_3d,gamma,norm2,Linear SVM,0.4867,0.4966,0.52,0.5014
F_de_3d_T7,gamma,norm3,XGBoost,0.6133,0.5446,0.51,0.5014
F_rasm_3d_10rm,theta,None,KNN,0.9933,0.7207,0.53,0.5014
F_peak_3d,delta,norm3,Linear SVM,0.6867,0.6271,0.52,0.5014
F_de_3d_10rm,alpha,norm2,Linear SVM,0.4867,0.4998,0.52,0.5014
F_de_3d_3area,all,norm2,Linear SVM,0.5067,0.5037,0.47,0.5014
F_de_3d_T7,gamma,None,Logistic Regression,0.5333,0.5115,0.5,0.5014
F_mean_3d_8rm,all,None,Linear SVM,0.78,0.6855,0.5,0.5014
F_de_3d_C3,beta,None,XGBoost,0.66,0.5832,0.53,0.5014
F_median_3d_T7,alpha,norm3,XGBoost,0.6133,0.5444,0.53,0.5014
F_peak_3d_F8,all,norm3,XGBoost,0.8733,0.6793,0.45,0.5014
F_rasm_3d_10rm,beta,norm3,Logistic Regression,0.5733,0.52,0.53,0.5014
F_mean_3d_8rm,all,None,Logistic Regression,0.76,0.666,0.52,0.5014
F_median_3d_C4,alpha,None,Linear SVM,0.5133,0.5209,0.46,0.5014
F_rasm_3d_10rm,delta,norm2,Ensemble (Majority Vote),0.8533,0.7205,0.49,0.5014
F_median_3d_T8,delta,norm2,Logistic Regression,0.5,0.5,0.5,0.5
F_median_3d_T7,gamma,norm3,Linear SVM,0.5333,0.5011,0.52,0.5
F_median_3d_T7,gamma,norm2,Linear SVM,0.5333,0.5011,0.52,0.5
F_median_3d_T7,delta,norm3,Logistic Regression,0.5,0.5,0.5,0.5
F_peak_3d_F4,all,norm2,Random Forest,0.92,0.671,0.51,0.5
F_mean_3d_T7,alpha,norm2,Logistic Regression,0.5,0.5,0.5,0.5
F_median_3d_Fp2,gamma,norm2,Logistic Regression,0.5,0.5,0.5,0.5
F_de_3d_F3,theta,None,Linear SVM,0.5867,0.5522,0.52,0.5
F_median_3d_T7,gamma,norm3,Logistic Regression,0.5,0.5,0.5,0.5
F_peak_3d_F4,all,norm2,Logistic Regression,0.5,0.5,0.5,0.5
F_peak_3d_T8,theta,norm3,Logistic Regression,0.5,0.5,0.5,0.5
F_median_3d_10rm,all,norm2,Logistic Regression,0.5,0.5,0.5,0.5
F_median_3d_T7,gamma,norm2,Logistic Regression,0.5,0.5,0.5,0.5
F_mean_3d_Fp1,beta,norm2,Logistic Regression,0.5,0.5,0.5,0.5
F_peak_3d_F3,theta,norm2,XGBoost,0.5467,0.5393,0.51,0.5
F_de_3d_C3,theta,norm2,Logistic Regression,0.5,0.5,0.5,0.5
F_median_3d_1area,delta,norm3,Logistic Regression,0.5,0.5,0.5,0.5
F_de_3d_3area,gamma,norm2,Logistic Regression,0.5,0.5,0.5,0.5
F_dasm_3d,alpha,norm2,Logistic Regression,0.5,0.5,0.5,0.5
F_peak_3d_F3,beta,norm3,Ensemble (Majority Vote),0.68,0.6129,0.49,0.5
F_de_3d_8rm,delta,norm2,Logistic Regression,0.5,0.5,0.5,0.5
F_peak_3d_Cz,delta,norm2,Logistic Regression,0.5,0.5,0.5,0.5
F_de_3d_8rm,beta,norm2,Logistic Regression,0.5,0.5,0.5,0.5
F_de_3d_8rm,gamma,norm2,Logistic Regression,0.5,0.5,0.5,0.5
F_mean_3d_Fp1,delta,norm3,Logistic Regression,0.5,0.5,0.5,0.5
F_median_3d_T8,alpha,norm3,Logistic Regression,0.5,0.5,0.5,0.5
F_rasm_3d19,theta,norm2,Logistic Regression,0.5,0.5,0.5,0.5
F_rasm_3d19,alpha,None,KNN,0.9467,0.7324,0.49,0.5
F_de_3d_F3,gamma,norm3,XGBoost,0.64,0.543,0.5,0.5
F_de_3d_C4,gamma,norm3,Logistic Regression,0.5,0.5,0.5,0.5
F_median_3d19,all,norm2,Logistic Regression,0.5,0.5,0.5,0.5
F_de_3d_3area,alpha,norm2,Logistic Regression,0.5,0.5,0.5,0.5
F_median_3d_2area,theta,norm2,Logistic Regression,0.5,0.5,0.5,0.5
F_peak_3d_F4,theta,norm3,Logistic Regression,0.5,0.5,0.5,0.5
F_mean_3d_T7,alpha,norm3,Logistic Regression,0.5,0.5,0.5,0.5
F_rasm_3d_8rm,theta,norm2,Logistic Regression,0.5,0.5,0.5,0.5
F_peak_3d_F3,beta,norm3,Logistic Regression,0.5,0.5,0.5,0.5
F_peak_3d_1area,theta,norm2,Logistic Regression,0.5,0.5,0.5,0.5
F_rasm_3d19,theta,None,Logistic Regression,0.56,0.5205,0.5,0.5
F_mean_3d_T8,alpha,norm2,Logistic Regression,0.5,0.5,0.5,0.5
F_mean_3d_T8,alpha,norm3,Logistic Regression,0.5,0.5,0.5,0.5
F_peak_3d_F4,all,norm3,Ensemble (Majority Vote),0.7733,0.6556,0.48,0.5
F_median_3d_2area,theta,norm2,XGBoost,0.7133,0.5766,0.49,0.5
F_mean_3d_Fp1,beta,norm3,Logistic Regression,0.5,0.5,0.5,0.5
F_de_3d_F3,gamma,norm2,XGBoost,0.64,0.543,0.5,0.5
F_median_3d,theta,norm2,Logistic Regression,0.5,0.5,0.5,0.5
F_dasm_3d_10rm,all,norm2,Logistic Regression,0.5,0.5,0.5,0.5
F_de_3d_C4,gamma,norm2,Logistic Regression,0.5,0.5,0.5,0.5
F_peak_3d_8rm,all,norm2,Logistic Regression,0.5,0.5,0.5,0.5
F_peak_3d_F3,beta,norm2,Ensemble (Majority Vote),0.68,0.6129,0.49,0.5
F_de_3d_F3,gamma,norm2,Logistic Regression,0.5,0.5,0.5,0.5
F_dasm_3d,alpha,norm2,XGBoost,0.8867,0.6515,0.45,0.5
F_de_3d_C4,theta,norm2,Logistic Regression,0.5,0.5,0.5,0.5
F_de_3d_F3,gamma,norm3,Logistic Regression,0.5,0.5,0.5,0.5
F_peak_3d_F3,beta,norm2,Logistic Regression,0.5,0.5,0.5,0.5
F_rasm_3d19,beta,norm2,Logistic Regression,0.5,0.5,0.5,0.5
F_rasm_3d_8rm,gamma,norm2,Logistic Regression,0.5,0.5,0.5,0.5
F_mean_3d_Fp1,delta,norm2,Logistic Regression,0.5,0.5,0.5,0.5
F_peak_3d_Cz,beta,norm3,Random Forest,0.8267,0.594,0.54,0.5
F_peak_3d_Cz,alpha,norm3,Logistic Regression,0.5,0.5,0.5,0.5
F_mean_3d_T7,gamma,norm2,Logistic Regression,0.5,0.5,0.5,0.5
F_median_3d_Fp2,delta,norm2,Logistic Regression,0.5,0.5,0.5,0.5
F_peak_3d_T8,theta,norm2,Logistic Regression,0.5,0.5,0.5,0.5
F_dasm_3d_10rm,alpha,norm2,Logistic Regression,0.5,0.5,0.5,0.5
F_peak_3d_Cz,alpha,norm2,Logistic Regression,0.5,0.5,0.5,0.5
F_mean_3d_F8,theta,norm3,Logistic Regression,0.5,0.5,0.5,0.5
F_peak_3d_F3,alpha,norm3,Logistic Regression,0.5,0.5,0.5,0.5
F_peak_3d_1area,alpha,norm2,Logistic Regression,0.5,0.5,0.5,0.5
F_dasm_3d,all,norm2,Logistic Regression,0.5,0.5,0.5,0.5
F_de_3d_C4,all,norm2,Logistic Regression,0.5,0.5,0.5,0.5
F_de_3d_C4,alpha,norm3,Logistic Regression,0.5,0.5,0.5,0.5
F_peak_3d_8rm,all,norm2,Ensemble (Majority Vote),0.9267,0.7772,0.51,0.5
F_de_3d_2area,theta,norm3,KNN,0.98,0.6913,0.5,0.5
F_median_3d_1area,beta,norm3,Ensemble (Majority Vote),0.7133,0.6117,0.53,0.5
F_rasm_3d_8rm,beta,norm2,Logistic Regression,0.5,0.5,0.5,0.5
F_de_3d_C4,beta,norm2,Logistic Regression,0.5,0.5,0.5,0.5
F_median_3d_3area,all,norm2,Logistic Regression,0.5,0.5,0.5,0.5
F_mean_3d_T7,delta,norm3,Logistic Regression,0.5,0.5,0.5,0.5
F_de_3d_8rm,all,norm2,Logistic Regression,0.5,0.5,0.5,0.5
F_peak_3d_F3,theta,norm3,Logistic Regression,0.5,0.5,0.5,0.5
F_mean_3d_Fp1,all,norm2,Logistic Regression,0.5,0.5,0.5,0.5
F_median_3d19,theta,norm2,Logistic Regression,0.5,0.5,0.5,0.5
F_median_3d_Fz,theta,norm2,Logistic Regression,0.5,0.5,0.5,0.5
F_de_3d_3area,all,norm2,Logistic Regression,0.5,0.5,0.5,0.5
F_de_3d_C4,delta,norm3,Logistic Regression,0.5,0.5,0.5,0.5
F_median_3d19,delta,norm2,Logistic Regression,0.5,0.5,0.5,0.5
F_peak_3d_F3,theta,norm3,XGBoost,0.5467,0.5393,0.51,0.5
F_median_3d_3area,alpha,None,Logistic Regression,0.5533,0.5338,0.48,0.5
F_rasm_3d_10rm,all,norm2,KNN,0.9733,0.7294,0.5,0.5
F_median_3d19,gamma,norm2,Logistic Regression,0.5,0.5,0.5,0.5
F_mean_3d_F8,gamma,norm3,Logistic Regression,0.5,0.5,0.5,0.5
F_median_3d_1area,beta,norm2,Ensemble (Majority Vote),0.7133,0.6117,0.53,0.5
F_mean_3d_T7,theta,norm2,Logistic Regression,0.5,0.5,0.5,0.5
F_peak_3d_F4,all,None,KNN,0.9733,0.7754,0.51,0.5
F_median_3d_Fz,theta,norm3,Logistic Regression,0.5,0.5,0.5,0.5
F_de_3d_F4,alpha,norm2,Logistic Regression,0.5,0.5,0.5,0.5
F_median_3d19,delta,norm3,Random Forest,0.8867,0.7021,0.48,0.5
F_dasm_3d,all,None,XGBoost,1.0,0.9336,0.5,0.5
F_median_3d_T8,theta,norm2,Logistic Regression,0.5,0.5,0.5,0.5
F_peak_3d_1area,gamma,norm3,Logistic Regression,0.5,0.5,0.5,0.5
F_median_3d_T8,all,norm2,Logistic Regression,0.5,0.5,0.5,0.5
F_median_3d_1area,beta,norm2,Logistic Regression,0.5,0.5,0.5,0.5
F_mean_3d_T7,gamma,norm3,Logistic Regression,0.5,0.5,0.5,0.5
F_median_3d_T8,delta,norm3,Logistic Regression,0.5,0.5,0.5,0.5
F_mean_3d_T7,theta,norm3,Logistic Regression,0.5,0.5,0.5,0.5
F_mean_3d_F8,theta,norm2,Logistic Regression,0.5,0.5,0.5,0.5
F_de_3d_C4,alpha,norm2,Logistic Regression,0.5,0.5,0.5,0.5
F_de_3d_3area,theta,norm2,Logistic Regression,0.5,0.5,0.5,0.5
F_peak_3d_F3,alpha,norm2,Logistic Regression,0.5,0.5,0.5,0.5
F_median_3d_1area,beta,norm3,Logistic Regression,0.5,0.5,0.5,0.5
F_rasm_3d19,gamma,norm2,Logistic Regression,0.5,0.5,0.5,0.5
F_median_3d_1area,delta,norm2,Logistic Regression,0.5,0.5,0.5,0.5
F_median_3d_T7,theta,norm3,Linear SVM,0.52,0.5016,0.51,0.5
F_median_3d_T8,alpha,norm2,Logistic Regression,0.5,0.5,0.5,0.5
F_de_3d_F3,theta,norm3,Logistic Regression,0.5,0.5,0.5,0.5
F_dasm_3d,theta,norm2,Logistic Regression,0.5,0.5,0.5,0.5
F_de_3d_3area,gamma,norm2,XGBoost,0.7667,0.5901,0.55,0.5
F_mean_3d_T7,beta,norm3,Logistic Regression,0.5,0.5,0.5,0.5
F_de_3d_C4,delta,norm2,Logistic Regression,0.5,0.5,0.5,0.5
F_de_3d_3area,alpha,None,Ensemble (Majority Vote),0.7333,0.6501,0.48,0.5
F_mean_3d_Fp1,alpha,norm2,Logistic Regression,0.5,0.5,0.5,0.5
F_peak_3d_1area,alpha,norm3,Logistic Regression,0.5,0.5,0.5,0.5
F_median_3d_T7,theta,norm2,Logistic Regression,0.5,0.5,0.5,0.5
F_peak_3d_F7,all,norm2,Logistic Regression,0.5,0.5,0.5,0.5
F_de_3d_F3,theta,norm2,Logistic Regression,0.5,0.5,0.5,0.5
F_mean_3d_Fp1,alpha,norm3,Logistic Regression,0.5,0.5,0.5,0.5
F_dasm_3d19,all,norm2,Logistic Regression,0.5,0.5,0.5,0.5
F_de_3d_2area,alpha,norm2,Logistic Regression,0.5,0.5,0.5,0.5
F_median_3d_T7,theta,norm2,Linear SVM,0.52,0.5016,0.51,0.5
F_median_3d19,alpha,norm2,Logistic Regression,0.5,0.5,0.5,0.5
F_median_3d_Fz,gamma,norm2,Logistic Regression,0.5,0.5,0.5,0.5
F_mean_3d_T7,beta,norm2,Logistic Regression,0.5,0.5,0.5,0.5
F_median_3d_Fp2,delta,norm3,Logistic Regression,0.5,0.5,0.5,0.5
F_rasm_3d,delta,norm2,Logistic Regression,0.5,0.5,0.5,0.5
F_peak_3d_Cz,delta,norm3,Logistic Regression,0.5,0.5,0.5,0.5
F_de_3d_8rm,alpha,norm2,Logistic Regression,0.5,0.5,0.5,0.5
F_mean_3d_T7,delta,norm3,Ensemble (Majority Vote),0.7267,0.6195,0.53,0.5
F_de_3d_2area,theta,norm2,Logistic Regression,0.5,0.5,0.5,0.5
F_median_3d_1area,alpha,norm3,Logistic Regression,0.5,0.5,0.5,0.5
F_de_3d_F4,all,norm2,Logistic Regression,0.5,0.5,0.5,0.5
F_median_3d_T8,theta,norm2,KNN,0.9867,0.6931,0.52,0.5
F_rasm_3d19,alpha,norm2,Logistic Regression,0.5,0.5,0.5,0.5
F_median_3d19,beta,norm2,Logistic Regression,0.5,0.5,0.5,0.5
F_median_3d19,beta,norm2,KNN,0.9667,0.6929,0.5,0.5
F_median_3d_T7,theta,norm3,Logistic Regression,0.5,0.5,0.5,0.5
F_de_3d_F4,all,None,Logistic Regression,0.6067,0.5641,0.51,0.5
F_peak_3d_3area,theta,norm2,Logistic Regression,0.5,0.5,0.5,0.5
F_median_3d_T8,delta,norm3,KNN,0.9733,0.6972,0.44,0.5
F_median_3d_Fz,gamma,norm3,Logistic Regression,0.5,0.5,0.5,0.5
F_mean_3d_T8,all,norm2,Logistic Regression,0.5,0.5,0.5,0.5
F_de_3d_2area,alpha,norm2,Linear SVM,0.5533,0.5087,0.49,0.5
F_mean_3d_T7,delta,norm2,Logistic Regression,0.5,0.5,0.5,0.5
F_de_3d_C3,theta,norm3,Logistic Regression,0.5,0.5,0.5,0.5
F_mean_3d_T7,delta,norm2,Ensemble (Majority Vote),0.7267,0.6195,0.53,0.5
F_de_3d_C4,beta,norm3,Logistic Regression,0.5,0.5,0.5,0.5
F_median_3d_1area,alpha,norm2,Logistic Regression,0.5,0.5,0.5,0.5
F_median_3d_2area,gamma,norm3,Random Forest,0.7467,0.6083,0.53,0.5
F_peak_3d_1area,beta,None,KNN,0.9733,0.7122,0.49,0.5
F_mean_3d_F8,gamma,norm2,Logistic Regression,0.5,0.5,0.5,0.5
F_median_3d,alpha,norm2,Logistic Regression,0.5,0.5,0.5,0.5
F_median_3d_10rm,theta,None,Random Forest,0.7533,0.6697,0.47,0.5
F_dasm_3d,delta,None,Linear SVM,0.6667,0.611,0.5,0.5
F_peak_3d_F4,beta,norm2,Logistic Regression,0.5,0.5,0.5,0.5
F_mean_3d_Fz,beta,norm3,XGBoost,0.7,0.5662,0.44,0.5
F_rasm_3d_8rm,delta,norm3,XGBoost,0.8933,0.7166,0.48,0.5
F_dasm_3d19,delta,norm2,Logistic Regression,0.5,0.5,0.5,0.5
F_mean_3d_T8,gamma,norm3,Logistic Regression,0.5,0.5,0.5,0.5
F_peak_3d_F4,delta,norm3,Logistic Regression,0.5,0.5,0.5,0.5
F_rasm_3d,gamma,norm2,Logistic Regression,0.5,0.5,0.5,0.5
F_mean_3d_Fz,beta,norm3,Logistic Regression,0.5,0.5,0.5,0.5
F_de_3d_C3,all,None,XGBoost,0.8933,0.7152,0.51,0.5
F_de_3d_2area,gamma,norm2,Logistic Regression,0.5,0.5,0.5,0.5
F_de_3d_F3,all,norm2,Logistic Regression,0.5,0.5,0.5,0.5
F_de_3d_Cz,delta,norm2,Logistic Regression,0.5,0.5,0.5,0.5
F_dasm_3d19,beta,None,Random Forest,0.82,0.7057,0.53,0.5
F_de_3d_C3,all,norm2,Logistic Regression,0.5,0.5,0.5,0.5
F_de_3d_C3,beta,norm2,Logistic Regression,0.5,0.5,0.5,0.5
F_median_3d_1area,theta,norm3,Logistic Regression,0.5,0.5,0.5,0.5
F_mean_3d_Fp2,gamma,norm2,Logistic Regression,0.5,0.5,0.5,0.5
F_mean_3d_Fz,beta,norm2,XGBoost,0.7,0.5662,0.44,0.5
F_median_3d_T8,beta,norm3,Logistic Regression,0.5,0.5,0.5,0.5
F_median_3d_Fz,alpha,norm3,Logistic Regression,0.5,0.5,0.5,0.5
F_dasm_3d,gamma,None,XGBoost,0.88,0.726,0.49,0.5
F_median_3d_10rm,theta,norm2,Logistic Regression,0.5,0.5,0.5,0.5
F_mean_3d_Fp2,delta,norm3,Random Forest,0.76,0.5853,0.51,0.5
F_mean_3d_T8,gamma,norm2,Logistic Regression,0.5,0.5,0.5,0.5
F_dasm_3d19,alpha,norm2,Logistic Regression,0.5,0.5,0.5,0.5
F_de_3d_F3,alpha,norm3,Logistic Regression,0.5,0.5,0.5,0.5
F_de_3d_F3,alpha,norm2,Logistic Regression,0.5,0.5,0.5,0.5
F_de_3d_3area,delta,norm2,Logistic Regression,0.5,0.5,0.5,0.5
F_median_3d_2area,beta,norm2,Logistic Regression,0.5,0.5,0.5,0.5
F_median_3d_Fz,beta,norm2,Logistic Regression,0.5,0.5,0.5,0.5
F_de_3d_Cz,beta,norm2,Logistic Regression,0.5,0.5,0.5,0.5
F_dasm_3d19,delta,norm3,Ensemble (Majority Vote),0.86,0.7467,0.51,0.5
F_mean_3d_Fz,delta,norm3,Logistic Regression,0.5,0.5,0.5,0.5
F_median_3d_1area,theta,norm2,Logistic Regression,0.5,0.5,0.5,0.5
F_median_3d_Fp2,theta,norm3,Logistic Regression,0.5,0.5,0.5,0.5
F_de_3d_Cz,beta,norm3,Logistic Regression,0.5,0.5,0.5,0.5
F_mean_3d_Fp2,delta,norm2,Logistic Regression,0.5,0.5,0.5,0.5
F_mean_3d_Fp2,delta,norm2,Random Forest,0.76,0.5853,0.51,0.5
F_peak_3d_Cz,gamma,norm3,Logistic Regression,0.5,0.5,0.5,0.5
F_mean_3d_Fz,delta,norm2,Logistic Regression,0.5,0.5,0.5,0.5
F_rasm_3d,alpha,norm2,XGBoost,0.92,0.7444,0.51,0.5
F_median_3d_T7,alpha,norm2,Logistic Regression,0.5,0.5,0.5,0.5
F_median_3d_T8,gamma,norm3,Ensemble (Majority Vote),0.7,0.6278,0.58,0.5
F_median_3d_10rm,theta,norm2,Random Forest,0.8933,0.6669,0.52,0.5
F_mean_3d_Fp2,delta,norm3,Logistic Regression,0.5,0.5,0.5,0.5
F_peak_3d_1area,delta,norm2,Logistic Regression,0.5,0.5,0.5,0.5
F_median_3d_10rm,gamma,norm2,Logistic Regression,0.5,0.5,0.5,0.5
F_dasm_3d,gamma,None,Linear SVM,0.6333,0.5949,0.51,0.5
F_peak_3d_F4,delta,norm2,Logistic Regression,0.5,0.5,0.5,0.5
F_mean_3d_T8,theta,norm3,Logistic Regression,0.5,0.5,0.5,0.5
F_peak_3d_8rm,alpha,norm2,Logistic Regression,0.5,0.5,0.5,0.5
F_dasm_3d19,beta,norm2,Logistic Regression,0.5,0.5,0.5,0.5
F_de_3d_Cz,theta,norm2,Logistic Regression,0.5,0.5,0.5,0.5
F_median_3d_T7,beta,norm2,Logistic Regression,0.5,0.5,0.5,0.5
F_mean_3d_Fz,alpha,norm2,Logistic Regression,0.5,0.5,0.5,0.5
F_mean_3d_Fz,all,norm2,Logistic Regression,0.5,0.5,0.5,0.5
F_median_3d_Fz,all,norm2,Logistic Regression,0.5,0.5,0.5,0.5
F_median_3d_T8,gamma,norm2,Logistic Regression,0.5,0.5,0.5,0.5
F_median_3d_2area,all,norm2,Logistic Regression,0.5,0.5,0.5,0.5
F_mean_3d_Fz,all,norm3,KNN,0.9733,0.7205,0.45,0.5
F_rasm_3d,alpha,norm2,Logistic Regression,0.5,0.5,0.5,0.5
F_de_3d_C3,alpha,norm2,Logistic Regression,0.5,0.5,0.5,0.5
F_median_3d,all,norm2,Logistic Regression,0.5,0.5,0.5,0.5
F_de_3d_3area,beta,norm2,Logistic Regression,0.5,0.5,0.5,0.5
F_de_3d_Cz,gamma,norm3,Logistic Regression,0.5,0.5,0.5,0.5
F_median_3d_T8,gamma,norm2,Ensemble (Majority Vote),0.7,0.6278,0.58,0.5
F_peak_3d_Cz,theta,norm2,Logistic Regression,0.5,0.5,0.5,0.5
F_de_3d_C3,alpha,norm3,Logistic Regression,0.5,0.5,0.5,0.5
F_de_3d_Cz,gamma,norm2,Logistic Regression,0.5,0.5,0.5,0.5
F_peak_3d_F3,gamma,norm2,Logistic Regression,0.5,0.5,0.5,0.5
F_peak_3d_1area,delta,norm3,Random Forest,0.78,0.5926,0.51,0.5
F_median_3d_Fz,alpha,norm2,Logistic Regression,0.5,0.5,0.5,0.5
F_mean_3d_Fp2,gamma,norm3,Logistic Regression,0.5,0.5,0.5,0.5
F_mean_3d_Fz,alpha,norm3,Logistic Regression,0.5,0.5,0.5,0.5
F_peak_3d_F3,gamma,norm3,Logistic Regression,0.5,0.5,0.5,0.5
F_mean_3d_Fz,beta,norm2,Logistic Regression,0.5,0.5,0.5,0.5
F_peak_3d_Cz,theta,norm3,Logistic Regression,0.5,0.5,0.5,0.5
F_peak_3d_1area,delta,norm2,Random Forest,0.78,0.5926,0.51,0.5
F_median_3d_T7,alpha,norm3,Logistic Regression,0.5,0.5,0.5,0.5
F_median_3d,alpha,None,Random Forest,0.7667,0.6639,0.45,0.5
F_de_3d_F3,all,None,Logistic Regression,0.6733,0.5855,0.52,0.5
F_median_3d_2area,alpha,norm2,Logistic Regression,0.5,0.5,0.5,0.5
F_de_3d_2area,delta,norm2,Logistic Regression,0.5,0.5,0.5,0.5
F_dasm_3d,delta,norm2,Logistic Regression,0.5,0.5,0.5,0.5
F_mean_3d_T8,theta,norm2,Logistic Regression,0.5,0.5,0.5,0.5
F_peak_3d_Cz,beta,norm2,Logistic Regression,0.5,0.5,0.5,0.5
F_de_3d_Cz,delta,norm3,Logistic Regression,0.5,0.5,0.5,0.5
F_peak_3d_F4,beta,norm3,Logistic Regression,0.5,0.5,0.5,0.5
F_mean_3d_Fp2,theta,norm2,Logistic Regression,0.5,0.5,0.5,0.5
F_peak_3d_1area,delta,norm3,Logistic Regression,0.5,0.5,0.5,0.5
F_de_3d_Cz,theta,norm3,Logistic Regression,0.5,0.5,0.5,0.5
F_peak_3d_Cz,beta,norm2,Random Forest,0.8267,0.594,0.54,0.5
F_mean_3d_Fp2,theta,norm3,Logistic Regression,0.5,0.5,0.5,0.5
F_median_3d_T7,beta,norm3,Logistic Regression,0.5,0.5,0.5,0.5
F_rasm_3d19,delta,norm2,Logistic Regression,0.5,0.5,0.5,0.5
F_de_3d_C3,beta,norm3,Logistic Regression,0.5,0.5,0.5,0.5
F_mean_3d_Fp2,beta,norm3,Logistic Regression,0.5,0.5,0.5,0.5
F_mean_3d_Fp1,gamma,norm2,Logistic Regression,0.5,0.5,0.5,0.5
F_peak_3d_F3,delta,norm2,Logistic Regression,0.5,0.5,0.5,0.5
F_peak_3d_1area,theta,norm3,Logistic Regression,0.5,0.5,0.5,0.5
F_dasm_3d19,theta,norm2,Logistic Regression,0.5,0.5,0.5,0.5
F_mean_3d_Fp1,theta,norm3,Logistic Regression,0.5,0.5,0.5,0.5
F_de_3d_F3,delta,norm3,Logistic Regression,0.5,0.5,0.5,0.5
F_median_3d_1area,gamma,norm2,Logistic Regression,0.5,0.5,0.5,0.5
F_peak_3d_3area,gamma,norm2,Logistic Regression,0.5,0.5,0.5,0.5
F_peak_3d_F4,alpha,norm3,Logistic Regression,0.5,0.5,0.5,0.5
F_peak_3d_1area,beta,norm2,Logistic Regression,0.5,0.5,0.5,0.5
F_peak_3d_2area,all,norm2,Logistic Regression,0.5,0.5,0.5,0.5
F_peak_3d_F3,delta,norm2,Linear SVM,0.48,0.5002,0.5,0.5
F_mean_3d_Fz,theta,norm3,Logistic Regression,0.5,0.5,0.5,0.5
F_median_3d_Fz,beta,norm2,Random Forest,0.7267,0.5816,0.52,0.5
F_rasm_3d,theta,norm2,Logistic Regression,0.5,0.5,0.5,0.5
F_de_3d_Cz,all,norm2,Logistic Regression,0.5,0.5,0.5,0.5
F_median_3d_T8,delta,norm2,KNN,0.9733,0.6972,0.44,0.5
F_median_3d_1area,all,norm2,Logistic Regression,0.5,0.5,0.5,0.5
F_mean_3d_Fp2,all,norm2,Linear SVM,0.5267,0.503,0.53,0.5
F_mean_3d_Fp2,all,norm2,Logistic Regression,0.5,0.5,0.5,0.5
F_median_3d,delta,norm2,Logistic Regression,0.5,0.5,0.5,0.5
F_de_3d_F3,delta,norm2,Logistic Regression,0.5,0.5,0.5,0.5
F_mean_3d_T8,beta,norm3,Logistic Regression,0.5,0.5,0.5,0.5
F_median_3d_T8,beta,norm2,Logistic Regression,0.5,0.5,0.5,0.5
F_mean_3d_T8,beta,norm2,Logistic Regression,0.5,0.5,0.5,0.5
F_median_3d_T7,delta,norm2,Logistic Regression,0.5,0.5,0.5,0.5
F_rasm_3d,beta,norm2,Logistic Regression,0.5,0.5,0.5,0.5
F_mean_3d_Fp1,theta,norm2,Logistic Regression,0.5,0.5,0.5,0.5
F_rasm_3d19,all,norm2,Logistic Regression,0.5,0.5,0.5,0.5
F_median_3d_10rm,alpha,norm2,Logistic Regression,0.5,0.5,0.5,0.5
F_median_3d_2area,gamma,norm2,Logistic Regression,0.5,0.5,0.5,0.5
F_peak_3d_F4,theta,norm2,Logistic Regression,0.5,0.5,0.5,0.5
F_mean_3d_Fp1,gamma,norm3,Logistic Regression,0.5,0.5,0.5,0.5
F_de_3d_C3,gamma,norm3,Logistic Regression,0.5,0.5,0.5,0.5
F_median_3d,gamma,norm2,Logistic Regression,0.5,0.5,0.5,0.5
F_de_3d_C4,theta,norm3,Logistic Regression,0.5,0.5,0.5,0.5
F_peak_3d_3area,gamma,norm2,Random Forest,0.8467,0.6264,0.51,0.5
F_mean_3d_T7,all,norm2,Logistic Regression,0.5,0.5,0.5,0.5
F_de_3d_8rm,gamma,norm3,KNN,0.98,0.7589,0.48,0.5
F_median_3d_Fz,delta,norm3,Logistic Regression,0.5,0.5,0.5,0.5
F_mean_3d_Fp1,theta,None,KNN,0.98,0.7023,0.46,0.5
F_mean_3d_Fp1,theta,None,Logistic Regression,0.54,0.5278,0.51,0.5
F_peak_3d_F3,theta,norm2,Logistic Regression,0.5,0.5,0.5,0.5
F_peak_3d_Cz,beta,norm3,Logistic Regression,0.5,0.5,0.5,0.5
F_de_3d_C3,gamma,norm2,Logistic Regression,0.5,0.5,0.5,0.5
F_peak_3d_F4,alpha,norm2,Logistic Regression,0.5,0.5,0.5,0.5
F_median_3d_Fp2,gamma,norm3,Logistic Regression,0.5,0.5,0.5,0.5
F_dasm_3d,beta,None,Linear SVM,0.6133,0.5655,0.48,0.5
F_median_3d_Fz,delta,norm2,Logistic Regression,0.5,0.5,0.5,0.5
F_mean_3d_Fz,theta,norm2,Logistic Regression,0.5,0.5,0.5,0.5
F_median_3d_1area,gamma,norm3,Logistic Regression,0.5,0.5,0.5,0.5
F_median_3d_Fz,beta,norm3,Random Forest,0.7267,0.5816,0.52,0.5
F_peak_3d_Cz,gamma,norm2,Logistic Regression,0.5,0.5,0.5,0.5
F_median_3d_Fp2,theta,norm2,Logistic Regression,0.5,0.5,0.5,0.5
F_mean_3d_Fz,gamma,norm3,Logistic Regression,0.5,0.5,0.5,0.5
F_de_3d_2area,beta,norm2,Logistic Regression,0.5,0.5,0.5,0.5
F_peak_3d_F3,all,norm2,Logistic Regression,0.5,0.5,0.5,0.5
F_de_3d_Cz,alpha,norm2,Logistic Regression,0.5,0.5,0.5,0.5
F_peak_3d_F4,gamma,norm3,Logistic Regression,0.5,0.5,0.5,0.5
F_peak_3d_F4,gamma,norm3,Linear SVM,0.5,0.5007,0.5,0.5
F_de_3d_Cz,alpha,norm3,Linear SVM,0.46,0.5018,0.53,0.5
F_mean_3d_Fz,gamma,norm2,Logistic Regression,0.5,0.5,0.5,0.5
F_mean_3d_T8,delta,norm3,Logistic Regression,0.5,0.5,0.5,0.5
F_de_3d_2area,beta,norm3,Ensemble (Majority Vote),0.7867,0.6389,0.51,0.5
F_peak_3d_F4,gamma,norm2,Logistic Regression,0.5,0.5,0.5,0.5
F_dasm_3d,gamma,norm2,Logistic Regression,0.5,0.5,0.5,0.5
F_peak_3d_8rm,all,None,KNN,0.9933,0.8701,0.54,0.5
F_peak_3d_2area,alpha,norm3,Linear SVM,0.6,0.5524,0.48,0.5
F_mean_3d_Fp2,beta,norm2,Logistic Regression,0.5,0.5,0.5,0.5
F_de_3d_Cz,alpha,norm3,Logistic Regression,0.5,0.5,0.5,0.5
F_peak_3d_F4,gamma,norm2,Linear SVM,0.5,0.5007,0.5,0.5
F_median_3d_10rm,beta,norm2,Logistic Regression,0.5,0.5,0.5,0.5
F_median_3d,beta,norm2,Logistic Regression,0.5,0.5,0.5,0.5
F_median_3d_T8,gamma,norm3,Logistic Regression,0.5,0.5,0.5,0.5
F_mean_3d_Fp2,alpha,norm3,XGBoost,0.6467,0.5616,0.52,0.5
F_de_3d_Cz,alpha,norm2,Linear SVM,0.46,0.5018,0.53,0.5
F_peak_3d_1area,beta,norm3,Logistic Regression,0.5,0.5,0.5,0.5
F_mean_3d_Fp2,alpha,norm3,Logistic Regression,0.5,0.5,0.5,0.5
F_de_3d_F3,beta,norm3,Logistic Regression,0.5,0.5,0.5,0.5
F_median_3d_Fz,beta,norm3,Logistic Regression,0.5,0.5,0.5,0.5
F_de_3d_C3,delta,norm3,Logistic Regression,0.5,0.5,0.5,0.5
F_peak_3d_2area,alpha,norm2,Logistic Regression,0.5,0.5,0.5,0.5
F_de_3d_8rm,theta,norm2,Logistic Regression,0.5,0.5,0.5,0.5
F_de_3d_C3,delta,norm2,Logistic Regression,0.5,0.5,0.5,0.5
F_median_3d_T7,all,norm2,Logistic Regression,0.5,0.5,0.5,0.5
F_median_3d_2area,delta,norm2,Logistic Regression,0.5,0.5,0.5,0.5
F_rasm_3d,all,norm2,Logistic Regression,0.5,0.5,0.5,0.5
F_dasm_3d,beta,norm2,Logistic Regression,0.5,0.5,0.5,0.5
F_median_3d_2area,delta,norm2,Linear SVM,0.5,0.5009,0.48,0.5
F_mean_3d_Fp2,alpha,norm2,Logistic Regression,0.5,0.5,0.5,0.5
F_peak_3d_F3,delta,norm3,Linear SVM,0.48,0.5002,0.5,0.5
F_dasm_3d19,gamma,norm2,Logistic Regression,0.5,0.5,0.5,0.5
F_mean_3d_Fp2,alpha,norm2,XGBoost,0.6467,0.5616,0.52,0.5
F_peak_3d_1area,gamma,norm2,Logistic Regression,0.5,0.5,0.5,0.5
F_median_3d_2area,delta,None,XGBoost,0.78,0.6159,0.51,0.5
F_rasm_3d_8rm,delta,norm2,Logistic Regression,0.5,0.5,0.5,0.5
F_de_3d_F3,beta,norm2,Logistic Regression,0.5,0.5,0.5,0.5
F_mean_3d_T8,delta,norm2,Logistic Regression,0.5,0.5,0.5,0.5
F_peak_3d_F3,delta,norm3,Logistic Regression,0.5,0.5,0.5,0.5
F_median_3d_10rm,delta,norm2,Logistic Regression,0.5,0.5,0.5,0.5
F_peak_3d_Fp2,theta,norm2,Ensemble (Majority Vote),0.8467,0.6175,0.5,0.5
F_de_3d_F4,alpha,norm3,Logistic Regression,0.5,0.5,0.5,0.5
F_de_3d_T7,gamma,norm3,Logistic Regression,0.5,0.5,0.5,0.5
F_dasm_3d_8rm,delta,norm2,Logistic Regression,0.5,0.5,0.5,0.5
F_rasm_3d_10rm,theta,norm2,Logistic Regression,0.5,0.5,0.5,0.5
F_peak_3d_T7,alpha,norm2,Logistic Regression,0.5,0.5,0.5,0.5
F_median_3d_F7,gamma,norm2,XGBoost,0.7,0.5579,0.5,0.5
F_median_3d_F7,gamma,norm2,Logistic Regression,0.5,0.5,0.5,0.5
F_de_3d_10rm,alpha,norm3,XGBoost,0.8067,0.7002,0.49,0.5
F_mean_3d_8rm,all,norm3,Random Forest,0.88,0.7476,0.52,0.5
F_de_3d_T7,gamma,norm2,Logistic Regression,0.5,0.5,0.5,0.5
F_median_3d_F7,delta,norm3,Logistic Regression,0.5,0.5,0.5,0.5
F_mean_3d_8rm,alpha,norm2,Logistic Regression,0.5,0.5,0.5,0.5
F_mean_3d_8rm,all,norm2,Logistic Regression,0.5,0.5,0.5,0.5
F_de_3d_10rm,alpha,norm2,Logistic Regression,0.5,0.5,0.5,0.5
F_peak_3d_10rm,all,norm2,Logistic Regression,0.5,0.5,0.5,0.5
F_peak_3d_Fp1,alpha,norm3,Logistic Regression,0.5,0.5,0.5,0.5
F_de_3d_T7,theta,norm2,Logistic Regression,0.5,0.5,0.5,0.5
F_median_3d_Cz,all,norm2,Logistic Regression,0.5,0.5,0.5,0.5
F_de_3d_T7,theta,norm3,Logistic Regression,0.5,0.5,0.5,0.5
F_rasm_3d_3area,theta,norm2,Logistic Regression,0.5,0.5,0.5,0.5
F_de_3d_T7,delta,norm3,Logistic Regression,0.5,0.5,0.5,0.5
F_de_3d_T7,delta,norm2,Logistic Regression,0.5,0.5,0.5,0.5
F_peak_3d_C3,all,norm2,Logistic Regression,0.5,0.5,0.5,0.5
F_peak_3d_2area,delta,norm2,Logistic Regression,0.5,0.5,0.5,0.5
F_de_3d_T7,alpha,norm3,Linear SVM,0.5,0.5,0.53,0.5
F_de_3d_T7,alpha,norm3,Logistic Regression,0.5,0.5,0.5,0.5
F_de_3d_T7,beta,None,KNN,0.9533,0.7092,0.47,0.5
F_mean_3d_8rm,delta,norm2,Logistic Regression,0.5,0.5,0.5,0.5
F_de_3d_10rm,beta,norm2,XGBoost,0.8667,0.6598,0.48,0.5
F_median_3d_F7,theta,norm2,Logistic Regression,0.5,0.5,0.5,0.5
F_de_3d_T7,beta,norm2,Logistic Regression,0.5,0.5,0.5,0.5
F_peak_3d_C3,theta,norm3,Logistic Regression,0.5,0.5,0.5,0.5
F_peak_3d_T7,alpha,norm3,Logistic Regression,0.5,0.5,0.5,0.5
F_median_3d_F7,gamma,norm3,Logistic Regression,0.5,0.5,0.5,0.5
F_de_3d_10rm,beta,norm2,Logistic Regression,0.5,0.5,0.5,0.5
F_median_3d_C4,theta,norm2,Logistic Regression,0.5,0.5,0.5,0.5
F_median_3d_C4,theta,norm3,Logistic Regression,0.5,0.5,0.5,0.5
F_mean_3d_8rm,beta,norm2,Logistic Regression,0.5,0.5,0.5,0.5
F_dasm_3d_8rm,delta,None,KNN,0.98,0.751,0.52,0.5
F_peak_3d_Fp1,alpha,norm2,Logistic Regression,0.5,0.5,0.5,0.5
F_de_3d_T7,beta,norm3,Logistic Regression,0.5,0.5,0.5,0.5
F_median_3d_F7,gamma,norm3,XGBoost,0.7,0.5579,0.5,0.5
F_de_3d_10rm,alpha,None,Ensemble (Majority Vote),0.8,0.7051,0.52,0.5
F_median_3d_F7,delta,norm2,Logistic Regression,0.5,0.5,0.5,0.5
F_de_3d_T8,gamma,norm3,Logistic Regression,0.5,0.5,0.5,0.5
F_de_3d_T8,delta,norm2,Logistic Regression,0.5,0.5,0.5,0.5
F_de_3d_T8,beta,norm3,Logistic Regression,0.5,0.5,0.5,0.5
F_median_3d_Cz,alpha,norm2,Logistic Regression,0.5,0.5,0.5,0.5
F_median_3d_F7,beta,norm2,Logistic Regression,0.5,0.5,0.5,0.5
F_peak_3d_Fp1,delta,norm2,Linear SVM,0.4933,0.5002,0.51,0.5
F_peak_3d_Fp1,delta,norm2,Logistic Regression,0.5,0.5,0.5,0.5
F_median_3d_Cz,alpha,norm3,Logistic Regression,0.5,0.5,0.5,0.5
F_peak_3d_Fp1,delta,norm3,Linear SVM,0.4933,0.5002,0.51,0.5
F_mean_3d_3area,beta,norm2,Logistic Regression,0.5,0.5,0.5,0.5
F_peak_3d_Fp1,delta,norm3,Logistic Regression,0.5,0.5,0.5,0.5
F_mean_3d_3area,delta,norm2,Logistic Regression,0.5,0.5,0.5,0.5
F_median_3d_Cz,beta,norm2,Logistic Regression,0.5,0.5,0.5,0.5
F_median_3d_F7,alpha,norm3,Logistic Regression,0.5,0.5,0.5,0.5
F_median_3d_Cz,beta,norm3,Logistic Regression,0.5,0.5,0.5,0.5
F_de_3d_T8,delta,norm3,Logistic Regression,0.5,0.5,0.5,0.5
F_median_3d_F7,alpha,norm2,Logistic Regression,0.5,0.5,0.5,0.5
F_mean_3d_3area,alpha,norm2,Logistic Regression,0.5,0.5,0.5,0.5
F_de_3d_T8,gamma,norm2,Logistic Regression,0.5,0.5,0.5,0.5
F_dasm_3d_8rm,theta,norm2,Logistic Regression,0.5,0.5,0.5,0.5
F_de_3d19,theta,norm2,Logistic Regression,0.5,0.5,0.5,0.5
F_peak_3d_T7,all,norm2,Logistic Regression,0.5,0.5,0.5,0.5
F_mean_3d_3area,theta,norm2,Logistic Regression,0.5,0.5,0.5,0.5
F_dasm_3d_8rm,gamma,norm2,Logistic Regression,0.5,0.5,0.5,0.5
F_de_3d_T8,all,norm2,Logistic Regression,0.5,0.5,0.5,0.5
F_de_3d_T8,alpha,None,KNN,0.98,0.7014,0.5,0.5
F_peak_3d_Fp1,beta,norm2,Logistic Regression,0.5,0.5,0.5,0.5
F_de_3d_10rm,all,norm2,Logistic Regression,0.5,0.5,0.5,0.5
F_peak_3d_C3,theta,norm2,Logistic Regression,0.5,0.5,0.5,0.5
F_median_3d_Cz,all,norm3,XGBoost,0.88,0.694,0.51,0.5
F_mean_3d_3area,gamma,norm3,Ensemble (Majority Vote),0.7467,0.6497,0.54,0.5
F_de_3d_T8,alpha,norm2,Logistic Regression,0.5,0.5,0.5,0.5
F_mean_3d_3area,gamma,norm2,Logistic Regression,0.5,0.5,0.5,0.5
F_de_3d_T8,beta,norm2,Logistic Regression,0.5,0.5,0.5,0.5
F_mean_3d_3area,gamma,norm2,Linear SVM,0.48,0.4947,0.51,0.5
F_peak_3d,gamma,norm2,Logistic Regression,0.5,0.5,0.5,0.5
F_peak_3d_10rm,all,None,Logistic Regression,0.82,0.708,0.54,0.5
F_de_3d_T8,alpha,norm3,Logistic Regression,0.5,0.5,0.5,0.5
F_de_3d_10rm,all,None,Logistic Regression,0.8133,0.6885,0.48,0.5
F_peak_3d_3area,beta,norm2,Logistic Regression,0.5,0.5,0.5,0.5
F_peak_3d_Fp1,beta,norm3,Logistic Regression,0.5,0.5,0.5,0.5
F_median_3d_F7,beta,norm3,Logistic Regression,0.5,0.5,0.5,0.5
F_median_3d_F7,theta,norm3,Logistic Regression,0.5,0.5,0.5,0.5
F_dasm_3d_8rm,beta,norm2,Logistic Regression,0.5,0.5,0.5,0.5
F_median_3d_C4,gamma,norm3,Logistic Regression,0.5,0.5,0.5,0.5
F_de_3d_Fz,beta,norm2,Logistic Regression,0.5,0.5,0.5,0.5
F_de_3d_Fz,alpha,norm2,KNN,0.9933,0.6837,0.49,0.5
F_mean_3d_C3,gamma,norm3,Logistic Regression,0.5,0.5,0.5,0.5
F_de_3d_Fz,alpha,norm2,Logistic Regression,0.5,0.5,0.5,0.5
F_median_3d_C4,alpha,norm2,Logistic Regression,0.5,0.5,0.5,0.5
F_de_3d_Fz,alpha,norm3,KNN,0.9933,0.6837,0.49,0.5
F_mean_3d_C3,gamma,norm2,Logistic Regression,0.5,0.5,0.5,0.5
F_de_3d_Fz,alpha,norm3,Logistic Regression,0.5,0.5,0.5,0.5
F_median_3d_F8,beta,norm2,Logistic Regression,0.5,0.5,0.5,0.5
F_mean_3d_C3,delta,norm3,Logistic Regression,0.5,0.5,0.5,0.5
F_peak_3d_T7,delta,norm3,KNN,0.98,0.6887,0.53,0.5
F_mean_3d_C3,delta,norm3,Linear SVM,0.4733,0.4984,0.51,0.5
F_peak_3d_8rm,theta,norm2,Logistic Regression,0.5,0.5,0.5,0.5
F_de_3d_10rm,gamma,norm2,Logistic Regression,0.5,0.5,0.5,0.5
F_mean_3d_C3,delta,norm2,Logistic Regression,0.5,0.5,0.5,0.5
F_mean_3d_C3,delta,norm2,Linear SVM,0.4733,0.4984,0.51,0.5
F_de_3d_Fz,beta,norm3,Logistic Regression,0.5,0.5,0.5,0.5
F_peak_3d_F8,gamma,norm2,Logistic Regression,0.5,0.5,0.5,0.5
F_rasm_3d_3area,theta,norm3,Logistic Regression,0.5,0.5,0.5,0.5
F_peak_3d_T7,delta,norm2,KNN,0.98,0.6887,0.53,0.5
F_mean_3d_C3,theta,norm2,Logistic Regression,0.5,0.5,0.5,0.5
F_peak_3d_Fp1,all,norm3,Ensemble (Majority Vote),0.8267,0.6699,0.53,0.5
F_peak_3d_F8,delta,norm2,Linear SVM,0.5133,0.5071,0.47,0.5
F_mean_3d_C4,alpha,norm2,Logistic Regression,0.5,0.5,0.5,0.5
F_peak_3d,beta,norm2,Logistic Regression,0.5,0.5,0.5,0.5
F_mean_3d_C4,alpha,norm2,Ensemble (Majority Vote),0.7933,0.6051,0.56,0.5
F_de_3d_Fp2,theta,norm2,Logistic Regression,0.5,0.5,0.5,0.5
F_median_3d_C4,all,norm2,Logistic Regression,0.5,0.5,0.5,0.5
F_peak_3d_F8,delta,None,Random Forest,0.6733,0.5968,0.49,0.5
F_de_3d_Fp2,theta,norm3,Logistic Regression,0.5,0.5,0.5,0.5
F_peak_3d,beta,norm2,Random Forest,0.8733,0.6579,0.47,0.5
F_peak_3d_F8,delta,norm2,Logistic Regression,0.5,0.5,0.5,0.5
F_median_3d_F8,beta,norm3,Logistic Regression,0.5,0.5,0.5,0.5
F_mean_3d_C4,all,norm2,Logistic Regression,0.5,0.5,0.5,0.5
F_peak_3d_C4,alpha,norm2,Logistic Regression,0.5,0.5,0.5,0.5
F_de_3d_Fz,all,norm2,Logistic Regression,0.5,0.5,0.5,0.5
F_peak_3d_F8,delta,norm3,Linear SVM,0.5133,0.5071,0.47,0.5
F_peak_3d_F8,delta,norm3,Logistic Regression,0.5,0.5,0.5,0.5
F_peak_3d_T7,delta,norm3,Logistic Regression,0.5,0.5,0.5,0.5
F_mean_3d_C3,theta,norm3,Logistic Regression,0.5,0.5,0.5,0.5
F_dasm_3d_8rm,all,norm2,Logistic Regression,0.5,0.5,0.5,0.5
F_median_3d_C4,alpha,norm3,Logistic Regression,0.5,0.5,0.5,0.5
F_mean_3d_C3,beta,norm3,Logistic Regression,0.5,0.5,0.5,0.5
F_peak_3d_F8,gamma,norm3,Logistic Regression,0.5,0.5,0.5,0.5
F_median_3d_C4,delta,norm3,Logistic Regression,0.5,0.5,0.5,0.5
F_peak_3d_C4,all,norm2,Logistic Regression,0.5,0.5,0.5,0.5
F_mean_3d_C3,all,norm2,Logistic Regression,0.5,0.5,0.5,0.5
F_de_3d_Fz,theta,norm3,Logistic Regression,0.5,0.5,0.5,0.5
F_mean_3d_C3,all,None,Linear SVM,0.5933,0.5616,0.51,0.5
F_peak_3d,delta,norm2,Logistic Regression,0.5,0.5,0.5,0.5
F_median_3d_C4,delta,norm2,Logistic Regression,0.5,0.5,0.5,0.5
F_peak_3d_10rm,alpha,norm2,Logistic Regression,0.5,0.5,0.5,0.5
F_mean_3d_8rm,theta,norm2,Logistic Regression,0.5,0.5,0.5,0.5
F_de_3d_T7,all,norm2,Logistic Regression,0.5,0.5,0.5,0.5
F_dasm_3d_8rm,alpha,norm2,Logistic Regression,0.5,0.5,0.5,0.5
F_peak_3d,delta,norm3,Ensemble (Majority Vote),0.8333,0.7246,0.5,0.5
F_peak_3d_Fp1,all,norm2,Logistic Regression,0.5,0.5,0.5,0.5
F_median_3d_F8,all,norm2,Logistic Regression,0.5,0.5,0.5,0.5
F_de_3d_T7,alpha,norm2,Linear SVM,0.5,0.5,0.53,0.5
F_de_3d_T7,alpha,norm2,Logistic Regression,0.5,0.5,0.5,0.5
F_mean_3d_8rm,gamma,norm2,Logistic Regression,0.5,0.5,0.5,0.5
F_median_3d_C4,gamma,norm2,Logistic Regression,0.5,0.5,0.5,0.5
F_mean_3d_8rm,gamma,norm2,KNN,0.9733,0.6963,0.54,0.5
F_peak_3d_T7,beta,norm2,Logistic Regression,0.5,0.5,0.5,0.5
F_de_3d_10rm,delta,norm2,Logistic Regression,0.5,0.5,0.5,0.5
F_peak_3d_F8,theta,norm3,Logistic Regression,0.5,0.5,0.5,0.5
F_median_3d_C4,beta,norm3,Logistic Regression,0.5,0.5,0.5,0.5
F_median_3d_F8,alpha,norm3,Logistic Regression,0.5,0.5,0.5,0.5
F_mean_3d_C3,beta,norm2,Logistic Regression,0.5,0.5,0.5,0.5
F_de_3d_Fz,delta,norm2,Ensemble (Majority Vote),0.78,0.6085,0.52,0.5
F_de_3d_Fz,delta,norm2,Logistic Regression,0.5,0.5,0.5,0.5
F_peak_3d_F8,theta,norm2,Logistic Regression,0.5,0.5,0.5,0.5
F_de_3d_Fz,delta,norm3,Ensemble (Majority Vote),0.78,0.6085,0.52,0.5
F_median_3d_C4,beta,norm2,Logistic Regression,0.5,0.5,0.5,0.5
F_de_3d_Fz,delta,norm3,Logistic Regression,0.5,0.5,0.5,0.5
F_mean_3d_C3,alpha,norm3,Logistic Regression,0.5,0.5,0.5,0.5
F_mean_3d_C3,alpha,norm2,Logistic Regression,0.5,0.5,0.5,0.5
F_median_3d_F8,alpha,norm2,Logistic Regression,0.5,0.5,0.5,0.5
F_de_3d_Fz,gamma,norm2,Logistic Regression,0.5,0.5,0.5,0.5
F_de_3d_Fz,gamma,norm3,Logistic Regression,0.5,0.5,0.5,0.5
F_rasm_3d_10rm,gamma,norm2,Logistic Regression,0.5,0.5,0.5,0.5
F_peak_3d_T7,beta,norm3,Logistic Regression,0.5,0.5,0.5,0.5
F_median_3d_F8,alpha,None,KNN,0.9867,0.6922,0.51,0.5
F_de_3d_Fz,theta,norm2,Logistic Regression,0.5,0.5,0.5,0.5
F_peak_3d,theta,norm2,Logistic Regression,0.5,0.5,0.5,0.5
F_peak_3d_C3,gamma,norm3,Logistic Regression,0.5,0.5,0.5,0.5
F_de_3d_10rm,theta,norm2,Logistic Regression,0.5,0.5,0.5,0.5
F_de_3d19,beta,norm2,Logistic Regression,0.5,0.5,0.5,0.5
F_mean_3d_1area,alpha,norm3,Logistic Regression,0.5,0.5,0.5,0.5
F_mean_3d19,beta,norm2,Logistic Regression,0.5,0.5,0.5,0.5
F_median_3d_F3,alpha,norm3,Logistic Regression,0.5,0.5,0.5,0.5
F_peak_3d_C3,alpha,norm3,Logistic Regression,0.5,0.5,0.5,0.5
F_median_3d_F4,beta,norm3,Logistic Regression,0.5,0.5,0.5,0.5
F_mean_3d_1area,alpha,norm2,Logistic Regression,0.5,0.5,0.5,0.5
F_rasm_3d_3area,beta,norm3,Logistic Regression,0.5,0.5,0.5,0.5
F_rasm_3d_3area,beta,norm3,Linear SVM,0.4867,0.4929,0.51,0.5
F_median_3d_F4,beta,norm2,XGBoost,0.54,0.5441,0.45,0.5
F_peak_3d_Fz,alpha,norm2,Logistic Regression,0.5,0.5,0.5,0.5
F_median_3d_F4,beta,norm2,Logistic Regression,0.5,0.5,0.5,0.5
F_rasm_3d_3area,beta,norm2,Logistic Regression,0.5,0.5,0.5,0.5
F_peak_3d_Fz,alpha,None,Ensemble (Majority Vote),0.7267,0.6382,0.51,0.5
F_de_3d19,beta,norm2,Ensemble (Majority Vote),0.82,0.7034,0.52,0.5
F_peak_3d_Fp2,beta,norm2,Logistic Regression,0.5,0.5,0.5,0.5
F_peak_3d19,all,norm2,Logistic Regression,0.5,0.5,0.5,0.5
F_rasm_3d_3area,beta,norm2,Linear SVM,0.4867,0.4929,0.51,0.5
F_peak_3d19,alpha,norm2,Logistic Regression,0.5,0.5,0.5,0.5
F_median_3d_F3,alpha,norm2,Logistic Regression,0.5,0.5,0.5,0.5
F_rasm_3d_3area,delta,None,Logistic Regression,0.5333,0.508,0.53,0.5
F_mean_3d_1area,all,norm2,Logistic Regression,0.5,0.5,0.5,0.5
F_peak_3d_C3,delta,norm3,Logistic Regression,0.5,0.5,0.5,0.5
F_mean_3d_1area,delta,norm3,Logistic Regression,0.5,0.5,0.5,0.5
F_mean_3d_1area,delta,norm3,Ensemble (Majority Vote),0.6933,0.6122,0.47,0.5
F_peak_3d19,beta,norm2,Logistic Regression,0.5,0.5,0.5,0.5
F_median_3d_F4,delta,None,Linear SVM,0.5067,0.5159,0.5,0.5
F_mean_3d_1area,delta,norm2,Logistic Regression,0.5,0.5,0.5,0.5
F_peak_3d19,beta,norm2,Linear SVM,0.4733,0.4913,0.49,0.5
F_peak_3d_3area,all,norm2,Logistic Regression,0.5,0.5,0.5,0.5
F_mean_3d_1area,delta,norm2,Ensemble (Majority Vote),0.6933,0.6122,0.47,0.5
F_peak_3d_C3,delta,norm3,Linear SVM,0.5,0.5002,0.51,0.5
F_de_3d,gamma,norm2,Logistic Regression,0.5,0.5,0.5,0.5
F_peak_3d_Fp2,alpha,norm3,Logistic Regression,0.5,0.5,0.5,0.5
F_peak_3d_Fp2,alpha,norm3,Random Forest,0.7733,0.589,0.48,0.5
F_mean_3d19,alpha,norm3,Random Forest,0.8667,0.7005,0.52,0.5
F_mean_3d_1area,beta,norm3,Logistic Regression,0.5,0.5,0.5,0.5
F_peak_3d_Fz,alpha,norm3,Logistic Regression,0.5,0.5,0.5,0.5
F_mean_3d_1area,beta,norm2,Logistic Regression,0.5,0.5,0.5,0.5
F_median_3d_F3,alpha,None,Logistic Regression,0.5467,0.5241,0.47,0.5
F_median_3d_F4,beta,norm3,XGBoost,0.54,0.5441,0.45,0.5
F_mean_3d19,delta,norm2,Logistic Regression,0.5,0.5,0.5,0.5
F_median_3d_F4,alpha,norm3,Logistic Regression,0.5,0.5,0.5,0.5
F_de_3d19,gamma,norm2,Logistic Regression,0.5,0.5,0.5,0.5
F_rasm_3d_3area,alpha,norm2,Logistic Regression,0.5,0.5,0.5,0.5
F_peak_3d_Fz,all,None,Ensemble (Majority Vote),0.86,0.7069,0.49,0.5
F_median_3d_F3,delta,norm3,Logistic Regression,0.5,0.5,0.5,0.5
F_de_3d19,alpha,norm2,Logistic Regression,0.5,0.5,0.5,0.5
F_peak_3d_Fp2,theta,norm3,Logistic Regression,0.5,0.5,0.5,0.5
F_mean_3d_10rm,delta,norm2,Logistic Regression,0.5,0.5,0.5,0.5
F_mean_3d_10rm,all,norm2,Logistic Regression,0.5,0.5,0.5,0.5
F_peak_3d_Fp2,theta,norm3,Ensemble (Majority Vote),0.8467,0.6175,0.5,0.5
F_median_3d_F3,theta,norm3,Logistic Regression,0.5,0.5,0.5,0.5
F_peak_3d_Fp2,gamma,norm2,Logistic Regression,0.5,0.5,0.5,0.5
F_peak_3d_C3,beta,norm2,Logistic Regression,0.5,0.5,0.5,0.5
F_median_3d_F3,gamma,norm2,Logistic Regression,0.5,0.5,0.5,0.5
F_median_3d_F3,gamma,norm3,Logistic Regression,0.5,0.5,0.5,0.5
F_peak_3d_Fp2,theta,norm2,Logistic Regression,0.5,0.5,0.5,0.5
F_mean_3d_10rm,alpha,norm2,Logistic Regression,0.5,0.5,0.5,0.5
F_mean_3d_10rm,beta,norm2,Logistic Regression,0.5,0.5,0.5,0.5
F_de_3d19,all,norm2,Logistic Regression,0.5,0.5,0.5,0.5
F_peak_3d_Fp2,gamma,norm3,Logistic Regression,0.5,0.5,0.5,0.5
F_rasm_3d_3area,alpha,norm3,Logistic Regression,0.5,0.5,0.5,0.5
F_median_3d_F3,delta,norm2,Logistic Regression,0.5,0.5,0.5,0.5
F_mean_3d19,theta,norm2,Logistic Regression,0.5,0.5,0.5,0.5
F_peak_3d_Fp2,beta,norm3,Logistic Regression,0.5,0.5,0.5,0.5
F_de_3d,theta,norm2,Logistic Regression,0.5,0.5,0.5,0.5
F_peak_3d_C3,delta,norm2,Logistic Regression,0.5,0.5,0.5,0.5
F_peak_3d_C3,delta,norm2,Linear SVM,0.5,0.5002,0.51,0.5
F_median_3d_F4,alpha,norm2,Logistic Regression,0.5,0.5,0.5,0.5
F_peak_3d_Fz,all,norm2,Logistic Regression,0.5,0.5,0.5,0.5
F_mean_3d_10rm,theta,norm3,Linear SVM,0.6867,0.5897,0.51,0.5
F_median_3d_F3,beta,norm2,Logistic Regression,0.5,0.5,0.5,0.5
F_peak_3d_Fp2,delta,norm2,Logistic Regression,0.5,0.5,0.5,0.5
F_mean_3d_10rm,theta,norm2,Logistic Regression,0.5,0.5,0.5,0.5
F_median_3d_F3,beta,norm3,Logistic Regression,0.5,0.5,0.5,0.5
F_mean_3d_10rm,gamma,norm2,Ensemble (Majority Vote),0.88,0.6777,0.5,0.5
F_mean_3d19,gamma,norm2,Linear SVM,0.4867,0.5016,0.49,0.5
F_mean_3d19,gamma,norm2,Logistic Regression,0.5,0.5,0.5,0.5
F_peak_3d_Fp2,delta,norm3,Logistic Regression,0.5,0.5,0.5,0.5
F_mean_3d19,gamma,norm2,Random Forest,0.8867,0.6913,0.51,0.5
F_peak_3d_C3,beta,norm3,Logistic Regression,0.5,0.5,0.5,0.5
F_de_3d,theta,norm3,KNN,0.9867,0.7674,0.48,0.5
F_mean_3d_10rm,gamma,norm2,Logistic Regression,0.5,0.5,0.5,0.5
F_median_3d_F4,all,norm2,Logistic Regression,0.5,0.5,0.5,0.5
F_mean_3d19,alpha,norm2,Logistic Regression,0.5,0.5,0.5,0.5
F_rasm_3d_3area,delta,norm2,Logistic Regression,0.5,0.5,0.5,0.5
F_peak_3d_Fp2,alpha,norm3,Ensemble (Majority Vote),0.66,0.6131,0.47,0.5
F_mean_3d,beta,norm2,Logistic Regression,0.5,0.5,0.5,0.5
F_mean_3d_2area,gamma,norm2,Logistic Regression,0.5,0.5,0.5,0.5
F_peak_3d_2area,gamma,norm2,Logistic Regression,0.5,0.5,0.5,0.5
F_median_3d_F4,theta,norm3,Logistic Regression,0.5,0.5,0.5,0.5
F_mean_3d,alpha,norm2,Logistic Regression,0.5,0.5,0.5,0.5
F_de_3d,alpha,norm2,Logistic Regression,0.5,0.5,0.5,0.5
F_peak_3d19,gamma,norm2,Logistic Regression,0.5,0.5,0.5,0.5
F_mean_3d_2area,delta,norm2,Logistic Regression,0.5,0.5,0.5,0.5
F_peak_3d_Fz,gamma,norm2,Logistic Regression,0.5,0.5,0.5,0.5
F_median_3d_F4,theta,norm2,Logistic Regression,0.5,0.5,0.5,0.5
F_peak_3d_Fp1,theta,norm3,Logistic Regression,0.5,0.5,0.5,0.5
F_rasm_3d_3area,gamma,norm2,Logistic Regression,0.5,0.5,0.5,0.5
F_median_3d_Cz,gamma,norm2,Logistic Regression,0.5,0.5,0.5,0.5
F_rasm_3d_3area,all,norm2,Logistic Regression,0.5,0.5,0.5,0.5
F_peak_3d_3area,alpha,norm2,Random Forest,0.7867,0.6147,0.48,0.5
F_de_3d19,delta,norm2,Logistic Regression,0.5,0.5,0.5,0.5
F_mean_3d_2area,beta,norm2,Logistic Regression,0.5,0.5,0.5,0.5
F_mean_3d,delta,norm2,Logistic Regression,0.5,0.5,0.5,0.5
F_median_3d_Cz,gamma,norm3,Logistic Regression,0.5,0.5,0.5,0.5
F_rasm_3d_3area,gamma,norm3,Logistic Regression,0.5,0.5,0.5,0.5
F_peak_3d_Fz,gamma,norm3,Logistic Regression,0.5,0.5,0.5,0.5
F_peak_3d_3area,alpha,norm2,Logistic Regression,0.5,0.5,0.5,0.5
F_peak_3d_Fp1,gamma,norm3,Logistic Regression,0.5,0.5,0.5,0.5
F_mean_3d_3area,all,norm3,Linear SVM,0.7333,0.6264,0.48,0.5
F_peak_3d_Fp1,gamma,norm2,Ensemble (Majority Vote),0.6333,0.5961,0.47,0.5
F_de_3d,all,norm2,Logistic Regression,0.5,0.5,0.5,0.5
F_mean_3d_3area,all,norm2,Logistic Regression,0.5,0.5,0.5,0.5
F_median_3d_Cz,delta,None,Random Forest,0.66,0.5933,0.5,0.5
F_peak_3d_Fz,theta,norm3,Logistic Regression,0.5,0.5,0.5,0.5
F_peak_3d_Fp1,gamma,norm2,Logistic Regression,0.5,0.5,0.5,0.5
F_peak_3d_Fp1,gamma,norm3,Ensemble (Majority Vote),0.6333,0.5961,0.47,0.5
F_median_3d_Cz,delta,norm2,Logistic Regression,0.5,0.5,0.5,0.5
F_peak_3d19,theta,norm2,Logistic Regression,0.5,0.5,0.5,0.5
F_de_3d_T8,theta,norm2,Logistic Regression,0.5,0.5,0.5,0.5
F_de_3d_T8,theta,norm3,Logistic Regression,0.5,0.5,0.5,0.5
F_peak_3d_Fz,theta,norm2,Logistic Regression,0.5,0.5,0.5,0.5
F_mean_3d_2area,theta,norm2,Logistic Regression,0.5,0.5,0.5,0.5
F_median_3d_Cz,delta,norm3,Logistic Regression,0.5,0.5,0.5,0.5
F_median_3d_F7,all,norm2,Logistic Regression,0.5,0.5,0.5,0.5
F_peak_3d_Fp1,theta,norm2,Logistic Regression,0.5,0.5,0.5,0.5
F_mean_3d,all,norm2,Logistic Regression,0.5,0.5,0.5,0.5
F_de_3d,beta,None,Random Forest,0.7733,0.6611,0.46,0.5
F_peak_3d_Fz,delta,norm3,Logistic Regression,0.5,0.5,0.5,0.5
F_peak_3d_2area,theta,norm2,Logistic Regression,0.5,0.5,0.5,0.5
F_de_3d,delta,norm2,Logistic Regression,0.5,0.5,0.5,0.5
F_peak_3d_3area,all,None,Logistic Regression,0.7133,0.6299,0.48,0.5
F_mean_3d_1area,theta,norm2,Logistic Regression,0.5,0.5,0.5,0.5
F_mean_3d_1area,theta,norm2,Linear SVM,0.5,0.4968,0.5,0.5
F_rasm_3d_3area,all,norm2,Random Forest,0.8733,0.7122,0.48,0.5
F_peak_3d_Fz,beta,norm2,Logistic Regression,0.5,0.5,0.5,0.5
F_mean_3d19,all,None,KNN,1.0,0.8522,0.52,0.5
F_peak_3d_Fp2,alpha,norm2,Ensemble (Majority Vote),0.66,0.6131,0.47,0.5
F_rasm_3d_3area,delta,norm3,Logistic Regression,0.5,0.5,0.5,0.5
F_mean_3d_1area,gamma,norm3,Logistic Regression,0.5,0.5,0.5,0.5
F_peak_3d_C3,gamma,norm2,Logistic Regression,0.5,0.5,0.5,0.5
F_mean_3d19,all,norm2,Logistic Regression,0.5,0.5,0.5,0.5
F_peak_3d_Fz,beta,None,KNN,0.9667,0.7097,0.51,0.5
F_rasm_3d_3area,all,norm3,KNN,0.9667,0.7602,0.52,0.5
F_mean_3d_1area,gamma,norm2,Logistic Regression,0.5,0.5,0.5,0.5
F_median_3d_F3,all,norm2,Logistic Regression,0.5,0.5,0.5,0.5
F_rasm_3d_3area,all,norm3,Linear SVM,0.6267,0.5614,0.53,0.5
F_peak_3d_Fp2,alpha,norm2,Logistic Regression,0.5,0.5,0.5,0.5
F_peak_3d_Fp2,alpha,norm2,Random Forest,0.7733,0.589,0.48,0.5
F_median_3d_F4,delta,norm2,Logistic Regression,0.5,0.5,0.5,0.5
F_peak_3d_Fz,beta,norm3,Logistic Regression,0.5,0.5,0.5,0.5
F_mean_3d_1area,theta,norm3,Linear SVM,0.5,0.4968,0.5,0.5
F_mean_3d_1area,theta,norm3,Logistic Regression,0.5,0.5,0.5,0.5
F_peak_3d_Fp2,all,norm2,Logistic Regression,0.5,0.5,0.5,0.5
F_median_3d_F4,gamma,norm3,Logistic Regression,0.5,0.5,0.5,0.5
F_mean_3d_2area,alpha,norm2,Logistic Regression,0.5,0.5,0.5,0.5
F_mean_3d_2area,alpha,norm2,Linear SVM,0.5267,0.4993,0.5,0.5
F_peak_3d_Fz,delta,norm2,Logistic Regression,0.5,0.5,0.5,0.5
F_median_3d_F4,gamma,norm2,Logistic Regression,0.5,0.5,0.5,0.5
F_mean_3d,gamma,norm2,Logistic Regression,0.5,0.5,0.5,0.5
F_de_3d,beta,norm2,Logistic Regression,0.5,0.5,0.5,0.5
F_median_3d_Cz,theta,norm2,Logistic Regression,0.5,0.5,0.5,0.5
F_peak_3d19,delta,norm2,Logistic Regression,0.5,0.5,0.5,0.5
F_peak_3d_C3,alpha,norm2,Logistic Regression,0.5,0.5,0.5,0.5
F_rasm_3d_3area,gamma,None,Logistic Regression,0.54,0.5331,0.55,0.5
F_mean_3d_2area,all,norm2,Logistic Regression,0.5,0.5,0.5,0.5
F_peak_3d_3area,all,None,Linear SVM,0.7733,0.6434,0.49,0.5
F_median_3d_F4,delta,norm3,Logistic Regression,0.5,0.5,0.5,0.5
F_mean_3d,theta,norm2,Logistic Regression,0.5,0.5,0.5,0.5
F_median_3d_Cz,theta,norm3,Logistic Regression,0.5,0.5,0.5,0.5
F_mean_3d_C4,alpha,norm3,Ensemble (Majority Vote),0.7933,0.6051,0.56,0.5
F_peak_3d_T7,delta,norm2,Logistic Regression,0.5,0.5,0.5,0.5
F_mean_3d_C4,alpha,norm3,Logistic Regression,0.5,0.5,0.5,0.5
F_median_3d_Fp1,alpha,norm3,Logistic Regression,0.5,0.5,0.5,0.5
F_de_3d_F7,theta,norm2,Logistic Regression,0.5,0.5,0.5,0.5
F_mean_3d_F4,delta,norm3,Logistic Regression,0.5,0.5,0.5,0.5
F_de_3d_F7,theta,norm2,XGBoost,0.5333,0.5402,0.51,0.5
F_de_3d_F7,theta,norm3,Logistic Regression,0.5,0.5,0.5,0.5
F_de_3d_F7,theta,norm3,XGBoost,0.5333,0.5402,0.51,0.5
F_mean_3d_F4,delta,norm2,Logistic Regression,0.5,0.5,0.5,0.5
F_de_3d_1area,gamma,norm2,Logistic Regression,0.5,0.5,0.5,0.5
F_dasm_3d_3area,all,norm2,Logistic Regression,0.5,0.5,0.5,0.5
F_median_3d_8rm,alpha,norm2,Logistic Regression,0.5,0.5,0.5,0.5
F_peak_3d_C4,theta,norm2,Logistic Regression,0.5,0.5,0.5,0.5
F_median_3d_F3,theta,norm2,Logistic Regression,0.5,0.5,0.5,0.5
F_mean_3d_F4,beta,norm3,Logistic Regression,0.5,0.5,0.5,0.5
F_de_3d_F8,all,norm2,Logistic Regression,0.5,0.5,0.5,0.5
F_mean_3d_F4,beta,norm2,Logistic Regression,0.5,0.5,0.5,0.5
F_de_3d_1area,gamma,None,Logistic Regression,0.5267,0.5241,0.51,0.5
F_median_3d_Fp1,delta,norm3,Logistic Regression,0.5,0.5,0.5,0.5
F_peak_3d_F7,gamma,norm2,Logistic Regression,0.5,0.5,0.5,0.5
F_peak_3d,all,norm2,Logistic Regression,0.5,0.5,0.5,0.5
F_peak_3d_8rm,delta,None,KNN,0.9867,0.7993,0.46,0.5
F_peak_3d_T8,beta,norm3,Logistic Regression,0.5,0.5,0.5,0.5
F_median_3d_Fp1,gamma,norm2,Logistic Regression,0.5,0.5,0.5,0.5
F_peak_3d_2area,beta,norm2,Logistic Regression,0.5,0.5,0.5,0.5
F_de_3d_F7,gamma,norm2,Logistic Regression,0.5,0.5,0.5,0.5
F_de_3d_F7,delta,norm2,Logistic Regression,0.5,0.5,0.5,0.5
F_de_3d_1area,theta,None,KNN,0.94,0.6977,0.5,0.5
F_peak_3d_F7,delta,norm2,Logistic Regression,0.5,0.5,0.5,0.5
F_mean_3d_F4,theta,norm3,Logistic Regression,0.5,0.5,0.5,0.5
F_de_3d_F7,delta,norm3,Logistic Regression,0.5,0.5,0.5,0.5
F_peak_3d_10rm,theta,norm2,Logistic Regression,0.5,0.5,0.5,0.5
F_mean_3d_F4,theta,norm2,Logistic Regression,0.5,0.5,0.5,0.5
F_de_3d_1area,gamma,norm3,Logistic Regression,0.5,0.5,0.5,0.5
F_peak_3d_F7,delta,norm3,Linear SVM,0.5067,0.4963,0.52,0.5
F_mean_3d_F4,gamma,norm2,KNN,0.98,0.6848,0.47,0.5
F_peak_3d_F7,delta,norm3,Logistic Regression,0.5,0.5,0.5,0.5
F_mean_3d_F4,gamma,norm3,XGBoost,0.5667,0.5368,0.44,0.5
F_median_3d_Fp1,gamma,norm3,Logistic Regression,0.5,0.5,0.5,0.5
F_mean_3d_F4,gamma,norm3,Logistic Regression,0.5,0.5,0.5,0.5
F_de_3d_F7,gamma,norm3,Logistic Regression,0.5,0.5,0.5,0.5
F_mean_3d_F4,gamma,norm3,KNN,0.98,0.6848,0.47,0.5
F_mean_3d_F4,gamma,norm2,XGBoost,0.5667,0.5368,0.44,0.5
F_mean_3d_F4,gamma,norm2,Logistic Regression,0.5,0.5,0.5,0.5
F_mean_3d_F4,alpha,norm3,Logistic Regression,0.5,0.5,0.5,0.5
F_median_3d_8rm,beta,norm2,Logistic Regression,0.5,0.5,0.5,0.5
F_peak_3d_10rm,gamma,norm2,Logistic Regression,0.5,0.5,0.5,0.5
F_mean_3d_F3,gamma,norm2,XGBoost,0.54,0.5469,0.49,0.5
F_mean_3d_F3,theta,norm2,Logistic Regression,0.5,0.5,0.5,0.5
F_de_3d_F8,delta,norm3,Logistic Regression,0.5,0.5,0.5,0.5
F_peak_3d_T7,gamma,norm2,Logistic Regression,0.5,0.5,0.5,0.5
F_dasm_3d_3area,alpha,norm3,Logistic Regression,0.5,0.5,0.5,0.5
F_mean_3d_F3,gamma,norm3,XGBoost,0.54,0.5469,0.49,0.5
F_mean_3d_F3,gamma,norm3,Logistic Regression,0.5,0.5,0.5,0.5
F_median_3d_8rm,gamma,norm2,Logistic Regression,0.5,0.5,0.5,0.5
F_peak_3d_3area,delta,norm2,Logistic Regression,0.5,0.5,0.5,0.5
F_peak_3d_T8,alpha,norm2,Logistic Regression,0.5,0.5,0.5,0.5
F_peak_3d_C4,gamma,norm3,Logistic Regression,0.5,0.5,0.5,0.5
F_mean_3d_F3,gamma,norm2,Logistic Regression,0.5,0.5,0.5,0.5
F_median_3d_Fp1,beta,None,Ensemble (Majority Vote),0.74,0.6216,0.46,0.5
F_rasm_3d_10rm,alpha,norm2,Logistic Regression,0.5,0.5,0.5,0.5
F_peak_3d_10rm,delta,norm2,Logistic Regression,0.5,0.5,0.5,0.5
F_rasm_3d_8rm,alpha,norm2,Logistic Regression,0.5,0.5,0.5,0.5
F_mean_3d_F3,delta,norm3,Logistic Regression,0.5,0.5,0.5,0.5
F_de_3d_F8,gamma,norm2,Logistic Regression,0.5,0.5,0.5,0.5
F_mean_3d_F3,delta,norm2,Logistic Regression,0.5,0.5,0.5,0.5
F_peak_3d_C4,gamma,norm2,Logistic Regression,0.5,0.5,0.5,0.5
F_mean_3d_F3,theta,norm3,Logistic Regression,0.5,0.5,0.5,0.5
F_de_3d_F8,alpha,norm2,Logistic Regression,0.5,0.5,0.5,0.5
F_de_3d_F8,beta,norm2,KNN,0.9933,0.6823,0.48,0.5
F_median_3d_Fp1,delta,norm2,Logistic Regression,0.5,0.5,0.5,0.5
F_mean_3d_F4,alpha,norm2,Logistic Regression,0.5,0.5,0.5,0.5
F_median_3d_8rm,beta,norm3,Linear SVM,0.6933,0.5984,0.5,0.5
F_de_3d_F8,alpha,norm3,Logistic Regression,0.5,0.5,0.5,0.5
F_de_3d_1area,delta,norm3,Logistic Regression,0.5,0.5,0.5,0.5
F_peak_3d_T8,alpha,norm3,Logistic Regression,0.5,0.5,0.5,0.5
F_dasm_3d_3area,alpha,norm2,Logistic Regression,0.5,0.5,0.5,0.5
F_mean_3d_F4,alpha,None,KNN,0.9867,0.7016,0.5,0.5
F_de_3d_F8,beta,norm2,Logistic Regression,0.5,0.5,0.5,0.5
F_de_3d_F8,delta,norm2,Logistic Regression,0.5,0.5,0.5,0.5
F_mean_3d_F4,all,norm2,XGBoost,0.9,0.6313,0.5,0.5
F_mean_3d_F4,all,norm2,Logistic Regression,0.5,0.5,0.5,0.5
F_de_3d_F8,beta,norm3,KNN,0.9933,0.6823,0.48,0.5
F_de_3d_F8,beta,norm3,Logistic Regression,0.5,0.5,0.5,0.5
F_de_3d_1area,delta,norm2,Logistic Regression,0.5,0.5,0.5,0.5
F_median_3d_8rm,delta,norm2,Logistic Regression,0.5,0.5,0.5,0.5
F_median_3d_Fp1,beta,norm3,Logistic Regression,0.5,0.5,0.5,0.5
F_peak_3d_F7,gamma,norm3,Logistic Regression,0.5,0.5,0.5,0.5
F_mean_3d_F7,all,norm2,Logistic Regression,0.5,0.5,0.5,0.5
F_median_3d_8rm,all,norm2,Logistic Regression,0.5,0.5,0.5,0.5
F_mean_3d_F7,all,norm3,XGBoost,0.84,0.6646,0.52,0.5
F_peak_3d_T8,gamma,norm2,Logistic Regression,0.5,0.5,0.5,0.5
F_peak_3d_F7,alpha,norm3,Logistic Regression,0.5,0.5,0.5,0.5
F_de_3d_F4,delta,norm3,Logistic Regression,0.5,0.5,0.5,0.5
F_de_3d_F4,delta,norm3,Random Forest,0.7467,0.5922,0.48,0.5
F_median_3d_Fp2,beta,norm2,Logistic Regression,0.5,0.5,0.5,0.5
F_mean_3d_F8,alpha,norm3,Logistic Regression,0.5,0.5,0.5,0.5
F_peak_3d_Cz,all,norm2,Logistic Regression,0.5,0.5,0.5,0.5
F_de_3d_F4,gamma,None,KNN,0.9467,0.6982,0.47,0.5
F_mean_3d_F8,alpha,norm2,Logistic Regression,0.5,0.5,0.5,0.5
F_median_3d_3area,delta,None,Logistic Regression,0.5333,0.5356,0.49,0.5
F_de_3d_F4,delta,norm2,Logistic Regression,0.5,0.5,0.5,0.5
F_median_3d_Fp2,beta,None,Logistic Regression,0.5333,0.5308,0.49,0.5
F_de_3d_F4,gamma,norm2,Logistic Regression,0.5,0.5,0.5,0.5
F_de_3d_F4,gamma,norm3,Logistic Regression,0.5,0.5,0.5,0.5
F_median_3d_Fp2,alpha,norm3,Logistic Regression,0.5,0.5,0.5,0.5
F_mean_3d_F8,all,norm2,Logistic Regression,0.5,0.5,0.5,0.5
F_median_3d_3area,delta,norm2,Linear SVM,0.48,0.4956,0.49,0.5
F_median_3d_Fp2,alpha,norm2,Logistic Regression,0.5,0.5,0.5,0.5
F_median_3d_3area,delta,norm2,Logistic Regression,0.5,0.5,0.5,0.5
F_de_3d_F4,delta,norm2,Random Forest,0.7467,0.5922,0.48,0.5
F_median_3d_3area,beta,norm2,Logistic Regression,0.5,0.5,0.5,0.5
F_de_3d_F4,theta,norm2,Logistic Regression,0.5,0.5,0.5,0.5
F_rasm_3d_10rm,all,norm2,Logistic Regression,0.5,0.5,0.5,0.5
F_dasm_3d_10rm,beta,norm2,Logistic Regression,0.5,0.5,0.5,0.5
F_median_3d_Fp2,delta,None,Random Forest,0.6733,0.6,0.49,0.5
F_median_3d_3area,alpha,norm2,Logistic Regression,0.5,0.5,0.5,0.5
F_mean_3d_F8,delta,norm3,Logistic Regression,0.5,0.5,0.5,0.5
F_de_3d_F4,beta,norm2,Linear SVM,0.4867,0.5014,0.54,0.5
F_de_3d_F4,beta,norm2,Logistic Regression,0.5,0.5,0.5,0.5
F_dasm_3d_10rm,delta,None,KNN,0.98,0.7713,0.53,0.5
F_mean_3d_F8,delta,norm2,Logistic Regression,0.5,0.5,0.5,0.5
F_peak_3d_F7,alpha,norm2,Logistic Regression,0.5,0.5,0.5,0.5
F_peak_3d_1area,all,norm2,Logistic Regression,0.5,0.5,0.5,0.5
F_de_3d_F4,beta,norm3,Linear SVM,0.4867,0.5014,0.54,0.5
F_de_3d_F4,beta,norm3,Logistic Regression,0.5,0.5,0.5,0.5
F_peak_3d_8rm,alpha,norm3,XGBoost,0.8667,0.6991,0.52,0.5
F_median_3d_Fp2,beta,norm3,Logistic Regression,0.5,0.5,0.5,0.5
F_mean_3d_F8,beta,norm3,Logistic Regression,0.5,0.5,0.5,0.5
F_peak_3d_T8,gamma,norm3,Logistic Regression,0.5,0.5,0.5,0.5
F_mean_3d_F8,beta,norm2,Logistic Regression,0.5,0.5,0.5,0.5
F_dasm_3d_10rm,delta,norm2,Logistic Regression,0.5,0.5,0.5,0.5
F_de_3d_F4,theta,norm2,Linear SVM,0.4933,0.5025,0.52,0.5
F_mean_3d_F7,theta,norm3,Logistic Regression,0.5,0.5,0.5,0.5
F_peak_3d_F7,delta,norm2,Linear SVM,0.5067,0.4963,0.52,0.5
F_median_3d_Fp2,all,norm2,Logistic Regression,0.5,0.5,0.5,0.5
F_mean_3d_F7,beta,norm3,Logistic Regression,0.5,0.5,0.5,0.5
F_median_3d_3area,theta,norm2,Ensemble (Majority Vote),0.7067,0.6329,0.5,0.5
F_de_3d_F7,alpha,norm2,Logistic Regression,0.5,0.5,0.5,0.5
F_median_3d_3area,theta,norm2,Logistic Regression,0.5,0.5,0.5,0.5
F_de_3d_1area,theta,norm2,Logistic Regression,0.5,0.5,0.5,0.5
F_mean_3d_F7,beta,norm2,Logistic Regression,0.5,0.5,0.5,0.5
F_de_3d_F7,alpha,norm3,Logistic Regression,0.5,0.5,0.5,0.5
F_peak_3d_2area,beta,norm2,Linear SVM,0.52,0.5115,0.54,0.5
F_dasm_3d_10rm,theta,norm2,Logistic Regression,0.5,0.5,0.5,0.5
F_peak_3d_T8,delta,norm3,Logistic Regression,0.5,0.5,0.5,0.5
F_peak_3d_T8,delta,norm2,Logistic Regression,0.5,0.5,0.5,0.5
F_mean_3d_F7,alpha,norm3,Logistic Regression,0.5,0.5,0.5,0.5
F_de_3d_F7,beta,norm2,Logistic Regression,0.5,0.5,0.5,0.5
F_peak_3d_C4,theta,norm3,Logistic Regression,0.5,0.5,0.5,0.5
F_mean_3d_F7,alpha,norm2,Logistic Regression,0.5,0.5,0.5,0.5
F_de_3d_F7,beta,norm3,Logistic Regression,0.5,0.5,0.5,0.5
F_median_3d_Fp1,theta,norm3,Logistic Regression,0.5,0.5,0.5,0.5
F_median_3d_Fp1,theta,norm2,Logistic Regression,0.5,0.5,0.5,0.5
F_de_3d_1area,theta,norm3,Logistic Regression,0.5,0.5,0.5,0.5
F_peak_3d_F7,beta,norm3,Logistic Regression,0.5,0.5,0.5,0.5
F_de_3d_F4,theta,norm3,Linear SVM,0.4933,0.5025,0.52,0.5
F_dasm_3d_10rm,gamma,norm2,Logistic Regression,0.5,0.5,0.5,0.5
F_mean_3d_F7,theta,norm2,Logistic Regression,0.5,0.5,0.5,0.5
F_de_3d_F4,theta,norm3,Logistic Regression,0.5,0.5,0.5,0.5
F_mean_3d_F7,theta,None,Logistic Regression,0.5267,0.5317,0.49,0.5
F_peak_3d_F7,beta,norm2,Logistic Regression,0.5,0.5,0.5,0.5
F_de_3d_2area,all,norm2,Logistic Regression,0.5,0.5,0.5,0.5
F_mean_3d_F7,gamma,norm3,Logistic Regression,0.5,0.5,0.5,0.5
F_median_3d_T8,theta,norm3,KNN,0.9867,0.6931,0.52,0.5
F_mean_3d_F7,gamma,norm3,KNN,0.9867,0.6887,0.51,0.5
F_median_3d_3area,gamma,norm2,Logistic Regression,0.5,0.5,0.5,0.5
F_peak_3d_8rm,beta,norm2,Logistic Regression,0.5,0.5,0.5,0.5
F_de_3d_F7,all,None,Logistic Regression,0.6933,0.5943,0.49,0.5
F_mean_3d_F7,gamma,norm2,Logistic Regression,0.5,0.5,0.5,0.5
F_mean_3d_F7,gamma,norm2,KNN,0.9867,0.6887,0.51,0.5
F_median_3d_3area,gamma,norm3,Linear SVM,0.5667,0.5407,0.5,0.5
F_de_3d_F7,all,norm2,Logistic Regression,0.5,0.5,0.5,0.5
F_median_3d_T8,theta,norm3,Logistic Regression,0.5,0.5,0.5,0.5
F_mean_3d_F7,delta,norm3,Logistic Regression,0.5,0.5,0.5,0.5
F_mean_3d_F7,delta,norm2,Logistic Regression,0.5,0.5,0.5,0.5
F_de_3d_F8,gamma,norm3,Logistic Regression,0.5,0.5,0.5,0.5
F_median_3d_Fp1,beta,norm2,Logistic Regression,0.5,0.5,0.5,0.5
F_peak_3d_8rm,delta,norm2,Logistic Regression,0.5,0.5,0.5,0.5
F_de_3d_Fp2,alpha,norm2,Logistic Regression,0.5,0.5,0.5,0.5
F_de_3d_Fp2,all,norm2,Logistic Regression,0.5,0.5,0.5,0.5
F_rasm_3d_10rm,delta,norm2,Logistic Regression,0.5,0.5,0.5,0.5
F_de_3d_1area,all,norm2,Logistic Regression,0.5,0.5,0.5,0.5
F_median_3d_C3,delta,norm2,Ensemble (Majority Vote),0.68,0.6117,0.48,0.5
F_median_3d_C3,delta,norm2,Logistic Regression,0.5,0.5,0.5,0.5
F_median_3d_F8,gamma,norm3,Logistic Regression,0.5,0.5,0.5,0.5
F_mean_3d_Cz,all,norm2,Random Forest,0.9333,0.6708,0.47,0.5
F_mean_3d_Cz,all,norm2,Logistic Regression,0.5,0.5,0.5,0.5
F_dasm_3d_3area,gamma,norm3,Logistic Regression,0.5,0.5,0.5,0.5
F_mean_3d_Cz,delta,norm3,Logistic Regression,0.5,0.5,0.5,0.5
F_median_3d_C3,delta,norm3,Ensemble (Majority Vote),0.68,0.6117,0.48,0.5
F_peak_3d_F8,alpha,norm2,Logistic Regression,0.5,0.5,0.5,0.5
F_peak_3d_C4,beta,norm2,Logistic Regression,0.5,0.5,0.5,0.5
F_median_3d_C3,delta,norm3,Logistic Regression,0.5,0.5,0.5,0.5
F_de_3d_Fp2,alpha,norm3,Logistic Regression,0.5,0.5,0.5,0.5
F_mean_3d_C4,theta,norm3,Logistic Regression,0.5,0.5,0.5,0.5
F_mean_3d_C4,theta,norm3,Ensemble (Majority Vote),0.6733,0.6021,0.49,0.5
F_peak_3d_T7,gamma,norm3,Logistic Regression,0.5,0.5,0.5,0.5
F_mean_3d_Cz,alpha,norm2,Logistic Regression,0.5,0.5,0.5,0.5
F_peak_3d_C4,beta,norm3,Logistic Regression,0.5,0.5,0.5,0.5
F_median_3d_C3,beta,norm3,Logistic Regression,0.5,0.5,0.5,0.5
F_mean_3d_Cz,alpha,norm3,Logistic Regression,0.5,0.5,0.5,0.5
F_de_3d_1area,alpha,norm3,Logistic Regression,0.5,0.5,0.5,0.5
F_de_3d_Fp1,gamma,norm3,Logistic Regression,0.5,0.5,0.5,0.5
F_mean_3d_Cz,delta,norm2,Logistic Regression,0.5,0.5,0.5,0.5
F_rasm_3d_10rm,beta,norm2,Logistic Regression,0.5,0.5,0.5,0.5
F_median_3d_C3,alpha,norm3,Logistic Regression,0.5,0.5,0.5,0.5
F_de_3d_1area,alpha,norm3,Ensemble (Majority Vote),0.76,0.6055,0.49,0.5
F_de_3d_1area,alpha,norm2,Logistic Regression,0.5,0.5,0.5,0.5
F_mean_3d_Cz,delta,None,KNN,0.9733,0.6936,0.5,0.5
F_mean_3d_Cz,beta,norm3,Logistic Regression,0.5,0.5,0.5,0.5
F_de_3d_Fp1,theta,norm2,Logistic Regression,0.5,0.5,0.5,0.5
F_peak_3d_10rm,beta,norm2,Logistic Regression,0.5,0.5,0.5,0.5
F_dasm_3d_3area,gamma,norm2,Logistic Regression,0.5,0.5,0.5,0.5
F_de_3d_1area,delta,None,KNN,0.96,0.6906,0.47,0.5
F_de_3d_1area,alpha,norm2,Ensemble (Majority Vote),0.76,0.6055,0.49,0.5
F_de_3d_Fp1,theta,norm3,Logistic Regression,0.5,0.5,0.5,0.5
F_peak_3d_F8,alpha,None,Linear SVM,0.4867,0.5152,0.5,0.5
F_median_3d_C3,beta,norm2,Logistic Regression,0.5,0.5,0.5,0.5
F_mean_3d_C4,theta,norm2,Logistic Regression,0.5,0.5,0.5,0.5
F_mean_3d_C4,theta,norm2,Ensemble (Majority Vote),0.6733,0.6021,0.49,0.5
F_peak_3d_F8,alpha,norm3,Logistic Regression,0.5,0.5,0.5,0.5
F_median_3d_C3,gamma,norm3,Logistic Regression,0.5,0.5,0.5,0.5
F_mean_3d_C4,delta,norm2,Logistic Regression,0.5,0.5,0.5,0.5
F_mean_3d_C4,delta,norm2,Linear SVM,0.5267,0.5007,0.48,0.5
F_de_3d_Fp2,delta,norm3,Linear SVM,0.5067,0.5018,0.51,0.5
F_dasm_3d_3area,theta,norm3,Logistic Regression,0.5,0.5,0.5,0.5
F_de_3d_Fp2,delta,norm3,Logistic Regression,0.5,0.5,0.5,0.5
F_median_3d_C3,theta,norm2,Logistic Regression,0.5,0.5,0.5,0.5
F_mean_3d_C4,beta,norm3,Logistic Regression,0.5,0.5,0.5,0.5
F_peak_3d_F8,beta,norm2,Logistic Regression,0.5,0.5,0.5,0.5
F_de_3d_Fp2,gamma,norm2,Logistic Regression,0.5,0.5,0.5,0.5
F_median_3d_C3,theta,norm3,Logistic Regression,0.5,0.5,0.5,0.5
F_median_3d_F8,delta,norm2,Logistic Regression,0.5,0.5,0.5,0.5
F_mean_3d_C4,beta,norm2,Logistic Regression,0.5,0.5,0.5,0.5
F_median_3d_F8,delta,norm2,Linear SVM,0.4467,0.4956,0.51,0.5
F_peak_3d_C4,alpha,norm3,Logistic Regression,0.5,0.5,0.5,0.5
F_peak_3d_F8,beta,norm3,Logistic Regression,0.5,0.5,0.5,0.5
F_de_3d_Fp2,gamma,norm3,Logistic Regression,0.5,0.5,0.5,0.5
F_de_3d_10rm,theta,norm2,Random Forest,0.8667,0.6584,0.46,0.5
F_dasm_3d_3area,theta,norm2,Logistic Regression,0.5,0.5,0.5,0.5
F_mean_3d_C4,delta,norm3,Linear SVM,0.5267,0.5007,0.48,0.5
F_peak_3d_8rm,gamma,norm2,Logistic Regression,0.5,0.5,0.5,0.5
F_mean_3d_C4,delta,norm3,Logistic Regression,0.5,0.5,0.5,0.5
F_de_3d_Fp2,beta,norm2,KNN,0.9933,0.6894,0.53,0.5
F_median_3d_C3,gamma,norm2,Logistic Regression,0.5,0.5,0.5,0.5
F_de_3d_Fp2,beta,norm2,Logistic Regression,0.5,0.5,0.5,0.5
F_median_3d_F8,gamma,norm2,Logistic Regression,0.5,0.5,0.5,0.5
F_mean_3d_C4,gamma,norm3,Logistic Regression,0.5,0.5,0.5,0.5
F_mean_3d_C4,gamma,norm3,Linear SVM,0.5,0.4995,0.5,0.5
F_de_3d_Fp2,beta,norm2,XGBoost,0.58,0.5529,0.51,0.5
F_de_3d_Fp2,beta,norm3,KNN,0.9933,0.6894,0.53,0.5
F_mean_3d_C4,gamma,norm2,Logistic Regression,0.5,0.5,0.5,0.5
F_mean_3d_C4,gamma,norm2,Linear SVM,0.5,0.4995,0.5,0.5
F_de_3d_Fp2,beta,norm3,Logistic Regression,0.5,0.5,0.5,0.5
F_de_3d_Fp2,beta,norm3,XGBoost,0.58,0.5529,0.51,0.5
F_de_3d_Fp2,delta,None,KNN,0.9933,0.7076,0.53,0.5
F_median_3d_F8,delta,norm3,Logistic Regression,0.5,0.5,0.5,0.5
F_median_3d_F8,delta,norm3,Linear SVM,0.4467,0.4956,0.51,0.5
F_de_3d_Fp2,delta,norm2,Linear SVM,0.5067,0.5018,0.51,0.5
F_de_3d_Fp2,delta,norm2,Logistic Regression,0.5,0.5,0.5,0.5
F_de_3d_Fp1,gamma,norm2,Logistic Regression,0.5,0.5,0.5,0.5
F_mean_3d_Cz,beta,norm2,Logistic Regression,0.5,0.5,0.5,0.5
F_peak_3d_T8,beta,norm2,Logistic Regression,0.5,0.5,0.5,0.5
F_de_3d_Fp1,delta,norm2,Logistic Regression,0.5,0.5,0.5,0.5
F_mean_3d_Cz,gamma,norm3,Random Forest,0.7533,0.5956,0.51,0.5
F_peak_3d_F7,theta,norm2,Logistic Regression,0.5,0.5,0.5,0.5
F_dasm_3d_3area,beta,norm2,Logistic Regression,0.5,0.5,0.5,0.5
F_de_3d_Fp1,all,norm2,Logistic Regression,0.5,0.5,0.5,0.5
F_mean_3d_F3,alpha,norm3,Logistic Regression,0.5,0.5,0.5,0.5
F_peak_3d_F8,all,None,XGBoost,0.9,0.7147,0.49,0.5
F_de_3d_1area,beta,norm2,Logistic Regression,0.5,0.5,0.5,0.5
F_mean_3d_F3,alpha,norm2,Logistic Regression,0.5,0.5,0.5,0.5
F_de_3d_1area,beta,None,XGBoost,0.62,0.5906,0.49,0.5
F_median_3d_C3,alpha,norm2,Logistic Regression,0.5,0.5,0.5,0.5
F_peak_3d_F8,all,None,Linear SVM,0.6333,0.5766,0.52,0.5
F_dasm_3d_3area,beta,norm3,Logistic Regression,0.5,0.5,0.5,0.5
F_de_3d_Fp1,alpha,norm2,Logistic Regression,0.5,0.5,0.5,0.5
F_median_3d_Fp1,all,norm2,Logistic Regression,0.5,0.5,0.5,0.5
F_de_3d_Fp1,alpha,norm3,Logistic Regression,0.5,0.5,0.5,0.5
F_peak_3d_T7,theta,norm3,Logistic Regression,0.5,0.5,0.5,0.5
F_de_3d_Fp1,beta,norm3,Logistic Regression,0.5,0.5,0.5,0.5
F_mean_3d_Cz,theta,norm2,Logistic Regression,0.5,0.5,0.5,0.5
F_peak_3d_T8,all,norm3,Ensemble (Majority Vote),0.7867,0.6786,0.53,0.5
F_peak_3d_F7,theta,norm3,Logistic Regression,0.5,0.5,0.5,0.5
F_peak_3d_C4,delta,norm2,Logistic Regression,0.5,0.5,0.5,0.5
F_mean_3d_Cz,theta,norm3,Logistic Regression,0.5,0.5,0.5,0.5
F_peak_3d,alpha,norm2,Logistic Regression,0.5,0.5,0.5,0.5
F_dasm_3d_3area,delta,norm2,Logistic Regression,0.5,0.5,0.5,0.5
F_peak_3d_C4,delta,norm3,Logistic Regression,0.5,0.5,0.5,0.5
F_mean_3d_F3,all,norm2,Logistic Regression,0.5,0.5,0.5,0.5
F_peak_3d_T8,all,norm2,Logistic Regression,0.5,0.5,0.5,0.5
F_median_3d_F8,theta,norm3,Logistic Regression,0.5,0.5,0.5,0.5
F_median_3d_C3,all,norm2,Logistic Regression,0.5,0.5,0.5,0.5
F_mean_3d_Cz,gamma,norm3,Logistic Regression,0.5,0.5,0.5,0.5
F_de_3d_Fp1,beta,norm2,Logistic Regression,0.5,0.5,0.5,0.5
F_mean_3d_F3,beta,norm3,Logistic Regression,0.5,0.5,0.5,0.5
F_mean_3d_Cz,gamma,norm2,Random Forest,0.7533,0.5956,0.51,0.5
F_de_3d_1area,beta,norm3,Logistic Regression,0.5,0.5,0.5,0.5
F_median_3d_Fp1,alpha,norm2,Logistic Regression,0.5,0.5,0.5,0.5
F_peak_3d_T7,theta,norm2,Logistic Regression,0.5,0.5,0.5,0.5
F_rasm_3d_8rm,all,norm2,Logistic Regression,0.5,0.5,0.5,0.5
F_dasm_3d_3area,delta,norm3,Logistic Regression,0.5,0.5,0.5,0.5
F_de_3d_F8,theta,norm2,Logistic Regression,0.5,0.5,0.5,0.5
F_mean_3d_Cz,gamma,norm2,Logistic Regression,0.5,0.5,0.5,0.5
F_de_3d_F8,theta,norm3,Logistic Regression,0.5,0.5,0.5,0.5
F_peak_3d_F8,all,norm2,Logistic Regression,0.5,0.5,0.5,0.5
F_mean_3d_F3,beta,norm2,Logistic Regression,0.5,0.5,0.5,0.5
F_median_3d_F8,theta,norm2,Logistic Regression,0.5,0.5,0.5,0.5
F_de_3d_Fp1,delta,norm3,Logistic Regression,0.5,0.5,0.5,0.5
F_median_3d_8rm,theta,norm2,Logistic Regression,0.5,0.5,0.5,0.5
F_peak_3d_10rm,delta,norm2,Ensemble (Majority Vote),0.88,0.6947,0.5,0.4986
F_median_3d_C3,all,None,Linear SVM,0.6133,0.5749,0.47,0.4986
F_median_3d_8rm,theta,None,Random Forest,0.6933,0.6446,0.52,0.4986
F_peak_3d_F3,alpha,None,Random Forest,0.6133,0.5839,0.48,0.4986
F_median_3d_F3,theta,None,Random Forest,0.6267,0.5938,0.51,0.4986
F_median_3d_1area,gamma,norm3,Ensemble (Majority Vote),0.76,0.6267,0.51,0.4986
F_median_3d_T7,alpha,None,Ensemble (Majority Vote),0.7667,0.6384,0.48,0.4986
F_peak_3d_8rm,theta,norm2,Linear SVM,0.5333,0.4975,0.51,0.4986
F_median_3d_Fp2,delta,norm3,Ensemble (Majority Vote),0.7333,0.5979,0.54,0.4986
F_median_3d_Fp2,delta,norm2,Ensemble (Majority Vote),0.7333,0.5979,0.54,0.4986
F_peak_3d_3area,beta,norm2,KNN,0.9867,0.6855,0.49,0.4986
F_median_3d19,gamma,norm3,Logistic Regression,0.7067,0.6303,0.5,0.4986
F_median_3d_1area,gamma,norm2,Ensemble (Majority Vote),0.76,0.6267,0.51,0.4986
F_median_3d_F3,delta,None,XGBoost,0.72,0.5841,0.49,0.4986
F_median_3d_T7,theta,norm2,XGBoost,0.56,0.5317,0.52,0.4986
F_median_3d_F8,beta,norm3,Random Forest,0.72,0.5814,0.47,0.4986
F_median_3d_F7,alpha,norm3,XGBoost,0.6333,0.5476,0.48,0.4986
F_median_3d_1area,delta,norm3,XGBoost,0.6133,0.5547,0.5,0.4986
F_median_3d_2area,beta,None,KNN,0.9667,0.7055,0.46,0.4986
F_median_3d_F7,alpha,norm2,XGBoost,0.6333,0.5476,0.48,0.4986
F_peak_3d_1area,gamma,None,Logistic Regression,0.4867,0.5271,0.5,0.4986
F_peak_3d_1area,alpha,None,Random Forest,0.6733,0.5998,0.45,0.4986
F_median_3d_F8,beta,norm2,Random Forest,0.72,0.5814,0.47,0.4986
F_peak_3d_10rm,delta,norm2,XGBoost,0.86,0.6745,0.56,0.4986
F_median_3d_Fz,gamma,norm2,Linear SVM,0.5133,0.4956,0.49,0.4986
F_peak_3d_3area,theta,norm2,Random Forest,0.8333,0.6168,0.47,0.4986
F_peak_3d_C3,theta,None,Logistic Regression,0.5333,0.531,0.49,0.4986
F_median_3d_T7,theta,norm3,XGBoost,0.56,0.5317,0.52,0.4986
F_median_3d_Cz,all,norm3,Ensemble (Majority Vote),0.82,0.6729,0.51,0.4986
F_median_3d_10rm,gamma,norm2,KNN,0.9667,0.694,0.5,0.4986
F_median_3d_F4,alpha,None,Linear SVM,0.48,0.5087,0.48,0.4986
F_median_3d_Cz,delta,None,KNN,0.9933,0.7099,0.53,0.4986
F_peak_3d_F3,alpha,norm2,Linear SVM,0.5,0.5005,0.47,0.4986
F_peak_3d_1area,theta,None,Ensemble (Majority Vote),0.74,0.62,0.52,0.4986
F_median_3d_1area,delta,norm2,XGBoost,0.6133,0.5547,0.5,0.4986
F_median_3d_Fz,theta,norm3,Linear SVM,0.48,0.4963,0.52,0.4986
F_median_3d_C4,delta,norm2,Ensemble (Majority Vote),0.5933,0.6071,0.49,0.4986
F_median_3d_2area,all,norm3,KNN,0.98,0.7678,0.49,0.4986
F_peak_3d,delta,norm2,Linear SVM,0.52,0.5076,0.46,0.4986
F_median_3d_C3,beta,norm3,Ensemble (Majority Vote),0.8,0.6133,0.54,0.4986
F_median_3d_C4,delta,norm3,Ensemble (Majority Vote),0.5933,0.6071,0.49,0.4986
F_median_3d_F8,all,norm3,KNN,0.9667,0.7133,0.53,0.4986
F_peak_3d_C4,theta,norm2,Linear SVM,0.5,0.5018,0.5,0.4986
F_median_3d_F3,all,norm2,Ensemble (Majority Vote),0.8267,0.6756,0.53,0.4986
F_peak_3d_2area,beta,norm3,Logistic Regression,0.5533,0.5287,0.52,0.4986
F_median_3d_C3,beta,norm2,Ensemble (Majority Vote),0.8,0.6133,0.54,0.4986
F_peak_3d_2area,beta,norm3,Ensemble (Majority Vote),0.7867,0.6306,0.52,0.4986
F_peak_3d,all,norm2,Ensemble (Majority Vote),0.94,0.8016,0.5,0.4986
F_median_3d_F4,delta,norm2,XGBoost,0.5933,0.5446,0.48,0.4986
F_peak_3d_3area,all,norm3,Linear SVM,0.74,0.6464,0.47,0.4986
F_median_3d_C3,alpha,norm3,Random Forest,0.8,0.5899,0.42,0.4986
F_median_3d_C4,gamma,norm2,XGBoost,0.6933,0.5692,0.49,0.4986
F_median_3d_Fp2,gamma,norm2,Random Forest,0.7533,0.5864,0.5,0.4986
F_peak_3d_10rm,beta,norm2,XGBoost,0.74,0.6423,0.48,0.4986
F_median_3d_F4,delta,norm3,XGBoost,0.5933,0.5446,0.48,0.4986
F_median_3d_Fp2,gamma,norm3,Random Forest,0.7533,0.5864,0.5,0.4986
F_peak_3d_10rm,theta,None,Random Forest,0.7733,0.6554,0.52,0.4986
F_peak_3d19,delta,None,XGBoost,0.9467,0.7993,0.5,0.4986
F_peak_3d19,delta,norm2,Ensemble (Majority Vote),0.9067,0.7186,0.52,0.4986
F_median_3d_10rm,beta,norm2,KNN,0.9467,0.6885,0.52,0.4986
F_median_3d_C4,gamma,norm3,XGBoost,0.6933,0.5692,0.49,0.4986
F_median_3d_C3,alpha,norm3,Linear SVM,0.5,0.5016,0.52,0.4986
F_peak_3d_C4,theta,norm3,Linear SVM,0.5,0.5018,0.5,0.4986
F_median_3d_C3,alpha,norm2,Random Forest,0.8,0.5899,0.42,0.4986
F_median_3d_Fp1,delta,norm3,Linear SVM,0.4667,0.4956,0.45,0.4986
F_peak_3d,all,None,KNN,0.9867,0.8644,0.53,0.4986
F_median_3d_T7,beta,None,Linear SVM,0.5333,0.5267,0.5,0.4986
F_median_3d_8rm,delta,None,KNN,0.9867,0.754,0.54,0.4986
F_peak_3d_8rm,gamma,norm2,Linear SVM,0.4733,0.4949,0.47,0.4986
F_median_3d_F8,theta,norm2,Linear SVM,0.4667,0.4989,0.51,0.4986
F_median_3d_3area,gamma,norm2,XGBoost,0.82,0.603,0.47,0.4986
F_median_3d_T7,beta,norm2,Linear SVM,0.5133,0.5115,0.5,0.4986
F_median_3d_F8,theta,norm3,Linear SVM,0.4667,0.4989,0.51,0.4986
F_median_3d_C4,beta,norm2,Linear SVM,0.4733,0.4979,0.48,0.4986
F_median_3d_Fp1,delta,norm2,Linear SVM,0.4667,0.4956,0.45,0.4986
F_median_3d_C4,beta,norm3,Linear SVM,0.4733,0.4979,0.48,0.4986
F_median_3d_F4,delta,None,KNN,0.98,0.7007,0.53,0.4986
F_median_3d_C3,alpha,norm2,Linear SVM,0.5,0.5016,0.52,0.4986
F_median_3d_F3,alpha,None,Linear SVM,0.5467,0.5232,0.47,0.4986
F_median_3d_2area,alpha,None,Ensemble (Majority Vote),0.7067,0.6301,0.52,0.4986
F_peak_3d_Cz,beta,norm2,XGBoost,0.62,0.5595,0.52,0.4986
F_peak_3d,theta,norm2,XGBoost,0.8467,0.6775,0.54,0.4986
F_median_3d_T7,beta,norm3,Linear SVM,0.5133,0.5115,0.5,0.4986
F_peak_3d_8rm,all,norm2,Linear SVM,0.56,0.5163,0.53,0.4986
F_peak_3d_8rm,alpha,norm3,Ensemble (Majority Vote),0.8,0.6899,0.5,0.4986
F_median_3d_Fz,theta,None,KNN,0.9867,0.7005,0.55,0.4986
F_median_3d_Cz,all,None,Linear SVM,0.66,0.6018,0.49,0.4986
F_median_3d_Fz,theta,norm2,Linear SVM,0.48,0.4963,0.52,0.4986
F_median_3d_2area,theta,norm2,Random Forest,0.8267,0.6039,0.53,0.4986
F_peak_3d_Cz,beta,norm3,XGBoost,0.62,0.5595,0.52,0.4986
F_median_3d_2area,theta,norm2,Ensemble (Majority Vote),0.8,0.6255,0.46,0.4986
F_median_3d_Fz,gamma,norm3,Linear SVM,0.5133,0.4956,0.49,0.4986
F_rasm_3d_8rm,theta,norm3,XGBoost,0.8533,0.7147,0.49,0.4986
F_peak_3d_F8,all,None,Ensemble (Majority Vote),0.8333,0.6982,0.51,0.4986
F_peak_3d_T8,delta,norm2,XGBoost,0.6067,0.5474,0.48,0.4986
F_de_3d_F4,gamma,norm3,XGBoost,0.6067,0.5441,0.53,0.4986
F_de_3d_F4,gamma,norm3,Random Forest,0.7533,0.5837,0.51,0.4986
F_de_3d_F4,gamma,norm3,Ensemble (Majority Vote),0.58,0.5943,0.52,0.4986
F_dasm_3d_8rm,beta,None,KNN,0.9533,0.7292,0.44,0.4986
F_de_3d_F4,gamma,norm2,XGBoost,0.6067,0.5441,0.53,0.4986
F_de_3d_F4,gamma,norm2,Random Forest,0.7533,0.5837,0.51,0.4986
F_de_3d_F4,gamma,norm2,Ensemble (Majority Vote),0.58,0.5943,0.52,0.4986
F_mean_3d_3area,alpha,norm2,XGBoost,0.7133,0.5738,0.49,0.4986
F_de_3d_F4,delta,None,Logistic Regression,0.5,0.5166,0.49,0.4986
F_de_3d_F4,delta,None,Linear SVM,0.4933,0.5166,0.49,0.4986
F_mean_3d_Fz,alpha,None,XGBoost,0.6467,0.58,0.51,0.4986
F_peak_3d_F4,delta,norm2,KNN,0.9867,0.6883,0.5,0.4986
F_mean_3d_3area,delta,norm2,Linear SVM,0.5533,0.5037,0.55,0.4986
F_mean_3d_3area,delta,norm3,Random Forest,0.7667,0.6101,0.52,0.4986
F_peak_3d_Fp1,beta,norm3,Ensemble (Majority Vote),0.72,0.5984,0.57,0.4986
F_mean_3d_3area,gamma,norm3,Random Forest,0.7867,0.6313,0.51,0.4986
F_mean_3d_3area,gamma,norm3,XGBoost,0.6733,0.6191,0.53,0.4986
F_peak_3d_F4,delta,norm3,KNN,0.9867,0.6883,0.5,0.4986
F_peak_3d_Fp1,beta,norm2,Ensemble (Majority Vote),0.72,0.5984,0.57,0.4986
F_de_3d,alpha,norm3,KNN,0.98,0.7798,0.45,0.4986
F_de_3d,beta,norm2,Ensemble (Majority Vote),0.84,0.6763,0.48,0.4986
F_mean_3d_Fp2,delta,None,KNN,0.96,0.6926,0.52,0.4986
F_mean_3d_8rm,beta,norm2,XGBoost,0.8333,0.6609,0.44,0.4986
F_peak_3d_T8,theta,norm3,XGBoost,0.62,0.5556,0.51,0.4986
F_rasm_3d_3area,delta,norm3,Linear SVM,0.48,0.4791,0.49,0.4986
F_peak_3d_T8,delta,norm3,XGBoost,0.6067,0.5474,0.48,0.4986
F_dasm_3d_3area,theta,None,Ensemble (Majority Vote),0.7933,0.6326,0.47,0.4986
F_dasm_3d_10rm,delta,None,Linear SVM,0.6867,0.5977,0.53,0.4986
F_mean_3d_T7,beta,norm2,Linear SVM,0.5133,0.5067,0.44,0.4986
F_dasm_3d_10rm,delta,norm2,Random Forest,0.92,0.6632,0.51,0.4986
F_de_3d_Fp2,beta,None,Random Forest,0.7,0.5966,0.48,0.4986
F_mean_3d_T8,gamma,norm2,XGBoost,0.5733,0.5434,0.46,0.4986
F_peak_3d_T7,theta,None,Linear SVM,0.5467,0.5246,0.53,0.4986
F_peak_3d_T7,theta,norm2,Linear SVM,0.5,0.5032,0.51,0.4986
F_peak_3d_T7,theta,norm3,Linear SVM,0.5,0.5032,0.51,0.4986
F_de_3d_Fp1,beta,norm3,Linear SVM,0.5,0.508,0.49,0.4986
F_peak_3d_T8,all,None,Linear SVM,0.66,0.594,0.52,0.4986
F_de_3d_Fp1,beta,norm2,Linear SVM,0.5,0.508,0.49,0.4986
F_rasm_3d_8rm,alpha,norm3,Ensemble (Majority Vote),0.8667,0.6995,0.53,0.4986
F_mean_3d_T8,all,norm3,XGBoost,0.84,0.6646,0.51,0.4986
F_de_3d_F8,theta,None,KNN,0.9867,0.6959,0.48,0.4986
F_peak_3d_T8,alpha,norm2,Linear SVM,0.5067,0.503,0.42,0.4986
F_de_3d_F8,delta,norm3,Ensemble (Majority Vote),0.7267,0.6062,0.47,0.4986
F_de_3d_F8,delta,norm2,Ensemble (Majority Vote),0.7267,0.6062,0.47,0.4986
F_peak_3d_T8,alpha,norm3,Linear SVM,0.5067,0.503,0.42,0.4986
F_mean_3d_1area,all,norm2,Linear SVM,0.5333,0.5064,0.52,0.4986
F_peak_3d_T8,beta,norm2,Ensemble (Majority Vote),0.7333,0.5917,0.48,0.4986
F_peak_3d_T8,beta,norm3,Ensemble (Majority Vote),0.7333,0.5917,0.48,0.4986
F_peak_3d_F4,all,None,Random Forest,0.7867,0.6724,0.47,0.4986
F_mean_3d_1area,theta,norm2,XGBoost,0.5867,0.5499,0.48,0.4986
F_mean_3d_1area,theta,norm3,XGBoost,0.5867,0.5499,0.48,0.4986
F_mean_3d_T7,delta,None,Linear SVM,0.5133,0.5048,0.48,0.4986
F_mean_3d_2area,alpha,None,KNN,0.9667,0.7092,0.49,0.4986
F_mean_3d_T7,beta,norm3,Linear SVM,0.5133,0.5067,0.44,0.4986
F_mean_3d_Fp2,alpha,norm3,Random Forest,0.78,0.5885,0.51,0.4986
F_mean_3d_Fp2,alpha,norm2,Random Forest,0.78,0.5885,0.51,0.4986
F_rasm_3d_3area,delta,norm2,Linear SVM,0.48,0.4791,0.49,0.4986
F_peak_3d_Fp1,all,norm3,Random Forest,0.8,0.6579,0.49,0.4986
F_mean_3d_F7,theta,None,Linear SVM,0.5267,0.5308,0.49,0.4986
F_mean_3d_Cz,delta,None,XGBoost,0.6667,0.5929,0.48,0.4986
F_peak_3d_F8,all,norm2,Ensemble (Majority Vote),0.8133,0.6708,0.51,0.4986
F_rasm_3d_10rm,alpha,None,Linear SVM,0.5133,0.5103,0.45,0.4986
F_de_3d_C3,alpha,norm3,XGBoost,0.6133,0.5471,0.53,0.4986
F_de_3d_C3,alpha,norm3,Random Forest,0.8133,0.5954,0.51,0.4986
F_de_3d_C3,alpha,norm2,XGBoost,0.6133,0.5471,0.53,0.4986
F_de_3d_C3,alpha,norm2,Random Forest,0.8133,0.5954,0.51,0.4986
F_rasm_3d19,theta,norm2,Ensemble (Majority Vote),0.9533,0.791,0.51,0.4986
F_mean_3d_F7,alpha,norm3,Linear SVM,0.5133,0.5067,0.52,0.4986
F_mean_3d_F7,alpha,norm2,Linear SVM,0.5133,0.5067,0.52,0.4986
F_de_3d_C3,all,norm3,Ensemble (Majority Vote),0.78,0.6743,0.51,0.4986
F_mean_3d_F4,theta,norm3,XGBoost,0.5933,0.5476,0.55,0.4986
F_mean_3d_F4,theta,norm2,XGBoost,0.5933,0.5476,0.55,0.4986
F_de_3d_8rm,gamma,norm3,Random Forest,0.8133,0.6743,0.49,0.4986
F_mean_3d_F3,delta,None,KNN,0.9533,0.694,0.49,0.4986
F_de_3d_3area,beta,None,Ensemble (Majority Vote),0.7467,0.6483,0.48,0.4986
F_rasm_3d19,delta,None,Random Forest,0.7933,0.6883,0.51,0.4986
F_de_3d_8rm,beta,norm3,KNN,0.98,0.7529,0.53,0.4986
F_de_3d_8rm,beta,norm2,Ensemble (Majority Vote),0.7867,0.6554,0.5,0.4986
F_rasm_3d19,alpha,norm3,XGBoost,0.96,0.829,0.5,0.4986
F_de_3d_8rm,beta,None,Linear SVM,0.6067,0.5683,0.48,0.4986
F_mean_3d_F4,alpha,norm3,Ensemble (Majority Vote),0.7067,0.5961,0.52,0.4986
F_mean_3d_F4,alpha,norm2,Ensemble (Majority Vote),0.7067,0.5961,0.52,0.4986
F_de_3d_3area,theta,norm3,Random Forest,0.7933,0.6221,0.56,0.4986
F_de_3d_C3,gamma,norm2,Random Forest,0.74,0.5867,0.51,0.4986
F_de_3d_C3,gamma,norm3,Random Forest,0.74,0.5867,0.51,0.4986
F_rasm_3d,theta,None,KNN,0.9867,0.7205,0.51,0.4986
F_mean_3d_F8,theta,norm3,XGBoost,0.5667,0.5533,0.53,0.4986
F_de_3d_F3,all,norm2,Random Forest,0.94,0.6715,0.52,0.4986
F_mean_3d_8rm,gamma,norm3,Linear SVM,0.64,0.594,0.45,0.4986
F_mean_3d_Fp1,gamma,norm3,Random Forest,0.8467,0.5968,0.48,0.4986
F_mean_3d_Fp1,gamma,norm2,Random Forest,0.8467,0.5968,0.48,0.4986
F_mean_3d_C3,all,norm2,KNN,0.98,0.6929,0.46,0.4986
F_mean_3d_C3,all,norm2,Random Forest,0.9533,0.6685,0.48,0.4986
F_de_3d19,beta,norm2,KNN,0.96,0.7048,0.47,0.4986
F_de_3d_Cz,delta,None,KNN,0.98,0.7115,0.46,0.4986
F_de_3d_Cz,all,norm2,XGBoost,0.9133,0.6529,0.51,0.4986
F_de_3d19,theta,norm3,XGBoost,0.88,0.7623,0.49,0.4986
F_de_3d_Cz,all,norm2,Random Forest,0.9,0.6717,0.51,0.4986
F_mean_3d_F8,theta,norm2,XGBoost,0.5667,0.5533,0.53,0.4986
F_de_3d_C4,alpha,norm2,KNN,0.9667,0.6853,0.52,0.4986
F_de_3d_10rm,delta,None,Linear SVM,0.6733,0.6179,0.49,0.4986
F_de_3d_10rm,delta,norm2,Linear SVM,0.4467,0.4906,0.51,0.4986
F_de_3d_10rm,gamma,None,Random Forest,0.8067,0.669,0.54,0.4986
F_peak_3d_F8,beta,None,KNN,0.9533,0.7005,0.48,0.4986
F_peak_3d_F8,alpha,norm3,KNN,0.9867,0.6791,0.52,0.4986
F_mean_3d_C4,theta,norm2,KNN,0.9933,0.6924,0.51,0.4986
F_mean_3d_C4,theta,norm3,KNN,0.9933,0.6924,0.51,0.4986
F_mean_3d_Cz,all,None,Linear SVM,0.64,0.5772,0.5,0.4986
F_mean_3d_F8,beta,None,KNN,0.98,0.6917,0.51,0.4986
F_peak_3d_F8,alpha,norm2,KNN,0.9867,0.6791,0.52,0.4986
F_de_3d_C4,alpha,norm3,KNN,0.9667,0.6853,0.52,0.4986
F_mean_3d_10rm,all,norm3,Logistic Regression,0.7733,0.6908,0.42,0.4986
F_peak_3d_T8,theta,norm2,XGBoost,0.62,0.5556,0.51,0.4986
F_peak_3d_Fz,gamma,norm3,Linear SVM,0.5133,0.4977,0.49,0.4986
F_median_3d19,beta,None,Linear SVM,0.7267,0.6439,0.46,0.4986
F_peak_3d_Fz,beta,None,XGBoost,0.6,0.5857,0.51,0.4986
F_median_3d19,delta,norm2,KNN,0.92,0.6963,0.53,0.4986
F_mean_3d19,all,norm2,Linear SVM,0.4867,0.4989,0.5,0.4986
F_peak_3d_T7,alpha,norm2,Ensemble (Majority Vote),0.6667,0.5938,0.51,0.4986
F_de_3d_Fz,delta,norm2,KNN,0.98,0.6867,0.48,0.4986
F_de_3d_T8,gamma,norm2,Linear SVM,0.5,0.5097,0.48,0.4986
F_de_3d_Fz,gamma,norm3,Linear SVM,0.4867,0.4966,0.51,0.4986
F_median_3d19,delta,None,KNN,0.9933,0.7908,0.49,0.4986
F_dasm_3d,gamma,norm2,KNN,0.98,0.6968,0.51,0.4986
F_rasm_3d_8rm,gamma,norm3,KNN,0.98,0.7628,0.52,0.4986
F_de_3d_T8,gamma,norm3,Linear SVM,0.5,0.5097,0.48,0.4986
F_de_3d_Fz,delta,norm3,KNN,0.98,0.6867,0.48,0.4986
F_peak_3d_T7,delta,norm3,Ensemble (Majority Vote),0.84,0.6218,0.5,0.4986
F_de_3d_T7,gamma,None,XGBoost,0.6667,0.5883,0.51,0.4986
F_peak_3d_F3,delta,None,Ensemble (Majority Vote),0.7667,0.6338,0.47,0.4986
F_peak_3d_T7,delta,norm2,Ensemble (Majority Vote),0.84,0.6218,0.5,0.4986
F_mean_3d,gamma,None,KNN,0.98,0.7786,0.52,0.4986
F_de_3d_Fz,gamma,norm2,Linear SVM,0.4867,0.4966,0.51,0.4986
F_dasm_3d,all,norm3,Ensemble (Majority Vote),0.94,0.8221,0.47,0.4986
F_mean_3d19,beta,norm2,Random Forest,0.8667,0.6809,0.5,0.4986
F_rasm_3d_8rm,beta,norm3,Logistic Regression,0.5867,0.526,0.52,0.4986
F_dasm_3d,all,None,Random Forest,0.88,0.7754,0.49,0.4986
F_median_3d19,gamma,None,KNN,1.0,0.8115,0.5,0.4986
F_mean_3d,beta,None,Logistic Regression,0.6733,0.5931,0.52,0.4986
F_peak_3d_T7,alpha,norm3,Ensemble (Majority Vote),0.6667,0.5938,0.51,0.4986
F_peak_3d_F3,alpha,norm3,Linear SVM,0.5,0.5005,0.47,0.4986
F_dasm_3d19,alpha,norm3,KNN,0.9867,0.8002,0.48,0.4986
F_peak_3d_F3,delta,None,Random Forest,0.6733,0.5949,0.53,0.4986
F_mean_3d,gamma,norm2,Random Forest,0.88,0.6683,0.5,0.4986
F_mean_3d,theta,norm2,Linear SVM,0.5133,0.4952,0.49,0.4986
F_peak_3d_Fz,gamma,norm2,Linear SVM,0.5133,0.4977,0.49,0.4986
F_mean_3d_T8,gamma,norm3,XGBoost,0.5733,0.5434,0.46,0.4986
F_median_3d,gamma,norm2,XGBoost,0.94,0.7025,0.5,0.4986
F_de_3d_T7,gamma,None,Linear SVM,0.5133,0.512,0.5,0.4986
F_de_3d_C4,gamma,norm2,XGBoost,0.6467,0.551,0.53,0.4971
F_peak_3d_C4,all,norm3,Logistic Regression,0.6667,0.591,0.47,0.4971
F_mean_3d_C3,beta,None,XGBoost,0.6533,0.5807,0.49,0.4971
F_de_3d_10rm,beta,None,Random Forest,0.7667,0.6616,0.48,0.4971
F_median_3d_Fz,delta,norm3,KNN,0.9667,0.6878,0.48,0.4971
F_de_3d_T7,alpha,norm3,Ensemble (Majority Vote),0.64,0.6039,0.48,0.4971
F_median_3d_F4,gamma,norm3,XGBoost,0.6667,0.5543,0.51,0.4971
F_de_3d_C4,gamma,None,Logistic Regression,0.5133,0.5166,0.53,0.4971
F_de_3d_T7,alpha,norm2,Ensemble (Majority Vote),0.64,0.6039,0.48,0.4971
F_de_3d_C4,gamma,norm3,XGBoost,0.6467,0.551,0.53,0.4971
F_rasm_3d,beta,None,Ensemble (Majority Vote),0.8867,0.6963,0.46,0.4971
F_peak_3d_F8,beta,None,Logistic Regression,0.52,0.517,0.49,0.4971
F_peak_3d_F7,all,norm3,Random Forest,0.84,0.6759,0.51,0.4971
F_peak_3d_8rm,all,norm3,Ensemble (Majority Vote),0.92,0.8161,0.5,0.4971
F_de_3d19,theta,None,Random Forest,0.7733,0.6706,0.49,0.4971
F_peak_3d_3area,alpha,norm2,KNN,0.9933,0.6949,0.5,0.4971
F_median_3d_Fz,delta,norm2,KNN,0.9667,0.6878,0.48,0.4971
F_de_3d19,theta,norm3,KNN,0.9867,0.7775,0.45,0.4971
F_peak_3d_F8,delta,None,KNN,0.9667,0.7046,0.51,0.4971
F_peak_3d_Fz,gamma,None,KNN,0.9733,0.6979,0.47,0.4971
F_mean_3d_C4,all,norm2,Linear SVM,0.4933,0.4966,0.46,0.4971
F_mean_3d_Fp1,all,norm2,Linear SVM,0.58,0.5117,0.48,0.4971
F_de_3d_Fp2,gamma,None,KNN,0.98,0.706,0.5,0.4971
F_peak_3d_Fp1,all,norm2,Ensemble (Majority Vote),0.74,0.649,0.47,0.4971
F_mean_3d_C3,all,norm3,Ensemble (Majority Vote),0.7867,0.6637,0.49,0.4971
F_median_3d_F4,gamma,norm2,Linear SVM,0.5133,0.5023,0.5,0.4971
F_rasm_3d_3area,gamma,norm2,KNN,0.94,0.7147,0.54,0.4971
F_mean_3d_8rm,all,norm3,XGBoost,0.9733,0.8543,0.46,0.4971
F_mean_3d,gamma,norm3,XGBoost,0.8467,0.7274,0.46,0.4971
F_median_3d_Fp2,gamma,norm2,XGBoost,0.6467,0.5589,0.47,0.4971
F_mean_3d_8rm,beta,norm3,Ensemble (Majority Vote),0.8533,0.6807,0.51,0.4971
F_rasm_3d_3area,gamma,None,Ensemble (Majority Vote),0.7733,0.6372,0.49,0.4971
F_rasm_3d_3area,delta,norm3,Ensemble (Majority Vote),0.76,0.6517,0.51,0.4971
F_median_3d_Fp2,gamma,norm3,XGBoost,0.6467,0.5589,0.47,0.4971
F_mean_3d_8rm,delta,None,Logistic Regression,0.6867,0.5947,0.47,0.4971
F_median_3d_F4,gamma,norm2,KNN,0.98,0.6901,0.53,0.4971
F_rasm_3d_3area,delta,norm2,Ensemble (Majority Vote),0.76,0.6517,0.51,0.4971
F_de_3d,gamma,None,Logistic Regression,0.64,0.6037,0.51,0.4971
F_peak_3d_C4,all,None,KNN,0.98,0.7708,0.51,0.4971
F_de_3d,gamma,norm2,KNN,0.9333,0.6933,0.54,0.4971
F_mean_3d_8rm,gamma,norm2,Ensemble (Majority Vote),0.8533,0.66,0.5,0.4971
F_peak_3d_3area,alpha,None,Random Forest,0.7,0.6329,0.49,0.4971
F_peak_3d_1area,alpha,None,KNN,0.9533,0.6949,0.5,0.4971
F_peak_3d19,alpha,norm3,Random Forest,0.8733,0.7064,0.5,0.4971
F_peak_3d19,alpha,norm3,Linear SVM,0.78,0.6611,0.51,0.4971
F_median_3d_F4,gamma,norm2,XGBoost,0.6667,0.5543,0.51,0.4971
F_median_3d_C4,delta,norm3,XGBoost,0.58,0.551,0.48,0.4971
F_de_3d_Cz,gamma,norm3,Linear SVM,0.4667,0.5014,0.49,0.4971
F_de_3d,theta,norm2,Linear SVM,0.5,0.5016,0.49,0.4971
F_median_3d_F4,gamma,norm3,KNN,0.98,0.6901,0.53,0.4971
F_de_3d_C4,gamma,None,Linear SVM,0.5133,0.5172,0.51,0.4971
F_median_3d_C4,delta,norm2,XGBoost,0.58,0.551,0.48,0.4971
F_rasm_3d_3area,beta,None,Linear SVM,0.4933,0.4924,0.5,0.4971
F_de_3d_Cz,gamma,norm2,Linear SVM,0.4667,0.5014,0.49,0.4971
F_median_3d_F4,gamma,norm3,Linear SVM,0.5133,0.5023,0.5,0.4971
F_peak_3d_F4,theta,norm3,Ensemble (Majority Vote),0.7733,0.6101,0.44,0.4971
F_peak_3d_C4,beta,None,Random Forest,0.62,0.5961,0.5,0.4971
F_de_3d_1area,all,norm2,Linear SVM,0.4733,0.4855,0.49,0.4971
F_mean_3d_C4,gamma,None,KNN,0.9733,0.7034,0.49,0.4971
F_mean_3d_F8,delta,None,KNN,0.98,0.7032,0.53,0.4971
F_mean_3d_F7,all,norm3,Ensemble (Majority Vote),0.7667,0.6524,0.49,0.4971
F_peak_3d_3area,theta,norm3,XGBoost,0.7667,0.6186,0.5,0.4971
F_de_3d_C3,all,norm3,KNN,0.9867,0.7391,0.5,0.4971
F_peak_3d_F7,delta,None,XGBoost,0.6467,0.5947,0.49,0.4971
F_rasm_3d19,gamma,norm3,Logistic Regression,0.5733,0.5451,0.53,0.4971
F_de_3d_T7,gamma,norm3,Linear SVM,0.5,0.5016,0.47,0.4971
F_de_3d_T7,gamma,norm2,Linear SVM,0.5,0.5016,0.47,0.4971
F_de_3d_2area,delta,None,KNN,0.9733,0.7159,0.49,0.4971
F_median_3d_C3,all,norm2,Linear SVM,0.5267,0.5113,0.48,0.4971
F_de_3d_2area,beta,norm2,Linear SVM,0.5333,0.5092,0.45,0.4971
F_mean_3d_F3,all,None,Linear SVM,0.64,0.5775,0.51,0.4971
F_peak_3d_3area,gamma,norm2,KNN,0.9867,0.6947,0.49,0.4971
F_de_3d_2area,alpha,None,Ensemble (Majority Vote),0.74,0.648,0.51,0.4971
F_median_3d_T8,theta,norm2,Random Forest,0.7267,0.5821,0.53,0.4971
F_median_3d_T8,theta,norm3,Random Forest,0.7267,0.5821,0.53,0.4971
F_median_3d_T7,delta,norm2,Ensemble (Majority Vote),0.5667,0.5867,0.46,0.4971
F_peak_3d_T7,alpha,None,Random Forest,0.7,0.589,0.44,0.4971
F_median_3d_T7,delta,norm2,Random Forest,0.78,0.5876,0.45,0.4971
F_de_3d_3area,gamma,norm2,KNN,0.98,0.6926,0.52,0.4971
F_de_3d_8rm,all,norm2,Random Forest,0.98,0.7595,0.53,0.4971
F_de_3d_8rm,all,norm3,KNN,0.98,0.8299,0.49,0.4971
F_rasm_3d19,alpha,norm3,Linear SVM,0.5267,0.5329,0.51,0.4971
F_rasm_3d19,alpha,None,XGBoost,0.9733,0.7462,0.52,0.4971
F_de_3d_8rm,beta,norm3,Ensemble (Majority Vote),0.8,0.6759,0.5,0.4971
F_mean_3d_F3,gamma,norm3,Linear SVM,0.5067,0.5023,0.44,0.4971
F_median_3d_8rm,gamma,norm2,Random Forest,0.8533,0.6524,0.47,0.4971
F_peak_3d_C4,gamma,None,KNN,0.9533,0.6954,0.5,0.4971
F_mean_3d_F3,gamma,norm2,Linear SVM,0.5067,0.5023,0.44,0.4971
F_median_3d_T7,delta,norm3,XGBoost,0.58,0.5257,0.46,0.4971
F_de_3d_3area,beta,norm2,Linear SVM,0.4867,0.5076,0.46,0.4971
F_median_3d_T7,delta,norm3,Random Forest,0.78,0.5876,0.45,0.4971
F_median_3d_T7,delta,norm3,Ensemble (Majority Vote),0.5667,0.5867,0.46,0.4971
F_median_3d_T7,delta,norm2,XGBoost,0.58,0.5257,0.46,0.4971
F_de_3d_C3,beta,norm2,XGBoost,0.6067,0.5536,0.49,0.4971
F_mean_3d_F7,gamma,None,KNN,0.94,0.7032,0.47,0.4971
F_mean_3d_F7,gamma,norm2,Linear SVM,0.46,0.4952,0.51,0.4971
F_peak_3d,alpha,norm3,Logistic Regression,0.7,0.6032,0.47,0.4971
F_peak_3d_C4,beta,norm2,XGBoost,0.6333,0.5543,0.5,0.4971
F_de_3d_1area,alpha,norm3,XGBoost,0.6267,0.5621,0.53,0.4971
F_median_3d_F7,gamma,norm3,Linear SVM,0.5133,0.5062,0.52,0.4971
F_peak_3d_1area,theta,norm3,Linear SVM,0.54,0.5046,0.45,0.4971
F_median_3d_3area,beta,norm3,KNN,0.9867,0.7129,0.51,0.4971
F_de_3d_1area,alpha,norm2,XGBoost,0.6267,0.5621,0.53,0.4971
F_median_3d_C3,gamma,None,Ensemble (Majority Vote),0.74,0.6241,0.5,0.4971
F_rasm_3d_10rm,beta,norm2,KNN,0.9667,0.749,0.49,0.4971
F_peak_3d_2area,theta,norm2,Linear SVM,0.4733,0.4885,0.47,0.4971
F_mean_3d,all,norm3,Linear SVM,0.8267,0.7244,0.47,0.4971
F_de_3d_1area,all,norm2,KNN,0.9667,0.6929,0.5,0.4971
F_peak_3d_1area,theta,norm2,Linear SVM,0.54,0.5046,0.45,0.4971
F_de_3d_10rm,gamma,norm2,Linear SVM,0.52,0.5046,0.49,0.4971
F_rasm_3d_10rm,gamma,norm2,Ensemble (Majority Vote),0.86,0.7209,0.48,0.4971
F_peak_3d_Cz,all,None,XGBoost,0.9,0.7147,0.51,0.4971
F_rasm_3d_10rm,beta,None,Logistic Regression,0.4733,0.4901,0.53,0.4971
F_median_3d19,beta,norm3,Linear SVM,0.7733,0.6717,0.49,0.4971
F_de_3d_1area,gamma,None,Linear SVM,0.5333,0.523,0.5,0.4971
F_mean_3d_F7,gamma,norm3,Linear SVM,0.46,0.4952,0.51,0.4971
F_de_3d_C3,beta,norm3,XGBoost,0.6067,0.5536,0.49,0.4971
F_de_3d_T7,gamma,None,Random Forest,0.6333,0.5871,0.52,0.4971
F_peak_3d_C4,beta,norm3,XGBoost,0.6333,0.5543,0.5,0.4971
F_median_3d_F7,gamma,norm2,Linear SVM,0.5133,0.5062,0.52,0.4971
F_de_3d_C3,delta,norm2,XGBoost,0.6333,0.5455,0.51,0.4971
F_de_3d_C3,delta,norm3,XGBoost,0.6333,0.5455,0.51,0.4971
F_de_3d_1area,beta,norm2,Linear SVM,0.5267,0.5053,0.51,0.4971
F_median_3d19,beta,norm2,Linear SVM,0.52,0.509,0.53,0.4971
F_median_3d_3area,delta,norm3,Linear SVM,0.6067,0.5607,0.5,0.4971
F_peak_3d_3area,delta,norm2,XGBoost,0.84,0.6051,0.45,0.4971
F_dasm_3d,theta,None,Random Forest,0.7533,0.6655,0.51,0.4971
F_median_3d_3area,delta,norm2,Random Forest,0.8067,0.612,0.49,0.4971
F_de_3d_1area,beta,norm3,Linear SVM,0.5267,0.5053,0.51,0.4971
F_peak_3d_Fp1,beta,None,Ensemble (Majority Vote),0.6667,0.6209,0.56,0.4971
F_peak_3d_F4,theta,norm2,Ensemble (Majority Vote),0.7733,0.6101,0.44,0.4971
F_mean_3d_2area,all,norm3,Linear SVM,0.7133,0.6152,0.46,0.4971
F_peak_3d_8rm,beta,norm2,KNN,0.9733,0.6986,0.47,0.4971
F_peak_3d_F4,all,norm2,Ensemble (Majority Vote),0.8467,0.6816,0.51,0.4971
F_mean_3d_3area,theta,norm3,Random Forest,0.7533,0.6156,0.51,0.4971
F_rasm_3d_8rm,all,norm2,Random Forest,0.9467,0.7878,0.47,0.4971
F_de_3d_F7,delta,norm2,Linear SVM,0.5133,0.5041,0.5,0.4971
F_peak_3d_Fp2,alpha,None,Ensemble (Majority Vote),0.7,0.6189,0.49,0.4971
F_dasm_3d_3area,beta,None,Logistic Regression,0.5267,0.5191,0.5,0.4971
F_median_3d_F4,alpha,norm3,KNN,0.98,0.6874,0.52,0.4971
F_de_3d_F7,delta,norm3,Linear SVM,0.5133,0.5041,0.5,0.4971
F_peak_3d_T8,delta,norm2,KNN,0.98,0.6846,0.45,0.4971
F_median_3d_F3,all,norm2,Random Forest,0.9467,0.6828,0.53,0.4971
F_dasm_3d_3area,alpha,norm3,Linear SVM,0.52,0.5085,0.5,0.4971
F_peak_3d_8rm,theta,None,Random Forest,0.7667,0.6494,0.52,0.4971
F_mean_3d_1area,alpha,norm3,KNN,0.9733,0.6915,0.47,0.4971
F_de_3d_F8,alpha,norm2,KNN,0.9733,0.6906,0.45,0.4971
F_de_3d_F8,alpha,norm3,KNN,0.9733,0.6906,0.45,0.4971
F_mean_3d_T7,delta,None,Logistic Regression,0.52,0.5046,0.48,0.4971
F_mean_3d19,delta,norm2,KNN,0.9067,0.7016,0.52,0.4971
F_mean_3d_T7,beta,norm3,XGBoost,0.6867,0.5572,0.45,0.4971
F_mean_3d_2area,beta,norm3,XGBoost,0.66,0.5848,0.51,0.4971
F_dasm_3d_3area,theta,norm3,Linear SVM,0.4933,0.5057,0.48,0.4971
F_mean_3d_Fz,theta,norm2,Linear SVM,0.54,0.5032,0.5,0.4971
F_median_3d_Fp2,alpha,None,XGBoost,0.6067,0.5802,0.53,0.4971
F_mean_3d_Fz,theta,norm3,Linear SVM,0.54,0.5032,0.5,0.4971
F_peak_3d_F4,alpha,norm3,KNN,0.96,0.6798,0.5,0.4971
F_peak_3d_T8,delta,norm3,KNN,0.98,0.6846,0.45,0.4971
F_mean_3d_T7,all,None,XGBoost,0.8333,0.6834,0.5,0.4971
F_peak_3d_Fz,all,norm3,KNN,0.98,0.7398,0.5,0.4971
F_peak_3d_Cz,delta,norm2,Linear SVM,0.5,0.5007,0.48,0.4971
F_dasm_3d_3area,theta,norm2,Linear SVM,0.4933,0.5057,0.48,0.4971
F_peak_3d_F4,alpha,norm2,KNN,0.96,0.6798,0.5,0.4971
F_de_3d_Fz,delta,None,Random Forest,0.6533,0.5961,0.48,0.4971
F_peak_3d_8rm,beta,norm2,Random Forest,0.8733,0.6513,0.48,0.4971
F_mean_3d_T7,beta,norm2,XGBoost,0.6867,0.5572,0.45,0.4971
F_peak_3d_10rm,gamma,None,Ensemble (Majority Vote),0.8267,0.7292,0.49,0.4971
F_median_3d_1area,alpha,norm3,XGBoost,0.68,0.5547,0.51,0.4971
F_mean_3d_1area,alpha,norm2,KNN,0.9733,0.6915,0.47,0.4971
F_rasm_3d_8rm,beta,norm2,XGBoost,0.9,0.7067,0.49,0.4971
F_dasm_3d_10rm,theta,norm2,KNN,0.98,0.6876,0.51,0.4971
F_peak_3d_T8,all,norm2,KNN,0.9933,0.7014,0.5,0.4971
F_dasm_3d_10rm,all,norm3,XGBoost,1.0,0.9223,0.46,0.4971
F_peak_3d_1area,alpha,norm3,Ensemble (Majority Vote),0.68,0.5984,0.53,0.4971
F_de_3d_Fp1,theta,None,KNN,0.9933,0.6933,0.54,0.4971
F_median_3d_F4,all,norm3,KNN,0.9533,0.7129,0.51,0.4971
F_mean_3d_10rm,all,norm3,XGBoost,0.9733,0.874,0.55,0.4971
F_median_3d_Fp1,all,None,Linear SVM,0.64,0.586,0.47,0.4971
F_mean_3d_10rm,all,norm3,Random Forest,0.8933,0.7536,0.5,0.4971
F_peak_3d_1area,alpha,norm2,Ensemble (Majority Vote),0.68,0.5984,0.53,0.4971
F_median_3d_F4,all,norm3,Ensemble (Majority Vote),0.78,0.6478,0.51,0.4971
F_median_3d_F4,all,None,KNN,0.9667,0.7287,0.49,0.4971
F_mean_3d19,theta,norm3,XGBoost,0.8933,0.7455,0.49,0.4971
F_median_3d_F4,all,norm2,KNN,0.96,0.689,0.48,0.4971
F_mean_3d_10rm,beta,norm3,Linear SVM,0.6867,0.5821,0.5,0.4971
F_median_3d_Fp1,all,norm2,Ensemble (Majority Vote),0.8333,0.6823,0.53,0.4971
F_dasm_3d_3area,alpha,norm2,Linear SVM,0.52,0.5085,0.5,0.4971
F_median_3d_1area,alpha,None,Linear SVM,0.5133,0.5257,0.48,0.4971
F_peak_3d_1area,beta,None,Random Forest,0.6267,0.5982,0.48,0.4971
F_median_3d_1area,alpha,norm2,XGBoost,0.68,0.5547,0.51,0.4971
F_median_3d_F4,alpha,norm2,KNN,0.98,0.6874,0.52,0.4971
F_median_3d_Fp1,beta,None,Logistic Regression,0.54,0.5331,0.49,0.4971
F_median_3d,all,norm3,Ensemble (Majority Vote),0.94,0.8308,0.47,0.4971
F_mean_3d_10rm,gamma,None,KNN,0.9867,0.766,0.53,0.4971
F_peak_3d_Cz,delta,norm3,Linear SVM,0.5,0.5007,0.48,0.4971
F_median_3d_F3,gamma,None,Random Forest,0.62,0.5943,0.5,0.4971
F_de_3d_Fp1,all,norm3,Linear SVM,0.6,0.5662,0.48,0.4971
F_median_3d_Fp1,alpha,None,Linear SVM,0.4933,0.5129,0.51,0.4971
F_median_3d_Fp1,all,norm3,KNN,0.9467,0.7294,0.52,0.4971
F_dasm_3d_3area,all,norm2,Random Forest,0.9133,0.6759,0.47,0.4971
F_de_3d_Fz,all,None,KNN,0.9467,0.7538,0.49,0.4971
F_mean_3d_10rm,delta,None,Linear SVM,0.7133,0.6087,0.48,0.4971
F_de_3d_F7,all,None,Linear SVM,0.6667,0.6048,0.47,0.4971
F_de_3d_3area,theta,norm3,XGBoost,0.68,0.6005,0.52,0.4971
F_peak_3d_Fp1,delta,norm2,KNN,0.96,0.686,0.48,0.4971
F_median_3d_Fp2,gamma,None,Random Forest,0.7067,0.6122,0.47,0.4971
F_peak_3d_F4,delta,None,XGBoost,0.6467,0.5791,0.5,0.4971
F_dasm_3d_8rm,gamma,norm2,XGBoost,0.8067,0.6087,0.46,0.4971
F_dasm_3d_8rm,gamma,None,Ensemble (Majority Vote),0.7933,0.6795,0.48,0.4971
F_mean_3d19,beta,None,Logistic Regression,0.6733,0.6234,0.51,0.4971
F_mean_3d_Fp2,theta,norm2,Linear SVM,0.5,0.5021,0.49,0.4971
F_median_3d_Cz,all,norm3,Linear SVM,0.6933,0.6062,0.5,0.4971
F_rasm_3d_3area,gamma,norm3,KNN,0.94,0.7147,0.54,0.4971
F_de_3d,alpha,norm2,KNN,0.9933,0.7101,0.44,0.4971
F_peak_3d19,theta,None,KNN,0.9733,0.8094,0.47,0.4971
F_median_3d_Fp2,beta,None,Linear SVM,0.54,0.5306,0.49,0.4971
F_dasm_3d_8rm,delta,None,Logistic Regression,0.6533,0.6028,0.52,0.4971
F_mean_3d_3area,beta,None,KNN,0.9667,0.7216,0.5,0.4971
F_mean_3d_3area,beta,norm2,Linear SVM,0.56,0.5067,0.51,0.4971
F_mean_3d_3area,beta,norm2,XGBoost,0.7667,0.5972,0.51,0.4971
F_peak_3d_1area,delta,None,Random Forest,0.7067,0.603,0.51,0.4971
F_peak_3d_Fp1,delta,norm3,KNN,0.96,0.686,0.48,0.4971
F_mean_3d_3area,delta,norm2,Ensemble (Majority Vote),0.7667,0.6278,0.54,0.4971
F_mean_3d_Fp2,theta,norm3,Linear SVM,0.5,0.5021,0.49,0.4971
F_mean_3d_3area,delta,None,KNN,0.9867,0.717,0.5,0.4971
F_peak_3d_Fp1,gamma,norm3,Linear SVM,0.5,0.4995,0.51,0.4971
F_median_3d_1area,theta,None,KNN,0.96,0.7039,0.5,0.4971
F_dasm_3d19,gamma,None,Linear SVM,0.6533,0.6005,0.48,0.4971
F_peak_3d_C4,theta,None,Linear SVM,0.52,0.5248,0.48,0.4971
F_peak_3d_Fp1,gamma,norm2,Linear SVM,0.5,0.4995,0.51,0.4971
F_de_3d_8rm,beta,None,Logistic Regression,0.5733,0.5584,0.49,0.4971
F_peak_3d_Cz,gamma,None,KNN,0.9733,0.6991,0.5,0.4971
F_mean_3d_F7,all,norm3,Logistic Regression,0.58,0.5637,0.47,0.4971
F_peak_3d_Fp1,alpha,None,Random Forest,0.6467,0.5933,0.49,0.4971
F_peak_3d_C4,delta,norm2,Linear SVM,0.4933,0.4977,0.5,0.4957
F_peak_3d_Fp2,gamma,norm2,Linear SVM,0.5,0.4959,0.52,0.4957
F_mean_3d_8rm,delta,None,Ensemble (Majority Vote),0.88,0.7021,0.46,0.4957
F_mean_3d_3area,gamma,None,Linear SVM,0.5533,0.5471,0.5,0.4957
F_median_3d_C4,theta,norm2,Ensemble (Majority Vote),0.7733,0.6133,0.47,0.4957
F_peak_3d_T7,delta,norm3,Linear SVM,0.48,0.4966,0.47,0.4957
F_mean_3d_F3,alpha,norm2,Random Forest,0.78,0.5874,0.54,0.4957
F_de_3d_F3,theta,norm3,Random Forest,0.7667,0.5864,0.48,0.4957
F_median_3d_Fp1,all,norm2,XGBoost,0.9533,0.6648,0.54,0.4957
F_de_3d_T7,theta,None,KNN,1.0,0.7083,0.52,0.4957
F_de_3d_C3,alpha,norm2,KNN,0.9667,0.6874,0.5,0.4957
F_mean_3d_Cz,theta,norm3,Linear SVM,0.5,0.5016,0.47,0.4957
F_peak_3d_C4,delta,norm3,Linear SVM,0.4933,0.4977,0.5,0.4957
F_mean_3d_3area,delta,norm2,KNN,0.9933,0.6906,0.51,0.4957
F_median_3d_T7,beta,None,Logistic Regression,0.5333,0.5253,0.5,0.4957
F_median_3d_F4,alpha,None,Logistic Regression,0.48,0.5092,0.49,0.4957
F_median_3d_Fp1,alpha,None,Logistic Regression,0.4867,0.5131,0.51,0.4957
F_de_3d_C3,alpha,norm3,KNN,0.9667,0.6874,0.5,0.4957
F_de_3d_F3,theta,norm2,Random Forest,0.7667,0.5864,0.48,0.4957
F_peak_3d_Fp2,gamma,norm2,KNN,0.9867,0.6894,0.51,0.4957
F_mean_3d_F3,alpha,norm2,XGBoost,0.6,0.5503,0.48,0.4957
F_median_3d_F7,alpha,norm2,Linear SVM,0.5133,0.5076,0.51,0.4957
F_peak_3d_C3,alpha,norm2,Random Forest,0.7667,0.5899,0.51,0.4957
F_peak_3d_8rm,gamma,norm2,Ensemble (Majority Vote),0.8267,0.663,0.52,0.4957
F_peak_3d_Fp1,alpha,norm2,Linear SVM,0.5,0.5032,0.45,0.4957
F_de_3d_T8,beta,norm2,Linear SVM,0.5133,0.506,0.5,0.4957
F_median_3d_8rm,gamma,norm2,KNN,0.9467,0.6876,0.5,0.4957
F_de_3d_8rm,beta,norm2,Random Forest,0.86,0.66,0.49,0.4957
F_median_3d_F7,alpha,norm3,Linear SVM,0.5133,0.5076,0.51,0.4957
F_median_3d_Fp2,gamma,norm2,Ensemble (Majority Vote),0.6667,0.5933,0.52,0.4957
F_de_3d_T8,beta,norm3,Linear SVM,0.5133,0.506,0.5,0.4957
F_de_3d_F3,theta,None,Logistic Regression,0.5867,0.5533,0.52,0.4957
F_de_3d_Fz,theta,norm3,Linear SVM,0.4867,0.4991,0.52,0.4957
F_mean_3d_F4,all,None,KNN,0.98,0.7446,0.49,0.4957
F_peak_3d_T7,all,norm2,Ensemble (Majority Vote),0.8933,0.6743,0.49,0.4957
F_mean_3d,theta,None,Random Forest,0.7467,0.6651,0.48,0.4957
F_peak_3d_Fp1,alpha,norm3,Linear SVM,0.5,0.5032,0.45,0.4957
F_median_3d_F7,beta,norm2,Linear SVM,0.4933,0.4975,0.49,0.4957
F_peak_3d_C3,beta,norm2,Random Forest,0.84,0.5929,0.45,0.4957
F_de_3d_Fz,theta,norm2,Linear SVM,0.4867,0.4991,0.52,0.4957
F_median_3d_Fp2,gamma,norm3,Ensemble (Majority Vote),0.6667,0.5933,0.52,0.4957
F_de_3d_T7,alpha,None,Ensemble (Majority Vote),0.7867,0.6464,0.48,0.4957
F_rasm_3d19,all,norm3,Random Forest,0.8467,0.7986,0.48,0.4957
F_mean_3d_F3,alpha,norm3,Random Forest,0.78,0.5874,0.54,0.4957
F_mean_3d_F3,alpha,norm3,XGBoost,0.6,0.5503,0.48,0.4957
F_median_3d_Fp1,beta,None,Linear SVM,0.5333,0.534,0.48,0.4957
F_median_3d_F8,alpha,None,XGBoost,0.6333,0.5772,0.45,0.4957
F_peak_3d_T7,all,norm3,KNN,0.9667,0.7366,0.46,0.4957
F_de_3d_Fz,gamma,norm3,Random Forest,0.7933,0.5952,0.49,0.4957
F_mean_3d19,gamma,norm3,Logistic Regression,0.6867,0.6276,0.5,0.4957
F_peak_3d_Fp2,gamma,norm3,KNN,0.9867,0.6894,0.51,0.4957
F_mean_3d_10rm,beta,norm2,KNN,0.98,0.7048,0.49,0.4957
F_mean_3d19,gamma,norm3,Random Forest,0.8933,0.7097,0.51,0.4957
F_peak_3d_Fp2,gamma,norm3,Linear SVM,0.5,0.4959,0.52,0.4957
F_median_3d_C4,theta,norm3,Ensemble (Majority Vote),0.7733,0.6133,0.47,0.4957
F_median_3d_T7,gamma,None,Random Forest,0.6933,0.5924,0.53,0.4957
F_de_3d_8rm,delta,None,XGBoost,0.88,0.7221,0.46,0.4957
F_median_3d_8rm,gamma,norm3,Linear SVM,0.72,0.6103,0.52,0.4957
F_mean_3d_Cz,theta,norm3,Ensemble (Majority Vote),0.72,0.5924,0.54,0.4957
F_de_3d_T7,alpha,None,KNN,0.9867,0.6979,0.49,0.4957
F_median_3d_C3,alpha,None,KNN,0.9467,0.6933,0.56,0.4957
F_peak_3d_F8,theta,norm3,Linear SVM,0.5133,0.5044,0.45,0.4957
F_peak_3d_C4,beta,norm2,Ensemble (Majority Vote),0.8533,0.6189,0.46,0.4957
F_de_3d_C4,beta,norm3,Random Forest,0.7733,0.5915,0.45,0.4957
F_median_3d_C3,gamma,norm3,KNN,0.9733,0.6853,0.51,0.4957
F_de_3d_F7,beta,norm3,KNN,0.96,0.6853,0.48,0.4957
F_de_3d_C4,beta,norm3,KNN,0.9867,0.6922,0.52,0.4957
F_peak_3d_T7,delta,None,Ensemble (Majority Vote),0.72,0.628,0.51,0.4957
F_de_3d_F7,delta,norm2,Ensemble (Majority Vote),0.6067,0.6076,0.44,0.4957
F_de_3d_Cz,delta,norm2,KNN,0.9733,0.6887,0.51,0.4957
F_median_3d_F8,all,None,Linear SVM,0.6467,0.5733,0.48,0.4957
F_de_3d_C4,beta,norm2,Random Forest,0.7733,0.5915,0.45,0.4957
F_median_3d_C3,gamma,norm2,KNN,0.9733,0.6853,0.51,0.4957
F_de_3d_Cz,delta,norm3,KNN,0.9733,0.6887,0.51,0.4957
F_de_3d_C4,beta,norm2,KNN,0.9867,0.6922,0.52,0.4957
F_median_3d_F7,gamma,norm3,Random Forest,0.8067,0.5853,0.48,0.4957
F_mean_3d_2area,beta,None,Ensemble (Majority Vote),0.7333,0.6363,0.49,0.4957
F_de_3d_F7,beta,norm2,KNN,0.96,0.6853,0.48,0.4957
F_de_3d_Fz,beta,norm3,Random Forest,0.8067,0.5926,0.51,0.4957
F_mean_3d19,beta,norm2,XGBoost,0.9267,0.7294,0.49,0.4957
F_peak_3d_C3,alpha,norm2,Linear SVM,0.4933,0.508,0.47,0.4957
F_median_3d_C4,all,norm3,Linear SVM,0.64,0.5837,0.46,0.4957
F_mean_3d_2area,theta,norm2,Linear SVM,0.5133,0.5051,0.48,0.4957
F_peak_3d_C4,all,norm3,Linear SVM,0.6667,0.5913,0.46,0.4957
F_rasm_3d,beta,None,Random Forest,0.8467,0.6708,0.48,0.4957
F_median_3d_Cz,gamma,None,Random Forest,0.6467,0.5954,0.49,0.4957
F_median_3d_C3,theta,norm3,Random Forest,0.8067,0.6016,0.53,0.4957
F_mean_3d_C4,delta,None,XGBoost,0.64,0.5777,0.49,0.4957
F_de_3d_Cz,beta,norm2,Linear SVM,0.5133,0.5062,0.48,0.4957
F_de_3d_Cz,beta,norm3,Linear SVM,0.5133,0.5062,0.48,0.4957
F_median_3d_C3,theta,norm2,Random Forest,0.8067,0.6016,0.53,0.4957
F_peak_3d_8rm,alpha,None,Ensemble (Majority Vote),0.7867,0.7,0.49,0.4957
F_peak_3d_C3,alpha,norm3,Random Forest,0.7667,0.5899,0.51,0.4957
F_peak_3d_F8,theta,norm2,Linear SVM,0.5133,0.5044,0.45,0.4957
F_peak_3d_C3,alpha,norm3,Linear SVM,0.4933,0.508,0.47,0.4957
F_median_3d_C3,delta,norm3,XGBoost,0.5267,0.5441,0.51,0.4957
F_median_3d_T7,alpha,norm3,Ensemble (Majority Vote),0.6467,0.5966,0.51,0.4957
F_peak_3d_T7,delta,norm2,Linear SVM,0.48,0.4966,0.47,0.4957
F_peak_3d_8rm,alpha,norm2,KNN,0.9667,0.7053,0.48,0.4957
F_de_3d_F8,alpha,None,Logistic Regression,0.4867,0.5113,0.52,0.4957
F_peak_3d_C4,beta,norm3,Random Forest,0.7933,0.5947,0.5,0.4957
F_de_3d_F4,alpha,norm2,Linear SVM,0.4933,0.5011,0.54,0.4957
F_median_3d_C4,gamma,None,Random Forest,0.62,0.5913,0.52,0.4957
F_mean_3d,gamma,norm2,KNN,0.96,0.6979,0.55,0.4957
F_peak_3d_F8,all,norm2,Linear SVM,0.5533,0.5039,0.49,0.4957
F_peak_3d_T8,gamma,norm3,Random Forest,0.7467,0.5828,0.52,0.4957
F_de_3d_F8,delta,None,KNN,0.9667,0.697,0.48,0.4957
F_median_3d_T7,alpha,norm2,Ensemble (Majority Vote),0.6467,0.5966,0.51,0.4957
F_mean_3d_8rm,delta,norm3,XGBoost,0.8467,0.6922,0.43,0.4957
F_mean_3d_Cz,theta,norm2,Ensemble (Majority Vote),0.72,0.5924,0.54,0.4957
F_mean_3d_Cz,theta,norm2,Linear SVM,0.5,0.5016,0.47,0.4957
F_peak_3d_C3,beta,norm3,Random Forest,0.84,0.5929,0.45,0.4957
F_de_3d_F4,alpha,norm3,Linear SVM,0.4933,0.5011,0.54,0.4957
F_peak_3d_Fp2,alpha,norm3,Linear SVM,0.5,0.5032,0.46,0.4957
F_peak_3d_T8,gamma,norm2,Random Forest,0.7467,0.5828,0.52,0.4957
F_peak_3d_C4,beta,norm3,Ensemble (Majority Vote),0.8533,0.6189,0.46,0.4957
F_de_3d_Fz,beta,norm2,Random Forest,0.8067,0.5926,0.51,0.4957
F_mean_3d_1area,theta,norm3,Random Forest,0.7933,0.5857,0.5,0.4957
F_median_3d_C3,delta,norm2,XGBoost,0.5267,0.5441,0.51,0.4957
F_peak_3d_C4,beta,norm2,Random Forest,0.7933,0.5947,0.5,0.4957
F_de_3d_F7,delta,norm3,Ensemble (Majority Vote),0.6067,0.6076,0.44,0.4957
F_de_3d_Fz,gamma,norm2,Random Forest,0.7933,0.5952,0.49,0.4957
F_mean_3d_1area,theta,norm2,Random Forest,0.7933,0.5857,0.5,0.4957
F_median_3d_F7,gamma,norm2,Random Forest,0.8067,0.5853,0.48,0.4957
F_median_3d_C3,delta,None,Logistic Regression,0.5267,0.5122,0.51,0.4957
F_median_3d_Fz,alpha,None,Ensemble (Majority Vote),0.7267,0.6179,0.52,0.4957
F_mean_3d19,alpha,None,XGBoost,0.9333,0.7837,0.48,0.4957
F_peak_3d_Fp2,alpha,norm2,Linear SVM,0.5,0.5032,0.46,0.4957
F_peak_3d_Fz,all,norm2,Random Forest,0.9467,0.6807,0.51,0.4957
F_peak_3d_Fz,beta,None,Ensemble (Majority Vote),0.6933,0.6366,0.49,0.4957
F_mean_3d_3area,theta,norm3,XGBoost,0.6467,0.594,0.47,0.4957
F_median_3d_F7,beta,norm3,Linear SVM,0.4933,0.4975,0.49,0.4957
F_peak_3d_2area,beta,norm2,KNN,0.98,0.6929,0.52,0.4957
F_rasm_3d_10rm,delta,norm2,Linear SVM,0.4733,0.4952,0.45,0.4957
F_mean_3d_F8,alpha,norm2,XGBoost,0.62,0.5483,0.5,0.4957
F_mean_3d_F8,alpha,norm3,KNN,0.9667,0.6791,0.52,0.4957
F_mean_3d_T8,gamma,norm2,Random Forest,0.72,0.5954,0.5,0.4957
F_peak_3d_3area,delta,None,Logistic Regression,0.5467,0.5343,0.51,0.4957
F_mean_3d_F8,alpha,norm3,XGBoost,0.62,0.5483,0.5,0.4957
F_mean_3d_T8,gamma,None,KNN,0.98,0.6998,0.5,0.4957
F_de_3d_10rm,theta,norm2,Linear SVM,0.5133,0.4938,0.48,0.4957
F_mean_3d_F8,alpha,None,Random Forest,0.6933,0.5897,0.47,0.4957
F_mean_3d_F8,delta,norm2,Linear SVM,0.5267,0.5067,0.51,0.4957
F_mean_3d_F8,delta,norm3,Linear SVM,0.5267,0.5067,0.51,0.4957
F_peak_3d_F3,theta,norm2,Ensemble (Majority Vote),0.58,0.5834,0.54,0.4957
F_peak_3d_10rm,theta,norm2,Random Forest,0.8667,0.6655,0.51,0.4957
F_de_3d_10rm,delta,None,Logistic Regression,0.68,0.611,0.47,0.4957
F_peak_3d_10rm,gamma,norm2,XGBoost,0.7867,0.6439,0.45,0.4957
F_mean_3d_F8,alpha,norm2,KNN,0.9667,0.6791,0.52,0.4957
F_dasm_3d_10rm,delta,None,XGBoost,0.8467,0.7071,0.47,0.4957
F_de_3d_2area,all,None,XGBoost,0.9267,0.7595,0.51,0.4957
F_peak_3d_1area,beta,norm2,Ensemble (Majority Vote),0.7533,0.603,0.5,0.4957
F_median_3d_3area,gamma,norm3,Random Forest,0.72,0.6172,0.54,0.4957
F_de_3d_2area,all,None,Ensemble (Majority Vote),0.8533,0.7326,0.51,0.4957
F_median_3d_10rm,delta,norm2,Ensemble (Majority Vote),0.78,0.674,0.46,0.4957
F_median_3d,beta,None,Logistic Regression,0.6533,0.5846,0.5,0.4957
F_mean_3d_F7,gamma,norm2,XGBoost,0.6467,0.5577,0.47,0.4957
F_mean_3d_F7,gamma,norm3,XGBoost,0.6467,0.5577,0.47,0.4957
F_median_3d_10rm,delta,norm2,Random Forest,0.86,0.657,0.49,0.4957
F_rasm_3d_8rm,beta,None,XGBoost,0.8333,0.6485,0.51,0.4957
F_median_3d,alpha,norm2,KNN,0.9667,0.6968,0.49,0.4957
F_dasm_3d_10rm,all,None,Linear SVM,0.74,0.6632,0.52,0.4957
F_dasm_3d_10rm,all,None,Random Forest,0.8933,0.7701,0.49,0.4957
F_median_3d,all,norm2,Linear SVM,0.52,0.5078,0.48,0.4957
F_dasm_3d_10rm,beta,None,Linear SVM,0.6,0.5577,0.45,0.4957
F_mean_3d_T8,gamma,norm3,Random Forest,0.72,0.5954,0.5,0.4957
F_median_3d_1area,alpha,None,Logistic Regression,0.5333,0.5267,0.48,0.4957
F_peak_3d_10rm,gamma,norm2,Random Forest,0.9067,0.668,0.45,0.4957
F_median_3d_1area,alpha,norm2,Ensemble (Majority Vote),0.8467,0.6269,0.52,0.4957
F_rasm_3d_3area,gamma,norm3,Random Forest,0.7333,0.6331,0.49,0.4957
F_dasm_3d_8rm,gamma,norm2,Linear SVM,0.4667,0.4982,0.48,0.4957
F_dasm_3d_8rm,gamma,norm2,Random Forest,0.8933,0.6391,0.51,0.4957
F_peak_3d_F4,delta,norm2,Ensemble (Majority Vote),0.62,0.5894,0.46,0.4957
F_dasm_3d_8rm,theta,norm2,KNN,0.9867,0.7007,0.45,0.4957
F_peak_3d19,theta,norm3,Linear SVM,0.7333,0.6428,0.48,0.4957
F_peak_3d19,theta,norm2,Linear SVM,0.54,0.5106,0.48,0.4957
F_peak_3d_F4,delta,norm3,Ensemble (Majority Vote),0.62,0.5894,0.46,0.4957
F_de_3d_10rm,beta,norm2,Ensemble (Majority Vote),0.7867,0.6756,0.46,0.4957
F_de_3d,alpha,norm3,Ensemble (Majority Vote),0.8733,0.7267,0.45,0.4957
F_median_3d_2area,alpha,norm3,XGBoost,0.7133,0.6009,0.48,0.4957
F_rasm_3d_3area,gamma,norm2,Random Forest,0.7333,0.6331,0.49,0.4957
F_peak_3d_F4,gamma,None,KNN,0.98,0.7018,0.53,0.4957
F_mean_3d_Fp2,all,norm2,Ensemble (Majority Vote),0.8067,0.6745,0.49,0.4957
F_peak_3d_F4,gamma,None,Linear SVM,0.5133,0.5177,0.48,0.4957
F_dasm_3d_8rm,gamma,norm2,Ensemble (Majority Vote),0.7733,0.6448,0.5,0.4957
F_median_3d_2area,theta,None,KNN,0.96,0.7136,0.53,0.4957
F_de_3d19,beta,norm2,Random Forest,0.8533,0.6784,0.48,0.4957
F_peak_3d_2area,delta,None,Logistic Regression,0.5667,0.531,0.51,0.4957
F_median_3d_2area,theta,norm2,Linear SVM,0.4667,0.5009,0.52,0.4957
F_dasm_3d_3area,delta,norm3,XGBoost,0.6867,0.5632,0.52,0.4957
F_dasm_3d_3area,delta,norm2,XGBoost,0.6867,0.5632,0.52,0.4957
F_de_3d19,gamma,norm2,XGBoost,0.8933,0.706,0.5,0.4957
F_de_3d19,gamma,norm3,Ensemble (Majority Vote),0.9133,0.7621,0.49,0.4957
F_mean_3d_T7,gamma,None,KNN,0.9467,0.6991,0.48,0.4957
F_de_3d19,theta,norm2,KNN,0.9333,0.7005,0.48,0.4957
F_mean_3d_T7,theta,None,Random Forest,0.66,0.5857,0.47,0.4957
F_median_3d_1area,beta,None,Logistic Regression,0.5267,0.5264,0.48,0.4957
F_median_3d_1area,beta,None,Linear SVM,0.5333,0.5244,0.49,0.4957
F_median_3d_1area,alpha,norm3,Ensemble (Majority Vote),0.8467,0.6269,0.52,0.4957
F_peak_3d_F3,theta,norm3,Ensemble (Majority Vote),0.58,0.5834,0.54,0.4957
F_peak_3d_10rm,gamma,None,XGBoost,0.8933,0.7361,0.55,0.4957
F_peak_3d_1area,beta,norm3,Ensemble (Majority Vote),0.7533,0.603,0.5,0.4957
F_de_3d,beta,norm2,XGBoost,0.82,0.6699,0.46,0.4957
F_median_3d19,beta,norm3,Random Forest,0.88,0.7034,0.49,0.4957
F_dasm_3d,alpha,None,KNN,0.9733,0.7722,0.52,0.4957
F_rasm_3d19,delta,None,Ensemble (Majority Vote),0.8867,0.7177,0.49,0.4957
F_peak_3d_1area,delta,norm3,Linear SVM,0.52,0.4975,0.48,0.4957
F_peak_3d_1area,delta,norm3,XGBoost,0.6,0.5584,0.5,0.4957
F_dasm_3d,gamma,norm3,Ensemble (Majority Vote),0.8,0.6839,0.5,0.4957
F_median_3d_T8,delta,None,KNN,0.9733,0.6949,0.52,0.4957
F_mean_3d_F4,alpha,norm3,KNN,0.98,0.6869,0.5,0.4957
F_mean_3d_F4,gamma,None,KNN,0.9667,0.7051,0.49,0.4957
F_dasm_3d,beta,None,Logistic Regression,0.5933,0.5632,0.48,0.4957
F_de_3d_3area,alpha,norm2,Ensemble (Majority Vote),0.8667,0.6474,0.46,0.4957
F_dasm_3d19,beta,norm2,Linear SVM,0.4933,0.5124,0.51,0.4957
F_dasm_3d,all,None,Linear SVM,0.74,0.6749,0.5,0.4957
F_median_3d_T8,alpha,norm2,Ensemble (Majority Vote),0.82,0.6244,0.5,0.4957
F_peak_3d_F3,beta,None,XGBoost,0.64,0.5876,0.46,0.4957
F_mean_3d_F4,alpha,norm3,Linear SVM,0.52,0.5,0.51,0.4957
F_mean_3d_F7,all,None,Logistic Regression,0.6133,0.5674,0.49,0.4957
F_median_3d,beta,norm3,Logistic Regression,0.7133,0.612,0.52,0.4957
F_de_3d_3area,all,norm3,KNN,0.98,0.7867,0.53,0.4957
F_peak_3d_1area,delta,norm2,XGBoost,0.6,0.5584,0.5,0.4957
F_median_3d19,gamma,norm3,Ensemble (Majority Vote),0.9333,0.7706,0.51,0.4957
F_median_3d19,delta,norm3,XGBoost,0.96,0.7841,0.5,0.4957
F_median_3d19,beta,None,Logistic Regression,0.6867,0.6241,0.48,0.4957
F_mean_3d_F4,alpha,norm2,KNN,0.98,0.6869,0.5,0.4957
F_mean_3d_F7,beta,norm3,Linear SVM,0.52,0.4979,0.47,0.4957
F_median_3d19,gamma,norm2,XGBoost,0.9333,0.7432,0.53,0.4957
F_mean_3d_F4,beta,norm3,Linear SVM,0.5067,0.5002,0.49,0.4957
F_de_3d_2area,alpha,None,KNN,0.9867,0.7129,0.48,0.4957
F_median_3d_T8,beta,None,KNN,0.9867,0.6922,0.53,0.4957
F_peak_3d_1area,delta,norm2,Linear SVM,0.52,0.4975,0.48,0.4957
F_mean_3d_F4,beta,norm2,Linear SVM,0.5067,0.5002,0.49,0.4957
F_median_3d_T8,alpha,norm3,Ensemble (Majority Vote),0.82,0.6244,0.5,0.4957
F_mean_3d_F4,alpha,norm2,Linear SVM,0.52,0.5,0.51,0.4957
F_mean_3d_F7,beta,norm2,Linear SVM,0.52,0.4979,0.47,0.4957
F_de_3d_2area,beta,None,Random Forest,0.7067,0.6189,0.48,0.4957
F_median_3d19,alpha,norm2,Linear SVM,0.5267,0.4982,0.48,0.4957
F_peak_3d_Cz,delta,norm2,Ensemble (Majority Vote),0.5933,0.6055,0.5,0.4957
F_peak_3d_Cz,delta,norm3,Ensemble (Majority Vote),0.5933,0.6055,0.5,0.4957
F_median_3d_Fp1,gamma,None,KNN,0.9667,0.706,0.48,0.4957
F_peak_3d_T8,theta,norm2,KNN,0.9667,0.6846,0.49,0.4943
F_peak_3d_F4,alpha,norm2,XGBoost,0.54,0.534,0.47,0.4943
F_dasm_3d_3area,theta,norm2,Ensemble (Majority Vote),0.72,0.5989,0.48,0.4943
F_mean_3d_2area,beta,None,Logistic Regression,0.5533,0.537,0.5,0.4943
F_peak_3d_10rm,beta,norm2,KNN,0.9667,0.6998,0.47,0.4943
F_mean_3d_2area,alpha,norm3,XGBoost,0.7333,0.5903,0.52,0.4943
F_peak_3d_2area,gamma,norm2,XGBoost,0.6067,0.5634,0.5,0.4943
F_median_3d_Cz,all,norm3,Logistic Regression,0.6867,0.6071,0.5,0.4943
F_median_3d_Fp2,all,None,KNN,0.9933,0.7464,0.47,0.4943
F_peak_3d_2area,theta,None,Linear SVM,0.5667,0.5455,0.53,0.4943
F_peak_3d_8rm,beta,norm2,XGBoost,0.76,0.6395,0.47,0.4943
F_mean_3d_3area,theta,None,Ensemble (Majority Vote),0.7533,0.643,0.5,0.4943
F_mean_3d_T7,delta,None,KNN,0.98,0.6984,0.46,0.4943
F_peak_3d_Cz,delta,norm2,XGBoost,0.52,0.5389,0.46,0.4943
F_mean_3d_1area,theta,norm3,Ensemble (Majority Vote),0.7533,0.6085,0.5,0.4943
F_dasm_3d_3area,alpha,norm3,XGBoost,0.5933,0.5611,0.48,0.4943
F_median_3d19,beta,norm3,KNN,0.98,0.7986,0.53,0.4943
F_de_3d_T8,delta,norm2,Ensemble (Majority Vote),0.66,0.594,0.49,0.4943
F_mean_3d_Fp2,delta,norm3,XGBoost,0.68,0.5676,0.48,0.4943
F_mean_3d_1area,theta,norm2,Ensemble (Majority Vote),0.7533,0.6085,0.5,0.4943
F_dasm_3d_3area,alpha,norm3,Random Forest,0.72,0.5929,0.49,0.4943
F_mean_3d_8rm,alpha,norm2,Linear SVM,0.5267,0.5002,0.53,0.4943
F_mean_3d_Fp2,delta,norm2,XGBoost,0.68,0.5676,0.48,0.4943
F_rasm_3d_3area,gamma,norm2,Ensemble (Majority Vote),0.7467,0.6469,0.48,0.4943
F_de_3d_F7,gamma,norm2,Ensemble (Majority Vote),0.6133,0.5841,0.46,0.4943
F_de_3d_F7,gamma,norm3,Ensemble (Majority Vote),0.6133,0.5841,0.46,0.4943
F_median_3d_C4,theta,norm3,XGBoost,0.5667,0.5494,0.48,0.4943
F_mean_3d_1area,beta,norm3,XGBoost,0.66,0.5584,0.52,0.4943
F_mean_3d_1area,beta,norm2,XGBoost,0.66,0.5584,0.52,0.4943
F_mean_3d_2area,beta,norm2,KNN,0.9733,0.6871,0.52,0.4943
F_mean_3d_2area,delta,None,Ensemble (Majority Vote),0.7533,0.6455,0.48,0.4943
F_peak_3d_T7,all,None,Ensemble (Majority Vote),0.8133,0.6777,0.49,0.4943
F_median_3d_Fp2,all,norm3,Ensemble (Majority Vote),0.8333,0.6694,0.51,0.4943
F_dasm_3d_8rm,theta,norm2,Ensemble (Majority Vote),0.8067,0.6556,0.51,0.4943
F_median_3d19,theta,None,Random Forest,0.76,0.6761,0.5,0.4943
F_dasm_3d_8rm,gamma,None,Random Forest,0.7533,0.6552,0.5,0.4943
F_dasm_3d_8rm,gamma,None,Logistic Regression,0.6067,0.563,0.48,0.4943
F_peak_3d_C3,theta,None,Linear SVM,0.5267,0.5297,0.49,0.4943
F_mean_3d_Fz,beta,norm2,KNN,0.96,0.6913,0.51,0.4943
F_median_3d_Cz,beta,norm2,XGBoost,0.6,0.5471,0.48,0.4943
F_mean_3d_3area,beta,None,Linear SVM,0.56,0.5526,0.52,0.4943
F_de_3d_T7,gamma,norm3,Random Forest,0.7733,0.5864,0.49,0.4943
F_de_3d_F7,theta,None,Logistic Regression,0.6,0.5437,0.52,0.4943
F_median_3d_Cz,beta,norm3,XGBoost,0.6,0.5471,0.48,0.4943
F_mean_3d_3area,alpha,norm2,Linear SVM,0.5067,0.5009,0.47,0.4943
F_peak_3d_2area,alpha,norm2,Ensemble (Majority Vote),0.7267,0.6255,0.48,0.4943
F_peak_3d_T8,theta,norm3,KNN,0.9667,0.6846,0.49,0.4943
F_mean_3d_Fz,gamma,None,Ensemble (Majority Vote),0.6733,0.62,0.48,0.4943
F_peak_3d_10rm,alpha,norm2,XGBoost,0.8333,0.6625,0.5,0.4943
F_mean_3d_3area,all,None,Linear SVM,0.7333,0.6244,0.47,0.4943
F_peak_3d19,theta,norm2,Random Forest,0.8533,0.6653,0.53,0.4943
F_dasm_3d_8rm,all,norm2,Ensemble (Majority Vote),0.9733,0.783,0.47,0.4943
F_median_3d19,gamma,None,Random Forest,0.8,0.6828,0.47,0.4943
F_de_3d_T8,delta,norm3,Ensemble (Majority Vote),0.66,0.594,0.49,0.4943
F_peak_3d_F4,alpha,norm3,XGBoost,0.54,0.534,0.47,0.4943
F_peak_3d_Fp1,theta,norm2,KNN,0.98,0.6823,0.45,0.4943
F_dasm_3d_3area,theta,norm3,Ensemble (Majority Vote),0.72,0.5989,0.48,0.4943
F_peak_3d_Fp1,theta,norm3,KNN,0.98,0.6823,0.45,0.4943
F_rasm_3d_3area,gamma,norm3,Ensemble (Majority Vote),0.7467,0.6469,0.48,0.4943
F_de_3d_T7,gamma,norm2,Random Forest,0.7733,0.5864,0.49,0.4943
F_mean_3d_Fz,beta,norm3,KNN,0.96,0.6913,0.51,0.4943
F_median_3d_F4,beta,norm3,Linear SVM,0.4933,0.503,0.48,0.4943
F_mean_3d_T7,theta,norm2,Linear SVM,0.5133,0.4998,0.49,0.4943
F_mean_3d_1area,alpha,norm3,Linear SVM,0.4933,0.5021,0.52,0.4943
F_median_3d_F8,all,norm3,Random Forest,0.7933,0.6552,0.5,0.4943
F_de_3d_T7,all,norm2,KNN,0.9667,0.6938,0.52,0.4943
F_mean_3d_T8,gamma,norm3,Linear SVM,0.5067,0.5014,0.52,0.4943
F_mean_3d_10rm,all,norm3,Ensemble (Majority Vote),0.92,0.8021,0.48,0.4943
F_median_3d_10rm,theta,None,Linear SVM,0.64,0.5892,0.48,0.4943
F_mean_3d_T8,gamma,norm3,Ensemble (Majority Vote),0.74,0.6179,0.47,0.4943
F_median_3d_F8,all,norm2,KNN,0.9933,0.6922,0.44,0.4943
F_dasm_3d_10rm,gamma,None,Linear SVM,0.5933,0.5678,0.49,0.4943
F_median_3d,gamma,norm2,Ensemble (Majority Vote),0.84,0.6968,0.46,0.4943
F_dasm_3d_10rm,gamma,norm2,Random Forest,0.92,0.6538,0.47,0.4943
F_dasm_3d19,alpha,norm2,Random Forest,0.9467,0.7005,0.49,0.4943
F_mean_3d_T8,gamma,norm2,Linear SVM,0.5067,0.5014,0.52,0.4943
F_peak_3d_1area,gamma,norm2,Ensemble (Majority Vote),0.6333,0.614,0.47,0.4943
F_dasm_3d19,alpha,None,Logistic Regression,0.6467,0.6163,0.46,0.4943
F_median_3d_F8,theta,None,XGBoost,0.6533,0.5862,0.52,0.4943
F_mean_3d_T8,gamma,norm2,Ensemble (Majority Vote),0.74,0.6179,0.47,0.4943
F_dasm_3d_10rm,theta,None,Logistic Regression,0.6067,0.5657,0.49,0.4943
F_peak_3d_F3,all,norm3,Logistic Regression,0.62,0.5913,0.47,0.4943
F_de_3d_Fp2,gamma,norm2,Random Forest,0.7533,0.583,0.46,0.4943
F_de_3d_Fp2,gamma,norm2,XGBoost,0.5667,0.5483,0.52,0.4943
F_peak_3d_Fz,all,norm3,Ensemble (Majority Vote),0.82,0.6595,0.45,0.4943
F_peak_3d_2area,alpha,norm2,XGBoost,0.62,0.5839,0.51,0.4943
F_median_3d_F4,beta,norm2,Linear SVM,0.4933,0.503,0.48,0.4943
F_peak_3d_Fz,all,norm3,Random Forest,0.84,0.6533,0.48,0.4943
F_dasm_3d19,delta,norm2,XGBoost,0.9867,0.7225,0.48,0.4943
F_dasm_3d19,theta,norm2,Ensemble (Majority Vote),0.8733,0.7021,0.51,0.4943
F_dasm_3d19,delta,norm2,Linear SVM,0.44,0.4961,0.46,0.4943
F_mean_3d19,delta,norm2,Linear SVM,0.48,0.5,0.5,0.4943
F_de_3d_Fz,beta,norm3,Ensemble (Majority Vote),0.7333,0.623,0.48,0.4943
F_rasm_3d_8rm,beta,norm2,Linear SVM,0.5,0.5014,0.46,0.4943
F_de_3d_Fz,beta,norm2,Ensemble (Majority Vote),0.7333,0.623,0.48,0.4943
F_median_3d,alpha,norm2,XGBoost,0.8267,0.6885,0.51,0.4943
F_peak_3d_T7,delta,None,Random Forest,0.7067,0.5966,0.5,0.4943
F_dasm_3d19,delta,None,Linear SVM,0.6467,0.6034,0.51,0.4943
F_de_3d_Fp2,gamma,norm3,XGBoost,0.5667,0.5483,0.52,0.4943
F_de_3d_Fp2,gamma,norm3,Random Forest,0.7533,0.583,0.46,0.4943
F_mean_3d19,gamma,norm3,Linear SVM,0.74,0.6377,0.5,0.4943
F_peak_3d_1area,gamma,norm3,Ensemble (Majority Vote),0.6333,0.614,0.47,0.4943
F_peak_3d_Cz,gamma,norm3,Ensemble (Majority Vote),0.7067,0.606,0.52,0.4943
F_mean_3d_T8,delta,norm3,XGBoost,0.5867,0.5513,0.47,0.4943
F_median_3d_F3,beta,norm2,Linear SVM,0.5067,0.5025,0.46,0.4943
F_peak_3d_T7,alpha,norm3,Linear SVM,0.4867,0.5007,0.46,0.4943
F_peak_3d_F3,beta,None,Random Forest,0.6533,0.6032,0.47,0.4943
F_median_3d_1area,alpha,norm2,KNN,1.0,0.697,0.53,0.4943
F_mean_3d_10rm,theta,None,Linear SVM,0.64,0.5846,0.5,0.4943
F_median_3d_F3,beta,norm3,Linear SVM,0.5067,0.5025,0.46,0.4943
F_peak_3d_T7,alpha,norm2,XGBoost,0.6,0.5474,0.52,0.4943
F_peak_3d_T7,alpha,norm2,Random Forest,0.7133,0.5841,0.48,0.4943
F_median_3d_1area,alpha,norm3,KNN,1.0,0.697,0.53,0.4943
F_mean_3d,alpha,norm2,Ensemble (Majority Vote),0.8267,0.6828,0.52,0.4943
F_median_3d_10rm,delta,None,Linear SVM,0.7067,0.6161,0.47,0.4943
F_mean_3d_1area,alpha,norm2,Linear SVM,0.4933,0.5021,0.52,0.4943
F_mean_3d_T7,theta,norm3,Linear SVM,0.5133,0.4998,0.49,0.4943
F_peak_3d_T7,alpha,norm2,Linear SVM,0.4867,0.5007,0.46,0.4943
F_de_3d_F8,alpha,None,Linear SVM,0.4867,0.511,0.51,0.4943
F_dasm_3d_3area,alpha,norm2,Random Forest,0.72,0.5929,0.49,0.4943
F_dasm_3d_3area,alpha,norm2,XGBoost,0.5933,0.5611,0.48,0.4943
F_median_3d_F4,theta,norm3,XGBoost,0.6133,0.5517,0.46,0.4943
F_peak_3d_Cz,delta,norm3,XGBoost,0.52,0.5389,0.46,0.4943
F_median_3d_C4,theta,norm2,XGBoost,0.5667,0.5494,0.48,0.4943
F_median_3d_F4,theta,norm2,XGBoost,0.6133,0.5517,0.46,0.4943
F_mean_3d_T8,delta,norm3,Linear SVM,0.5333,0.5018,0.49,0.4943
F_mean_3d_T8,delta,norm2,XGBoost,0.5867,0.5513,0.47,0.4943
F_median_3d_F3,gamma,norm3,Random Forest,0.7733,0.5876,0.46,0.4943
F_mean_3d_T8,delta,norm2,Linear SVM,0.5333,0.5018,0.49,0.4943
F_median_3d_F3,gamma,norm3,KNN,0.9867,0.6786,0.45,0.4943
F_median_3d_F3,gamma,norm3,Ensemble (Majority Vote),0.7067,0.6064,0.49,0.4943
F_median_3d_Fp1,all,None,KNN,0.9733,0.7508,0.48,0.4943
F_median_3d_F3,gamma,norm2,Random Forest,0.7733,0.5876,0.46,0.4943
F_mean_3d_T8,alpha,None,Ensemble (Majority Vote),0.68,0.6085,0.47,0.4943
F_peak_3d_Cz,gamma,norm2,Ensemble (Majority Vote),0.7067,0.606,0.52,0.4943
F_median_3d_F3,gamma,norm2,KNN,0.9867,0.6786,0.45,0.4943
F_median_3d_F3,gamma,norm2,Ensemble (Majority Vote),0.7067,0.6064,0.49,0.4943
F_peak_3d_T7,alpha,norm3,XGBoost,0.6,0.5474,0.52,0.4943
F_peak_3d_T7,alpha,norm3,Random Forest,0.7133,0.5841,0.48,0.4943
F_peak_3d_10rm,theta,norm2,KNN,0.96,0.7005,0.49,0.4943
F_mean_3d_T8,alpha,None,Random Forest,0.6533,0.5956,0.51,0.4943
F_peak_3d_C4,theta,None,Logistic Regression,0.52,0.5241,0.47,0.4943
F_median_3d_Fp2,beta,None,XGBoost,0.6067,0.5782,0.48,0.4943
F_mean_3d_F8,gamma,None,Logistic Regression,0.5067,0.5028,0.5,0.4943
F_peak_3d_F8,beta,norm3,Linear SVM,0.4933,0.5069,0.52,0.4943
F_de_3d_1area,delta,norm2,Ensemble (Majority Vote),0.64,0.609,0.49,0.4943
F_median_3d_C3,delta,norm2,Linear SVM,0.54,0.5085,0.55,0.4943
F_median_3d_C3,delta,norm3,Linear SVM,0.54,0.5085,0.55,0.4943
F_mean_3d_F8,beta,norm2,Random Forest,0.8067,0.588,0.47,0.4943
F_de_3d_10rm,theta,norm3,KNN,0.9867,0.7476,0.46,0.4943
F_rasm_3d_10rm,gamma,None,KNN,0.9733,0.7101,0.51,0.4943
F_mean_3d_F8,beta,norm3,Random Forest,0.8067,0.588,0.47,0.4943
F_peak_3d,delta,norm2,Ensemble (Majority Vote),0.8533,0.6945,0.48,0.4943
F_mean_3d_F8,gamma,None,Linear SVM,0.5,0.5034,0.5,0.4943
F_peak_3d_C4,beta,None,Ensemble (Majority Vote),0.6533,0.6044,0.47,0.4943
F_rasm_3d_10rm,gamma,norm3,XGBoost,0.8867,0.7487,0.53,0.4943
F_peak_3d,delta,norm3,XGBoost,0.9067,0.7501,0.47,0.4943
F_peak_3d_F8,beta,norm2,Linear SVM,0.4933,0.5069,0.52,0.4943
F_de_3d_10rm,all,norm2,KNN,0.9667,0.7372,0.56,0.4943
F_peak_3d_F7,all,norm3,XGBoost,0.8667,0.6894,0.52,0.4943
F_mean_3d_C3,alpha,norm2,Linear SVM,0.5533,0.5067,0.52,0.4943
F_median_3d_C4,all,norm2,KNN,0.96,0.6793,0.48,0.4943
F_mean_3d_C4,alpha,None,Linear SVM,0.54,0.5278,0.48,0.4943
F_mean_3d_C4,all,norm2,XGBoost,0.9,0.643,0.42,0.4943
F_mean_3d_Fp1,alpha,None,XGBoost,0.6667,0.5775,0.51,0.4943
F_peak_3d_F7,all,norm2,Linear SVM,0.5067,0.4972,0.56,0.4943
F_median_3d_C4,alpha,None,Logistic Regression,0.52,0.5214,0.46,0.4943
F_peak_3d_F7,all,None,KNN,0.9533,0.7703,0.55,0.4943
F_peak_3d_F8,theta,norm2,Ensemble (Majority Vote),0.6667,0.5936,0.51,0.4943
F_de_3d19,delta,norm3,Random Forest,0.86,0.6989,0.53,0.4943
F_de_3d19,delta,norm2,XGBoost,0.8733,0.7057,0.48,0.4943
F_rasm_3d_3area,all,norm3,Logistic Regression,0.6267,0.5614,0.52,0.4943
F_peak_3d_C4,all,norm2,Random Forest,0.8667,0.652,0.44,0.4943
F_median_3d_2area,theta,norm2,KNN,0.9933,0.694,0.5,0.4943
F_peak_3d_F8,theta,norm3,Ensemble (Majority Vote),0.6667,0.5936,0.51,0.4943
F_mean_3d_F7,theta,norm3,XGBoost,0.56,0.5425,0.5,0.4943
F_mean_3d_F7,theta,norm2,XGBoost,0.56,0.5425,0.5,0.4943
F_de_3d_1area,delta,norm3,Ensemble (Majority Vote),0.64,0.609,0.49,0.4943
F_de_3d_C3,delta,norm3,Linear SVM,0.5067,0.4995,0.47,0.4943
F_rasm_3d19,alpha,norm2,Linear SVM,0.4667,0.4791,0.49,0.4943
F_rasm_3d19,alpha,norm2,KNN,0.98,0.7676,0.47,0.4943
F_median_3d_T8,all,None,KNN,0.98,0.7474,0.49,0.4943
F_rasm_3d19,alpha,norm2,Ensemble (Majority Vote),0.9067,0.7763,0.49,0.4943
F_de_3d_8rm,beta,norm2,XGBoost,0.8267,0.6437,0.46,0.4943
F_rasm_3d19,beta,norm2,Linear SVM,0.5333,0.4995,0.49,0.4943
F_median_3d_T8,beta,None,XGBoost,0.6,0.5678,0.47,0.4943
F_rasm_3d19,beta,norm3,Logistic Regression,0.52,0.5251,0.51,0.4943
F_de_3d_8rm,delta,norm2,Random Forest,0.9067,0.6543,0.49,0.4943
F_peak_3d_F7,theta,None,Random Forest,0.6867,0.5913,0.5,0.4943
F_mean_3d_F3,beta,norm3,Linear SVM,0.5,0.5048,0.46,0.4943
F_mean_3d_F3,beta,norm2,Linear SVM,0.5,0.5048,0.46,0.4943
F_mean_3d_F4,theta,norm2,Random Forest,0.7867,0.5897,0.49,0.4943
F_mean_3d_F4,theta,norm3,Random Forest,0.7867,0.5897,0.49,0.4943
F_peak_3d_F7,delta,norm3,Ensemble (Majority Vote),0.68,0.5975,0.48,0.4943
F_peak_3d_F7,delta,norm2,Ensemble (Majority Vote),0.68,0.5975,0.48,0.4943
F_median_3d_T8,gamma,None,Logistic Regression,0.4867,0.5092,0.49,0.4943
F_peak_3d_T7,all,None,Random Forest,0.76,0.649,0.51,0.4943
F_de_3d_2area,alpha,norm3,KNN,0.9867,0.7037,0.44,0.4943
F_median_3d_C3,alpha,None,Random Forest,0.6533,0.5929,0.5,0.4943
F_peak_3d,all,None,Ensemble (Majority Vote),0.9333,0.8393,0.49,0.4943
F_median_3d_T7,alpha,None,Linear SVM,0.5333,0.5041,0.48,0.4943
F_peak_3d_F8,all,norm2,KNN,0.98,0.6938,0.48,0.4943
F_de_3d_1area,gamma,norm3,KNN,0.9733,0.6775,0.45,0.4943
F_de_3d_1area,gamma,norm2,KNN,0.9733,0.6775,0.45,0.4943
F_de_3d_C3,delta,None,XGBoost,0.68,0.5945,0.51,0.4943
F_median_3d_C3,beta,None,Random Forest,0.62,0.5903,0.5,0.4943
F_de_3d_C3,delta,norm2,Linear SVM,0.5067,0.4995,0.47,0.4943
F_median_3d_T7,all,norm2,Linear SVM,0.52,0.5057,0.43,0.4943
F_mean_3d_C3,alpha,norm3,Linear SVM,0.5533,0.5067,0.52,0.4943
F_peak_3d_T7,all,None,Logistic Regression,0.6467,0.5823,0.49,0.4943
F_peak_3d19,alpha,norm2,XGBoost,0.88,0.7168,0.49,0.4943
F_rasm_3d_3area,alpha,None,XGBoost,0.6733,0.5816,0.52,0.4943
F_peak_3d19,beta,None,Linear SVM,0.7467,0.6618,0.53,0.4943
F_median_3d_Fz,all,norm3,Logistic Regression,0.6267,0.5763,0.48,0.4943
F_mean_3d_Fp2,all,norm2,KNN,0.9733,0.6908,0.5,0.4943
F_de_3d_F3,beta,norm2,Ensemble (Majority Vote),0.8,0.6276,0.48,0.4943
F_peak_3d_Fp1,all,norm3,KNN,0.98,0.7499,0.45,0.4943
F_de_3d_F3,beta,None,Random Forest,0.7267,0.6025,0.5,0.4943
F_peak_3d_Fp1,all,None,Ensemble (Majority Vote),0.8267,0.7002,0.51,0.4943
F_de_3d_F3,beta,norm3,Ensemble (Majority Vote),0.8,0.6276,0.48,0.4943
F_de_3d,gamma,norm2,XGBoost,0.88,0.6733,0.47,0.4943
F_mean_3d_8rm,theta,norm3,Random Forest,0.82,0.6591,0.49,0.4943
F_median_3d_C4,delta,None,Random Forest,0.6333,0.5876,0.47,0.4943
F_de_3d19,alpha,None,KNN,0.9933,0.8156,0.54,0.4943
F_median_3d_Fz,all,None,Linear SVM,0.6333,0.5802,0.47,0.4943
F_median_3d_2area,gamma,norm2,Random Forest,0.7933,0.6103,0.47,0.4943
F_peak_3d_F3,delta,norm2,Random Forest,0.7867,0.5968,0.5,0.4943
F_de_3d_Cz,theta,None,KNN,0.9867,0.6972,0.5,0.4943
F_mean_3d_F7,all,norm3,Linear SVM,0.5933,0.5655,0.46,0.4943
F_de_3d_T7,beta,None,Random Forest,0.68,0.6046,0.47,0.4943
F_rasm_3d19,gamma,norm2,KNN,0.9933,0.7876,0.51,0.4943
F_de_3d_F8,beta,norm3,Random Forest,0.76,0.5952,0.51,0.4943
F_median_3d_F3,delta,norm2,KNN,0.98,0.6897,0.45,0.4943
F_dasm_3d,gamma,norm3,Linear SVM,0.62,0.591,0.48,0.4943
F_de_3d_F8,beta,norm2,Random Forest,0.76,0.5952,0.51,0.4943
F_peak_3d_F3,delta,norm3,Random Forest,0.7867,0.5968,0.5,0.4943
F_rasm_3d_3area,delta,norm2,Random Forest,0.7467,0.6237,0.5,0.4943
F_mean_3d_Fp2,beta,None,KNN,0.98,0.6848,0.53,0.4943
F_median_3d_F3,delta,norm3,KNN,0.98,0.6897,0.45,0.4943
F_median_3d_F3,alpha,norm2,Ensemble (Majority Vote),0.7867,0.6193,0.47,0.4943
F_median_3d_F3,alpha,norm3,Ensemble (Majority Vote),0.7867,0.6193,0.47,0.4943
F_median_3d19,delta,norm3,Linear SVM,0.74,0.634,0.48,0.4943
F_rasm_3d_3area,delta,norm3,Random Forest,0.7467,0.6237,0.5,0.4943
F_peak_3d_C3,beta,None,KNN,0.9667,0.7071,0.49,0.4929
F_de_3d_Cz,theta,norm2,Random Forest,0.82,0.5972,0.5,0.4929
F_de_3d_C3,beta,norm3,Random Forest,0.74,0.583,0.49,0.4929
F_de_3d_Fz,all,None,Logistic Regression,0.6733,0.5747,0.47,0.4929
F_peak_3d_8rm,gamma,norm3,XGBoost,0.8933,0.7191,0.49,0.4929
F_median_3d,all,norm3,KNN,0.98,0.8248,0.48,0.4929
F_de_3d_1area,gamma,norm2,Linear SVM,0.4933,0.492,0.49,0.4929
F_de_3d,alpha,norm2,Linear SVM,0.52,0.4993,0.44,0.4929
F_de_3d_Cz,theta,norm3,Random Forest,0.82,0.5972,0.5,0.4929
F_median_3d_T7,all,norm3,Linear SVM,0.5933,0.5621,0.51,0.4929
F_de_3d_F3,all,None,Ensemble (Majority Vote),0.82,0.6977,0.46,0.4929
F_median_3d,alpha,norm2,Random Forest,0.8533,0.6855,0.49,0.4929
F_median_3d,alpha,norm2,Ensemble (Majority Vote),0.8667,0.694,0.48,0.4929
F_de_3d_C3,delta,None,Ensemble (Majority Vote),0.72,0.6326,0.47,0.4929
F_median_3d_10rm,gamma,norm2,Linear SVM,0.4933,0.5034,0.51,0.4929
F_peak_3d_F7,beta,norm2,KNN,1.0,0.6809,0.48,0.4929
F_peak_3d_Cz,all,norm2,Linear SVM,0.5067,0.5113,0.51,0.4929
F_mean_3d_10rm,beta,norm3,Logistic Regression,0.6667,0.5805,0.48,0.4929
F_de_3d_1area,all,None,Ensemble (Majority Vote),0.8067,0.7039,0.53,0.4929
F_de_3d_C4,beta,norm2,Ensemble (Majority Vote),0.7867,0.623,0.42,0.4929
F_mean_3d_C4,theta,norm2,XGBoost,0.5733,0.5478,0.51,0.4929
F_rasm_3d_10rm,delta,None,Random Forest,0.82,0.6526,0.52,0.4929
F_mean_3d_C4,theta,norm3,XGBoost,0.5733,0.5478,0.51,0.4929
F_peak_3d_F7,alpha,norm3,Linear SVM,0.5,0.4993,0.46,0.4929
F_median_3d_Fz,all,norm3,Linear SVM,0.6133,0.577,0.48,0.4929
F_peak_3d_10rm,theta,norm3,Random Forest,0.7733,0.6694,0.48,0.4929
F_median_3d_Fz,theta,None,Linear SVM,0.5333,0.5308,0.51,0.4929
F_mean_3d_Cz,all,norm3,Ensemble (Majority Vote),0.84,0.6646,0.5,0.4929
F_median_3d_2area,alpha,None,Random Forest,0.6667,0.6117,0.48,0.4929
F_median_3d_C3,delta,None,Linear SVM,0.5267,0.5122,0.51,0.4929
F_mean_3d_Fp1,theta,norm3,XGBoost,0.5,0.5444,0.48,0.4929
F_de_3d_C4,alpha,norm2,XGBoost,0.6667,0.5561,0.46,0.4929
F_mean_3d_10rm,all,None,Linear SVM,0.8,0.6975,0.44,0.4929
F_mean_3d_Cz,alpha,norm2,Random Forest,0.7467,0.5779,0.5,0.4929
F_rasm_3d,gamma,norm2,Random Forest,0.8267,0.7138,0.48,0.4929
F_mean_3d19,theta,norm2,XGBoost,0.8867,0.7182,0.47,0.4929
F_mean_3d_F7,theta,norm3,Linear SVM,0.4867,0.5005,0.49,0.4929
F_mean_3d_Cz,alpha,norm3,Random Forest,0.7467,0.5779,0.5,0.4929
F_peak_3d_F4,delta,norm2,XGBoost,0.6067,0.5533,0.46,0.4929
F_mean_3d_Fp1,theta,norm2,XGBoost,0.5,0.5444,0.48,0.4929
F_mean_3d_T8,theta,norm2,XGBoost,0.6267,0.5547,0.48,0.4929
F_mean_3d_T8,theta,norm3,XGBoost,0.6267,0.5547,0.48,0.4929
F_mean_3d_F7,theta,norm2,Linear SVM,0.4867,0.5005,0.49,0.4929
F_mean_3d19,delta,norm2,XGBoost,0.86,0.7074,0.46,0.4929
F_de_3d_C4,alpha,norm3,XGBoost,0.6667,0.5561,0.46,0.4929
F_peak_3d_F4,delta,norm3,XGBoost,0.6067,0.5533,0.46,0.4929
F_peak_3d_F7,gamma,norm2,KNN,0.98,0.6908,0.45,0.4929
F_de_3d_3area,beta,norm2,Ensemble (Majority Vote),0.76,0.6299,0.45,0.4929
F_dasm_3d19,all,None,Linear SVM,0.82,0.7223,0.5,0.4929
F_peak_3d_F7,gamma,None,KNN,0.9267,0.7094,0.45,0.4929
F_de_3d,gamma,norm2,Ensemble (Majority Vote),0.78,0.6837,0.47,0.4929
F_de_3d_8rm,delta,norm2,Ensemble (Majority Vote),0.84,0.6664,0.49,0.4929
F_dasm_3d,theta,norm3,KNN,0.96,0.7428,0.5,0.4929
F_de_3d_F3,gamma,None,Ensemble (Majority Vote),0.74,0.6246,0.5,0.4929
F_de_3d_8rm,delta,None,Ensemble (Majority Vote),0.86,0.7071,0.51,0.4929
F_dasm_3d,gamma,norm3,XGBoost,0.8933,0.7207,0.51,0.4929
F_rasm_3d19,beta,None,Logistic Regression,0.52,0.5129,0.48,0.4929
F_mean_3d_8rm,beta,norm3,KNN,0.98,0.7359,0.51,0.4929
F_dasm_3d,beta,norm2,XGBoost,0.9333,0.6699,0.49,0.4929
F_de_3d_8rm,beta,norm2,Linear SVM,0.5333,0.5016,0.49,0.4929
F_median_3d19,all,norm2,Linear SVM,0.4733,0.4989,0.48,0.4929
F_peak_3d_2area,all,norm2,XGBoost,0.94,0.7007,0.44,0.4929
F_peak_3d_F7,gamma,norm2,Linear SVM,0.4933,0.4991,0.48,0.4929
F_de_3d_T8,all,None,Logistic Regression,0.62,0.5671,0.51,0.4929
F_median_3d_T8,alpha,None,KNN,0.9867,0.7014,0.47,0.4929
F_de_3d_8rm,alpha,norm2,Linear SVM,0.52,0.506,0.48,0.4929
F_de_3d_T8,beta,norm2,KNN,0.9667,0.686,0.53,0.4929
F_de_3d,delta,None,Ensemble (Majority Vote),0.8667,0.7299,0.54,0.4929
F_de_3d,delta,norm2,Random Forest,0.86,0.6492,0.47,0.4929
F_de_3d_T8,beta,norm3,KNN,0.9667,0.686,0.53,0.4929
F_median_3d_T8,all,None,XGBoost,0.9,0.7041,0.45,0.4929
F_peak_3d_F7,gamma,norm3,Linear SVM,0.4933,0.4991,0.48,0.4929
F_peak_3d_C4,theta,None,XGBoost,0.6,0.572,0.48,0.4929
F_mean_3d_8rm,beta,norm2,Random Forest,0.8933,0.6584,0.51,0.4929
F_mean_3d,delta,None,XGBoost,0.92,0.7457,0.55,0.4929
F_de_3d_1area,gamma,norm3,Linear SVM,0.4933,0.492,0.49,0.4929
F_peak_3d_1area,gamma,None,Linear SVM,0.5,0.528,0.49,0.4929
F_median_3d_Cz,all,norm2,KNN,0.98,0.6855,0.5,0.4929
F_median_3d_T7,alpha,norm2,Random Forest,0.7867,0.5878,0.46,0.4929
F_de_3d_C3,beta,norm2,Random Forest,0.74,0.583,0.49,0.4929
F_median_3d_3area,gamma,norm3,XGBoost,0.68,0.6154,0.54,0.4929
F_de_3d_Fz,gamma,None,Ensemble (Majority Vote),0.6933,0.6152,0.47,0.4929
F_de_3d_C4,beta,norm3,Ensemble (Majority Vote),0.7867,0.623,0.42,0.4929
F_median_3d_T7,alpha,norm3,Random Forest,0.7867,0.5878,0.46,0.4929
F_dasm_3d19,delta,norm2,KNN,0.9933,0.7423,0.48,0.4929
F_de_3d_Fz,gamma,norm2,XGBoost,0.5867,0.532,0.49,0.4929
F_median_3d,beta,norm3,Linear SVM,0.7067,0.6154,0.51,0.4929
F_mean_3d_F3,all,norm2,Ensemble (Majority Vote),0.78,0.6717,0.48,0.4929
F_de_3d_Fz,gamma,norm3,XGBoost,0.5867,0.532,0.49,0.4929
F_de_3d_F3,gamma,None,XGBoost,0.68,0.5926,0.51,0.4929
F_dasm_3d19,alpha,None,Ensemble (Majority Vote),0.8733,0.7476,0.48,0.4929
F_de_3d_T7,all,norm2,Linear SVM,0.5267,0.5108,0.54,0.4929
F_median_3d,gamma,None,Random Forest,0.8067,0.6867,0.49,0.4929
F_median_3d_10rm,alpha,norm2,Random Forest,0.84,0.6674,0.47,0.4929
F_median_3d_10rm,alpha,norm2,KNN,0.9733,0.6984,0.52,0.4929
F_peak_3d_8rm,theta,norm3,Linear SVM,0.6133,0.5786,0.45,0.4929
F_peak_3d_8rm,theta,norm3,Logistic Regression,0.62,0.5791,0.44,0.4929
F_peak_3d_F3,beta,norm3,XGBoost,0.58,0.5453,0.5,0.4929
F_rasm_3d_8rm,gamma,norm2,Ensemble (Majority Vote),0.7933,0.6968,0.47,0.4929
F_mean_3d_Fp2,delta,None,Ensemble (Majority Vote),0.78,0.6271,0.49,0.4929
F_peak_3d_F3,beta,norm2,XGBoost,0.58,0.5453,0.5,0.4929
F_median_3d_F4,theta,None,Ensemble (Majority Vote),0.7867,0.6467,0.48,0.4929
F_median_3d_F8,all,None,KNN,0.9667,0.7276,0.46,0.4929
F_peak_3d_F7,beta,norm3,KNN,1.0,0.6809,0.48,0.4929
F_median_3d_2area,delta,norm2,Ensemble (Majority Vote),0.7,0.6336,0.52,0.4929
F_mean_3d_C4,beta,norm3,Linear SVM,0.5267,0.5067,0.49,0.4929
F_peak_3d_T8,alpha,norm3,Random Forest,0.74,0.5841,0.5,0.4929
F_dasm_3d_3area,delta,norm3,Random Forest,0.7533,0.5959,0.48,0.4929
F_peak_3d_10rm,all,norm3,Ensemble (Majority Vote),0.9333,0.8313,0.51,0.4929
F_mean_3d_2area,beta,norm2,Ensemble (Majority Vote),0.68,0.6099,0.44,0.4929
F_mean_3d_C4,alpha,None,Logistic Regression,0.5467,0.528,0.48,0.4929
F_peak_3d_F8,delta,None,Ensemble (Majority Vote),0.78,0.6471,0.52,0.4929
F_peak_3d_F8,beta,norm3,XGBoost,0.5467,0.5329,0.51,0.4929
F_de_3d_F4,all,norm3,KNN,0.96,0.7308,0.47,0.4929
F_peak_3d_2area,delta,None,Ensemble (Majority Vote),0.7333,0.6462,0.46,0.4929
F_peak_3d_T8,alpha,norm2,Random Forest,0.74,0.5841,0.5,0.4929
F_median_3d_C4,beta,norm2,Ensemble (Majority Vote),0.6267,0.6074,0.46,0.4929
F_peak_3d_F8,beta,norm2,XGBoost,0.5467,0.5329,0.51,0.4929
F_mean_3d_C4,beta,norm2,Linear SVM,0.5267,0.5067,0.49,0.4929
F_median_3d_Cz,gamma,None,Ensemble (Majority Vote),0.7533,0.6352,0.45,0.4929
F_median_3d_Fz,delta,norm3,Random Forest,0.8467,0.5982,0.49,0.4929
F_median_3d_Fp1,beta,norm3,Ensemble (Majority Vote),0.76,0.6161,0.47,0.4929
F_median_3d_Fp2,all,None,XGBoost,0.9,0.7087,0.47,0.4929
F_median_3d_C4,all,norm2,Random Forest,0.9133,0.6713,0.49,0.4929
F_peak_3d_T8,beta,norm2,Random Forest,0.7333,0.5756,0.49,0.4929
F_median_3d_Fz,delta,norm2,Random Forest,0.8467,0.5982,0.49,0.4929
F_peak_3d_F4,alpha,norm3,Linear SVM,0.5067,0.5041,0.44,0.4929
F_mean_3d_1area,delta,norm3,KNN,0.9733,0.6878,0.52,0.4929
F_mean_3d_2area,gamma,None,Ensemble (Majority Vote),0.82,0.6584,0.5,0.4929
F_de_3d_F4,delta,norm3,XGBoost,0.5467,0.5379,0.49,0.4929
F_mean_3d_1area,delta,norm2,KNN,0.9733,0.6878,0.52,0.4929
F_peak_3d_F4,alpha,norm2,Random Forest,0.7467,0.5947,0.51,0.4929
F_de_3d_F7,gamma,norm3,Linear SVM,0.52,0.4998,0.48,0.4929
F_de_3d_F7,gamma,norm2,Linear SVM,0.52,0.4998,0.48,0.4929
F_peak_3d_10rm,all,norm2,Linear SVM,0.52,0.5016,0.48,0.4929
F_mean_3d_Fp1,all,norm3,Random Forest,0.8133,0.6593,0.52,0.4929
F_median_3d_Fz,delta,None,Random Forest,0.7067,0.5984,0.49,0.4929
F_peak_3d_F7,alpha,norm2,Linear SVM,0.5,0.4993,0.46,0.4929
F_peak_3d_T8,beta,norm3,Random Forest,0.7333,0.5756,0.49,0.4929
F_de_3d_F7,theta,None,Linear SVM,0.6,0.543,0.51,0.4929
F_peak_3d_F4,alpha,norm2,Linear SVM,0.5067,0.5041,0.44,0.4929
F_mean_3d_T7,gamma,norm2,Random Forest,0.7733,0.5966,0.5,0.4929
F_de_3d_F4,delta,norm2,XGBoost,0.5467,0.5379,0.49,0.4929
F_mean_3d_T7,gamma,norm3,Random Forest,0.7733,0.5966,0.5,0.4929
F_peak_3d_F4,alpha,norm3,Random Forest,0.7467,0.5947,0.51,0.4929
F_median_3d_Fp1,beta,norm2,Ensemble (Majority Vote),0.76,0.6161,0.47,0.4929
F_mean_3d_Fz,gamma,None,Random Forest,0.6667,0.5871,0.51,0.4929
F_de_3d_Fp1,alpha,norm2,Ensemble (Majority Vote),0.68,0.6028,0.46,0.4929
F_dasm_3d_3area,delta,norm2,Random Forest,0.7533,0.5959,0.48,0.4929
F_mean_3d_C3,delta,norm2,KNN,0.9733,0.6846,0.43,0.4929
F_peak_3d19,alpha,norm2,Random Forest,0.8467,0.6687,0.5,0.4929
F_de_3d_Fp1,alpha,norm3,Ensemble (Majority Vote),0.68,0.6028,0.46,0.4929
F_dasm_3d_3area,all,None,KNN,0.98,0.7611,0.49,0.4929
F_de_3d_Fp1,beta,None,Linear SVM,0.5933,0.543,0.47,0.4929
F_de_3d19,gamma,None,Logistic Regression,0.66,0.6069,0.53,0.4929
F_mean_3d_C4,delta,norm2,Ensemble (Majority Vote),0.6933,0.6179,0.53,0.4929
F_dasm_3d_8rm,delta,None,Ensemble (Majority Vote),0.7867,0.6699,0.48,0.4929
F_mean_3d_C4,delta,norm3,Ensemble (Majority Vote),0.6933,0.6179,0.53,0.4929
F_peak_3d_2area,delta,norm2,Random Forest,0.7933,0.6101,0.49,0.4929
F_de_3d_Cz,delta,norm3,Ensemble (Majority Vote),0.68,0.608,0.49,0.4929
F_mean_3d_C3,delta,norm3,KNN,0.9733,0.6846,0.43,0.4929
F_dasm_3d_8rm,delta,norm3,Ensemble (Majority Vote),0.7867,0.6816,0.47,0.4929
F_median_3d_C4,beta,norm3,Ensemble (Majority Vote),0.6267,0.6074,0.46,0.4929
F_dasm_3d_8rm,all,norm2,KNN,0.9933,0.7336,0.53,0.4929
F_rasm_3d_8rm,all,norm2,XGBoost,1.0,0.92,0.48,0.4929
F_median_3d_F3,all,None,Ensemble (Majority Vote),0.8267,0.6963,0.48,0.4929
F_dasm_3d_3area,beta,None,Linear SVM,0.5267,0.5202,0.51,0.4929
F_de_3d_C4,theta,None,Linear SVM,0.52,0.5211,0.49,0.4929
F_peak_3d_8rm,alpha,None,XGBoost,0.8,0.6975,0.52,0.4929
F_peak_3d_F7,gamma,norm3,KNN,0.98,0.6908,0.45,0.4929
F_de_3d_Cz,delta,norm2,Ensemble (Majority Vote),0.68,0.608,0.49,0.4929
F_median_3d_1area,alpha,None,XGBoost,0.6733,0.6039,0.5,0.4929
F_mean_3d_C3,beta,norm2,Random Forest,0.7867,0.5876,0.43,0.4929
F_dasm_3d_8rm,all,None,Ensemble (Majority Vote),0.8867,0.7761,0.47,0.4929
F_median_3d_C4,alpha,norm2,Linear SVM,0.5133,0.5002,0.54,0.4929
F_mean_3d_2area,all,None,Linear SVM,0.6933,0.617,0.5,0.4929
F_mean_3d_C3,beta,norm3,Random Forest,0.7867,0.5876,0.43,0.4929
F_median_3d_C4,alpha,norm3,Linear SVM,0.5133,0.5002,0.54,0.4929
F_peak_3d_2area,alpha,norm2,Random Forest,0.78,0.608,0.47,0.4929
F_dasm_3d19,all,None,XGBoost,1.0,0.9703,0.54,0.4929
F_rasm_3d_8rm,alpha,norm2,Ensemble (Majority Vote),0.76,0.6979,0.47,0.4929
F_mean_3d_F4,gamma,None,Ensemble (Majority Vote),0.72,0.6283,0.48,0.4929
F_de_3d_10rm,delta,norm3,Linear SVM,0.72,0.6283,0.51,0.4929
F_peak_3d_C3,theta,None,XGBoost,0.7,0.5943,0.5,0.4929
F_dasm_3d,theta,None,XGBoost,0.8067,0.6954,0.53,0.4929
F_peak_3d19,theta,norm2,XGBoost,0.9267,0.7211,0.52,0.4929
F_de_3d_1area,all,None,Random Forest,0.7467,0.6747,0.5,0.4929
F_dasm_3d_8rm,beta,None,Logistic Regression,0.5933,0.5561,0.5,0.4929
F_peak_3d_F4,theta,norm2,KNN,0.98,0.692,0.52,0.4929
F_mean_3d_T8,all,norm3,Random Forest,0.7667,0.6462,0.54,0.4929
F_median_3d19,theta,None,Logistic Regression,0.6733,0.6152,0.48,0.4929
F_peak_3d_F4,theta,norm3,KNN,0.98,0.692,0.52,0.4929
F_median_3d_T7,theta,norm3,KNN,0.98,0.6828,0.49,0.4914
F_dasm_3d19,all,norm2,Ensemble (Majority Vote),0.9867,0.8526,0.51,0.4914
F_median_3d_F7,delta,None,Linear SVM,0.54,0.5359,0.48,0.4914
F_de_3d_8rm,delta,norm3,XGBoost,0.8733,0.7083,0.51,0.4914
F_peak_3d_8rm,beta,None,XGBoost,0.8333,0.7113,0.5,0.4914
F_de_3d_Cz,delta,norm2,Random Forest,0.82,0.5929,0.51,0.4914
F_peak_3d_2area,all,norm2,Random Forest,0.9533,0.6924,0.5,0.4914
F_de_3d_Cz,delta,norm3,Random Forest,0.82,0.5929,0.51,0.4914
F_median_3d_T7,theta,norm2,KNN,0.98,0.6828,0.49,0.4914
F_de_3d_F7,all,norm3,KNN,0.9733,0.7338,0.47,0.4914
F_de_3d_T7,beta,norm2,XGBoost,0.5867,0.5598,0.47,0.4914
F_de_3d_Cz,gamma,None,Ensemble (Majority Vote),0.7667,0.6409,0.51,0.4914
F_peak_3d_1area,theta,None,Linear SVM,0.5267,0.529,0.47,0.4914
F_rasm_3d19,beta,norm2,Ensemble (Majority Vote),0.9267,0.8023,0.48,0.4914
F_peak_3d_T7,beta,None,KNN,0.9733,0.7016,0.47,0.4914
F_median_3d_Fp2,alpha,None,KNN,0.9933,0.7023,0.54,0.4914
F_de_3d_3area,alpha,norm2,KNN,0.98,0.6977,0.5,0.4914
F_peak_3d19,delta,norm2,KNN,0.9667,0.7287,0.43,0.4914
F_de_3d_F7,alpha,norm2,KNN,0.98,0.6931,0.47,0.4914
F_de_3d_F7,alpha,norm3,KNN,0.98,0.6931,0.47,0.4914
F_dasm_3d,theta,norm2,Ensemble (Majority Vote),0.9133,0.6867,0.53,0.4914
F_de_3d_F3,beta,norm3,XGBoost,0.5867,0.5526,0.46,0.4914
F_de_3d_T7,beta,norm3,XGBoost,0.5867,0.5598,0.47,0.4914
F_de_3d_Cz,beta,norm3,Random Forest,0.74,0.5894,0.48,0.4914
F_de_3d_F3,gamma,None,Logistic Regression,0.58,0.5241,0.5,0.4914
F_median_3d_Fp1,theta,norm3,XGBoost,0.5733,0.5522,0.49,0.4914
F_median_3d_T8,gamma,norm3,Linear SVM,0.5067,0.5053,0.48,0.4914
F_de_3d_Cz,beta,norm2,Random Forest,0.74,0.5894,0.48,0.4914
F_median_3d_Fp1,theta,norm2,XGBoost,0.5733,0.5522,0.49,0.4914
F_median_3d_T7,all,norm3,KNN,0.98,0.7276,0.47,0.4914
F_median_3d_Fz,delta,norm2,XGBoost,0.6333,0.551,0.47,0.4914
F_rasm_3d_3area,beta,None,Random Forest,0.6867,0.5894,0.52,0.4914
F_rasm_3d_8rm,delta,None,Linear SVM,0.46,0.4908,0.51,0.4914
F_de_3d_10rm,all,norm2,Linear SVM,0.4867,0.4954,0.45,0.4914
F_median_3d_Fz,delta,norm3,XGBoost,0.6333,0.551,0.47,0.4914
F_de_3d_Fp2,gamma,norm3,Ensemble (Majority Vote),0.76,0.6014,0.46,0.4914
F_peak_3d_2area,beta,norm3,Random Forest,0.8133,0.6145,0.47,0.4914
F_de_3d_Fp2,gamma,norm2,Ensemble (Majority Vote),0.76,0.6014,0.46,0.4914
F_de_3d_Fp2,delta,norm3,Ensemble (Majority Vote),0.6733,0.6007,0.5,0.4914
F_de_3d_C4,all,norm2,Linear SVM,0.4933,0.4989,0.47,0.4914
F_de_3d_F8,gamma,norm2,XGBoost,0.6333,0.5513,0.49,0.4914
F_de_3d_F8,gamma,norm3,XGBoost,0.6333,0.5513,0.49,0.4914
F_peak_3d19,alpha,None,XGBoost,0.9133,0.7979,0.47,0.4914
F_de_3d_Fp2,delta,norm2,Ensemble (Majority Vote),0.6733,0.6007,0.5,0.4914
F_de_3d_F3,theta,None,Random Forest,0.6733,0.5998,0.51,0.4914
F_de_3d_F4,all,None,Linear SVM,0.6067,0.5667,0.51,0.4914
F_de_3d_10rm,delta,None,KNN,0.98,0.7892,0.49,0.4914
F_peak_3d,delta,norm2,XGBoost,0.86,0.68,0.53,0.4914
F_dasm_3d_10rm,theta,None,Linear SVM,0.6133,0.5745,0.49,0.4914
F_peak_3d19,all,norm2,KNN,0.9667,0.7414,0.48,0.4914
F_peak_3d_8rm,delta,norm3,Random Forest,0.8467,0.6814,0.48,0.4914
F_peak_3d_10rm,theta,norm2,Ensemble (Majority Vote),0.82,0.6869,0.48,0.4914
F_peak_3d_2area,gamma,None,XGBoost,0.74,0.6322,0.5,0.4914
F_de_3d_C4,delta,norm3,KNN,0.98,0.6933,0.5,0.4914
F_de_3d_C4,delta,norm2,KNN,0.98,0.6933,0.5,0.4914
F_de_3d_Fp1,beta,None,Logistic Regression,0.6,0.5432,0.47,0.4914
F_de_3d_F8,all,None,KNN,0.98,0.7582,0.43,0.4914
F_de_3d_Cz,gamma,norm3,Ensemble (Majority Vote),0.6867,0.617,0.48,0.4914
F_median_3d_Fp1,gamma,norm2,KNN,0.9933,0.6906,0.45,0.4914
F_median_3d_T8,gamma,norm2,Linear SVM,0.5067,0.5053,0.48,0.4914
F_de_3d_Cz,gamma,norm2,Ensemble (Majority Vote),0.6867,0.617,0.48,0.4914
F_rasm_3d_8rm,all,norm3,XGBoost,0.9933,0.8793,0.5,0.4914
F_median_3d_F8,all,None,XGBoost,0.88,0.6894,0.52,0.4914
F_de_3d_Cz,alpha,None,Ensemble (Majority Vote),0.7467,0.623,0.49,0.4914
F_de_3d_3area,all,None,Random Forest,0.7733,0.6977,0.53,0.4914
F_peak_3d_2area,delta,None,KNN,0.98,0.726,0.44,0.4914
F_peak_3d,theta,norm2,Random Forest,0.8533,0.669,0.49,0.4914
F_de_3d_2area,theta,norm3,XGBoost,0.64,0.5818,0.5,0.4914
F_de_3d_F3,beta,norm2,XGBoost,0.5867,0.5526,0.46,0.4914
F_rasm_3d,beta,None,XGBoost,0.9333,0.6913,0.47,0.4914
F_peak_3d,theta,None,Random Forest,0.8067,0.6674,0.53,0.4914
F_de_3d_F7,gamma,None,Random Forest,0.6667,0.617,0.5,0.4914
F_dasm_3d19,delta,None,Logistic Regression,0.6467,0.6034,0.52,0.4914
F_peak_3d,gamma,norm2,Random Forest,0.9067,0.677,0.51,0.4914
F_de_3d_2area,beta,norm3,KNN,0.9733,0.6982,0.47,0.4914
F_dasm_3d19,delta,None,Random Forest,0.8267,0.7103,0.49,0.4914
F_de_3d_2area,alpha,norm3,XGBoost,0.6533,0.5943,0.52,0.4914
F_peak_3d19,delta,norm3,Random Forest,0.88,0.7085,0.5,0.4914
F_de_3d_F7,gamma,norm2,XGBoost,0.6533,0.5602,0.5,0.4914
F_de_3d_2area,all,norm2,Linear SVM,0.5733,0.5067,0.49,0.4914
F_de_3d19,all,norm2,Linear SVM,0.5933,0.5122,0.48,0.4914
F_peak_3d_1area,delta,None,KNN,0.9667,0.6874,0.49,0.4914
F_dasm_3d19,gamma,norm2,KNN,0.9867,0.714,0.5,0.4914
F_median_3d_Fp1,gamma,norm3,KNN,0.9933,0.6906,0.45,0.4914
F_rasm_3d_8rm,delta,norm2,Ensemble (Majority Vote),0.7933,0.6867,0.49,0.4914
F_de_3d_F7,gamma,norm3,XGBoost,0.6533,0.5602,0.5,0.4914
F_dasm_3d_8rm,delta,None,Linear SVM,0.66,0.5989,0.5,0.4914
F_mean_3d_Cz,all,norm2,XGBoost,0.9133,0.6448,0.49,0.4914
F_mean_3d_1area,beta,norm3,KNN,0.9533,0.686,0.51,0.4914
F_peak_3d_F4,delta,None,KNN,0.9733,0.7,0.44,0.4914
F_median_3d_C3,all,None,KNN,0.9933,0.7524,0.48,0.4914
F_peak_3d_Cz,beta,None,Random Forest,0.6333,0.6014,0.48,0.4914
F_median_3d_F4,alpha,norm3,Linear SVM,0.48,0.5005,0.48,0.4914
F_median_3d_F3,alpha,norm2,XGBoost,0.5467,0.5497,0.47,0.4914
F_mean_3d_Fp2,gamma,norm2,Ensemble (Majority Vote),0.76,0.6255,0.46,0.4914
F_mean_3d_Fp2,gamma,norm3,Ensemble (Majority Vote),0.76,0.6255,0.46,0.4914
F_peak_3d_Fz,all,norm3,XGBoost,0.8867,0.6883,0.44,0.4914
F_mean_3d_1area,alpha,norm3,XGBoost,0.6067,0.549,0.51,0.4914
F_mean_3d_F3,all,None,Random Forest,0.7733,0.6632,0.51,0.4914
F_mean_3d_1area,beta,norm2,KNN,0.9533,0.686,0.51,0.4914
F_mean_3d_F7,alpha,norm3,Random Forest,0.78,0.5862,0.47,0.4914
F_mean_3d,theta,norm3,Logistic Regression,0.6533,0.5924,0.52,0.4914
F_median_3d_C3,alpha,None,XGBoost,0.6133,0.5802,0.51,0.4914
F_mean_3d_C4,beta,norm2,XGBoost,0.6467,0.5547,0.52,0.4914
F_mean_3d,theta,norm2,KNN,0.9733,0.6883,0.5,0.4914
F_median_3d_1area,theta,norm3,KNN,0.9867,0.6949,0.48,0.4914
F_median_3d_1area,theta,norm2,KNN,0.9867,0.6949,0.48,0.4914
F_peak_3d_F8,all,None,Logistic Regression,0.6,0.5708,0.49,0.4914
F_median_3d_Cz,theta,norm3,XGBoost,0.62,0.5556,0.46,0.4914
F_median_3d_Cz,theta,norm2,XGBoost,0.62,0.5556,0.46,0.4914
F_mean_3d_2area,alpha,None,Random Forest,0.64,0.6138,0.49,0.4914
F_mean_3d_Cz,all,norm3,KNN,0.9667,0.7182,0.43,0.4914
F_median_3d_1area,delta,None,Ensemble (Majority Vote),0.7733,0.6223,0.47,0.4914
F_mean_3d_2area,alpha,None,XGBoost,0.74,0.6083,0.5,0.4914
F_mean_3d_2area,alpha,norm2,Ensemble (Majority Vote),0.72,0.6122,0.49,0.4914
F_peak_3d_F8,beta,None,Linear SVM,0.52,0.5168,0.49,0.4914
F_peak_3d_F4,gamma,None,XGBoost,0.6333,0.589,0.51,0.4914
F_median_3d_F4,alpha,norm2,Linear SVM,0.48,0.5005,0.48,0.4914
F_mean_3d_F3,alpha,norm2,KNN,0.9867,0.6853,0.49,0.4914
F_median_3d_F3,alpha,norm3,XGBoost,0.5467,0.5497,0.47,0.4914
F_mean_3d_10rm,delta,None,XGBoost,0.8667,0.7278,0.52,0.4914
F_mean_3d_10rm,delta,None,Logistic Regression,0.6933,0.6023,0.45,0.4914
F_mean_3d_F7,gamma,norm2,Ensemble (Majority Vote),0.8067,0.6237,0.48,0.4914
F_mean_3d_F7,gamma,norm3,Ensemble (Majority Vote),0.8067,0.6237,0.48,0.4914
F_peak_3d_F7,gamma,None,Ensemble (Majority Vote),0.7733,0.6347,0.49,0.4914
F_median_3d_F3,gamma,norm2,XGBoost,0.6133,0.5524,0.5,0.4914
F_peak_3d_Cz,all,None,Logistic Regression,0.6133,0.5632,0.51,0.4914
F_median_3d_F3,gamma,norm3,XGBoost,0.6133,0.5524,0.5,0.4914
F_mean_3d_10rm,alpha,norm3,KNN,0.9667,0.7423,0.51,0.4914
F_mean_3d_10rm,gamma,norm3,XGBoost,0.8,0.6982,0.46,0.4914
F_mean_3d_Fp1,alpha,norm2,KNN,0.98,0.6862,0.46,0.4914
F_mean_3d_Fp1,alpha,norm3,KNN,0.98,0.6862,0.46,0.4914
F_peak_3d_C4,gamma,norm3,Random Forest,0.8,0.5885,0.51,0.4914
F_peak_3d_C4,gamma,norm2,Random Forest,0.8,0.5885,0.51,0.4914
F_median_3d_8rm,gamma,norm3,XGBoost,0.8333,0.6963,0.52,0.4914
F_mean_3d19,theta,norm2,Random Forest,0.8733,0.6708,0.5,0.4914
F_median_3d_2area,gamma,norm2,XGBoost,0.8267,0.5998,0.49,0.4914
F_peak_3d_F7,theta,None,XGBoost,0.6733,0.5869,0.49,0.4914
F_mean_3d19,gamma,norm2,KNN,0.9533,0.6989,0.45,0.4914
F_mean_3d_Fp2,alpha,norm2,Ensemble (Majority Vote),0.74,0.6067,0.5,0.4914
F_mean_3d19,gamma,None,Logistic Regression,0.66,0.6163,0.49,0.4914
F_mean_3d_F3,alpha,norm3,KNN,0.9867,0.6853,0.49,0.4914
F_mean_3d_Fp2,alpha,norm3,Ensemble (Majority Vote),0.74,0.6067,0.5,0.4914
F_peak_3d_F4,theta,None,KNN,0.98,0.6961,0.42,0.4914
F_mean_3d_1area,alpha,norm2,XGBoost,0.6067,0.549,0.51,0.4914
F_mean_3d_C4,beta,norm3,XGBoost,0.6467,0.5547,0.52,0.4914
F_mean_3d_F7,alpha,norm2,Random Forest,0.78,0.5862,0.47,0.4914
F_de_3d_T8,gamma,None,XGBoost,0.6867,0.5908,0.49,0.4914
F_mean_3d_T8,delta,norm3,Random Forest,0.7333,0.5862,0.46,0.4914
F_median_3d_10rm,all,norm2,Linear SVM,0.5067,0.5,0.48,0.4914
F_median_3d19,beta,None,KNN,0.9867,0.8113,0.48,0.4914
F_de_3d_T8,delta,norm3,XGBoost,0.6,0.5453,0.46,0.4914
F_peak_3d_F3,delta,None,KNN,0.9667,0.7025,0.46,0.4914
F_mean_3d_3area,all,norm2,Linear SVM,0.48,0.5028,0.46,0.4914
F_median_3d_F7,all,None,Linear SVM,0.66,0.5972,0.46,0.4914
F_mean_3d_8rm,delta,norm2,Linear SVM,0.5067,0.4982,0.54,0.4914
F_median_3d_10rm,gamma,norm3,KNN,0.9933,0.7634,0.49,0.4914
F_median_3d_C4,gamma,None,XGBoost,0.6133,0.5814,0.51,0.4914
F_peak_3d_Fz,theta,norm2,XGBoost,0.7533,0.5582,0.5,0.4914
F_mean_3d_T8,delta,norm2,Random Forest,0.7333,0.5862,0.46,0.4914
F_median_3d19,theta,norm2,Random Forest,0.9,0.6823,0.54,0.4914
F_mean_3d_2area,theta,norm2,XGBoost,0.7067,0.5694,0.46,0.4914
F_median_3d_Cz,alpha,None,Random Forest,0.7333,0.5956,0.5,0.4914
F_median_3d_C4,gamma,norm3,Ensemble (Majority Vote),0.6867,0.6138,0.45,0.4914
F_peak_3d_F3,all,None,Ensemble (Majority Vote),0.82,0.708,0.49,0.4914
F_peak_3d_C3,theta,None,Ensemble (Majority Vote),0.7867,0.6333,0.45,0.4914
F_de_3d_T8,delta,norm2,XGBoost,0.6,0.5453,0.46,0.4914
F_peak_3d_Fz,theta,norm3,XGBoost,0.7533,0.5582,0.5,0.4914
F_median_3d_C4,gamma,norm2,Ensemble (Majority Vote),0.6867,0.6138,0.45,0.4914
F_peak_3d_F3,all,norm2,KNN,0.9667,0.6993,0.48,0.4914
F_de_3d_C4,theta,None,Logistic Regression,0.52,0.5216,0.49,0.4914
F_median_3d_10rm,alpha,norm2,Ensemble (Majority Vote),0.8467,0.6768,0.49,0.4914
F_mean_3d19,gamma,norm3,XGBoost,0.88,0.7761,0.53,0.4914
F_de_3d,theta,norm3,Logistic Regression,0.64,0.5936,0.47,0.4914
F_de_3d_F3,gamma,None,Linear SVM,0.56,0.523,0.51,0.4914
F_median_3d_F7,alpha,norm2,Ensemble (Majority Vote),0.8067,0.6216,0.44,0.4914
F_peak_3d_F7,theta,norm2,XGBoost,0.54,0.5393,0.5,0.4914
F_median_3d_T7,theta,norm2,Ensemble (Majority Vote),0.7267,0.6195,0.45,0.4914
F_median_3d_T7,theta,norm3,Ensemble (Majority Vote),0.7267,0.6195,0.45,0.4914
F_rasm_3d19,theta,norm2,XGBoost,1.0,0.8198,0.42,0.4914
F_median_3d_3area,gamma,norm3,Ensemble (Majority Vote),0.7133,0.6389,0.54,0.4914
F_median_3d_Fp1,all,norm2,KNN,0.9667,0.697,0.47,0.4914
F_de_3d_F3,theta,norm2,KNN,0.9867,0.688,0.51,0.4914
F_median_3d19,theta,norm2,XGBoost,0.96,0.7324,0.51,0.4914
F_mean_3d_10rm,delta,norm3,Random Forest,0.84,0.6669,0.51,0.4914
F_de_3d_Fp1,all,None,Linear SVM,0.6267,0.5756,0.49,0.4914
F_de_3d_Fp1,gamma,None,KNN,0.98,0.7124,0.49,0.4914
F_de_3d_10rm,delta,norm3,Logistic Regression,0.72,0.6315,0.5,0.4914
F_mean_3d_F8,gamma,norm2,XGBoost,0.58,0.5469,0.5,0.4914
F_de_3d_Fp2,all,None,Random Forest,0.7733,0.6676,0.48,0.4914
F_mean_3d_F8,gamma,norm3,XGBoost,0.58,0.5469,0.5,0.4914
F_median_3d_F7,alpha,norm3,Ensemble (Majority Vote),0.8067,0.6216,0.44,0.4914
F_mean_3d_8rm,beta,None,Linear SVM,0.6133,0.5703,0.5,0.4914
F_peak_3d_F7,theta,norm3,XGBoost,0.54,0.5393,0.5,0.4914
F_peak_3d_F7,all,norm2,KNN,0.9933,0.7018,0.47,0.4914
F_de_3d_F3,theta,norm3,KNN,0.9867,0.688,0.51,0.4914
F_mean_3d_Fz,all,None,KNN,0.9667,0.7448,0.52,0.4914
F_de_3d_F3,alpha,None,Random Forest,0.6133,0.5853,0.5,0.4914
F_median_3d_1area,delta,None,XGBoost,0.6733,0.5786,0.48,0.4914
F_median_3d_C4,delta,None,Ensemble (Majority Vote),0.7,0.6202,0.53,0.4914
F_rasm_3d_8rm,all,norm2,Linear SVM,0.4733,0.4989,0.47,0.4914
F_mean_3d_T8,all,norm3,Ensemble (Majority Vote),0.76,0.6471,0.54,0.4914
F_median_3d_T7,all,None,XGBoost,0.8733,0.6848,0.52,0.4914
F_mean_3d_1area,delta,None,XGBoost,0.6333,0.5809,0.49,0.4914
F_mean_3d_T7,theta,norm3,Random Forest,0.7867,0.5954,0.46,0.4914
F_dasm_3d_8rm,delta,None,XGBoost,0.8133,0.6846,0.49,0.4914
F_peak_3d_2area,beta,norm2,Ensemble (Majority Vote),0.8267,0.6363,0.49,0.4914
F_mean_3d_T7,theta,norm2,Random Forest,0.7867,0.5954,0.46,0.4914
F_de_3d_C3,all,norm3,Logistic Regression,0.64,0.5779,0.46,0.49
F_median_3d_T8,alpha,norm3,XGBoost,0.54,0.5531,0.5,0.49
F_mean_3d_F4,beta,norm2,KNN,0.9867,0.6795,0.51,0.49
F_mean_3d_2area,gamma,None,XGBoost,0.7267,0.6211,0.51,0.49
F_median_3d_T8,alpha,norm2,XGBoost,0.54,0.5531,0.5,0.49
F_peak_3d_F7,gamma,norm2,Ensemble (Majority Vote),0.6467,0.5949,0.48,0.49
F_median_3d_T8,beta,norm2,Linear SVM,0.5267,0.5014,0.53,0.49
F_mean_3d_Cz,beta,None,KNN,0.9733,0.6869,0.49,0.49
F_peak_3d_Fp2,delta,norm3,XGBoost,0.62,0.5543,0.47,0.49
F_median_3d_T7,all,norm3,Logistic Regression,0.5867,0.56,0.5,0.49
F_median_3d_8rm,beta,norm2,Random Forest,0.8333,0.6411,0.45,0.49
F_median_3d_C4,beta,None,Ensemble (Majority Vote),0.6733,0.6016,0.47,0.49
F_mean_3d_F4,beta,norm3,KNN,0.9867,0.6795,0.51,0.49
F_de_3d_3area,delta,None,Logistic Regression,0.5467,0.5402,0.47,0.49
F_mean_3d_C3,theta,None,Logistic Regression,0.52,0.5126,0.5,0.49
F_peak_3d_8rm,all,norm3,KNN,0.9933,0.8501,0.46,0.49
F_mean_3d_10rm,delta,norm3,Linear SVM,0.7267,0.6131,0.48,0.49
F_peak_3d_C3,gamma,norm2,Linear SVM,0.4867,0.4998,0.52,0.49
F_median_3d_Fp2,beta,norm3,Ensemble (Majority Vote),0.74,0.6189,0.5,0.49
F_median_3d_Fp2,all,norm2,KNN,0.98,0.6844,0.49,0.49
F_median_3d_8rm,alpha,norm2,Linear SVM,0.48,0.5021,0.48,0.49
F_mean_3d_C4,gamma,None,Ensemble (Majority Vote),0.7733,0.6416,0.47,0.49
F_median_3d_Fp2,all,norm2,Random Forest,0.9267,0.6701,0.45,0.49
F_de_3d_Fp1,all,None,Logistic Regression,0.6533,0.577,0.48,0.49
F_median_3d_T8,beta,norm3,Linear SVM,0.5267,0.5014,0.53,0.49
F_de_3d_Fp1,all,norm3,Logistic Regression,0.5933,0.5662,0.48,0.49
F_median_3d_Cz,alpha,None,Logistic Regression,0.56,0.5324,0.45,0.49
F_mean_3d_8rm,alpha,norm2,XGBoost,0.8267,0.6595,0.48,0.49
F_rasm_3d19,beta,norm3,XGBoost,0.9533,0.8278,0.5,0.49
F_de_3d_3area,delta,norm2,XGBoost,0.6867,0.5756,0.5,0.49
F_peak_3d_F7,gamma,norm3,Ensemble (Majority Vote),0.6467,0.5949,0.48,0.49
F_median_3d_Fp1,beta,None,XGBoost,0.6333,0.5943,0.46,0.49
F_de_3d_C3,beta,norm3,Ensemble (Majority Vote),0.7067,0.6106,0.43,0.49
F_de_3d_8rm,theta,norm2,Linear SVM,0.5067,0.5071,0.44,0.49
F_median_3d_Fp2,theta,None,Ensemble (Majority Vote),0.6933,0.6126,0.49,0.49
F_mean_3d_1area,all,None,KNN,0.9933,0.768,0.48,0.49
F_peak_3d_C3,gamma,norm3,Linear SVM,0.4867,0.4998,0.52,0.49
F_mean_3d_Cz,theta,norm3,Random Forest,0.7933,0.5837,0.51,0.49
F_mean_3d_F3,all,None,Logistic Regression,0.5933,0.5747,0.52,0.49
F_de_3d_Cz,gamma,norm3,XGBoost,0.7,0.5639,0.48,0.49
F_mean_3d_1area,alpha,norm2,Random Forest,0.7533,0.5876,0.47,0.49
F_rasm_3d,alpha,norm2,Linear SVM,0.52,0.5007,0.44,0.49
F_mean_3d_Cz,theta,norm2,Random Forest,0.7933,0.5837,0.51,0.49
F_median_3d_Fp2,alpha,norm3,Linear SVM,0.48,0.4968,0.46,0.49
F_rasm_3d,all,norm2,KNN,0.98,0.7251,0.46,0.49
F_median_3d_F3,alpha,norm2,Linear SVM,0.48,0.5007,0.48,0.49
F_mean_3d_1area,alpha,norm3,Random Forest,0.7533,0.5876,0.47,0.49
F_de_3d_C3,all,norm3,Random Forest,0.8133,0.671,0.49,0.49
F_median_3d_F3,alpha,norm3,Linear SVM,0.48,0.5007,0.48,0.49
F_median_3d_Fp2,alpha,norm2,Linear SVM,0.48,0.4968,0.46,0.49
F_de_3d_C3,beta,norm2,Ensemble (Majority Vote),0.7067,0.6106,0.43,0.49
F_de_3d_Cz,gamma,norm3,Random Forest,0.7867,0.5938,0.45,0.49
F_de_3d_Cz,gamma,norm2,XGBoost,0.7,0.5639,0.48,0.49
F_peak_3d_Fp2,delta,norm2,Linear SVM,0.4733,0.4977,0.52,0.49
F_median_3d_T7,theta,norm3,Random Forest,0.82,0.6007,0.47,0.49
F_median_3d_Fp2,beta,norm2,Ensemble (Majority Vote),0.74,0.6189,0.5,0.49
F_mean_3d_2area,gamma,norm2,KNN,0.9867,0.7005,0.5,0.49
F_peak_3d_Fp2,delta,norm3,Linear SVM,0.4733,0.4977,0.52,0.49
F_median_3d_T7,theta,norm2,Random Forest,0.82,0.6007,0.47,0.49
F_peak_3d_3area,theta,norm3,KNN,0.9333,0.7016,0.49,0.49
F_mean_3d_C3,all,None,Logistic Regression,0.5667,0.5618,0.5,0.49
F_de_3d_Cz,gamma,norm2,Random Forest,0.7867,0.5938,0.45,0.49
F_median_3d_T7,gamma,None,XGBoost,0.6467,0.5894,0.5,0.49
F_de_3d_8rm,gamma,norm2,Random Forest,0.8733,0.6586,0.49,0.49
F_median_3d_Fp1,delta,None,KNN,0.96,0.6945,0.51,0.49
F_rasm_3d19,all,norm2,KNN,0.9867,0.7336,0.5,0.49
F_peak_3d_Fp1,gamma,None,KNN,0.9733,0.7067,0.51,0.49
F_peak_3d_Fp2,delta,norm2,XGBoost,0.62,0.5543,0.47,0.49
F_peak_3d_8rm,delta,norm2,Ensemble (Majority Vote),0.8467,0.6738,0.5,0.49
F_median_3d_C4,all,norm2,Linear SVM,0.5,0.5023,0.48,0.49
F_peak_3d_C3,all,norm3,Random Forest,0.78,0.666,0.5,0.49
F_median_3d_T8,gamma,None,Linear SVM,0.4933,0.5103,0.49,0.49
F_mean_3d_Fp2,beta,norm3,Linear SVM,0.5067,0.5028,0.46,0.49
F_dasm_3d_3area,all,norm2,Ensemble (Majority Vote),0.8733,0.6747,0.45,0.49
F_peak_3d_10rm,gamma,norm2,Linear SVM,0.5067,0.5014,0.46,0.49
F_mean_3d,beta,norm2,XGBoost,0.86,0.6936,0.41,0.49
F_peak_3d_Fz,gamma,norm2,KNN,0.9867,0.6841,0.44,0.49
F_peak_3d_10rm,delta,norm3,XGBoost,0.9067,0.7393,0.46,0.49
F_peak_3d_10rm,delta,norm2,Linear SVM,0.5267,0.5113,0.46,0.49
F_median_3d_1area,delta,None,Linear SVM,0.5333,0.514,0.48,0.49
F_median_3d_1area,delta,None,Logistic Regression,0.5333,0.514,0.48,0.49
F_de_3d_T7,all,norm3,Random Forest,0.78,0.6609,0.51,0.49
F_mean_3d_Fz,theta,norm3,Ensemble (Majority Vote),0.6733,0.6018,0.51,0.49
F_mean_3d_Fz,theta,norm2,Ensemble (Majority Vote),0.6733,0.6018,0.51,0.49
F_dasm_3d_8rm,alpha,norm2,XGBoost,0.8,0.612,0.48,0.49
F_dasm_3d_8rm,beta,None,XGBoost,0.78,0.6572,0.49,0.49
F_dasm_3d_8rm,beta,norm2,KNN,0.9667,0.6966,0.53,0.49
F_peak_3d_10rm,all,norm3,Linear SVM,0.88,0.7416,0.48,0.49
F_mean_3d_10rm,delta,norm3,Ensemble (Majority Vote),0.8533,0.703,0.5,0.49
F_peak_3d_10rm,all,norm2,Ensemble (Majority Vote),0.96,0.8016,0.49,0.49
F_mean_3d19,alpha,norm3,Linear SVM,0.7533,0.6471,0.48,0.49
F_dasm_3d_8rm,theta,norm2,Linear SVM,0.4667,0.497,0.46,0.49
F_mean_3d_Fp2,theta,norm3,KNN,0.9733,0.6903,0.42,0.49
F_mean_3d_Fp2,theta,norm2,KNN,0.9733,0.6903,0.42,0.49
F_mean_3d_Fp2,delta,norm3,Ensemble (Majority Vote),0.8067,0.608,0.51,0.49
F_mean_3d_Fp2,delta,norm2,Ensemble (Majority Vote),0.8067,0.608,0.51,0.49
F_mean_3d_T8,beta,norm2,Linear SVM,0.52,0.5044,0.46,0.49
F_mean_3d,alpha,norm2,Linear SVM,0.4933,0.4922,0.5,0.49
F_mean_3d_T8,beta,norm3,Linear SVM,0.52,0.5044,0.46,0.49
F_de_3d_T7,theta,None,Logistic Regression,0.54,0.5241,0.49,0.49
F_dasm_3d,alpha,norm3,XGBoost,0.9133,0.7207,0.45,0.49
F_median_3d_F7,alpha,norm3,Random Forest,0.8267,0.5952,0.42,0.49
F_median_3d_F7,alpha,norm2,Random Forest,0.8267,0.5952,0.42,0.49
F_median_3d_10rm,all,norm2,Ensemble (Majority Vote),0.9667,0.7802,0.45,0.49
F_peak_3d_F3,beta,norm2,KNN,0.9867,0.6915,0.48,0.49
F_peak_3d_F3,beta,norm3,KNN,0.9867,0.6915,0.48,0.49
F_median_3d,theta,norm3,KNN,0.9733,0.7561,0.46,0.49
F_median_3d,gamma,norm3,Linear SVM,0.7333,0.6343,0.49,0.49
F_peak_3d_C3,all,norm2,Linear SVM,0.5067,0.5071,0.49,0.49
F_dasm_3d19,delta,None,Ensemble (Majority Vote),0.8533,0.72,0.49,0.49
F_peak_3d_F3,all,None,Linear SVM,0.62,0.5924,0.45,0.49
F_de_3d_T7,beta,norm2,Linear SVM,0.5067,0.5103,0.48,0.49
F_peak_3d_F3,all,None,KNN,0.98,0.7779,0.45,0.49
F_median_3d_10rm,gamma,norm2,XGBoost,0.9267,0.6828,0.44,0.49
F_dasm_3d_10rm,beta,norm2,Linear SVM,0.4533,0.4995,0.44,0.49
F_dasm_3d_10rm,delta,norm3,XGBoost,0.8267,0.7087,0.44,0.49
F_median_3d_10rm,theta,norm2,Linear SVM,0.4867,0.4975,0.45,0.49
F_mean_3d,all,norm2,XGBoost,0.9933,0.8451,0.5,0.49
F_median_3d_F7,all,None,XGBoost,0.88,0.7205,0.53,0.49
F_peak_3d_Fz,gamma,norm3,KNN,0.9867,0.6841,0.44,0.49
F_peak_3d_10rm,theta,norm3,Linear SVM,0.6467,0.5832,0.52,0.49
F_de_3d_T7,beta,norm3,Linear SVM,0.5067,0.5103,0.48,0.49
F_de_3d,beta,norm2,Random Forest,0.86,0.6674,0.49,0.49
F_peak_3d,delta,None,KNN,0.9733,0.8189,0.5,0.49
F_peak_3d_F4,gamma,norm2,KNN,0.9733,0.6929,0.48,0.49
F_de_3d19,gamma,norm3,Linear SVM,0.7467,0.6492,0.49,0.49
F_de_3d_1area,delta,norm2,KNN,0.9867,0.6766,0.48,0.49
F_rasm_3d_10rm,beta,norm2,Ensemble (Majority Vote),0.8533,0.7301,0.5,0.49
F_mean_3d_Fp1,gamma,None,Ensemble (Majority Vote),0.7533,0.6467,0.43,0.49
F_peak_3d_Cz,all,norm2,Random Forest,0.9067,0.6715,0.44,0.49
F_median_3d_2area,theta,norm3,Random Forest,0.8133,0.6016,0.49,0.49
F_peak_3d,theta,norm2,KNN,0.9533,0.7048,0.51,0.49
F_peak_3d_8rm,gamma,norm2,XGBoost,0.7867,0.6345,0.42,0.49
F_peak_3d_T7,gamma,norm3,Linear SVM,0.5,0.5005,0.47,0.49
F_peak_3d,theta,None,XGBoost,0.9,0.7416,0.47,0.49
F_de_3d_Fp2,delta,norm2,KNN,0.9733,0.6878,0.43,0.49
F_mean_3d_Fp2,beta,norm2,Linear SVM,0.5067,0.5028,0.46,0.49
F_peak_3d_3area,beta,norm2,Linear SVM,0.5133,0.4959,0.51,0.49
F_de_3d_F4,beta,None,Ensemble (Majority Vote),0.78,0.629,0.51,0.49
F_median_3d_3area,all,norm3,Ensemble (Majority Vote),0.8867,0.737,0.51,0.49
F_median_3d_3area,alpha,None,Ensemble (Majority Vote),0.7867,0.6522,0.51,0.49
F_rasm_3d_10rm,gamma,norm2,KNN,0.94,0.7524,0.49,0.49
F_peak_3d_Fp2,theta,None,KNN,0.9933,0.7053,0.5,0.49
F_peak_3d,delta,norm2,Random Forest,0.92,0.6641,0.46,0.49
F_mean_3d_Fp1,gamma,norm2,Ensemble (Majority Vote),0.7067,0.6062,0.5,0.49
F_de_3d_10rm,delta,norm2,Ensemble (Majority Vote),0.84,0.6869,0.48,0.49
F_de_3d_Fp2,delta,norm3,KNN,0.9733,0.6878,0.43,0.49
F_peak_3d_T7,gamma,norm2,Linear SVM,0.5,0.5005,0.47,0.49
F_peak_3d_F4,gamma,norm3,KNN,0.9733,0.6929,0.48,0.49
F_peak_3d_C3,beta,None,XGBoost,0.68,0.5837,0.5,0.49
F_de_3d_2area,alpha,norm3,Logistic Regression,0.5667,0.5345,0.48,0.49
F_peak_3d_Cz,all,None,Linear SVM,0.62,0.5664,0.53,0.49
F_peak_3d,all,norm2,KNN,0.98,0.7522,0.5,0.49
F_mean_3d_Fp2,alpha,norm3,Linear SVM,0.5133,0.503,0.49,0.49
F_de_3d19,all,norm3,KNN,0.9867,0.8432,0.55,0.49
F_mean_3d_Fp2,alpha,norm2,Linear SVM,0.5133,0.503,0.49,0.49
F_mean_3d_Fp2,all,norm2,XGBoost,0.9267,0.648,0.44,0.49
F_median_3d_3area,gamma,None,Random Forest,0.7,0.6257,0.48,0.49
F_mean_3d_Fp1,gamma,norm3,Ensemble (Majority Vote),0.7067,0.6062,0.5,0.49
F_de_3d_1area,delta,norm3,KNN,0.9867,0.6766,0.48,0.49
F_median_3d_C4,gamma,norm3,KNN,1.0,0.6945,0.47,0.49
F_dasm_3d_10rm,all,None,Logistic Regression,0.7,0.6471,0.51,0.49
F_mean_3d_8rm,beta,norm2,Ensemble (Majority Vote),0.8533,0.6676,0.51,0.49
F_mean_3d_F4,gamma,None,Random Forest,0.66,0.6009,0.48,0.49
F_dasm_3d_10rm,gamma,None,Ensemble (Majority Vote),0.82,0.7002,0.47,0.49
F_median_3d19,theta,norm2,KNN,0.9267,0.6945,0.45,0.49
F_dasm_3d19,alpha,norm2,Linear SVM,0.5533,0.5189,0.45,0.49
F_mean_3d_F4,beta,norm2,Random Forest,0.8333,0.5908,0.45,0.49
F_dasm_3d,gamma,norm3,Logistic Regression,0.6133,0.5894,0.48,0.49
F_median_3d19,theta,norm3,XGBoost,0.9733,0.7883,0.48,0.49
F_median_3d_C4,gamma,norm2,KNN,1.0,0.6945,0.47,0.49
F_mean_3d_F8,all,norm3,XGBoost,0.9,0.672,0.5,0.49
F_mean_3d_F4,beta,norm3,Random Forest,0.8333,0.5908,0.45,0.49
F_dasm_3d_10rm,gamma,norm3,Random Forest,0.7467,0.6648,0.46,0.49
F_median_3d_Fp2,theta,None,Linear SVM,0.54,0.5246,0.49,0.49
F_dasm_3d19,theta,None,Logistic Regression,0.66,0.5922,0.48,0.49
F_median_3d_10rm,beta,norm2,XGBoost,0.8,0.6474,0.53,0.49
F_median_3d_3area,beta,None,Random Forest,0.66,0.6166,0.45,0.49
F_peak_3d_F3,all,None,Random Forest,0.7667,0.6786,0.49,0.49
F_median_3d_Fp2,theta,None,Logistic Regression,0.5333,0.5234,0.49,0.49
F_median_3d_3area,delta,None,KNN,0.96,0.7037,0.47,0.49
F_peak_3d_8rm,all,norm2,XGBoost,0.9933,0.8124,0.46,0.49
F_de_3d_10rm,delta,None,Ensemble (Majority Vote),0.84,0.7163,0.48,0.49
F_dasm_3d_3area,gamma,norm2,Linear SVM,0.4933,0.4989,0.45,0.49
F_peak_3d19,delta,norm3,KNN,0.9933,0.811,0.49,0.49
F_median_3d_2area,beta,None,XGBoost,0.7133,0.6202,0.48,0.49
F_peak_3d_C4,delta,norm3,XGBoost,0.58,0.5485,0.48,0.49
F_mean_3d_Fp2,gamma,norm2,XGBoost,0.6,0.5457,0.46,0.49
F_mean_3d_Fp2,gamma,norm3,XGBoost,0.6,0.5457,0.46,0.49
F_mean_3d_Fp2,theta,norm2,Ensemble (Majority Vote),0.66,0.6278,0.45,0.49
F_mean_3d_F3,all,None,XGBoost,0.8333,0.7023,0.46,0.49
F_mean_3d_Fp2,theta,norm3,Ensemble (Majority Vote),0.66,0.6278,0.45,0.49
F_median_3d_2area,all,norm2,KNN,0.9733,0.6956,0.48,0.49
F_median_3d_2area,gamma,norm3,Ensemble (Majority Vote),0.76,0.6306,0.52,0.49
F_mean_3d_Fp1,gamma,None,KNN,0.9733,0.7016,0.44,0.49
F_de_3d_8rm,gamma,norm2,Ensemble (Majority Vote),0.7867,0.6575,0.47,0.49
F_dasm_3d_3area,gamma,norm3,Linear SVM,0.4933,0.4989,0.45,0.49
F_rasm_3d_3area,alpha,None,Ensemble (Majority Vote),0.82,0.6361,0.53,0.49
F_median_3d_10rm,theta,norm3,KNN,0.9867,0.7536,0.48,0.49
F_de_3d_C4,all,norm3,KNN,0.9667,0.7349,0.48,0.49
F_de_3d19,gamma,None,KNN,0.9867,0.8154,0.48,0.49
F_median_3d_Fz,theta,None,Logistic Regression,0.5467,0.532,0.49,0.49
F_mean_3d_Fp1,beta,None,Logistic Regression,0.5733,0.5384,0.48,0.49
F_mean_3d_Cz,all,None,Logistic Regression,0.6333,0.5791,0.51,0.49
F_rasm_3d,delta,norm3,Ensemble (Majority Vote),0.92,0.7545,0.48,0.49
F_mean_3d_C4,delta,None,Random Forest,0.72,0.6039,0.49,0.49
F_peak_3d_2area,beta,norm3,KNN,0.98,0.6968,0.51,0.49
F_median_3d_8rm,delta,None,XGBoost,0.8533,0.7051,0.48,0.49
F_mean_3d_C3,theta,norm3,KNN,0.9667,0.6883,0.49,0.49
F_de_3d19,theta,None,XGBoost,0.92,0.7736,0.5,0.49
F_mean_3d_C3,theta,norm2,KNN,0.9667,0.6883,0.49,0.49
F_mean_3d_T8,delta,None,KNN,0.98,0.691,0.5,0.49
F_peak_3d_C4,delta,norm2,XGBoost,0.58,0.5485,0.48,0.49
F_median_3d_8rm,gamma,norm3,Ensemble (Majority Vote),0.86,0.6931,0.48,0.49
F_de_3d_Fp1,alpha,None,XGBoost,0.62,0.588,0.54,0.49
F_de_3d_F7,all,norm3,Random Forest,0.7867,0.6644,0.46,0.49
F_mean_3d,all,norm3,XGBoost,0.9733,0.8816,0.45,0.49
F_peak_3d_T8,gamma,norm2,Ensemble (Majority Vote),0.6067,0.6087,0.48,0.49
F_peak_3d_T8,all,norm3,Random Forest,0.8267,0.6743,0.53,0.49
F_de_3d_Fz,all,None,Linear SVM,0.66,0.5844,0.46,0.49
F_peak_3d_T8,gamma,norm3,Ensemble (Majority Vote),0.6067,0.6087,0.48,0.49
F_median_3d_F7,alpha,None,XGBoost,0.6467,0.5807,0.48,0.49
F_de_3d_Fp1,delta,None,KNN,0.98,0.6952,0.42,0.49
F_peak_3d_T7,gamma,norm3,XGBoost,0.5867,0.5333,0.49,0.49
F_median_3d_F7,delta,None,Logistic Regression,0.54,0.5363,0.49,0.49
F_peak_3d_T7,delta,None,KNN,0.9533,0.6956,0.48,0.49
F_mean_3d19,theta,norm2,Linear SVM,0.52,0.5051,0.43,0.49
F_mean_3d19,all,norm2,XGBoost,1.0,0.8713,0.48,0.49
F_mean_3d19,theta,None,XGBoost,0.94,0.7708,0.5,0.49
F_peak_3d_T7,gamma,norm2,XGBoost,0.5867,0.5333,0.49,0.49
F_peak_3d_8rm,all,norm3,Random Forest,0.88,0.7591,0.5,0.4886
F_median_3d_C4,all,norm3,Logistic Regression,0.6533,0.5853,0.46,0.4886
F_peak_3d_1area,all,norm2,Linear SVM,0.4867,0.5016,0.51,0.4886
F_median_3d_8rm,gamma,None,KNN,0.9733,0.7623,0.48,0.4886
F_mean_3d_F8,theta,norm3,Linear SVM,0.5,0.4952,0.47,0.4886
F_de_3d_F8,delta,norm2,Random Forest,0.7533,0.5954,0.49,0.4886
F_de_3d_Fp2,alpha,norm3,KNN,0.9533,0.6805,0.45,0.4886
F_median_3d_10rm,all,None,Ensemble (Majority Vote),0.9067,0.8205,0.45,0.4886
F_median_3d_F7,alpha,norm2,KNN,0.9933,0.6929,0.48,0.4886
F_median_3d_F7,alpha,norm3,KNN,0.9933,0.6929,0.48,0.4886
F_mean_3d_Fp1,all,norm3,Logistic Regression,0.6,0.5676,0.47,0.4886
F_peak_3d_F7,theta,None,KNN,0.94,0.7002,0.53,0.4886
F_mean_3d_F3,theta,norm2,Linear SVM,0.52,0.5016,0.47,0.4886
F_peak_3d_C4,gamma,norm2,XGBoost,0.6533,0.5646,0.5,0.4886
F_peak_3d_F8,theta,norm3,KNN,0.9867,0.6775,0.49,0.4886
F_peak_3d_F8,theta,norm2,KNN,0.9867,0.6775,0.49,0.4886
F_mean_3d_C3,theta,None,Linear SVM,0.5267,0.5147,0.49,0.4886
F_mean_3d_C3,gamma,None,Random Forest,0.68,0.6009,0.45,0.4886
F_median_3d_8rm,delta,norm2,KNN,0.98,0.6897,0.45,0.4886
F_mean_3d_C3,gamma,norm2,KNN,0.98,0.6851,0.44,0.4886
F_de_3d_Fp2,alpha,norm2,KNN,0.9533,0.6805,0.45,0.4886
F_median_3d_T8,all,None,Linear SVM,0.5867,0.5729,0.48,0.4886
F_mean_3d_C3,gamma,norm3,KNN,0.98,0.6851,0.44,0.4886
F_dasm_3d,theta,norm2,Random Forest,0.9533,0.6763,0.53,0.4886
F_de_3d_F8,delta,norm3,Random Forest,0.7533,0.5954,0.49,0.4886
F_peak_3d_C4,gamma,norm3,XGBoost,0.6533,0.5646,0.5,0.4886
F_peak_3d_F4,delta,norm2,Random Forest,0.7867,0.5853,0.44,0.4886
F_peak_3d_F3,all,norm2,Random Forest,0.96,0.6793,0.46,0.4886
F_mean_3d_F8,theta,norm2,Linear SVM,0.5,0.4952,0.47,0.4886
F_median_3d_T7,alpha,None,XGBoost,0.58,0.5706,0.51,0.4886
F_mean_3d_F3,theta,norm3,Linear SVM,0.52,0.5016,0.47,0.4886
F_dasm_3d_3area,all,None,XGBoost,0.86,0.7166,0.48,0.4886
F_median_3d_F4,alpha,norm3,XGBoost,0.5667,0.5432,0.44,0.4886
F_peak_3d_F3,all,norm3,KNN,0.98,0.7434,0.48,0.4886
F_rasm_3d_3area,beta,norm2,KNN,0.9733,0.6917,0.46,0.4886
F_rasm_3d,gamma,norm3,KNN,0.9733,0.7586,0.43,0.4886
F_median_3d_T7,beta,norm3,Ensemble (Majority Vote),0.74,0.6076,0.5,0.4886
F_peak_3d19,alpha,norm3,Logistic Regression,0.7133,0.6522,0.48,0.4886
F_median_3d_F3,alpha,norm2,Random Forest,0.7533,0.5862,0.46,0.4886
F_median_3d_T7,beta,norm2,Ensemble (Majority Vote),0.74,0.6076,0.5,0.4886
F_peak_3d_1area,gamma,norm2,XGBoost,0.5333,0.5464,0.49,0.4886
F_de_3d19,beta,norm2,XGBoost,0.9133,0.7028,0.44,0.4886
F_de_3d_T8,gamma,norm3,XGBoost,0.58,0.5543,0.51,0.4886
F_mean_3d_Fp1,delta,None,Linear SVM,0.5067,0.5106,0.48,0.4886
F_dasm_3d_10rm,beta,None,Ensemble (Majority Vote),0.7733,0.6692,0.46,0.4886
F_mean_3d_Fp1,theta,None,Ensemble (Majority Vote),0.6933,0.6248,0.48,0.4886
F_peak_3d_1area,gamma,norm3,XGBoost,0.5333,0.5464,0.49,0.4886
F_rasm_3d_3area,alpha,None,Logistic Regression,0.5,0.5011,0.46,0.4886
F_median_3d_C3,beta,None,Ensemble (Majority Vote),0.76,0.6276,0.53,0.4886
F_mean_3d_Cz,delta,norm2,KNN,0.9733,0.686,0.47,0.4886
F_mean_3d_Cz,delta,norm3,KNN,0.9733,0.686,0.47,0.4886
F_rasm_3d_3area,beta,norm3,KNN,0.9733,0.6917,0.46,0.4886
F_peak_3d_1area,theta,None,Logistic Regression,0.5267,0.5292,0.47,0.4886
F_peak_3d_2area,theta,norm2,Ensemble (Majority Vote),0.8333,0.6221,0.5,0.4886
F_peak_3d_8rm,delta,norm2,Linear SVM,0.4933,0.5011,0.48,0.4886
F_peak_3d_F4,delta,norm3,Random Forest,0.7867,0.5853,0.44,0.4886
F_mean_3d_T8,theta,norm3,Ensemble (Majority Vote),0.6933,0.6103,0.45,0.4886
F_median_3d_F4,alpha,norm2,XGBoost,0.5667,0.5432,0.44,0.4886
F_de_3d,beta,norm2,KNN,0.98,0.7126,0.47,0.4886
F_mean_3d_2area,alpha,norm3,Logistic Regression,0.5267,0.5251,0.49,0.4886
F_median_3d,delta,norm2,Linear SVM,0.5133,0.4989,0.49,0.4886
F_peak_3d_F4,gamma,None,Logistic Regression,0.52,0.5159,0.46,0.4886
F_de_3d_F7,delta,None,Ensemble (Majority Vote),0.7133,0.6372,0.5,0.4886
F_mean_3d_Fp2,all,None,Ensemble (Majority Vote),0.8267,0.6885,0.48,0.4886
F_rasm_3d19,all,norm2,Ensemble (Majority Vote),0.9933,0.8834,0.43,0.4886
F_peak_3d_C3,beta,norm2,Ensemble (Majority Vote),0.7667,0.6182,0.46,0.4886
F_median_3d_F3,alpha,norm3,Random Forest,0.7533,0.5862,0.46,0.4886
F_median_3d_T7,delta,None,KNN,0.98,0.7014,0.49,0.4886
F_peak_3d_1area,theta,None,XGBoost,0.7067,0.5947,0.49,0.4886
F_rasm_3d,delta,norm3,XGBoost,0.94,0.7828,0.46,0.4886
F_peak_3d19,beta,None,Logistic Regression,0.7133,0.6386,0.51,0.4886
F_de_3d_8rm,all,None,KNN,0.98,0.8598,0.46,0.4886
F_mean_3d_T8,theta,norm2,Ensemble (Majority Vote),0.6933,0.6103,0.45,0.4886
F_de_3d_T8,beta,norm2,XGBoost,0.62,0.5577,0.46,0.4886
F_dasm_3d_10rm,all,None,Ensemble (Majority Vote),0.9,0.7924,0.49,0.4886
F_dasm_3d_3area,alpha,norm3,Ensemble (Majority Vote),0.64,0.6044,0.49,0.4886
F_mean_3d_T7,delta,norm3,Random Forest,0.7933,0.5908,0.52,0.4886
F_rasm_3d_8rm,delta,None,Random Forest,0.8267,0.6462,0.51,0.4886
F_de_3d_T8,beta,norm3,XGBoost,0.62,0.5577,0.46,0.4886
F_mean_3d_T7,delta,norm3,Linear SVM,0.4933,0.5032,0.48,0.4886
F_mean_3d_F8,beta,norm2,Ensemble (Majority Vote),0.78,0.6207,0.46,0.4886
F_dasm_3d_10rm,gamma,norm3,XGBoost,0.8067,0.694,0.49,0.4886
F_dasm_3d,beta,norm2,KNN,0.98,0.6963,0.44,0.4886
F_mean_3d_T7,delta,norm2,Random Forest,0.7933,0.5908,0.52,0.4886
F_mean_3d_T7,delta,norm2,Linear SVM,0.4933,0.5032,0.48,0.4886
F_median_3d_Fp2,alpha,norm3,Ensemble (Majority Vote),0.7867,0.6191,0.47,0.4886
F_mean_3d_T7,beta,norm3,Ensemble (Majority Vote),0.7133,0.597,0.5,0.4886
F_rasm_3d19,delta,norm2,KNN,0.9867,0.7775,0.45,0.4886
F_mean_3d_T7,beta,norm2,Ensemble (Majority Vote),0.7133,0.597,0.5,0.4886
F_peak_3d_C3,beta,norm3,Ensemble (Majority Vote),0.7667,0.6182,0.46,0.4886
F_mean_3d_10rm,beta,norm2,Random Forest,0.88,0.6602,0.44,0.4886
F_de_3d_T8,gamma,norm2,XGBoost,0.58,0.5543,0.51,0.4886
F_median_3d19,theta,None,Ensemble (Majority Vote),0.84,0.7453,0.46,0.4886
F_peak_3d_10rm,theta,None,Logistic Regression,0.6467,0.5922,0.47,0.4886
F_dasm_3d_3area,alpha,norm2,Ensemble (Majority Vote),0.64,0.6044,0.49,0.4886
F_median_3d_F7,theta,norm3,Linear SVM,0.5,0.5016,0.48,0.4886
F_median_3d_F7,theta,norm2,Linear SVM,0.5,0.5016,0.48,0.4886
F_median_3d_1area,alpha,None,Random Forest,0.6533,0.6062,0.48,0.4886
F_dasm_3d,all,norm2,Ensemble (Majority Vote),0.98,0.832,0.52,0.4886
F_median_3d19,delta,norm3,Ensemble (Majority Vote),0.8933,0.7372,0.5,0.4886
F_rasm_3d_10rm,alpha,norm2,KNN,0.9867,0.7618,0.49,0.4886
F_dasm_3d_3area,alpha,None,Random Forest,0.6867,0.6011,0.5,0.4886
F_rasm_3d19,theta,norm3,Logistic Regression,0.5867,0.5547,0.41,0.4886
F_median_3d19,delta,norm3,KNN,0.9667,0.7598,0.5,0.4886
F_mean_3d_F7,beta,None,KNN,0.9667,0.7016,0.52,0.4886
F_peak_3d_3area,gamma,norm2,Ensemble (Majority Vote),0.7533,0.6405,0.5,0.4886
F_peak_3d_F4,all,norm3,Random Forest,0.7867,0.6531,0.48,0.4886
F_rasm_3d_8rm,gamma,norm2,KNN,0.9733,0.7375,0.53,0.4886
F_peak_3d_Fz,delta,None,KNN,0.9733,0.7053,0.5,0.4886
F_dasm_3d_8rm,all,norm2,Random Forest,0.9867,0.7825,0.53,0.4886
F_median_3d_T8,alpha,norm2,Random Forest,0.82,0.5897,0.47,0.4886
F_median_3d_T8,alpha,None,Linear SVM,0.5467,0.5251,0.47,0.4886
F_mean_3d_8rm,gamma,norm3,Random Forest,0.84,0.6726,0.49,0.4886
F_median_3d_T8,alpha,norm3,Random Forest,0.82,0.5897,0.47,0.4886
F_mean_3d_2area,gamma,norm3,XGBoost,0.66,0.5931,0.47,0.4886
F_median_3d_T8,all,norm3,XGBoost,0.88,0.7002,0.51,0.4886
F_de_3d_T7,all,None,XGBoost,0.8533,0.7032,0.47,0.4886
F_peak_3d_T8,gamma,None,KNN,0.9733,0.7041,0.53,0.4886
F_median_3d_8rm,beta,norm2,XGBoost,0.7733,0.6271,0.52,0.4886
F_median_3d_T8,beta,None,Random Forest,0.5933,0.5828,0.46,0.4886
F_median_3d_8rm,beta,norm2,Ensemble (Majority Vote),0.84,0.6593,0.48,0.4886
F_peak_3d_Cz,delta,None,KNN,0.9733,0.697,0.48,0.4886
F_de_3d_T7,theta,None,Linear SVM,0.54,0.5244,0.49,0.4886
F_mean_3d_F8,beta,norm3,Ensemble (Majority Vote),0.78,0.6207,0.46,0.4886
F_median_3d_Fp2,alpha,norm2,Ensemble (Majority Vote),0.7867,0.6191,0.47,0.4886
F_mean_3d,all,norm3,Random Forest,0.88,0.7545,0.48,0.4886
F_median_3d19,beta,norm3,Ensemble (Majority Vote),0.9067,0.7713,0.5,0.4886
F_mean_3d_F8,all,norm3,KNN,0.9867,0.7225,0.42,0.4886
F_mean_3d_10rm,delta,norm3,KNN,0.9867,0.7536,0.52,0.4886
F_median_3d19,all,None,Random Forest,0.84,0.7421,0.48,0.4886
F_de_3d_1area,delta,None,XGBoost,0.66,0.5839,0.5,0.4886
F_de_3d19,all,norm2,XGBoost,1.0,0.8731,0.47,0.4886
F_median_3d_C3,all,norm3,Ensemble (Majority Vote),0.7867,0.6685,0.49,0.4886
F_de_3d_Fp2,alpha,None,KNN,0.9733,0.7011,0.44,0.4886
F_peak_3d_F7,beta,norm3,Ensemble (Majority Vote),0.7467,0.5975,0.45,0.4886
F_peak_3d_F3,gamma,None,Random Forest,0.6467,0.5984,0.49,0.4886
F_de_3d_3area,theta,None,Logistic Regression,0.6,0.5531,0.49,0.4886
F_peak_3d_F7,beta,norm2,Ensemble (Majority Vote),0.7467,0.5975,0.45,0.4886
F_median_3d_3area,theta,None,Random Forest,0.68,0.6207,0.48,0.4886
F_median_3d_T8,all,norm3,Random Forest,0.7667,0.6628,0.5,0.4886
F_mean_3d_10rm,theta,None,Logistic Regression,0.6467,0.5823,0.49,0.4886
F_de_3d_F8,all,norm3,Ensemble (Majority Vote),0.7933,0.6513,0.49,0.4886
F_de_3d_2area,delta,norm2,XGBoost,0.6067,0.569,0.46,0.4886
F_de_3d_T8,theta,norm2,KNN,0.9933,0.6901,0.51,0.4886
F_de_3d_2area,beta,norm2,Ensemble (Majority Vote),0.7467,0.6313,0.47,0.4886
F_median_3d,all,None,Logistic Regression,0.82,0.7122,0.47,0.4886
F_mean_3d_F4,delta,None,KNN,0.9867,0.6991,0.51,0.4886
F_de_3d_Fp1,gamma,None,Random Forest,0.7,0.5986,0.53,0.4886
F_de_3d_C3,all,norm3,Linear SVM,0.6533,0.5779,0.46,0.4886
F_rasm_3d19,beta,norm3,Linear SVM,0.52,0.5177,0.5,0.4886
F_median_3d_3area,all,None,KNN,1.0,0.7931,0.47,0.4886
F_peak_3d,beta,norm2,KNN,0.96,0.6993,0.45,0.4886
F_de_3d_Fp2,beta,norm2,Ensemble (Majority Vote),0.8067,0.6251,0.47,0.4886
F_median_3d_F3,delta,norm3,Ensemble (Majority Vote),0.78,0.6244,0.48,0.4886
F_mean_3d_F8,beta,norm2,XGBoost,0.6867,0.5644,0.52,0.4886
F_de_3d_F8,theta,None,Logistic Regression,0.5333,0.5182,0.48,0.4886
F_mean_3d_Fp1,beta,None,Linear SVM,0.5667,0.5375,0.48,0.4886
F_de_3d_Fp2,beta,norm3,Ensemble (Majority Vote),0.8067,0.6251,0.47,0.4886
F_peak_3d_3area,theta,None,Random Forest,0.72,0.6124,0.51,0.4886
F_rasm_3d19,beta,norm2,XGBoost,0.9867,0.8411,0.51,0.4886
F_median_3d_F3,beta,None,Random Forest,0.6533,0.5991,0.47,0.4886
F_de_3d_F8,theta,None,Linear SVM,0.5333,0.5184,0.48,0.4886
F_de_3d_T8,all,None,KNN,0.98,0.766,0.54,0.4886
F_median_3d_F3,delta,norm2,Ensemble (Majority Vote),0.78,0.6244,0.48,0.4886
F_median_3d_3area,beta,norm2,XGBoost,0.7467,0.5876,0.47,0.4886
F_median_3d_8rm,all,norm3,Random Forest,0.9067,0.7492,0.46,0.4886
F_de_3d_T8,all,norm3,Ensemble (Majority Vote),0.7667,0.6644,0.53,0.4886
F_median_3d_8rm,gamma,norm2,Ensemble (Majority Vote),0.7733,0.6701,0.5,0.4886
F_de_3d_T8,alpha,None,Ensemble (Majority Vote),0.7267,0.6283,0.49,0.4886
F_mean_3d_F8,beta,norm3,XGBoost,0.6867,0.5644,0.52,0.4886
F_de_3d_8rm,gamma,None,Random Forest,0.7733,0.6653,0.52,0.4886
F_median_3d_T7,alpha,None,KNN,0.98,0.6984,0.43,0.4886
F_median_3d_3area,theta,norm2,KNN,0.9533,0.6811,0.48,0.4886
F_de_3d,alpha,norm3,XGBoost,0.8333,0.7345,0.46,0.4886
F_peak_3d_Fp1,gamma,None,Logistic Regression,0.5067,0.5276,0.51,0.4886
F_mean_3d_2area,theta,norm3,KNN,0.96,0.6906,0.46,0.4886
F_peak_3d_10rm,theta,norm2,Linear SVM,0.46,0.5009,0.48,0.4886
F_de_3d_T8,theta,norm3,KNN,0.9933,0.6901,0.51,0.4886
F_mean_3d_T7,all,norm3,Random Forest,0.7733,0.6356,0.5,0.4886
F_peak_3d_T8,delta,norm3,Ensemble (Majority Vote),0.72,0.614,0.5,0.4886
F_median_3d_F7,beta,None,KNN,0.9533,0.6972,0.48,0.4886
F_mean_3d_Fz,delta,norm3,KNN,0.9733,0.6857,0.49,0.4886
F_mean_3d_Fz,delta,norm2,KNN,0.9733,0.6857,0.49,0.4886
F_peak_3d_Fp1,all,norm2,KNN,0.98,0.6945,0.46,0.4886
F_peak_3d_2area,theta,None,Logistic Regression,0.54,0.5391,0.52,0.4886
F_dasm_3d_8rm,delta,norm3,XGBoost,0.8267,0.6915,0.48,0.4886
F_mean_3d_Cz,alpha,norm2,Ensemble (Majority Vote),0.6933,0.6041,0.46,0.4886
F_peak_3d_T7,all,norm2,Linear SVM,0.46,0.5,0.45,0.4886
F_median_3d_Fz,delta,norm3,Ensemble (Majority Vote),0.7333,0.6168,0.49,0.4886
F_mean_3d_Fz,alpha,None,Random Forest,0.64,0.5871,0.47,0.4886
F_median_3d_10rm,theta,None,Ensemble (Majority Vote),0.8067,0.7062,0.48,0.4886
F_dasm_3d,gamma,norm3,Random Forest,0.8,0.6795,0.47,0.4886
F_median_3d_Fz,delta,norm2,Ensemble (Majority Vote),0.7333,0.6168,0.49,0.4886
F_mean_3d19,beta,norm3,KNN,0.9867,0.7807,0.52,0.4886
F_de_3d_Cz,beta,norm3,KNN,0.96,0.6853,0.44,0.4886
F_rasm_3d_8rm,theta,None,KNN,0.9933,0.7154,0.46,0.4886
F_de_3d_Cz,beta,norm2,KNN,0.96,0.6853,0.44,0.4886
F_median_3d_10rm,theta,norm2,Ensemble (Majority Vote),0.84,0.6761,0.5,0.4886
F_de_3d_C4,beta,None,KNN,0.9533,0.7039,0.44,0.4886
F_dasm_3d_10rm,gamma,None,Random Forest,0.78,0.677,0.49,0.4886
F_peak_3d_1area,theta,None,KNN,0.9467,0.7007,0.54,0.4886
F_mean_3d_Cz,alpha,norm3,Ensemble (Majority Vote),0.6933,0.6041,0.46,0.4886
F_peak_3d_C3,theta,None,KNN,0.9533,0.7009,0.51,0.4886
F_median_3d_Cz,alpha,None,Linear SVM,0.5533,0.5315,0.45,0.4886
F_de_3d_F4,beta,norm2,Ensemble (Majority Vote),0.7333,0.6333,0.48,0.4886
F_median_3d_F3,all,None,XGBoost,0.86,0.7115,0.47,0.4886
F_peak_3d_10rm,delta,norm3,Random Forest,0.8133,0.6885,0.45,0.4886
F_peak_3d_T8,delta,norm2,Ensemble (Majority Vote),0.72,0.614,0.5,0.4886
F_de_3d_2area,alpha,norm2,KNN,0.9733,0.6931,0.46,0.4886
F_de_3d_F4,beta,norm3,Ensemble (Majority Vote),0.7333,0.6333,0.48,0.4886
F_median_3d_Cz,beta,None,Logistic Regression,0.4333,0.5046,0.51,0.4886
F_median_3d_3area,alpha,norm2,Linear SVM,0.5133,0.5021,0.45,0.4871
F_median_3d_1area,alpha,norm2,Linear SVM,0.4933,0.5021,0.47,0.4871
F_dasm_3d_3area,all,norm3,XGBoost,0.8667,0.6954,0.47,0.4871
F_median_3d_3area,alpha,norm2,XGBoost,0.7,0.5874,0.46,0.4871
F_median_3d_T8,alpha,None,Ensemble (Majority Vote),0.6867,0.6211,0.51,0.4871
F_mean_3d,beta,None,Random Forest,0.76,0.6671,0.48,0.4871
F_mean_3d_F8,all,None,KNN,0.9933,0.7349,0.5,0.4871
F_median_3d_Fp1,all,None,Ensemble (Majority Vote),0.86,0.6949,0.48,0.4871
F_mean_3d_8rm,delta,None,Linear SVM,0.66,0.597,0.44,0.4871
F_mean_3d_F8,gamma,norm2,Ensemble (Majority Vote),0.6267,0.6014,0.49,0.4871
F_median_3d_10rm,beta,norm2,Random Forest,0.8533,0.6568,0.45,0.4871
F_rasm_3d19,theta,norm3,Random Forest,0.7333,0.6984,0.48,0.4871
F_de_3d_F8,gamma,norm2,Ensemble (Majority Vote),0.5333,0.6062,0.45,0.4871
F_peak_3d_F4,delta,norm2,Linear SVM,0.4933,0.5062,0.47,0.4871
F_mean_3d_F8,gamma,norm3,Ensemble (Majority Vote),0.6267,0.6014,0.49,0.4871
F_median_3d19,all,norm2,KNN,0.9333,0.717,0.46,0.4871
F_rasm_3d_10rm,all,norm3,Ensemble (Majority Vote),0.8333,0.7536,0.49,0.4871
F_peak_3d_Cz,alpha,norm2,Linear SVM,0.52,0.4979,0.46,0.4871
F_de_3d_2area,beta,norm2,XGBoost,0.7067,0.5768,0.44,0.4871
F_de_3d_3area,gamma,norm3,KNN,0.94,0.7216,0.47,0.4871
F_de_3d_F8,gamma,norm3,Ensemble (Majority Vote),0.5333,0.6062,0.45,0.4871
F_peak_3d_3area,theta,None,Linear SVM,0.56,0.551,0.46,0.4871
F_rasm_3d19,gamma,None,Ensemble (Majority Vote),0.9,0.7071,0.53,0.4871
F_median_3d_Fp2,gamma,norm3,KNN,0.9867,0.6903,0.48,0.4871
F_de_3d_1area,all,None,Logistic Regression,0.68,0.5855,0.5,0.4871
F_median_3d_F4,gamma,norm3,Ensemble (Majority Vote),0.6467,0.6014,0.52,0.4871
F_median_3d_F4,gamma,norm2,Ensemble (Majority Vote),0.6467,0.6014,0.52,0.4871
F_rasm_3d,all,norm2,Linear SVM,0.5,0.5018,0.48,0.4871
F_median_3d_Fp2,gamma,norm2,KNN,0.9867,0.6903,0.48,0.4871
F_peak_3d_T7,alpha,norm2,KNN,0.9733,0.6793,0.45,0.4871
F_median_3d_10rm,beta,norm3,Linear SVM,0.7067,0.6074,0.51,0.4871
F_peak_3d_8rm,delta,norm2,Random Forest,0.8933,0.657,0.45,0.4871
F_de_3d_10rm,gamma,norm3,Random Forest,0.78,0.6798,0.51,0.4871
F_median_3d_Fz,all,None,Logistic Regression,0.62,0.5756,0.49,0.4871
F_mean_3d_2area,theta,None,Linear SVM,0.58,0.5545,0.49,0.4871
F_dasm_3d,all,norm3,Random Forest,0.8867,0.7961,0.46,0.4871
F_peak_3d_Fp1,theta,norm2,XGBoost,0.5733,0.5407,0.46,0.4871
F_median_3d_3area,beta,None,Ensemble (Majority Vote),0.7533,0.6543,0.45,0.4871
F_median_3d_1area,alpha,norm3,Linear SVM,0.4933,0.5021,0.47,0.4871
F_peak_3d_F3,all,norm2,Linear SVM,0.52,0.5037,0.48,0.4871
F_peak_3d_Fp1,theta,norm3,XGBoost,0.5733,0.5407,0.46,0.4871
F_de_3d_3area,gamma,norm2,Random Forest,0.8133,0.6048,0.48,0.4871
F_mean_3d_3area,delta,norm3,Linear SVM,0.5867,0.5561,0.49,0.4871
F_peak_3d_T7,alpha,norm3,KNN,0.9733,0.6793,0.45,0.4871
F_de_3d_C3,beta,norm3,KNN,0.98,0.6899,0.5,0.4871
F_rasm_3d,beta,norm2,Ensemble (Majority Vote),0.8533,0.7425,0.5,0.4871
F_de_3d19,theta,None,Logistic Regression,0.7133,0.6191,0.46,0.4871
F_peak_3d_F7,theta,None,Logistic Regression,0.54,0.5379,0.49,0.4871
F_mean_3d_C4,delta,norm2,KNN,0.9733,0.6908,0.49,0.4871
F_median_3d_Fp1,beta,norm3,XGBoost,0.5933,0.5515,0.48,0.4871
F_mean_3d_C4,delta,norm3,KNN,0.9733,0.6908,0.49,0.4871
F_mean_3d_F3,delta,norm3,Random Forest,0.7733,0.5853,0.47,0.4871
F_mean_3d_F3,delta,norm3,Linear SVM,0.4733,0.4968,0.47,0.4871
F_peak_3d_1area,all,norm3,Linear SVM,0.6467,0.5805,0.46,0.4871
F_de_3d_F8,delta,None,Linear SVM,0.5,0.5113,0.47,0.4871
F_de_3d_Fp2,beta,norm3,Random Forest,0.78,0.5956,0.47,0.4871
F_mean_3d_F3,delta,norm2,Linear SVM,0.4733,0.4968,0.47,0.4871
F_rasm_3d_3area,gamma,None,Random Forest,0.7467,0.6039,0.47,0.4871
F_de_3d_F8,alpha,norm3,Linear SVM,0.5067,0.4986,0.51,0.4871
F_peak_3d_Cz,alpha,norm3,Linear SVM,0.52,0.4979,0.46,0.4871
F_median_3d_F8,gamma,None,KNN,0.9667,0.6906,0.49,0.4871
F_de_3d_F8,alpha,norm2,Linear SVM,0.5067,0.4986,0.51,0.4871
F_peak_3d19,alpha,norm3,XGBoost,0.9067,0.7864,0.5,0.4871
F_de_3d19,delta,norm2,Random Forest,0.8933,0.6664,0.46,0.4871
F_dasm_3d19,alpha,None,Linear SVM,0.6667,0.6269,0.46,0.4871
F_median_3d_C3,all,None,Logistic Regression,0.6267,0.5664,0.5,0.4871
F_rasm_3d_3area,beta,norm3,Ensemble (Majority Vote),0.68,0.6379,0.51,0.4871
F_mean_3d_Fp1,delta,None,Logistic Regression,0.5067,0.5113,0.48,0.4871
F_de_3d19,beta,norm3,XGBoost,0.9,0.7733,0.5,0.4871
F_median_3d_2area,theta,None,XGBoost,0.66,0.606,0.47,0.4871
F_rasm_3d_3area,beta,norm2,Ensemble (Majority Vote),0.68,0.6379,0.51,0.4871
F_de_3d_C3,beta,norm2,KNN,0.98,0.6899,0.5,0.4871
F_rasm_3d_3area,beta,None,XGBoost,0.66,0.5784,0.51,0.4871
F_median_3d_F4,all,norm2,Random Forest,0.9467,0.6726,0.49,0.4871
F_peak_3d_Fp2,theta,norm3,Random Forest,0.78,0.5899,0.49,0.4871
F_median_3d_2area,gamma,norm3,Logistic Regression,0.56,0.5395,0.5,0.4871
F_de_3d_F8,delta,None,Logistic Regression,0.5,0.5103,0.47,0.4871
F_mean_3d_F3,delta,norm2,Random Forest,0.7733,0.5853,0.47,0.4871
F_median_3d_Fp2,all,norm3,KNN,0.96,0.7294,0.41,0.4871
F_peak_3d_F3,all,norm3,Linear SVM,0.62,0.5885,0.47,0.4871
F_mean_3d_10rm,theta,norm2,Linear SVM,0.52,0.4995,0.41,0.4871
F_peak_3d_F7,theta,None,Ensemble (Majority Vote),0.8333,0.6437,0.49,0.4871
F_de_3d_10rm,all,None,Ensemble (Majority Vote),0.9133,0.8143,0.49,0.4871
F_mean_3d_Fp2,theta,None,Logistic Regression,0.5267,0.5225,0.49,0.4871
F_de_3d_10rm,all,norm3,KNN,0.98,0.8343,0.52,0.4871
F_peak_3d_F4,delta,norm3,Linear SVM,0.4933,0.5062,0.47,0.4871
F_de_3d_F7,beta,norm2,Linear SVM,0.52,0.506,0.48,0.4871
F_median_3d_2area,all,norm3,Logistic Regression,0.7067,0.6228,0.49,0.4871
F_peak_3d_Fp2,theta,norm2,Random Forest,0.78,0.5899,0.49,0.4871
F_median_3d_Fp1,beta,norm2,XGBoost,0.5933,0.5515,0.48,0.4871
F_de_3d_Fp2,beta,norm2,Random Forest,0.78,0.5956,0.47,0.4871
F_de_3d_8rm,alpha,norm3,KNN,0.9733,0.7448,0.46,0.4871
F_de_3d_F7,beta,norm3,Linear SVM,0.52,0.506,0.48,0.4871
F_rasm_3d_10rm,all,norm3,KNN,0.96,0.7457,0.49,0.4871
F_median_3d_1area,alpha,None,Ensemble (Majority Vote),0.7467,0.6331,0.5,0.4871
F_peak_3d19,alpha,norm3,Ensemble (Majority Vote),0.9333,0.7699,0.49,0.4871
F_de_3d_T7,delta,None,XGBoost,0.6467,0.5841,0.48,0.4871
F_mean_3d_Fp1,theta,norm2,Random Forest,0.7533,0.5821,0.47,0.4871
F_median_3d_3area,theta,None,XGBoost,0.74,0.6405,0.5,0.4871
F_peak_3d19,alpha,norm2,Linear SVM,0.4667,0.4924,0.48,0.4871
F_peak_3d_Fz,theta,None,Logistic Regression,0.52,0.5207,0.49,0.4871
F_dasm_3d_10rm,beta,None,Logistic Regression,0.6333,0.5667,0.45,0.4871
F_median_3d_3area,delta,norm3,KNN,0.9733,0.708,0.5,0.4871
F_peak_3d_10rm,gamma,norm3,Ensemble (Majority Vote),0.7733,0.7189,0.5,0.4871
F_rasm_3d_3area,alpha,None,Random Forest,0.7067,0.5926,0.51,0.4871
F_median_3d_F4,all,norm3,XGBoost,0.8733,0.6761,0.5,0.4871
F_mean_3d_T8,beta,None,KNN,0.9733,0.6906,0.52,0.4871
F_median_3d_10rm,theta,None,XGBoost,0.86,0.7218,0.49,0.4871
F_peak_3d_F4,delta,None,Logistic Regression,0.5067,0.5147,0.5,0.4871
F_mean_3d_F7,delta,None,Linear SVM,0.5333,0.5356,0.49,0.4871
F_dasm_3d_3area,all,norm2,XGBoost,0.9,0.6513,0.5,0.4871
F_median_3d_F3,gamma,None,XGBoost,0.6533,0.589,0.5,0.4871
F_de_3d_T7,beta,None,Ensemble (Majority Vote),0.7133,0.629,0.49,0.4871
F_peak_3d_10rm,all,None,Linear SVM,0.8333,0.7264,0.48,0.4871
F_peak_3d_2area,theta,norm3,KNN,0.98,0.6945,0.48,0.4871
F_de_3d_T7,alpha,None,Random Forest,0.6733,0.5915,0.51,0.4871
F_dasm_3d_8rm,delta,norm3,Random Forest,0.7667,0.672,0.48,0.4871
F_median_3d_F7,all,norm3,Random Forest,0.8,0.663,0.47,0.4871
F_mean_3d_T8,theta,None,KNN,0.94,0.6809,0.51,0.4871
F_dasm_3d_10rm,all,norm2,Random Forest,0.9933,0.8039,0.5,0.4871
F_de_3d_T7,all,None,Ensemble (Majority Vote),0.8067,0.6848,0.49,0.4871
F_dasm_3d_8rm,all,norm2,XGBoost,1.0,0.7977,0.42,0.4871
F_mean_3d_T8,gamma,norm2,KNN,0.98,0.6807,0.49,0.4871
F_rasm_3d_3area,gamma,None,XGBoost,0.7867,0.6034,0.48,0.4871
F_peak_3d_2area,delta,norm2,Ensemble (Majority Vote),0.68,0.6267,0.46,0.4871
F_de_3d_10rm,theta,None,Logistic Regression,0.6533,0.5869,0.49,0.4871
F_de_3d_10rm,alpha,norm2,KNN,0.98,0.708,0.49,0.4871
F_de_3d_T7,delta,None,Random Forest,0.6533,0.5926,0.48,0.4871
F_de_3d,delta,norm2,XGBoost,0.9067,0.6901,0.44,0.4871
F_peak_3d19,theta,None,XGBoost,0.92,0.7846,0.47,0.4871
F_median_3d_2area,all,None,Linear SVM,0.7133,0.6237,0.47,0.4871
F_mean_3d_Fp2,alpha,None,KNN,0.98,0.6954,0.49,0.4871
F_dasm_3d_10rm,beta,None,Random Forest,0.76,0.6579,0.45,0.4871
F_rasm_3d_3area,all,norm2,Ensemble (Majority Vote),0.8867,0.7469,0.48,0.4871
F_peak_3d_Cz,theta,None,Random Forest,0.7,0.5961,0.48,0.4871
F_median_3d,beta,None,Linear SVM,0.68,0.6046,0.5,0.4871
F_mean_3d_T7,delta,norm2,XGBoost,0.6067,0.5506,0.46,0.4871
F_mean_3d_Fp1,theta,norm3,Random Forest,0.7533,0.5821,0.47,0.4871
F_de_3d_10rm,gamma,None,Logistic Regression,0.6133,0.5747,0.51,0.4871
F_mean_3d_T7,delta,norm3,XGBoost,0.6067,0.5506,0.46,0.4871
F_mean_3d_T8,gamma,norm3,KNN,0.98,0.6807,0.49,0.4871
F_median_3d_3area,beta,norm2,Random Forest,0.78,0.6076,0.47,0.4871
F_median_3d_F7,alpha,None,Ensemble (Majority Vote),0.78,0.6301,0.45,0.4871
F_mean_3d_F7,beta,norm3,KNN,0.9867,0.6892,0.48,0.4871
F_de_3d_C4,gamma,norm2,Random Forest,0.7333,0.5772,0.44,0.4871
F_median_3d_Fp2,alpha,None,Ensemble (Majority Vote),0.7067,0.6161,0.51,0.4871
F_mean_3d_8rm,theta,norm3,KNN,0.9533,0.7349,0.43,0.4871
F_median_3d_T7,gamma,None,Ensemble (Majority Vote),0.7133,0.6356,0.51,0.4871
F_peak_3d_3area,theta,norm3,Linear SVM,0.5667,0.5363,0.48,0.4871
F_de_3d_8rm,gamma,None,Logistic Regression,0.6267,0.5756,0.5,0.4871
F_de_3d_8rm,delta,norm2,XGBoost,0.8133,0.6423,0.48,0.4871
F_peak_3d_C3,delta,norm2,Ensemble (Majority Vote),0.7867,0.6062,0.47,0.4871
F_dasm_3d19,beta,norm2,XGBoost,0.96,0.7248,0.47,0.4871
F_peak_3d_3area,theta,norm3,Ensemble (Majority Vote),0.7467,0.6313,0.44,0.4871
F_peak_3d_3area,theta,norm3,Logistic Regression,0.6,0.5393,0.48,0.4871
F_de_3d_Cz,theta,norm2,Ensemble (Majority Vote),0.7,0.6191,0.5,0.4871
F_de_3d_Cz,theta,norm3,Ensemble (Majority Vote),0.7,0.6191,0.5,0.4871
F_peak_3d_C4,theta,None,Ensemble (Majority Vote),0.7467,0.6191,0.5,0.4871
F_mean_3d_F4,all,None,Logistic Regression,0.6333,0.5609,0.49,0.4871
F_rasm_3d,all,norm2,XGBoost,1.0,0.9634,0.49,0.4871
F_de_3d_3area,theta,norm2,Linear SVM,0.4933,0.4961,0.47,0.4871
F_de_3d_F3,beta,None,KNN,0.9733,0.6933,0.52,0.4871
F_mean_3d_10rm,gamma,norm3,KNN,0.9667,0.7503,0.49,0.4871
F_rasm_3d19,all,None,KNN,0.9533,0.7177,0.49,0.4871
F_median_3d,gamma,norm3,Logistic Regression,0.7133,0.6216,0.48,0.4871
F_mean_3d_F4,beta,norm3,XGBoost,0.5933,0.5582,0.48,0.4871
F_median_3d_C3,beta,None,XGBoost,0.62,0.5795,0.48,0.4871
F_de_3d_C4,gamma,norm3,Random Forest,0.7333,0.5772,0.44,0.4871
F_median_3d_C3,theta,norm3,Ensemble (Majority Vote),0.7,0.583,0.46,0.4871
F_median_3d_Cz,theta,None,Linear SVM,0.5533,0.5391,0.46,0.4871
F_rasm_3d,delta,None,Linear SVM,0.4867,0.4943,0.51,0.4871
F_mean_3d_C4,beta,norm3,Ensemble (Majority Vote),0.68,0.597,0.54,0.4871
F_de_3d_Cz,all,None,KNN,0.9867,0.7632,0.51,0.4871
F_peak_3d_Fp2,all,norm2,XGBoost,0.9067,0.6579,0.51,0.4871
F_mean_3d_C4,beta,norm2,Ensemble (Majority Vote),0.68,0.597,0.54,0.4871
F_de_3d_F7,gamma,None,XGBoost,0.6333,0.6016,0.45,0.4871
F_de_3d_Cz,gamma,None,Linear SVM,0.52,0.5154,0.52,0.4871
F_mean_3d_1area,gamma,norm3,Linear SVM,0.5,0.5009,0.45,0.4871
F_mean_3d_1area,gamma,norm2,Linear SVM,0.5,0.5009,0.45,0.4871
F_peak_3d_C4,delta,None,KNN,0.9733,0.6954,0.48,0.4871
F_de_3d_Cz,beta,None,KNN,0.98,0.6982,0.49,0.4871
F_de_3d_Cz,delta,norm2,XGBoost,0.6467,0.5497,0.51,0.4871
F_peak_3d_T8,delta,None,KNN,0.9733,0.697,0.5,0.4871
F_de_3d_Cz,delta,norm3,XGBoost,0.6467,0.5497,0.51,0.4871
F_peak_3d_C3,delta,norm3,Ensemble (Majority Vote),0.7867,0.6062,0.47,0.4871
F_mean_3d_F4,beta,norm2,XGBoost,0.5933,0.5582,0.48,0.4871
F_rasm_3d,alpha,norm2,Ensemble (Majority Vote),0.8733,0.7409,0.45,0.4871
F_median_3d_C3,theta,norm2,Ensemble (Majority Vote),0.7,0.583,0.46,0.4871
F_mean_3d_F7,all,norm2,XGBoost,0.92,0.6439,0.51,0.4871
F_median_3d_Cz,beta,None,Linear SVM,0.4467,0.5034,0.5,0.4871
F_mean_3d_F7,beta,norm2,KNN,0.9867,0.6892,0.48,0.4871
F_mean_3d_F7,beta,norm2,Ensemble (Majority Vote),0.6933,0.6101,0.46,0.4871
F_mean_3d_F7,beta,norm3,Ensemble (Majority Vote),0.6933,0.6101,0.46,0.4871
F_peak_3d_C3,theta,None,Random Forest,0.68,0.591,0.5,0.4871
F_peak_3d_Fp1,delta,None,KNN,0.98,0.6998,0.45,0.4871
F_rasm_3d19,theta,norm3,Linear SVM,0.5733,0.5543,0.43,0.4871
F_de_3d_F4,all,None,KNN,0.9867,0.772,0.51,0.4857
F_median_3d_T8,gamma,norm2,KNN,0.9867,0.6892,0.41,0.4857
F_dasm_3d_3area,beta,None,KNN,0.9733,0.6968,0.47,0.4857
F_dasm_3d_10rm,delta,norm2,Linear SVM,0.5067,0.5039,0.48,0.4857
F_de_3d_1area,gamma,None,Ensemble (Majority Vote),0.7733,0.6359,0.49,0.4857
F_mean_3d_Fz,beta,norm2,Linear SVM,0.5133,0.5051,0.45,0.4857
F_median_3d19,delta,norm2,Linear SVM,0.4867,0.4982,0.43,0.4857
F_mean_3d_C3,all,None,KNN,0.98,0.7497,0.52,0.4857
F_peak_3d19,gamma,norm3,XGBoost,0.98,0.7993,0.47,0.4857
F_de_3d,alpha,None,XGBoost,0.88,0.7366,0.48,0.4857
F_median_3d_10rm,delta,None,KNN,0.9667,0.7657,0.46,0.4857
F_rasm_3d_10rm,alpha,norm2,Random Forest,0.8067,0.6936,0.41,0.4857
F_de_3d_1area,beta,norm3,Random Forest,0.7133,0.5869,0.51,0.4857
F_mean_3d_Fz,beta,norm3,Linear SVM,0.5133,0.5051,0.45,0.4857
F_median_3d_2area,delta,norm2,XGBoost,0.7067,0.5752,0.5,0.4857
F_mean_3d_8rm,theta,None,Ensemble (Majority Vote),0.7667,0.6784,0.45,0.4857
F_peak_3d_8rm,theta,norm3,Ensemble (Majority Vote),0.7533,0.6798,0.46,0.4857
F_de_3d_F4,all,norm3,XGBoost,0.8667,0.6772,0.5,0.4857
F_peak_3d_2area,gamma,norm2,KNN,0.96,0.6972,0.49,0.4857
F_peak_3d_F8,delta,norm2,Random Forest,0.82,0.5956,0.48,0.4857
F_de_3d_Fz,gamma,None,KNN,0.9733,0.6885,0.43,0.4857
F_de_3d_C3,delta,None,Linear SVM,0.5067,0.509,0.48,0.4857
F_mean_3d_Cz,beta,norm3,XGBoost,0.6133,0.5605,0.49,0.4857
F_median_3d_10rm,all,norm2,KNN,0.96,0.7129,0.49,0.4857
F_peak_3d_F8,delta,norm3,Random Forest,0.82,0.5956,0.48,0.4857
F_peak_3d_Fp2,all,norm2,KNN,0.9667,0.6901,0.48,0.4857
F_mean_3d_Fp1,theta,norm2,Linear SVM,0.5,0.5014,0.44,0.4857
F_peak_3d_F7,beta,norm2,XGBoost,0.5867,0.5453,0.47,0.4857
F_peak_3d_10rm,gamma,norm3,Logistic Regression,0.6533,0.6166,0.5,0.4857
F_rasm_3d,theta,norm2,Linear SVM,0.56,0.508,0.51,0.4857
F_de_3d,all,norm3,KNN,0.98,0.8356,0.5,0.4857
F_mean_3d19,beta,None,Linear SVM,0.72,0.6439,0.53,0.4857
F_median_3d_T8,gamma,norm3,KNN,0.9867,0.6892,0.41,0.4857
F_peak_3d_10rm,gamma,norm3,KNN,0.9867,0.7784,0.47,0.4857
F_peak_3d_C4,all,norm2,XGBoost,0.8867,0.6395,0.45,0.4857
F_peak_3d_8rm,all,None,XGBoost,0.9867,0.8947,0.49,0.4857
F_peak_3d19,all,norm2,Ensemble (Majority Vote),0.9067,0.7857,0.52,0.4857
F_mean_3d_Fp1,theta,norm3,Linear SVM,0.5,0.5014,0.44,0.4857
F_de_3d_Cz,all,None,Logistic Regression,0.66,0.5802,0.48,0.4857
F_de_3d_C3,beta,None,Ensemble (Majority Vote),0.7333,0.6324,0.5,0.4857
F_mean_3d_Fp2,theta,None,Linear SVM,0.5267,0.5244,0.49,0.4857
F_mean_3d_8rm,gamma,norm3,Logistic Regression,0.6333,0.5834,0.49,0.4857
F_peak_3d_F7,gamma,norm2,XGBoost,0.6,0.5446,0.49,0.4857
F_de_3d,beta,norm3,Logistic Regression,0.6933,0.6087,0.51,0.4857
F_peak_3d_F3,theta,norm3,KNN,0.9867,0.6821,0.49,0.4857
F_median_3d_F8,beta,norm2,XGBoost,0.5133,0.5372,0.48,0.4857
F_mean_3d_F7,all,norm3,KNN,0.9667,0.7216,0.49,0.4857
F_median_3d,all,norm2,KNN,0.9667,0.7149,0.5,0.4857
F_mean_3d_T7,all,norm3,XGBoost,0.8333,0.6554,0.47,0.4857
F_mean_3d19,delta,norm3,XGBoost,0.9533,0.7729,0.49,0.4857
F_de_3d_F3,beta,None,XGBoost,0.6733,0.5945,0.49,0.4857
F_mean_3d_F8,delta,None,XGBoost,0.7267,0.5901,0.53,0.4857
F_median_3d_F8,all,norm2,Linear SVM,0.5133,0.4991,0.47,0.4857
F_mean_3d_C4,gamma,None,Random Forest,0.7,0.5961,0.47,0.4857
F_peak_3d_F3,theta,norm2,KNN,0.9867,0.6821,0.49,0.4857
F_peak_3d_2area,theta,None,Random Forest,0.7,0.6099,0.49,0.4857
F_median_3d_F8,beta,norm2,Linear SVM,0.4933,0.503,0.43,0.4857
F_peak_3d_C4,theta,norm3,XGBoost,0.6067,0.5345,0.49,0.4857
F_peak_3d_C4,theta,norm2,XGBoost,0.6067,0.5345,0.49,0.4857
F_mean_3d19,delta,norm3,Random Forest,0.8667,0.6867,0.48,0.4857
F_rasm_3d_8rm,alpha,None,KNN,0.9733,0.7163,0.5,0.4857
F_de_3d_Fp1,alpha,None,Random Forest,0.6267,0.5874,0.51,0.4857
F_peak_3d_Fp1,gamma,norm3,Random Forest,0.8133,0.5885,0.53,0.4857
F_peak_3d_Fp1,gamma,norm2,Random Forest,0.8133,0.5885,0.53,0.4857
F_median_3d_T8,alpha,None,Logistic Regression,0.56,0.5262,0.45,0.4857
F_mean_3d_Cz,beta,norm2,XGBoost,0.6133,0.5605,0.49,0.4857
F_peak_3d_F7,gamma,norm3,XGBoost,0.6,0.5446,0.49,0.4857
F_de_3d_10rm,alpha,None,XGBoost,0.86,0.7253,0.46,0.4857
F_median_3d,delta,None,XGBoost,0.9133,0.7416,0.49,0.4857
F_median_3d_F4,gamma,None,Ensemble (Majority Vote),0.6933,0.6115,0.48,0.4857
F_de_3d_F7,delta,None,KNN,0.9933,0.711,0.49,0.4857
F_median_3d_F8,beta,norm3,XGBoost,0.5133,0.5372,0.48,0.4857
F_median_3d_F8,beta,norm3,Linear SVM,0.4933,0.503,0.43,0.4857
F_mean_3d_8rm,gamma,norm2,Linear SVM,0.48,0.492,0.46,0.4857
F_de_3d_10rm,all,norm3,Random Forest,0.8733,0.7586,0.48,0.4857
F_de_3d_10rm,all,norm3,Ensemble (Majority Vote),0.9133,0.8078,0.49,0.4857
F_de_3d_1area,beta,norm2,Random Forest,0.7133,0.5869,0.51,0.4857
F_rasm_3d,beta,norm2,XGBoost,0.9267,0.7589,0.48,0.4857
F_de_3d_Fp2,all,norm2,KNN,0.98,0.6883,0.49,0.4857
F_peak_3d_F7,beta,norm3,XGBoost,0.5867,0.5453,0.47,0.4857
F_mean_3d,delta,norm3,XGBoost,0.9267,0.7368,0.48,0.4857
F_mean_3d19,delta,norm3,Linear SVM,0.7467,0.6352,0.46,0.4857
F_peak_3d_C3,alpha,norm3,XGBoost,0.62,0.5648,0.42,0.4857
F_de_3d_F4,beta,norm2,Random Forest,0.78,0.5961,0.47,0.4857
F_median_3d_Fz,delta,None,XGBoost,0.6467,0.5809,0.51,0.4857
F_de_3d_Fz,delta,None,Ensemble (Majority Vote),0.6933,0.617,0.51,0.4857
F_de_3d,beta,None,Linear SVM,0.6867,0.6083,0.49,0.4857
F_median_3d_Fp2,delta,None,Logistic Regression,0.5,0.5117,0.48,0.4857
F_median_3d_Fp2,all,None,Random Forest,0.7867,0.6664,0.47,0.4857
F_mean_3d19,beta,norm3,Random Forest,0.9133,0.7051,0.49,0.4857
F_de_3d,alpha,norm3,Random Forest,0.8467,0.688,0.52,0.4857
F_median_3d_Fp2,delta,None,Linear SVM,0.5,0.5115,0.48,0.4857
F_median_3d_F4,gamma,norm3,Random Forest,0.8333,0.5954,0.41,0.4857
F_median_3d_Cz,gamma,norm3,Ensemble (Majority Vote),0.6467,0.6136,0.53,0.4857
F_de_3d_F3,all,None,Linear SVM,0.6467,0.589,0.46,0.4857
F_median_3d19,delta,None,Ensemble (Majority Vote),0.86,0.7391,0.48,0.4857
F_peak_3d_F4,beta,None,Random Forest,0.68,0.5989,0.51,0.4857
F_mean_3d_T7,theta,norm3,Ensemble (Majority Vote),0.68,0.612,0.46,0.4857
F_mean_3d,alpha,None,KNN,0.9933,0.766,0.52,0.4857
F_de_3d_F3,theta,None,KNN,0.9867,0.7,0.47,0.4857
F_median_3d_1area,gamma,None,KNN,0.9667,0.7,0.47,0.4857
F_mean_3d_T7,theta,norm2,Ensemble (Majority Vote),0.68,0.612,0.46,0.4857
F_rasm_3d_8rm,all,norm2,Ensemble (Majority Vote),0.9867,0.8359,0.47,0.4857
F_peak_3d_C3,alpha,norm2,XGBoost,0.62,0.5648,0.42,0.4857
F_peak_3d_T8,gamma,norm2,XGBoost,0.5667,0.5506,0.47,0.4857
F_peak_3d_Fp1,theta,None,Logistic Regression,0.5133,0.526,0.5,0.4857
F_rasm_3d,all,norm2,Random Forest,0.96,0.8359,0.46,0.4857
F_peak_3d_T7,all,None,Linear SVM,0.6333,0.5793,0.47,0.4857
F_mean_3d,gamma,norm3,Ensemble (Majority Vote),0.84,0.7147,0.46,0.4857
F_peak_3d_Fp1,theta,None,Linear SVM,0.5067,0.5255,0.5,0.4857
F_rasm_3d_8rm,all,norm3,Ensemble (Majority Vote),0.8733,0.7602,0.44,0.4857
F_median_3d_F4,gamma,norm2,Random Forest,0.8333,0.5954,0.41,0.4857
F_dasm_3d,all,norm3,XGBoost,1.0,0.9453,0.47,0.4857
F_mean_3d,delta,norm3,Random Forest,0.8467,0.6768,0.47,0.4857
F_dasm_3d_10rm,gamma,None,Logistic Regression,0.6133,0.5766,0.5,0.4857
F_mean_3d_3area,theta,None,Logistic Regression,0.56,0.537,0.5,0.4857
F_rasm_3d_8rm,theta,None,Logistic Regression,0.5,0.4846,0.47,0.4857
F_peak_3d_Fp1,delta,norm3,Ensemble (Majority Vote),0.7267,0.6016,0.42,0.4857
F_median_3d_Cz,alpha,norm3,Random Forest,0.8133,0.5894,0.47,0.4857
F_median_3d_Cz,gamma,norm2,Ensemble (Majority Vote),0.6467,0.6136,0.53,0.4857
F_peak_3d_F4,delta,None,Linear SVM,0.5,0.5145,0.5,0.4857
F_peak_3d_Fp1,delta,norm2,Ensemble (Majority Vote),0.7267,0.6016,0.42,0.4857
F_mean_3d_Fz,beta,norm2,Ensemble (Majority Vote),0.8067,0.6198,0.45,0.4857
F_peak_3d_10rm,all,norm3,Logistic Regression,0.8533,0.7271,0.49,0.4857
F_median_3d_Cz,alpha,norm2,Random Forest,0.8133,0.5894,0.47,0.4857
F_mean_3d_Fz,beta,norm3,Ensemble (Majority Vote),0.8067,0.6198,0.45,0.4857
F_peak_3d_2area,beta,norm3,XGBoost,0.68,0.5931,0.48,0.4857
F_mean_3d_8rm,theta,norm2,KNN,0.9533,0.6837,0.47,0.4857
F_median_3d_1area,all,norm2,Linear SVM,0.5133,0.5097,0.45,0.4857
F_mean_3d_3area,beta,norm3,KNN,0.9733,0.7195,0.45,0.4857
F_peak_3d_C4,all,norm2,KNN,0.9733,0.6903,0.42,0.4857
F_de_3d_T7,all,None,Linear SVM,0.6467,0.5768,0.46,0.4857
F_median_3d_1area,theta,None,XGBoost,0.6,0.5846,0.46,0.4857
F_median_3d_C4,delta,None,XGBoost,0.6133,0.568,0.47,0.4857
F_median_3d_Fp1,theta,norm2,Random Forest,0.7667,0.591,0.5,0.4857
F_de_3d_Fz,beta,None,Linear SVM,0.5067,0.5048,0.47,0.4857
F_mean_3d_10rm,gamma,norm3,Random Forest,0.82,0.6763,0.48,0.4857
F_de_3d_F4,beta,norm3,Random Forest,0.78,0.5961,0.47,0.4857
F_mean_3d_F8,beta,norm2,Linear SVM,0.5133,0.5018,0.5,0.4857
F_median_3d_3area,beta,None,XGBoost,0.7533,0.6375,0.48,0.4857
F_median_3d_T8,delta,None,Logistic Regression,0.4933,0.514,0.49,0.4857
F_mean_3d_F8,beta,norm3,Linear SVM,0.5133,0.5018,0.5,0.4857
F_median_3d_T8,alpha,norm3,Linear SVM,0.5,0.5002,0.47,0.4857
F_peak_3d,beta,norm3,XGBoost,0.8333,0.7257,0.5,0.4857
F_median_3d_T8,alpha,norm2,Linear SVM,0.5,0.5002,0.47,0.4857
F_rasm_3d19,beta,None,Linear SVM,0.48,0.508,0.47,0.4857
F_mean_3d_F4,all,None,XGBoost,0.8733,0.688,0.5,0.4857
F_mean_3d_F4,gamma,norm2,Random Forest,0.74,0.5945,0.47,0.4857
F_median_3d_T8,all,None,Logistic Regression,0.5867,0.5669,0.47,0.4857
F_median_3d_Fp1,beta,norm2,Linear SVM,0.4867,0.4982,0.46,0.4857
F_mean_3d_F3,theta,norm3,Ensemble (Majority Vote),0.6867,0.6076,0.48,0.4857
F_de_3d_8rm,beta,None,XGBoost,0.7867,0.6977,0.44,0.4857
F_median_3d_Fp1,beta,norm3,Linear SVM,0.4867,0.4982,0.46,0.4857
F_rasm_3d_8rm,theta,None,Ensemble (Majority Vote),0.86,0.6708,0.44,0.4857
F_de_3d_10rm,all,None,KNN,0.9867,0.8598,0.51,0.4857
F_dasm_3d19,beta,norm3,XGBoost,0.9533,0.8092,0.49,0.4857
F_mean_3d_F3,theta,norm2,Ensemble (Majority Vote),0.6867,0.6076,0.48,0.4857
F_de_3d_3area,alpha,norm3,Logistic Regression,0.5733,0.5423,0.49,0.4857
F_mean_3d_F4,gamma,norm3,Random Forest,0.74,0.5945,0.47,0.4857
F_median_3d_F8,gamma,None,Linear SVM,0.5333,0.5147,0.5,0.4857
F_mean_3d_10rm,delta,None,Ensemble (Majority Vote),0.88,0.7182,0.48,0.4857
F_rasm_3d_8rm,delta,norm2,Linear SVM,0.5133,0.4947,0.55,0.4857
F_mean_3d_F7,beta,None,Random Forest,0.6533,0.589,0.49,0.4857
F_mean_3d_F7,delta,None,Logistic Regression,0.5333,0.5361,0.49,0.4857
F_peak_3d_F7,delta,None,Linear SVM,0.5733,0.543,0.5,0.4857
F_dasm_3d19,theta,None,Linear SVM,0.6733,0.6005,0.49,0.4857
F_mean_3d_10rm,delta,None,KNN,0.9933,0.766,0.45,0.4857
F_median_3d_Fp1,all,None,XGBoost,0.8733,0.7055,0.47,0.4857
F_peak_3d,all,None,XGBoost,0.98,0.9025,0.45,0.4857
F_median_3d_Fp1,all,None,Random Forest,0.76,0.6671,0.48,0.4857
F_peak_3d_F7,delta,None,Logistic Regression,0.5533,0.5428,0.5,0.4857
F_dasm_3d19,theta,norm2,Random Forest,0.94,0.6968,0.51,0.4857
F_peak_3d_T8,all,norm2,Linear SVM,0.4733,0.4961,0.49,0.4857
F_rasm_3d19,theta,norm3,Ensemble (Majority Vote),0.84,0.7193,0.47,0.4857
F_peak_3d_1area,beta,norm3,XGBoost,0.5667,0.5389,0.47,0.4857
F_peak_3d_1area,beta,norm2,XGBoost,0.5667,0.5389,0.47,0.4857
F_de_3d_1area,beta,norm3,Ensemble (Majority Vote),0.7133,0.608,0.47,0.4857
F_mean_3d_F8,all,norm2,Linear SVM,0.5,0.4936,0.45,0.4857
F_de_3d_1area,beta,norm2,Ensemble (Majority Vote),0.7133,0.608,0.47,0.4857
F_peak_3d_3area,gamma,norm2,XGBoost,0.7333,0.6,0.48,0.4857
F_median_3d,beta,norm2,Ensemble (Majority Vote),0.84,0.669,0.49,0.4857
F_rasm_3d19,all,norm2,Random Forest,0.9867,0.8586,0.45,0.4857
F_peak_3d_T8,gamma,norm3,XGBoost,0.5667,0.5506,0.47,0.4857
F_median_3d_T7,alpha,norm2,KNN,0.98,0.6841,0.42,0.4857
F_median_3d_T7,alpha,norm3,KNN,0.98,0.6841,0.42,0.4857
F_rasm_3d_3area,alpha,norm2,Random Forest,0.7067,0.62,0.47,0.4857
F_de_3d,delta,norm2,Linear SVM,0.5,0.4968,0.47,0.4857
F_rasm_3d_3area,alpha,norm3,Random Forest,0.7067,0.62,0.47,0.4857
F_median_3d19,all,norm2,XGBoost,0.9933,0.8821,0.42,0.4857
F_mean_3d19,theta,None,KNN,0.9733,0.7848,0.47,0.4857
F_peak_3d_F8,beta,None,Ensemble (Majority Vote),0.7133,0.6186,0.47,0.4857
F_median_3d_C3,gamma,None,XGBoost,0.6933,0.589,0.49,0.4857
F_mean_3d_Cz,beta,norm3,KNN,0.98,0.689,0.44,0.4857
F_median_3d_C3,beta,norm2,KNN,0.9867,0.6809,0.53,0.4857
F_mean_3d_Cz,beta,norm2,KNN,0.98,0.689,0.44,0.4857
F_median_3d_C3,beta,norm3,KNN,0.9867,0.6809,0.53,0.4857
F_mean_3d_Cz,alpha,norm3,KNN,0.9867,0.6864,0.38,0.4857
F_de_3d_F7,delta,None,Logistic Regression,0.5533,0.5428,0.48,0.4857
F_median_3d_C3,gamma,None,Random Forest,0.6267,0.5926,0.49,0.4857
F_de_3d,gamma,None,Random Forest,0.7933,0.6768,0.53,0.4857
F_mean_3d_Cz,alpha,norm2,KNN,0.9867,0.6864,0.38,0.4857
F_peak_3d_F4,theta,None,XGBoost,0.6867,0.5908,0.5,0.4857
F_peak_3d_C4,delta,None,Ensemble (Majority Vote),0.7467,0.6177,0.47,0.4857
F_peak_3d_1area,theta,None,Random Forest,0.6933,0.5952,0.48,0.4857
F_peak_3d_T7,all,norm3,XGBoost,0.8733,0.6832,0.45,0.4857
F_median_3d19,all,norm3,Random Forest,0.9,0.757,0.47,0.4857
F_de_3d,beta,norm3,KNN,0.9733,0.7749,0.52,0.4857
F_median_3d_Fp1,theta,norm3,Random Forest,0.7667,0.591,0.5,0.4857
F_de_3d_F8,all,norm3,Logistic Regression,0.58,0.5543,0.5,0.4857
F_mean_3d_1area,delta,norm3,Linear SVM,0.5,0.4924,0.48,0.4857
F_rasm_3d,delta,norm2,Linear SVM,0.48,0.4959,0.51,0.4857
F_de_3d_C3,beta,None,Random Forest,0.6333,0.5869,0.49,0.4857
F_mean_3d_1area,delta,norm2,Linear SVM,0.5,0.4924,0.48,0.4857
F_median_3d_Fp2,all,norm3,XGBoost,0.8867,0.6901,0.5,0.4843
F_peak_3d_1area,alpha,norm2,Linear SVM,0.52,0.5097,0.46,0.4843
F_median_3d_F8,gamma,None,Logistic Regression,0.5333,0.5159,0.5,0.4843
F_mean_3d19,beta,norm3,XGBoost,0.98,0.794,0.51,0.4843
F_mean_3d,theta,norm3,Linear SVM,0.68,0.5991,0.5,0.4843
F_peak_3d,gamma,norm2,Ensemble (Majority Vote),0.8667,0.6874,0.47,0.4843
F_median_3d_F8,beta,norm2,KNN,0.9867,0.6809,0.49,0.4843
F_rasm_3d19,gamma,None,Random Forest,0.8467,0.6857,0.5,0.4843
F_mean_3d_Fp1,beta,norm2,Random Forest,0.7933,0.5853,0.43,0.4843
F_de_3d_C4,alpha,norm2,Random Forest,0.8,0.5947,0.48,0.4843
F_mean_3d_F7,alpha,norm2,XGBoost,0.5,0.5423,0.49,0.4843
F_mean_3d_F7,alpha,norm3,XGBoost,0.5,0.5423,0.49,0.4843
F_de_3d_C4,alpha,norm3,Random Forest,0.8,0.5947,0.48,0.4843
F_mean_3d_Fp1,beta,norm3,Random Forest,0.7933,0.5853,0.43,0.4843
F_peak_3d_10rm,delta,norm2,Random Forest,0.9133,0.6623,0.52,0.4843
F_peak_3d_F4,beta,norm3,Linear SVM,0.4933,0.5064,0.45,0.4843
F_peak_3d_C4,gamma,None,Logistic Regression,0.5333,0.5257,0.45,0.4843
F_de_3d_Fp2,beta,None,Ensemble (Majority Vote),0.7467,0.6216,0.48,0.4843
F_peak_3d_1area,all,norm3,Logistic Regression,0.6267,0.5795,0.46,0.4843
F_mean_3d_F8,theta,None,Ensemble (Majority Vote),0.76,0.6303,0.51,0.4843
F_median_3d_F8,beta,norm3,KNN,0.9867,0.6809,0.49,0.4843
F_de_3d_Cz,all,norm3,Random Forest,0.7867,0.6584,0.5,0.4843
F_peak_3d_1area,alpha,norm3,Linear SVM,0.52,0.5097,0.46,0.4843
F_mean_3d_8rm,delta,norm3,Ensemble (Majority Vote),0.84,0.6864,0.45,0.4843
F_median_3d_2area,gamma,norm3,Linear SVM,0.58,0.5407,0.51,0.4843
F_peak_3d_T8,alpha,None,Random Forest,0.6133,0.5906,0.46,0.4843
F_dasm_3d_10rm,all,None,KNN,1.0,0.8692,0.5,0.4843
F_peak_3d_F4,beta,norm2,Linear SVM,0.4933,0.5064,0.45,0.4843
F_peak_3d_T7,all,norm3,Linear SVM,0.6267,0.5692,0.46,0.4843
F_median_3d_F7,all,None,Logistic Regression,0.6467,0.5901,0.47,0.4843
F_peak_3d_Cz,theta,None,Linear SVM,0.5,0.5191,0.46,0.4843
F_median_3d_F7,gamma,None,Logistic Regression,0.54,0.5329,0.47,0.4843
F_median_3d_F7,gamma,None,Linear SVM,0.54,0.5331,0.47,0.4843
F_peak_3d_Cz,theta,None,Logistic Regression,0.5,0.5189,0.46,0.4843
F_de_3d_T8,all,None,XGBoost,0.88,0.7117,0.52,0.4843
F_peak_3d_2area,beta,None,KNN,0.9467,0.7189,0.5,0.4843
F_peak_3d_F3,gamma,None,XGBoost,0.6467,0.5913,0.49,0.4843
F_median_3d,delta,norm3,Random Forest,0.8533,0.6871,0.46,0.4843
F_dasm_3d_10rm,alpha,norm2,KNN,0.98,0.6885,0.41,0.4843
F_dasm_3d_10rm,alpha,norm2,Random Forest,0.8867,0.6579,0.51,0.4843
F_peak_3d_T7,all,norm3,Ensemble (Majority Vote),0.8333,0.6683,0.48,0.4843
F_peak_3d_T7,all,norm3,Logistic Regression,0.6133,0.5694,0.45,0.4843
F_dasm_3d,delta,norm3,Random Forest,0.7867,0.703,0.45,0.4843
F_dasm_3d_10rm,alpha,None,Linear SVM,0.5733,0.5536,0.48,0.4843
F_de_3d_T8,gamma,None,KNN,0.9867,0.7025,0.47,0.4843
F_median_3d_10rm,delta,None,Random Forest,0.7667,0.6616,0.51,0.4843
F_median_3d,alpha,None,XGBoost,0.9267,0.737,0.46,0.4843
F_dasm_3d19,gamma,None,Ensemble (Majority Vote),0.86,0.7379,0.51,0.4843
F_peak_3d_2area,alpha,norm3,KNN,0.94,0.6956,0.48,0.4843
F_median_3d19,delta,None,Linear SVM,0.74,0.6274,0.45,0.4843
F_median_3d19,delta,None,XGBoost,0.96,0.7848,0.48,0.4843
F_median_3d19,all,norm3,KNN,0.98,0.8391,0.47,0.4843
F_median_3d19,theta,None,Linear SVM,0.74,0.6363,0.49,0.4843
F_median_3d_10rm,beta,norm3,Random Forest,0.76,0.6531,0.44,0.4843
F_mean_3d_F8,beta,norm2,KNN,0.9867,0.6897,0.45,0.4843
F_mean_3d,beta,norm2,Linear SVM,0.52,0.5069,0.46,0.4843
F_peak_3d_3area,delta,None,Random Forest,0.72,0.6184,0.51,0.4843
F_mean_3d_1area,beta,None,KNN,0.9333,0.6952,0.48,0.4843
F_median_3d_T7,beta,norm2,Random Forest,0.8067,0.5915,0.46,0.4843
F_de_3d_F8,all,norm3,Random Forest,0.8,0.6547,0.47,0.4843
F_median_3d_T7,beta,norm3,Random Forest,0.8067,0.5915,0.46,0.4843
F_de_3d_F8,all,norm3,XGBoost,0.8667,0.672,0.44,0.4843
F_median_3d_8rm,gamma,norm3,Random Forest,0.76,0.6554,0.46,0.4843
F_median_3d_8rm,gamma,norm3,KNN,0.9867,0.7457,0.49,0.4843
F_peak_3d_T7,all,None,XGBoost,0.8333,0.7007,0.45,0.4843
F_median_3d_T7,theta,None,Ensemble (Majority Vote),0.68,0.612,0.51,0.4843
F_mean_3d_10rm,theta,None,Random Forest,0.7467,0.6616,0.45,0.4843
F_de_3d_8rm,alpha,norm2,KNN,0.9933,0.711,0.49,0.4843
F_mean_3d_F4,all,None,Linear SVM,0.6,0.5582,0.48,0.4843
F_de_3d_8rm,all,norm2,KNN,0.9667,0.7455,0.47,0.4843
F_median_3d_Fp1,beta,None,Random Forest,0.6533,0.6011,0.45,0.4843
F_peak_3d_Fp2,gamma,norm2,Ensemble (Majority Vote),0.7467,0.631,0.49,0.4843
F_de_3d_Fp1,all,norm2,XGBoost,0.88,0.6368,0.44,0.4843
F_peak_3d_F7,gamma,None,Linear SVM,0.52,0.5269,0.46,0.4843
F_dasm_3d_3area,alpha,None,XGBoost,0.5867,0.5752,0.47,0.4843
F_de_3d_3area,beta,norm2,Random Forest,0.82,0.6097,0.51,0.4843
F_de_3d_Fp1,alpha,None,KNN,0.96,0.6998,0.47,0.4843
F_median_3d_Fp1,all,norm3,Random Forest,0.8133,0.6669,0.54,0.4843
F_de_3d_Fp1,alpha,norm2,KNN,0.9933,0.6959,0.48,0.4843
F_de_3d_Fp1,alpha,norm3,KNN,0.9933,0.6959,0.48,0.4843
F_peak_3d_Fp2,gamma,norm2,Random Forest,0.7467,0.5887,0.45,0.4843
F_mean_3d_F8,all,None,Logistic Regression,0.6,0.5577,0.48,0.4843
F_peak_3d_Fp2,alpha,norm3,KNN,0.9867,0.6901,0.49,0.4843
F_de_3d_C3,beta,norm2,Linear SVM,0.52,0.503,0.47,0.4843
F_mean_3d_1area,theta,None,KNN,0.9533,0.6885,0.42,0.4843
F_de_3d_Cz,gamma,None,Logistic Regression,0.52,0.5156,0.53,0.4843
F_peak_3d_Fp1,delta,norm2,Random Forest,0.68,0.5782,0.47,0.4843
F_de_3d_F4,all,norm2,XGBoost,0.88,0.6405,0.51,0.4843
F_de_3d_F3,theta,norm3,Linear SVM,0.5067,0.4952,0.48,0.4843
F_de_3d_F3,theta,norm2,Linear SVM,0.5067,0.4952,0.48,0.4843
F_peak_3d_Fp1,delta,norm3,Random Forest,0.68,0.5782,0.47,0.4843
F_median_3d_Cz,all,None,Logistic Regression,0.68,0.5984,0.49,0.4843
F_de_3d_F4,gamma,None,XGBoost,0.6667,0.5982,0.47,0.4843
F_median_3d_C4,theta,norm3,KNN,0.98,0.6846,0.44,0.4843
F_median_3d_C4,theta,norm2,KNN,0.98,0.6846,0.44,0.4843
F_mean_3d_8rm,gamma,None,Logistic Regression,0.58,0.5646,0.48,0.4843
F_mean_3d_8rm,gamma,norm3,Ensemble (Majority Vote),0.78,0.6777,0.46,0.4843
F_median_3d_C4,delta,None,Logistic Regression,0.56,0.5133,0.47,0.4843
F_de_3d_C3,beta,norm3,Linear SVM,0.52,0.503,0.47,0.4843
F_median_3d_C4,beta,norm3,XGBoost,0.5933,0.5497,0.49,0.4843
F_median_3d_C4,beta,norm2,XGBoost,0.5933,0.5497,0.49,0.4843
F_median_3d_C4,beta,None,Linear SVM,0.5333,0.5232,0.48,0.4843
F_median_3d_C3,theta,None,Linear SVM,0.5333,0.5317,0.49,0.4843
F_rasm_3d,delta,norm2,Ensemble (Majority Vote),0.8867,0.7561,0.47,0.4843
F_de_3d_F7,delta,None,Linear SVM,0.5467,0.5421,0.48,0.4843
F_mean_3d_Cz,all,norm3,XGBoost,0.88,0.6811,0.49,0.4843
F_peak_3d_Fp2,alpha,norm2,KNN,0.9867,0.6901,0.49,0.4843
F_de_3d_C3,delta,None,Logistic Regression,0.5133,0.5092,0.48,0.4843
F_mean_3d_Cz,delta,None,Ensemble (Majority Vote),0.7933,0.6386,0.51,0.4843
F_mean_3d_Cz,theta,None,KNN,0.9867,0.694,0.45,0.4843
F_peak_3d_Fp2,gamma,norm3,Ensemble (Majority Vote),0.7467,0.631,0.49,0.4843
F_mean_3d_10rm,delta,norm3,Logistic Regression,0.7067,0.6129,0.47,0.4843
F_rasm_3d_3area,gamma,norm2,XGBoost,0.7333,0.6333,0.45,0.4843
F_de_3d,all,norm2,Linear SVM,0.48,0.4949,0.41,0.4843
F_peak_3d_Fz,all,None,Random Forest,0.76,0.6761,0.43,0.4843
F_peak_3d_T7,gamma,norm2,KNN,0.9867,0.6952,0.53,0.4843
F_peak_3d19,beta,norm3,XGBoost,0.86,0.7871,0.51,0.4843
F_peak_3d_Fz,all,norm2,Linear SVM,0.4733,0.5018,0.46,0.4843
F_peak_3d_2area,theta,None,Ensemble (Majority Vote),0.7867,0.6405,0.5,0.4843
F_de_3d_1area,all,norm3,KNN,0.9667,0.7487,0.49,0.4843
F_median_3d_2area,alpha,norm2,KNN,0.98,0.6961,0.46,0.4843
F_mean_3d_Fp2,theta,norm2,Random Forest,0.84,0.5949,0.42,0.4843
F_rasm_3d_3area,gamma,norm3,XGBoost,0.7333,0.6333,0.45,0.4843
F_mean_3d_Fp2,theta,norm3,Random Forest,0.84,0.5949,0.42,0.4843
F_de_3d,all,None,Linear SVM,0.84,0.7251,0.49,0.4843
F_de_3d_Fp2,delta,None,XGBoost,0.6333,0.5795,0.49,0.4843
F_peak_3d19,theta,norm3,Logistic Regression,0.6867,0.6255,0.48,0.4843
F_dasm_3d_8rm,gamma,norm3,Ensemble (Majority Vote),0.7733,0.6685,0.48,0.4843
F_dasm_3d_8rm,delta,norm3,KNN,0.9467,0.7439,0.46,0.4843
F_de_3d_T7,all,None,Random Forest,0.7333,0.652,0.49,0.4843
F_median_3d_1area,theta,None,Linear SVM,0.54,0.532,0.49,0.4843
F_mean_3d_Fz,theta,None,XGBoost,0.7,0.5903,0.46,0.4843
F_mean_3d_T7,all,norm2,XGBoost,0.9,0.6379,0.42,0.4843
F_de_3d_T7,all,norm3,Logistic Regression,0.6133,0.5586,0.47,0.4843
F_peak_3d_10rm,gamma,None,Logistic Regression,0.6067,0.6023,0.5,0.4843
F_mean_3d,beta,norm2,Random Forest,0.8867,0.6683,0.46,0.4843
F_rasm_3d_3area,delta,None,Linear SVM,0.5267,0.5046,0.48,0.4843
F_median_3d19,gamma,None,XGBoost,0.8933,0.7768,0.47,0.4843
F_peak_3d,delta,norm2,KNN,0.9733,0.7168,0.47,0.4843
F_peak_3d_T7,gamma,norm3,KNN,0.9867,0.6952,0.53,0.4843
F_peak_3d_Fp2,gamma,norm3,Random Forest,0.7467,0.5887,0.45,0.4843
F_de_3d_Fp1,gamma,None,XGBoost,0.6733,0.5924,0.52,0.4843
F_de_3d_10rm,theta,None,Random Forest,0.76,0.6586,0.49,0.4843
F_mean_3d_F8,theta,None,Random Forest,0.68,0.5956,0.45,0.4843
F_de_3d_10rm,delta,norm3,Random Forest,0.8733,0.6867,0.48,0.4843
F_mean_3d_F8,beta,norm3,KNN,0.9867,0.6897,0.45,0.4843
F_de_3d_Fp1,delta,norm2,Ensemble (Majority Vote),0.6,0.5936,0.45,0.4843
F_de_3d_Fp1,delta,norm3,Ensemble (Majority Vote),0.6,0.5936,0.45,0.4843
F_de_3d19,gamma,norm3,Logistic Regression,0.7,0.6308,0.44,0.4843
F_median_3d_C4,beta,norm2,Random Forest,0.7267,0.5795,0.47,0.4829
F_median_3d19,beta,None,Ensemble (Majority Vote),0.8533,0.7501,0.45,0.4829
F_de_3d_Cz,all,norm3,XGBoost,0.86,0.6844,0.47,0.4829
F_mean_3d_Cz,alpha,norm2,XGBoost,0.58,0.5513,0.43,0.4829
F_median_3d_Cz,gamma,norm2,Random Forest,0.72,0.5929,0.47,0.4829
F_dasm_3d,delta,norm3,KNN,0.98,0.7867,0.47,0.4829
F_median_3d_Cz,gamma,norm3,Random Forest,0.72,0.5929,0.47,0.4829
F_mean_3d_Fp1,delta,norm2,Ensemble (Majority Vote),0.8133,0.614,0.47,0.4829
F_rasm_3d_10rm,all,norm2,Linear SVM,0.5,0.4959,0.5,0.4829
F_median_3d_C4,beta,norm3,Random Forest,0.7267,0.5795,0.47,0.4829
F_mean_3d_3area,alpha,None,KNN,0.9867,0.7225,0.44,0.4829
F_median_3d_8rm,delta,norm3,Random Forest,0.88,0.6782,0.45,0.4829
F_mean_3d_Cz,alpha,norm3,XGBoost,0.58,0.5513,0.43,0.4829
F_median_3d_8rm,beta,None,Logistic Regression,0.6133,0.5605,0.46,0.4829
F_mean_3d_Fp1,delta,norm3,Ensemble (Majority Vote),0.8133,0.614,0.47,0.4829
F_de_3d_8rm,theta,None,Ensemble (Majority Vote),0.8067,0.689,0.46,0.4829
F_peak_3d_Fp2,gamma,norm2,XGBoost,0.54,0.5515,0.5,0.4829
F_rasm_3d,alpha,None,Logistic Regression,0.5467,0.5299,0.46,0.4829
F_de_3d19,theta,None,KNN,1.0,0.8028,0.44,0.4829
F_median_3d,alpha,None,KNN,0.9933,0.7933,0.52,0.4829
F_peak_3d_2area,theta,norm3,Linear SVM,0.5,0.5262,0.48,0.4829
F_median_3d_F7,theta,None,XGBoost,0.5933,0.5715,0.49,0.4829
F_peak_3d_Fz,alpha,None,KNN,0.9667,0.6995,0.46,0.4829
F_peak_3d_Fp2,gamma,norm3,XGBoost,0.54,0.5515,0.5,0.4829
F_rasm_3d_10rm,all,norm3,Random Forest,0.7933,0.7579,0.49,0.4829
F_peak_3d_Fp1,all,norm2,Random Forest,0.8933,0.6646,0.44,0.4829
F_rasm_3d,alpha,None,Ensemble (Majority Vote),0.9133,0.6846,0.44,0.4829
F_rasm_3d_10rm,beta,None,Random Forest,0.8467,0.6566,0.48,0.4829
F_peak_3d_T8,theta,None,KNN,0.9667,0.6952,0.49,0.4829
F_peak_3d_2area,delta,None,Random Forest,0.7133,0.6106,0.49,0.4829
F_peak_3d_Fz,beta,norm3,XGBoost,0.6067,0.5467,0.47,0.4829
F_peak_3d_Fz,delta,None,XGBoost,0.62,0.5782,0.47,0.4829
F_peak_3d_F8,delta,norm3,KNN,0.9733,0.6841,0.43,0.4829
F_peak_3d_Fz,beta,norm2,XGBoost,0.6067,0.5467,0.47,0.4829
F_peak_3d_Fp2,theta,None,XGBoost,0.6667,0.5825,0.48,0.4829
F_peak_3d_Cz,theta,norm2,KNN,0.98,0.6963,0.55,0.4829
F_peak_3d_8rm,gamma,norm3,Linear SVM,0.6533,0.6168,0.5,0.4829
F_peak_3d_F7,theta,None,Linear SVM,0.5333,0.5347,0.49,0.4829
F_peak_3d_Fp2,delta,None,XGBoost,0.5933,0.5763,0.49,0.4829
F_peak_3d_3area,theta,norm3,Random Forest,0.8,0.6306,0.53,0.4829
F_peak_3d_3area,all,norm3,Random Forest,0.8467,0.7133,0.5,0.4829
F_rasm_3d19,beta,norm3,KNN,0.9867,0.7933,0.48,0.4829
F_peak_3d_Fz,beta,None,Random Forest,0.5867,0.5963,0.51,0.4829
F_peak_3d_Fz,theta,None,Linear SVM,0.52,0.5209,0.48,0.4829
F_peak_3d_8rm,all,norm2,KNN,0.98,0.7441,0.49,0.4829
F_peak_3d_Cz,theta,norm3,KNN,0.98,0.6963,0.55,0.4829
F_peak_3d_F8,delta,norm2,KNN,0.9733,0.6841,0.43,0.4829
F_rasm_3d19,theta,norm2,KNN,0.9933,0.7759,0.48,0.4829
F_rasm_3d,alpha,norm2,Random Forest,0.8,0.7014,0.4,0.4829
F_rasm_3d_10rm,delta,None,Ensemble (Majority Vote),0.8733,0.6811,0.48,0.4829
F_dasm_3d,all,None,Ensemble (Majority Vote),0.9267,0.8064,0.49,0.4829
F_mean_3d_3area,delta,norm3,Logistic Regression,0.5867,0.5566,0.48,0.4829
F_mean_3d_F3,delta,norm3,Ensemble (Majority Vote),0.6533,0.5986,0.48,0.4829
F_mean_3d_T8,gamma,None,Ensemble (Majority Vote),0.7133,0.6184,0.48,0.4829
F_mean_3d_2area,delta,None,XGBoost,0.7,0.6117,0.44,0.4829
F_mean_3d_F8,delta,None,Ensemble (Majority Vote),0.7733,0.6297,0.46,0.4829
F_de_3d_C3,theta,None,KNN,0.9467,0.7007,0.44,0.4829
F_de_3d_F4,all,norm2,Linear SVM,0.52,0.5099,0.49,0.4829
F_median_3d,beta,norm2,Random Forest,0.8733,0.66,0.49,0.4829
F_mean_3d_F3,theta,norm3,XGBoost,0.62,0.5418,0.47,0.4829
F_de_3d_F3,theta,None,Ensemble (Majority Vote),0.7133,0.614,0.49,0.4829
F_mean_3d_F3,theta,norm2,XGBoost,0.62,0.5418,0.47,0.4829
F_de_3d_1area,alpha,None,KNN,0.9667,0.7005,0.49,0.4829
F_peak_3d,gamma,None,XGBoost,0.9133,0.7589,0.45,0.4829
F_median_3d_C4,beta,None,Logistic Regression,0.5467,0.5239,0.48,0.4829
F_de_3d_C3,alpha,None,XGBoost,0.6067,0.5777,0.45,0.4829
F_median_3d_8rm,alpha,None,Random Forest,0.72,0.6476,0.44,0.4829
F_median_3d_T8,gamma,None,Random Forest,0.7067,0.5926,0.49,0.4829
F_median_3d_F7,delta,norm2,XGBoost,0.6133,0.5549,0.5,0.4829
F_median_3d_Fz,all,norm3,XGBoost,0.8933,0.6878,0.46,0.4829
F_de_3d_2area,delta,norm2,KNN,0.98,0.6901,0.46,0.4829
F_de_3d,all,norm3,Linear SVM,0.84,0.7343,0.44,0.4829
F_dasm_3d_8rm,all,None,KNN,0.9933,0.854,0.48,0.4829
F_mean_3d_F3,delta,norm2,Ensemble (Majority Vote),0.6533,0.5986,0.48,0.4829
F_de_3d_T7,delta,None,Ensemble (Majority Vote),0.7133,0.6218,0.48,0.4829
F_median_3d_C4,delta,None,Linear SVM,0.56,0.5143,0.47,0.4829
F_mean_3d_2area,gamma,norm2,Random Forest,0.8,0.6126,0.51,0.4829
F_de_3d_F8,delta,None,Ensemble (Majority Vote),0.6933,0.626,0.49,0.4829
F_mean_3d_3area,beta,None,Logistic Regression,0.56,0.5437,0.49,0.4829
F_median_3d_T8,delta,None,Linear SVM,0.4933,0.5129,0.49,0.4829
F_de_3d_Fz,delta,None,Linear SVM,0.5467,0.5251,0.48,0.4829
F_median_3d_C3,theta,None,Logistic Regression,0.5533,0.5322,0.49,0.4829
F_de_3d_F7,all,norm3,Linear SVM,0.6333,0.5874,0.43,0.4829
F_de_3d_Fz,delta,None,Logistic Regression,0.5533,0.5262,0.48,0.4829
F_median_3d_C3,delta,norm3,KNN,0.9867,0.6991,0.47,0.4829
F_dasm_3d_10rm,alpha,norm2,Ensemble (Majority Vote),0.8133,0.6653,0.45,0.4829
F_median_3d_C3,delta,norm2,KNN,0.9867,0.6991,0.47,0.4829
F_de_3d_T8,beta,norm2,Random Forest,0.6867,0.5853,0.47,0.4829
F_de_3d_T8,beta,norm3,Random Forest,0.6867,0.5853,0.47,0.4829
F_mean_3d_C3,beta,norm2,XGBoost,0.7,0.5579,0.51,0.4829
F_mean_3d_F7,alpha,None,Ensemble (Majority Vote),0.7467,0.6262,0.49,0.4829
F_median_3d_T7,delta,None,Ensemble (Majority Vote),0.72,0.6244,0.47,0.4829
F_mean_3d_T7,gamma,norm2,XGBoost,0.6267,0.546,0.48,0.4829
F_mean_3d_T7,gamma,norm3,XGBoost,0.6267,0.546,0.48,0.4829
F_de_3d_Cz,all,None,Linear SVM,0.6533,0.5855,0.47,0.4829
F_median_3d_C3,all,norm3,Random Forest,0.84,0.6701,0.49,0.4829
F_dasm_3d_3area,theta,norm3,XGBoost,0.6333,0.5522,0.5,0.4829
F_dasm_3d_3area,theta,norm2,XGBoost,0.6333,0.5522,0.5,0.4829
F_mean_3d_C3,beta,norm3,XGBoost,0.7,0.5579,0.51,0.4829
F_de_3d_10rm,delta,None,Random Forest,0.7667,0.6598,0.46,0.4829
F_median_3d_T7,all,None,Ensemble (Majority Vote),0.7867,0.6717,0.51,0.4829
F_median_3d_F7,delta,norm3,XGBoost,0.6133,0.5549,0.5,0.4829
F_mean_3d_Fp1,all,norm3,Linear SVM,0.6067,0.5715,0.47,0.4829
F_de_3d_2area,theta,None,Linear SVM,0.6,0.5508,0.48,0.4829
F_de_3d_F3,beta,norm3,KNN,0.9867,0.6874,0.42,0.4829
F_de_3d_3area,theta,None,KNN,0.9733,0.7299,0.49,0.4829
F_mean_3d_8rm,beta,None,Logistic Regression,0.5933,0.5623,0.47,0.4829
F_de_3d_F3,beta,norm2,KNN,0.9867,0.6874,0.42,0.4829
F_median_3d_Cz,all,norm3,Random Forest,0.8467,0.671,0.49,0.4829
F_de_3d,beta,norm3,Linear SVM,0.72,0.614,0.53,0.4829
F_mean_3d_Cz,beta,norm2,Ensemble (Majority Vote),0.7133,0.6064,0.51,0.4829
F_de_3d,gamma,None,Linear SVM,0.64,0.603,0.47,0.4829
F_de_3d_F3,delta,norm2,KNN,0.98,0.688,0.49,0.4829
F_mean_3d_10rm,beta,norm3,Ensemble (Majority Vote),0.84,0.7016,0.5,0.4829
F_mean_3d_10rm,beta,norm2,Linear SVM,0.5133,0.5067,0.47,0.4829
F_mean_3d_C4,theta,None,Logistic Regression,0.5333,0.523,0.46,0.4829
F_mean_3d_Cz,beta,norm3,Ensemble (Majority Vote),0.7133,0.6064,0.51,0.4829
F_median_3d_1area,gamma,None,Ensemble (Majority Vote),0.7467,0.6244,0.49,0.4829
F_median_3d_Cz,alpha,norm2,XGBoost,0.56,0.5526,0.49,0.4829
F_median_3d_1area,delta,None,KNN,0.98,0.6899,0.49,0.4829
F_median_3d_Fp1,all,None,Logistic Regression,0.6533,0.5874,0.5,0.4829
F_mean_3d_10rm,alpha,norm2,Ensemble (Majority Vote),0.8667,0.6892,0.48,0.4829
F_de_3d_3area,alpha,norm3,Linear SVM,0.5733,0.5457,0.46,0.4829
F_median_3d_Fp1,alpha,None,Ensemble (Majority Vote),0.7533,0.6322,0.49,0.4829
F_mean_3d19,gamma,norm2,Ensemble (Majority Vote),0.84,0.7149,0.54,0.4829
F_median_3d_Fp1,alpha,None,KNN,0.9733,0.6972,0.47,0.4829
F_median_3d_Cz,alpha,norm3,XGBoost,0.56,0.5526,0.49,0.4829
F_de_3d_8rm,gamma,norm2,KNN,0.9667,0.6943,0.44,0.4829
F_median_3d_F3,theta,None,XGBoost,0.62,0.5876,0.51,0.4829
F_de_3d_F8,gamma,None,XGBoost,0.6133,0.588,0.5,0.4829
F_de_3d_Fp2,beta,None,KNN,0.96,0.6931,0.48,0.4829
F_mean_3d,theta,norm3,KNN,0.9733,0.754,0.44,0.4829
F_peak_3d_10rm,alpha,norm3,Logistic Regression,0.6533,0.5883,0.47,0.4829
F_de_3d,gamma,norm3,Random Forest,0.8267,0.6874,0.48,0.4829
F_median_3d_F8,alpha,None,Logistic Regression,0.5,0.5166,0.47,0.4829
F_de_3d_F3,delta,norm3,KNN,0.98,0.688,0.49,0.4829
F_mean_3d_8rm,theta,None,Random Forest,0.7133,0.6503,0.46,0.4829
F_median_3d_F8,alpha,None,Random Forest,0.6133,0.586,0.47,0.4829
F_mean_3d,gamma,norm3,Logistic Regression,0.64,0.6032,0.47,0.4829
F_median_3d_3area,all,norm3,KNN,0.98,0.7821,0.46,0.4829
F_peak_3d_10rm,gamma,None,Linear SVM,0.6333,0.612,0.51,0.4829
F_median_3d_Cz,theta,None,Logistic Regression,0.5533,0.5398,0.46,0.4829
F_median_3d_F3,alpha,None,Ensemble (Majority Vote),0.7133,0.6269,0.48,0.4829
F_de_3d_8rm,delta,None,KNN,0.9933,0.7915,0.46,0.4829
F_de_3d_8rm,theta,norm2,KNN,0.96,0.6949,0.46,0.4814
F_rasm_3d_8rm,alpha,None,Logistic Regression,0.52,0.5234,0.45,0.4814
F_median_3d_3area,theta,norm2,Random Forest,0.8333,0.6143,0.49,0.4814
F_rasm_3d_3area,beta,norm2,Random Forest,0.74,0.608,0.5,0.4814
F_median_3d_C4,theta,None,Random Forest,0.6533,0.5793,0.51,0.4814
F_rasm_3d_3area,beta,norm3,Random Forest,0.74,0.608,0.5,0.4814
F_mean_3d_C4,gamma,None,XGBoost,0.6333,0.5784,0.47,0.4814
F_de_3d_2area,all,norm3,Linear SVM,0.68,0.6078,0.44,0.4814
F_median_3d_2area,beta,norm2,KNN,0.94,0.6784,0.48,0.4814
F_mean_3d_8rm,delta,norm3,Linear SVM,0.6733,0.6,0.44,0.4814
F_de_3d_Fz,delta,None,XGBoost,0.6467,0.5814,0.49,0.4814
F_mean_3d_Fp1,gamma,norm2,KNN,0.98,0.6818,0.49,0.4814
F_de_3d_F7,all,None,KNN,0.9533,0.7653,0.47,0.4814
F_mean_3d_8rm,gamma,None,KNN,0.9933,0.7531,0.51,0.4814
F_median_3d_F3,gamma,None,KNN,0.9733,0.6989,0.47,0.4814
F_peak_3d_Fp1,all,None,XGBoost,0.8933,0.7175,0.49,0.4814
F_mean_3d_Fp1,gamma,norm3,KNN,0.98,0.6818,0.49,0.4814
F_peak_3d_C3,delta,None,KNN,0.9733,0.694,0.44,0.4814
F_de_3d_F8,all,None,Ensemble (Majority Vote),0.84,0.6897,0.45,0.4814
F_dasm_3d_8rm,alpha,norm2,Random Forest,0.8867,0.6451,0.46,0.4814
F_median_3d_Fz,all,norm3,Ensemble (Majority Vote),0.78,0.6582,0.46,0.4814
F_de_3d_F8,gamma,None,Logistic Regression,0.52,0.5014,0.48,0.4814
F_median_3d_F7,theta,None,Random Forest,0.6133,0.583,0.51,0.4814
F_mean_3d_F3,all,norm2,Random Forest,0.9267,0.6752,0.43,0.4814
F_peak_3d_8rm,alpha,norm3,Random Forest,0.7733,0.6678,0.52,0.4814
F_de_3d_Fp1,theta,None,Logistic Regression,0.5467,0.5287,0.5,0.4814
F_de_3d_Fp1,theta,None,Linear SVM,0.5467,0.5297,0.5,0.4814
F_median_3d_Fp2,all,norm3,Random Forest,0.8067,0.6577,0.48,0.4814
F_peak_3d_8rm,gamma,norm3,Random Forest,0.7867,0.6807,0.48,0.4814
F_de_3d_Fp1,delta,norm3,Random Forest,0.72,0.5853,0.47,0.4814
F_mean_3d_C4,beta,norm2,Random Forest,0.74,0.5839,0.47,0.4814
F_mean_3d_C4,beta,norm3,Random Forest,0.74,0.5839,0.47,0.4814
F_mean_3d_Cz,all,None,XGBoost,0.9,0.6993,0.47,0.4814
F_de_3d_Fp1,beta,norm2,KNN,0.9733,0.6761,0.48,0.4814
F_de_3d_Fp1,beta,norm3,KNN,0.9733,0.6761,0.48,0.4814
F_median_3d_F8,theta,None,Random Forest,0.6467,0.5945,0.47,0.4814
F_mean_3d_C4,theta,None,Linear SVM,0.5333,0.523,0.45,0.4814
F_de_3d_Fp1,delta,norm2,Random Forest,0.72,0.5853,0.47,0.4814
F_de_3d19,beta,None,Linear SVM,0.7133,0.6407,0.51,0.4814
F_median_3d_Fz,alpha,norm2,Linear SVM,0.5,0.5053,0.48,0.4814
F_de_3d_F7,all,norm3,Logistic Regression,0.6267,0.5869,0.42,0.4814
F_median_3d_Fz,alpha,norm3,Linear SVM,0.5,0.5053,0.48,0.4814
F_de_3d_F7,all,norm3,XGBoost,0.8667,0.6899,0.46,0.4814
F_mean_3d_F7,beta,None,XGBoost,0.6333,0.5869,0.52,0.4814
F_median_3d_F4,alpha,None,XGBoost,0.6067,0.5687,0.49,0.4814
F_mean_3d_F7,alpha,norm3,Ensemble (Majority Vote),0.72,0.6101,0.46,0.4814
F_median_3d_T7,beta,norm3,XGBoost,0.6133,0.5549,0.49,0.4814
F_median_3d_T7,beta,norm2,XGBoost,0.6133,0.5549,0.49,0.4814
F_dasm_3d_8rm,beta,norm3,KNN,0.9467,0.7143,0.46,0.4814
F_mean_3d_F7,alpha,norm2,Ensemble (Majority Vote),0.72,0.6101,0.46,0.4814
F_de_3d_10rm,beta,None,Linear SVM,0.66,0.589,0.47,0.4814
F_de_3d_F7,theta,None,KNN,0.9733,0.7011,0.41,0.4814
F_mean_3d_F4,delta,None,XGBoost,0.6667,0.5851,0.45,0.4814
F_peak_3d_F7,gamma,None,Logistic Regression,0.52,0.5257,0.45,0.4814
F_median_3d_Fz,delta,None,Logistic Regression,0.5067,0.5221,0.49,0.4814
F_mean_3d_C3,gamma,None,Ensemble (Majority Vote),0.78,0.6455,0.45,0.4814
F_median_3d_Fz,beta,None,Random Forest,0.62,0.5933,0.48,0.4814
F_de_3d19,delta,norm3,Linear SVM,0.7067,0.6434,0.46,0.4814
F_de_3d19,delta,norm2,Ensemble (Majority Vote),0.8,0.6975,0.46,0.4814
F_mean_3d_8rm,delta,norm3,Logistic Regression,0.6733,0.6028,0.45,0.4814
F_median_3d_1area,all,norm2,KNN,0.9733,0.6945,0.44,0.4814
F_peak_3d,all,norm2,XGBoost,0.9867,0.8444,0.46,0.4814
F_de_3d_2area,gamma,None,Ensemble (Majority Vote),0.7733,0.6499,0.48,0.4814
F_median_3d19,theta,None,XGBoost,0.94,0.7871,0.46,0.4814
F_mean_3d,theta,None,Logistic Regression,0.6733,0.5897,0.48,0.4814
F_median_3d_3area,all,None,Logistic Regression,0.66,0.6156,0.5,0.4814
F_peak_3d_10rm,all,norm2,XGBoost,0.98,0.8308,0.5,0.4814
F_de_3d_2area,theta,None,Logistic Regression,0.5533,0.5416,0.47,0.4814
F_median_3d_3area,alpha,None,KNN,0.98,0.731,0.46,0.4814
F_dasm_3d,theta,norm3,Random Forest,0.7467,0.6618,0.48,0.4814
F_rasm_3d19,theta,norm2,Random Forest,0.9,0.746,0.48,0.4814
F_median_3d,theta,norm3,Ensemble (Majority Vote),0.84,0.6991,0.39,0.4814
F_peak_3d_2area,gamma,norm2,Ensemble (Majority Vote),0.7933,0.6361,0.42,0.4814
F_de_3d_8rm,gamma,norm3,Linear SVM,0.6533,0.6186,0.5,0.4814
F_median_3d_Cz,beta,None,KNN,0.98,0.6936,0.45,0.4814
F_mean_3d_1area,gamma,None,Random Forest,0.6933,0.6069,0.46,0.4814
F_mean_3d,gamma,norm3,Linear SVM,0.6467,0.6108,0.48,0.4814
F_de_3d_2area,alpha,None,Random Forest,0.68,0.6064,0.49,0.4814
F_mean_3d,delta,norm3,KNN,0.98,0.7648,0.45,0.4814
F_peak_3d19,gamma,norm3,Linear SVM,0.7533,0.6568,0.44,0.4814
F_median_3d_8rm,delta,None,Random Forest,0.7467,0.6524,0.51,0.4814
F_peak_3d19,gamma,norm3,Ensemble (Majority Vote),0.9067,0.7752,0.5,0.4814
F_rasm_3d_10rm,all,norm2,Ensemble (Majority Vote),0.9733,0.851,0.49,0.4814
F_mean_3d,delta,None,Logistic Regression,0.7333,0.6172,0.48,0.4814
F_peak_3d_C4,gamma,norm3,Ensemble (Majority Vote),0.6867,0.6156,0.45,0.4814
F_de_3d_8rm,delta,None,Random Forest,0.74,0.654,0.45,0.4814
F_median_3d_10rm,all,None,Random Forest,0.86,0.7368,0.46,0.4814
F_median_3d_2area,theta,None,Ensemble (Majority Vote),0.7067,0.6352,0.5,0.4814
F_mean_3d19,all,norm3,Linear SVM,0.8867,0.7841,0.51,0.4814
F_peak_3d_1area,theta,norm3,KNN,0.9933,0.6818,0.46,0.4814
F_peak_3d_1area,theta,norm2,KNN,0.9933,0.6818,0.46,0.4814
F_de_3d_3area,beta,norm2,XGBoost,0.6667,0.5802,0.43,0.4814
F_mean_3d19,gamma,None,XGBoost,0.8933,0.7759,0.46,0.4814
F_rasm_3d19,beta,norm3,Ensemble (Majority Vote),0.9,0.7715,0.51,0.4814
F_dasm_3d,alpha,None,Random Forest,0.8,0.6857,0.47,0.4814
F_dasm_3d,alpha,norm2,KNN,0.98,0.6963,0.44,0.4814
F_de_3d_3area,alpha,norm3,KNN,0.9867,0.7071,0.45,0.4814
F_median_3d_10rm,gamma,norm3,Random Forest,0.8133,0.6632,0.46,0.4814
F_rasm_3d19,beta,norm2,Random Forest,0.9067,0.7506,0.48,0.4814
F_de_3d_3area,alpha,None,XGBoost,0.7533,0.6356,0.47,0.4814
F_mean_3d_10rm,gamma,norm2,Linear SVM,0.5067,0.5005,0.46,0.4814
F_peak_3d_Cz,delta,None,Logistic Regression,0.5267,0.528,0.49,0.4814
F_mean_3d_10rm,gamma,norm3,Linear SVM,0.6067,0.5968,0.47,0.4814
F_peak_3d_Cz,delta,None,Linear SVM,0.5267,0.5285,0.49,0.4814
F_median_3d_10rm,delta,None,Ensemble (Majority Vote),0.8667,0.7067,0.44,0.4814
F_peak_3d_10rm,theta,None,Ensemble (Majority Vote),0.88,0.7221,0.47,0.4814
F_median_3d_2area,alpha,norm3,Random Forest,0.8267,0.6182,0.46,0.4814
F_mean_3d_10rm,theta,norm3,Ensemble (Majority Vote),0.84,0.6908,0.46,0.4814
F_peak_3d_10rm,delta,None,Random Forest,0.7667,0.6667,0.48,0.4814
F_median_3d_10rm,all,norm3,KNN,0.9733,0.8274,0.48,0.4814
F_mean_3d_2area,delta,None,Random Forest,0.7267,0.6044,0.47,0.4814
F_de_3d,delta,norm2,KNN,0.9867,0.7106,0.47,0.4814
F_mean_3d_Fz,delta,None,XGBoost,0.7067,0.5894,0.51,0.4814
F_mean_3d_8rm,beta,norm3,XGBoost,0.82,0.6789,0.44,0.4814
F_peak_3d_C4,gamma,norm2,Ensemble (Majority Vote),0.6867,0.6156,0.45,0.4814
F_de_3d_1area,beta,None,Logistic Regression,0.5533,0.5299,0.47,0.4814
F_peak_3d,theta,norm3,Random Forest,0.7933,0.6747,0.48,0.4814
F_peak_3d_3area,alpha,norm3,KNN,0.9533,0.7009,0.51,0.4814
F_de_3d_1area,beta,None,Linear SVM,0.5533,0.5292,0.47,0.4814
F_peak_3d_C4,alpha,None,Linear SVM,0.54,0.532,0.48,0.4814
F_dasm_3d_10rm,beta,norm3,XGBoost,0.8467,0.6807,0.46,0.4814
F_rasm_3d_10rm,beta,norm2,Random Forest,0.8067,0.6878,0.45,0.4814
F_rasm_3d,alpha,norm2,KNN,0.9933,0.7644,0.48,0.4814
F_median_3d_C4,gamma,None,KNN,0.9733,0.6878,0.5,0.4814
F_mean_3d_Fp2,gamma,None,Random Forest,0.6733,0.6074,0.47,0.4814
F_de_3d_T8,all,None,Ensemble (Majority Vote),0.7867,0.6846,0.5,0.4814
F_de_3d_T7,gamma,None,KNN,0.96,0.694,0.41,0.4814
F_de_3d_Cz,theta,norm2,KNN,0.9867,0.6922,0.47,0.4814
F_mean_3d_3area,theta,None,KNN,0.98,0.7092,0.45,0.4814
F_de_3d_Cz,theta,norm3,KNN,0.9867,0.6922,0.47,0.4814
F_median_3d_C4,theta,None,KNN,0.9667,0.7014,0.46,0.4814
F_peak_3d_Fp1,beta,None,XGBoost,0.6467,0.5979,0.49,0.4814
F_peak_3d_Fp1,beta,None,KNN,0.9533,0.7092,0.42,0.4814
F_de_3d_T7,alpha,norm3,XGBoost,0.6133,0.5476,0.45,0.4814
F_de_3d_T7,alpha,norm2,XGBoost,0.6133,0.5476,0.45,0.4814
F_rasm_3d_10rm,beta,None,Ensemble (Majority Vote),0.9,0.6892,0.49,0.4814
F_rasm_3d_8rm,beta,norm3,Ensemble (Majority Vote),0.84,0.6943,0.5,0.4814
F_rasm_3d_10rm,alpha,norm3,KNN,0.9733,0.7607,0.43,0.4814
F_peak_3d_Fp1,gamma,None,Linear SVM,0.5133,0.5285,0.5,0.4814
F_dasm_3d19,beta,norm2,Random Forest,0.9333,0.7138,0.44,0.4814
F_peak_3d_C4,gamma,None,Linear SVM,0.52,0.5257,0.43,0.4814
F_de_3d_C4,alpha,None,Logistic Regression,0.52,0.5271,0.48,0.4814
F_dasm_3d19,delta,norm3,KNN,0.9867,0.8145,0.43,0.4814
F_mean_3d,beta,norm3,Ensemble (Majority Vote),0.8667,0.7099,0.51,0.4814
F_peak_3d19,delta,None,Logistic Regression,0.6533,0.6189,0.51,0.4814
F_dasm_3d19,delta,norm3,XGBoost,0.9533,0.8175,0.48,0.4814
F_mean_3d_T8,beta,None,XGBoost,0.6733,0.5883,0.45,0.4814
F_median_3d_C3,all,norm3,Logistic Regression,0.6267,0.5795,0.46,0.4814
F_mean_3d_2area,theta,norm2,Random Forest,0.8667,0.611,0.49,0.4814
F_de_3d_C4,beta,None,Logistic Regression,0.54,0.5294,0.45,0.4814
F_mean_3d_T7,beta,None,XGBoost,0.68,0.5989,0.48,0.4814
F_median_3d_C3,delta,None,XGBoost,0.6933,0.5977,0.48,0.4814
F_peak_3d_3area,all,norm3,Ensemble (Majority Vote),0.8467,0.7478,0.49,0.4814
F_de_3d_T8,gamma,None,Ensemble (Majority Vote),0.7,0.6177,0.5,0.4814
F_mean_3d_3area,all,norm3,Logistic Regression,0.7133,0.6166,0.45,0.4814
F_mean_3d_8rm,delta,norm2,XGBoost,0.82,0.6632,0.49,0.4814
F_peak_3d_3area,all,norm3,XGBoost,0.96,0.8064,0.45,0.4814
F_rasm_3d_8rm,delta,None,KNN,0.9667,0.7292,0.5,0.4814
F_rasm_3d,beta,norm3,Random Forest,0.78,0.6887,0.5,0.4814
F_mean_3d_8rm,beta,norm2,KNN,0.9667,0.6915,0.52,0.4814
F_de_3d_3area,all,None,XGBoost,0.94,0.8002,0.5,0.4814
F_mean_3d_F4,beta,norm3,Ensemble (Majority Vote),0.7133,0.5954,0.49,0.48
F_median_3d19,all,norm3,Linear SVM,0.9133,0.8092,0.52,0.48
F_mean_3d_F4,beta,norm2,Ensemble (Majority Vote),0.7133,0.5954,0.49,0.48
F_mean_3d19,gamma,norm2,XGBoost,0.8333,0.711,0.45,0.48
F_de_3d_T8,beta,None,Random Forest,0.66,0.5906,0.48,0.48
F_peak_3d_10rm,theta,norm2,XGBoost,0.8533,0.6701,0.47,0.48
F_mean_3d_10rm,all,None,Logistic Regression,0.7933,0.6779,0.43,0.48
F_peak_3d19,theta,norm2,Ensemble (Majority Vote),0.8,0.6952,0.5,0.48
F_rasm_3d_10rm,beta,norm2,Linear SVM,0.4867,0.5129,0.43,0.48
F_median_3d_C4,all,None,Linear SVM,0.6333,0.5802,0.48,0.48
F_median_3d_10rm,beta,norm2,Ensemble (Majority Vote),0.8333,0.6609,0.47,0.48
F_de_3d_1area,beta,None,Ensemble (Majority Vote),0.72,0.6232,0.49,0.48
F_de_3d_T8,beta,norm2,Ensemble (Majority Vote),0.66,0.6023,0.45,0.48
F_dasm_3d_10rm,beta,norm3,Random Forest,0.74,0.6529,0.48,0.48
F_peak_3d_10rm,gamma,norm3,XGBoost,0.9333,0.7432,0.5,0.48
F_dasm_3d_10rm,alpha,None,XGBoost,0.8933,0.7041,0.49,0.48
F_median_3d_C4,all,norm3,Ensemble (Majority Vote),0.8133,0.6639,0.46,0.48
F_dasm_3d_10rm,alpha,None,Logistic Regression,0.5267,0.5425,0.46,0.48
F_median_3d_C4,all,None,Logistic Regression,0.6133,0.5731,0.49,0.48
F_mean_3d_Fz,theta,norm2,XGBoost,0.5333,0.5382,0.46,0.48
F_de_3d_8rm,beta,None,Random Forest,0.7267,0.6469,0.47,0.48
F_peak_3d,theta,None,Ensemble (Majority Vote),0.8933,0.7384,0.51,0.48
F_mean_3d_Fz,theta,norm3,XGBoost,0.5333,0.5382,0.46,0.48
F_mean_3d_T7,all,None,Random Forest,0.7267,0.6409,0.48,0.48
F_mean_3d_T7,all,norm3,KNN,0.9933,0.7175,0.45,0.48
F_peak_3d19,all,norm2,Linear SVM,0.4733,0.5005,0.38,0.48
F_rasm_3d,delta,None,KNN,0.9733,0.7313,0.4,0.48
F_de_3d_T8,beta,norm3,Ensemble (Majority Vote),0.66,0.6023,0.45,0.48
F_peak_3d_Fp1,gamma,norm2,XGBoost,0.5667,0.5278,0.43,0.48
F_median_3d_10rm,alpha,None,Random Forest,0.74,0.6598,0.47,0.48
F_mean_3d_T7,delta,None,Ensemble (Majority Vote),0.8267,0.6439,0.5,0.48
F_dasm_3d,delta,None,Random Forest,0.7933,0.6841,0.45,0.48
F_mean_3d_Fp2,theta,None,KNN,0.98,0.6954,0.52,0.48
F_dasm_3d_10rm,gamma,None,XGBoost,0.84,0.6945,0.46,0.48
F_de_3d_T7,all,norm3,Linear SVM,0.6067,0.5552,0.46,0.48
F_median_3d_1area,theta,None,Logistic Regression,0.54,0.5326,0.49,0.48
F_median_3d_F3,all,None,Logistic Regression,0.6133,0.5818,0.48,0.48
F_median_3d_F3,all,None,Linear SVM,0.6067,0.5853,0.47,0.48
F_mean_3d_Fp1,beta,norm2,KNN,0.9733,0.688,0.51,0.48
F_mean_3d_Fp1,beta,norm3,KNN,0.9733,0.688,0.51,0.48
F_de_3d_Fz,theta,norm3,KNN,0.9933,0.6837,0.49,0.48
F_dasm_3d_3area,beta,norm2,XGBoost,0.56,0.5448,0.47,0.48
F_peak_3d_2area,all,norm3,Random Forest,0.84,0.6823,0.47,0.48
F_median_3d_Cz,beta,norm3,Random Forest,0.8133,0.5848,0.42,0.48
F_median_3d_Cz,beta,norm2,Random Forest,0.8133,0.5848,0.42,0.48
F_median_3d_10rm,delta,norm3,Ensemble (Majority Vote),0.8667,0.7145,0.48,0.48
F_dasm_3d19,theta,None,KNN,0.9867,0.7982,0.49,0.48
F_mean_3d_8rm,delta,norm3,KNN,0.98,0.7563,0.47,0.48
F_peak_3d,all,norm3,Random Forest,0.9133,0.7766,0.47,0.48
F_dasm_3d_3area,all,norm2,Linear SVM,0.5067,0.4993,0.49,0.48
F_de_3d_3area,all,norm3,XGBoost,0.9467,0.7775,0.51,0.48
F_de_3d_F3,all,None,XGBoost,0.86,0.7161,0.51,0.48
F_mean_3d_3area,theta,None,Random Forest,0.7267,0.6271,0.5,0.48
F_median_3d_C4,theta,None,Ensemble (Majority Vote),0.72,0.6205,0.49,0.48
F_de_3d_T7,gamma,None,Ensemble (Majority Vote),0.7533,0.6294,0.44,0.48
F_peak_3d,gamma,norm2,XGBoost,0.8933,0.677,0.5,0.48
F_peak_3d_C4,all,None,XGBoost,0.88,0.7211,0.49,0.48
F_peak_3d_Fp1,gamma,norm3,XGBoost,0.5667,0.5278,0.43,0.48
F_peak_3d_C4,delta,norm2,KNN,0.9933,0.6825,0.42,0.48
F_de_3d_Fz,theta,norm2,KNN,0.9933,0.6837,0.49,0.48
F_median_3d,gamma,norm3,Random Forest,0.82,0.6784,0.43,0.48
F_median_3d_8rm,alpha,norm2,KNN,0.9867,0.7094,0.46,0.48
F_mean_3d_1area,theta,None,Logistic Regression,0.5467,0.5315,0.46,0.48
F_median_3d,delta,None,Linear SVM,0.74,0.626,0.47,0.48
F_median_3d,delta,None,Random Forest,0.7933,0.6692,0.44,0.48
F_mean_3d_1area,gamma,None,KNN,0.96,0.7083,0.45,0.48
F_mean_3d_1area,delta,None,Logistic Regression,0.52,0.5156,0.49,0.48
F_mean_3d_1area,delta,None,Linear SVM,0.52,0.5168,0.49,0.48
F_median_3d_3area,gamma,None,Ensemble (Majority Vote),0.7467,0.6549,0.47,0.48
F_dasm_3d19,all,norm2,KNN,0.9733,0.7892,0.47,0.48
F_median_3d,gamma,norm3,Ensemble (Majority Vote),0.8667,0.7209,0.43,0.48
F_de_3d_2area,gamma,norm2,Random Forest,0.8333,0.6078,0.51,0.48
F_de_3d_C3,delta,None,KNN,0.9933,0.7011,0.43,0.48
F_rasm_3d19,all,norm2,Linear SVM,0.5133,0.5016,0.45,0.48
F_median_3d19,all,norm2,Ensemble (Majority Vote),0.9133,0.7908,0.5,0.48
F_median_3d19,alpha,None,KNN,1.0,0.8083,0.46,0.48
F_peak_3d_Fz,delta,norm2,KNN,0.9667,0.6837,0.46,0.48
F_mean_3d_1area,beta,None,Random Forest,0.6467,0.5991,0.46,0.48
F_median_3d_3area,alpha,None,Random Forest,0.6867,0.6241,0.45,0.48
F_median_3d19,gamma,norm3,Random Forest,0.8733,0.7032,0.5,0.48
F_median_3d19,delta,None,Random Forest,0.7533,0.6616,0.46,0.48
F_mean_3d_1area,beta,None,Linear SVM,0.5733,0.537,0.46,0.48
F_rasm_3d_8rm,theta,None,Linear SVM,0.4733,0.4903,0.45,0.48
F_peak_3d_Fz,delta,norm3,KNN,0.9667,0.6837,0.46,0.48
F_mean_3d19,all,None,Logistic Regression,0.86,0.7393,0.5,0.48
F_peak_3d_C4,delta,norm2,Random Forest,0.8067,0.5864,0.48,0.48
F_dasm_3d19,beta,norm2,KNN,0.9533,0.7078,0.5,0.48
F_mean_3d_2area,theta,None,Logistic Regression,0.5467,0.5384,0.47,0.48
F_mean_3d_T8,alpha,None,XGBoost,0.6333,0.58,0.47,0.48
F_peak_3d_C4,delta,norm3,KNN,0.9933,0.6825,0.42,0.48
F_de_3d_C4,beta,None,Ensemble (Majority Vote),0.7,0.6115,0.47,0.48
F_peak_3d_C4,delta,norm3,Random Forest,0.8067,0.5864,0.48,0.48
F_de_3d_1area,theta,None,Logistic Regression,0.5667,0.5372,0.47,0.48
F_peak_3d_2area,theta,norm3,Logistic Regression,0.5133,0.5244,0.49,0.48
F_median_3d_8rm,theta,norm2,KNN,0.98,0.694,0.46,0.48
F_mean_3d_2area,gamma,norm2,Ensemble (Majority Vote),0.78,0.6395,0.46,0.48
F_mean_3d_T8,gamma,None,Random Forest,0.6533,0.592,0.46,0.48
F_de_3d_C4,alpha,None,Linear SVM,0.5133,0.5246,0.48,0.48
F_peak_3d_F3,gamma,None,Linear SVM,0.5333,0.5218,0.52,0.48
F_peak_3d_10rm,delta,norm2,KNN,0.9733,0.714,0.48,0.48
F_median_3d_8rm,gamma,None,Logistic Regression,0.6133,0.5657,0.47,0.48
F_mean_3d_T8,theta,None,Random Forest,0.6933,0.5892,0.46,0.48
F_peak_3d19,gamma,None,Ensemble (Majority Vote),0.9133,0.7648,0.47,0.48
F_median_3d_2area,gamma,norm2,Ensemble (Majority Vote),0.7267,0.6294,0.45,0.48
F_peak_3d_10rm,beta,None,KNN,0.9867,0.7943,0.53,0.48
F_rasm_3d_10rm,all,norm2,Random Forest,0.96,0.817,0.44,0.48
F_mean_3d_2area,all,None,Logistic Regression,0.66,0.5993,0.49,0.48
F_mean_3d19,all,None,Random Forest,0.82,0.7354,0.48,0.48
F_peak_3d_F3,gamma,None,Logistic Regression,0.5267,0.5214,0.52,0.48
F_dasm_3d_3area,beta,norm3,XGBoost,0.56,0.5448,0.47,0.48
F_median_3d_10rm,delta,None,Logistic Regression,0.6867,0.6009,0.45,0.48
F_median_3d19,delta,norm2,Ensemble (Majority Vote),0.8733,0.7097,0.45,0.48
F_mean_3d_Cz,theta,None,Logistic Regression,0.54,0.5269,0.49,0.48
F_de_3d,delta,None,KNN,0.9667,0.8002,0.49,0.48
F_de_3d_Fz,beta,None,Logistic Regression,0.5133,0.5071,0.46,0.48
F_median_3d_Fp2,alpha,norm2,KNN,0.9933,0.6926,0.47,0.48
F_peak_3d_F8,theta,None,Logistic Regression,0.52,0.5138,0.49,0.48
F_peak_3d_F8,theta,None,Linear SVM,0.5267,0.514,0.49,0.48
F_de_3d_Fz,all,None,Ensemble (Majority Vote),0.82,0.6903,0.5,0.48
F_median_3d_T7,all,None,Random Forest,0.72,0.6448,0.49,0.48
F_median_3d_Fp2,alpha,norm2,XGBoost,0.64,0.571,0.46,0.48
F_mean_3d_Cz,theta,None,Linear SVM,0.54,0.5276,0.5,0.48
F_mean_3d_C3,delta,None,KNN,0.98,0.6979,0.47,0.48
F_de_3d_F7,gamma,norm2,KNN,0.9667,0.6791,0.44,0.48
F_peak_3d_T8,delta,None,Random Forest,0.6933,0.6018,0.49,0.48
F_median_3d_F8,beta,None,XGBoost,0.6267,0.5678,0.45,0.48
F_de_3d_F7,gamma,norm3,KNN,0.9667,0.6791,0.44,0.48
F_peak_3d_3area,theta,None,Logistic Regression,0.5533,0.5492,0.49,0.48
F_median_3d_Fp2,alpha,norm3,KNN,0.9933,0.6926,0.47,0.48
F_median_3d_Fp2,alpha,norm3,XGBoost,0.64,0.571,0.46,0.48
F_rasm_3d_3area,beta,norm2,XGBoost,0.72,0.5963,0.54,0.48
F_median_3d_F8,alpha,None,Linear SVM,0.5133,0.5163,0.47,0.48
F_mean_3d_C3,delta,None,Logistic Regression,0.52,0.5113,0.46,0.48
F_median_3d_Fz,delta,None,Linear SVM,0.5067,0.5232,0.48,0.48
F_de_3d_Fz,all,norm3,Logistic Regression,0.6667,0.5779,0.43,0.48
F_de_3d_Fz,all,norm3,Linear SVM,0.6667,0.577,0.43,0.48
F_de_3d19,alpha,None,XGBoost,0.9067,0.7926,0.49,0.48
F_median_3d_Fz,all,None,Random Forest,0.7667,0.6605,0.5,0.48
F_de_3d_Fp2,delta,None,Random Forest,0.6533,0.5936,0.46,0.48
F_de_3d_F8,all,norm3,Linear SVM,0.5867,0.5566,0.45,0.48
F_mean_3d_F3,gamma,None,Ensemble (Majority Vote),0.7067,0.6294,0.47,0.48
F_mean_3d_Cz,beta,None,Logistic Regression,0.4867,0.5138,0.45,0.48
F_rasm_3d_3area,beta,norm3,XGBoost,0.72,0.5963,0.54,0.48
F_de_3d_10rm,delta,norm3,KNN,0.98,0.7825,0.48,0.48
F_de_3d_Fp1,beta,None,Random Forest,0.66,0.611,0.47,0.48
F_de_3d_Fz,theta,None,Linear SVM,0.54,0.5283,0.43,0.48
F_de_3d,delta,None,Random Forest,0.76,0.6662,0.49,0.48
F_median_3d_Fp1,delta,norm2,XGBoost,0.6733,0.5625,0.47,0.48
F_mean_3d_C3,all,norm3,Linear SVM,0.62,0.5703,0.45,0.48
F_peak_3d_8rm,gamma,None,Logistic Regression,0.6133,0.5945,0.48,0.48
F_median_3d_Fp1,delta,norm3,XGBoost,0.6733,0.5625,0.47,0.48
F_dasm_3d_3area,theta,None,XGBoost,0.68,0.5947,0.47,0.48
F_mean_3d_F8,all,None,Linear SVM,0.6067,0.5641,0.46,0.48
F_mean_3d_Cz,alpha,None,KNN,0.98,0.7009,0.47,0.48
F_peak_3d_T8,all,norm2,Ensemble (Majority Vote),0.8933,0.6729,0.47,0.48
F_de_3d19,delta,None,Ensemble (Majority Vote),0.86,0.7476,0.48,0.48
F_mean_3d_Cz,beta,None,Linear SVM,0.4933,0.5136,0.45,0.48
F_peak_3d_1area,all,norm3,XGBoost,0.84,0.689,0.48,0.48
F_de_3d_C4,delta,None,KNN,0.96,0.6947,0.43,0.48
F_peak_3d,delta,None,Random Forest,0.7667,0.6763,0.48,0.48
F_mean_3d_10rm,beta,norm2,Ensemble (Majority Vote),0.92,0.6899,0.45,0.4786
F_dasm_3d_10rm,alpha,None,Ensemble (Majority Vote),0.78,0.6855,0.5,0.4786
F_peak_3d_10rm,gamma,norm3,Random Forest,0.8,0.6883,0.5,0.4786
F_median_3d_Fp1,delta,norm2,KNN,0.98,0.6846,0.44,0.4786
F_median_3d_8rm,gamma,norm3,Logistic Regression,0.6667,0.5972,0.48,0.4786
F_rasm_3d_3area,gamma,norm2,Linear SVM,0.5333,0.5147,0.48,0.4786
F_de_3d_F8,gamma,None,Linear SVM,0.52,0.503,0.47,0.4786
F_rasm_3d_3area,gamma,norm3,Linear SVM,0.5333,0.5147,0.48,0.4786
F_peak_3d_Cz,gamma,norm3,Linear SVM,0.4733,0.5,0.42,0.4786
F_median_3d_Fp1,all,norm3,Ensemble (Majority Vote),0.8133,0.6761,0.57,0.4786
F_median_3d_Fz,all,None,Ensemble (Majority Vote),0.8067,0.6874,0.49,0.4786
F_de_3d,delta,None,Logistic Regression,0.7067,0.6205,0.45,0.4786
F_peak_3d_Cz,all,norm2,Ensemble (Majority Vote),0.88,0.6818,0.47,0.4786
F_mean_3d_1area,theta,None,Linear SVM,0.5467,0.5326,0.46,0.4786
F_peak_3d_8rm,delta,norm2,KNN,0.9867,0.7055,0.43,0.4786
F_peak_3d_T7,gamma,norm2,Ensemble (Majority Vote),0.72,0.6257,0.4,0.4786
F_de_3d19,beta,None,Logistic Regression,0.6933,0.628,0.5,0.4786
F_peak_3d_Fz,theta,None,KNN,0.96,0.6938,0.4,0.4786
F_de_3d19,beta,None,Random Forest,0.8,0.6768,0.47,0.4786
F_mean_3d_C4,delta,None,Ensemble (Majority Vote),0.7867,0.6382,0.49,0.4786
F_peak_3d_Fz,theta,norm2,Ensemble (Majority Vote),0.6667,0.6136,0.43,0.4786
F_rasm_3d,delta,norm3,Random Forest,0.8467,0.717,0.46,0.4786
F_peak_3d_C4,delta,None,Random Forest,0.7133,0.5961,0.48,0.4786
F_median_3d_Fp1,alpha,norm3,Linear SVM,0.4733,0.5018,0.45,0.4786
F_de_3d_Fp2,delta,None,Logistic Regression,0.4933,0.5145,0.51,0.4786
F_de_3d_2area,gamma,norm3,XGBoost,0.76,0.6117,0.45,0.4786
F_de_3d,theta,norm3,Linear SVM,0.6533,0.5986,0.46,0.4786
F_peak_3d_2area,theta,None,KNN,0.98,0.7241,0.46,0.4786
F_median_3d_8rm,alpha,norm2,Random Forest,0.86,0.6623,0.44,0.4786
F_median_3d_8rm,beta,None,Ensemble (Majority Vote),0.7667,0.6759,0.44,0.4786
F_median_3d_1area,all,norm3,KNN,0.9533,0.7444,0.52,0.4786
F_de_3d,gamma,norm3,KNN,0.9933,0.7814,0.47,0.4786
F_peak_3d_Cz,gamma,norm2,Linear SVM,0.4733,0.5,0.42,0.4786
F_peak_3d_2area,gamma,norm3,Random Forest,0.74,0.6214,0.5,0.4786
F_median_3d_8rm,all,None,XGBoost,0.98,0.8703,0.44,0.4786
F_mean_3d_1area,beta,norm3,Ensemble (Majority Vote),0.7133,0.603,0.45,0.4786
F_median_3d_8rm,delta,None,Logistic Regression,0.6667,0.5924,0.44,0.4786
F_median_3d19,all,None,Linear SVM,0.8867,0.7834,0.5,0.4786
F_median_3d_Fp1,delta,norm3,KNN,0.98,0.6846,0.44,0.4786
F_median_3d_8rm,alpha,norm2,Ensemble (Majority Vote),0.7867,0.671,0.43,0.4786
F_peak_3d_Fz,delta,None,Ensemble (Majority Vote),0.7333,0.6211,0.51,0.4786
F_mean_3d_1area,beta,norm2,Ensemble (Majority Vote),0.7133,0.603,0.45,0.4786
F_de_3d_2area,beta,norm3,Random Forest,0.8,0.6159,0.5,0.4786
F_peak_3d_Cz,beta,None,KNN,0.98,0.7126,0.47,0.4786
F_peak_3d_8rm,gamma,norm3,Ensemble (Majority Vote),0.7933,0.7085,0.5,0.4786
F_de_3d_Fp2,all,None,XGBoost,0.8467,0.7094,0.46,0.4786
F_de_3d,beta,norm2,Linear SVM,0.5067,0.4998,0.42,0.4786
F_median_3d19,alpha,None,XGBoost,0.8867,0.7825,0.49,0.4786
F_de_3d_3area,beta,None,XGBoost,0.76,0.6503,0.44,0.4786
F_peak_3d_T7,gamma,norm3,Ensemble (Majority Vote),0.72,0.6257,0.4,0.4786
F_de_3d,delta,norm3,Random Forest,0.8467,0.6977,0.48,0.4786
F_dasm_3d_10rm,all,norm2,Ensemble (Majority Vote),0.9867,0.7945,0.45,0.4786
F_peak_3d_Fz,theta,norm3,Ensemble (Majority Vote),0.6667,0.6136,0.43,0.4786
F_dasm_3d_3area,beta,norm3,Random Forest,0.72,0.5869,0.46,0.4786
F_de_3d_Cz,delta,None,Linear SVM,0.5067,0.517,0.48,0.4786
F_de_3d_Cz,delta,None,Logistic Regression,0.5067,0.5166,0.48,0.4786
F_mean_3d_3area,delta,None,Linear SVM,0.58,0.5453,0.46,0.4786
F_median_3d_2area,all,None,Logistic Regression,0.6467,0.609,0.49,0.4786
F_peak_3d_T7,delta,norm2,Random Forest,0.7533,0.5897,0.5,0.4786
F_median_3d_C3,beta,norm2,Random Forest,0.8,0.5899,0.45,0.4786
F_peak_3d,gamma,norm3,Linear SVM,0.6733,0.6248,0.45,0.4786
F_de_3d_F7,beta,None,Random Forest,0.6667,0.5936,0.44,0.4786
F_median_3d_1area,alpha,norm3,Random Forest,0.7933,0.5906,0.5,0.4786
F_dasm_3d_8rm,beta,None,Random Forest,0.6533,0.6366,0.44,0.4786
F_mean_3d_8rm,all,norm3,KNN,0.9933,0.8179,0.48,0.4786
F_median_3d_T8,alpha,None,XGBoost,0.6667,0.5984,0.47,0.4786
F_de_3d_10rm,beta,None,XGBoost,0.8267,0.7193,0.48,0.4786
F_de_3d_F3,beta,norm2,Random Forest,0.7667,0.5961,0.46,0.4786
F_de_3d_8rm,gamma,None,Linear SVM,0.6133,0.5913,0.51,0.4786
F_rasm_3d_10rm,delta,None,XGBoost,0.9067,0.686,0.5,0.4786
F_de_3d_T7,alpha,None,XGBoost,0.6533,0.58,0.49,0.4786
F_de_3d_10rm,gamma,norm2,XGBoost,0.9,0.6589,0.48,0.4786
F_de_3d_F7,all,None,Random Forest,0.76,0.6798,0.48,0.4786
F_dasm_3d_8rm,alpha,norm2,Ensemble (Majority Vote),0.7733,0.6545,0.51,0.4786
F_peak_3d_Fp1,all,norm3,XGBoost,0.88,0.6832,0.43,0.4786
F_rasm_3d_10rm,delta,norm2,KNN,0.9867,0.7499,0.49,0.4786
F_de_3d_F3,beta,norm3,Random Forest,0.7667,0.5961,0.46,0.4786
F_rasm_3d,all,norm2,Ensemble (Majority Vote),0.9867,0.8699,0.4,0.4786
F_median_3d_F3,beta,norm3,Ensemble (Majority Vote),0.6933,0.6191,0.44,0.4786
F_dasm_3d_3area,beta,norm2,Random Forest,0.72,0.5869,0.46,0.4786
F_de_3d_10rm,theta,None,Linear SVM,0.66,0.5922,0.46,0.4786
F_dasm_3d_3area,theta,None,Random Forest,0.72,0.5995,0.5,0.4786
F_mean_3d_Fp1,delta,None,Random Forest,0.6933,0.5913,0.47,0.4786
F_de_3d_10rm,gamma,norm2,Random Forest,0.8667,0.6609,0.47,0.4786
F_rasm_3d,beta,norm2,KNN,0.9933,0.7657,0.44,0.4786
F_median_3d_Fp1,alpha,norm2,Linear SVM,0.4733,0.5018,0.45,0.4786
F_rasm_3d_8rm,beta,norm3,KNN,0.9867,0.7549,0.45,0.4786
F_median_3d_C3,beta,norm3,Random Forest,0.8,0.5899,0.45,0.4786
F_rasm_3d,delta,norm2,KNN,0.9733,0.7637,0.47,0.4786
F_mean_3d_T7,alpha,norm3,Ensemble (Majority Vote),0.74,0.5851,0.45,0.4786
F_median_3d_F3,beta,norm2,Ensemble (Majority Vote),0.6933,0.6191,0.44,0.4786
F_mean_3d_F3,theta,norm2,Random Forest,0.8733,0.5984,0.44,0.4786
F_de_3d_Fz,theta,None,Logistic Regression,0.54,0.528,0.42,0.4786
F_peak_3d_8rm,alpha,None,KNN,0.9733,0.7717,0.53,0.4786
F_peak_3d_T7,delta,norm3,Random Forest,0.7533,0.5897,0.5,0.4786
F_mean_3d_T7,alpha,norm2,Ensemble (Majority Vote),0.74,0.5851,0.45,0.4786
F_peak_3d_C4,beta,None,XGBoost,0.5867,0.58,0.48,0.4786
F_de_3d19,delta,norm3,Ensemble (Majority Vote),0.8667,0.754,0.45,0.4786
F_mean_3d_F3,theta,norm3,Random Forest,0.8733,0.5984,0.44,0.4786
F_mean_3d_C3,gamma,None,KNN,0.9733,0.7136,0.46,0.4786
F_de_3d_1area,beta,None,KNN,0.96,0.6998,0.5,0.4786
F_de_3d_F4,all,norm3,Random Forest,0.78,0.6563,0.47,0.4786
F_mean_3d_Fz,theta,None,Random Forest,0.7067,0.5959,0.49,0.4786
F_mean_3d_Fp1,alpha,norm2,Random Forest,0.6933,0.5809,0.46,0.4786
F_median_3d_1area,alpha,norm2,Random Forest,0.7933,0.5906,0.5,0.4786
F_de_3d_Cz,all,None,XGBoost,0.88,0.7225,0.47,0.4786
F_mean_3d_C3,delta,None,Linear SVM,0.5133,0.5113,0.46,0.4786
F_de_3d19,theta,norm2,XGBoost,0.8667,0.7115,0.47,0.4786
F_dasm_3d,gamma,None,Ensemble (Majority Vote),0.78,0.7018,0.47,0.4786
F_mean_3d_Fp1,alpha,norm3,Random Forest,0.6933,0.5809,0.46,0.4786
F_de_3d_F4,gamma,None,Random Forest,0.7,0.6034,0.46,0.4786
F_de_3d19,theta,None,Linear SVM,0.7467,0.6361,0.44,0.4786
F_median_3d_Fz,theta,None,Ensemble (Majority Vote),0.6867,0.6152,0.5,0.4786
F_peak_3d19,all,None,Ensemble (Majority Vote),0.9533,0.8692,0.47,0.4786
F_de_3d_8rm,all,norm3,Ensemble (Majority Vote),0.8867,0.794,0.47,0.4786
F_median_3d_Fz,delta,None,KNN,0.9867,0.6933,0.51,0.4786
F_mean_3d_10rm,delta,None,Random Forest,0.8133,0.668,0.5,0.4786
F_peak_3d_F7,all,None,XGBoost,0.8467,0.7232,0.49,0.4771
F_mean_3d19,beta,norm3,Ensemble (Majority Vote),0.9267,0.7602,0.53,0.4771
F_mean_3d19,gamma,None,KNN,0.9933,0.8023,0.45,0.4771
F_mean_3d19,beta,norm2,KNN,0.9333,0.6989,0.46,0.4771
F_mean_3d19,delta,norm3,Ensemble (Majority Vote),0.8733,0.7354,0.47,0.4771
F_de_3d_8rm,delta,norm3,Random Forest,0.82,0.6756,0.45,0.4771
F_median_3d_10rm,gamma,norm3,XGBoost,0.9,0.7138,0.45,0.4771
F_mean_3d,theta,norm2,Ensemble (Majority Vote),0.8533,0.6772,0.43,0.4771
F_median_3d_10rm,beta,norm3,KNN,0.9667,0.7531,0.49,0.4771
F_rasm_3d19,delta,None,KNN,0.9867,0.737,0.46,0.4771
F_mean_3d_10rm,theta,norm3,KNN,0.9733,0.7402,0.48,0.4771
F_mean_3d19,delta,norm3,KNN,0.9867,0.7623,0.46,0.4771
F_median_3d_10rm,theta,norm3,Ensemble (Majority Vote),0.82,0.6901,0.39,0.4771
F_peak_3d_F3,alpha,None,KNN,0.9467,0.7032,0.45,0.4771
F_mean_3d_10rm,beta,norm3,KNN,0.9933,0.7543,0.47,0.4771
F_mean_3d_C4,delta,None,Logistic Regression,0.5333,0.5143,0.46,0.4771
F_mean_3d_1area,alpha,None,KNN,0.98,0.6943,0.47,0.4771
F_mean_3d_F7,theta,norm2,Random Forest,0.82,0.5915,0.48,0.4771
F_mean_3d_Fp1,beta,norm3,Ensemble (Majority Vote),0.74,0.609,0.5,0.4771
F_mean_3d_Fp1,beta,norm2,Ensemble (Majority Vote),0.74,0.609,0.5,0.4771
F_mean_3d_Fp1,beta,None,KNN,0.94,0.7032,0.45,0.4771
F_mean_3d_Fp1,alpha,norm3,Ensemble (Majority Vote),0.6933,0.5933,0.49,0.4771
F_mean_3d_Fp1,alpha,norm2,Ensemble (Majority Vote),0.6933,0.5933,0.49,0.4771
F_mean_3d_Fp1,all,norm3,Ensemble (Majority Vote),0.8,0.6752,0.5,0.4771
F_de_3d_F4,gamma,None,Ensemble (Majority Vote),0.74,0.6237,0.5,0.4771
F_mean_3d_C3,all,norm3,Logistic Regression,0.6,0.5676,0.45,0.4771
F_mean_3d_F7,theta,norm3,Random Forest,0.82,0.5915,0.48,0.4771
F_de_3d_Fz,alpha,None,XGBoost,0.66,0.5887,0.48,0.4771
F_peak_3d_F4,gamma,norm3,Random Forest,0.78,0.592,0.49,0.4771
F_mean_3d_F7,all,None,Ensemble (Majority Vote),0.7933,0.6832,0.5,0.4771
F_mean_3d_F4,all,norm3,XGBoost,0.8667,0.6789,0.5,0.4771
F_de_3d_F8,all,None,XGBoost,0.9067,0.7175,0.48,0.4771
F_de_3d_F8,beta,None,XGBoost,0.6733,0.5798,0.46,0.4771
F_de_3d_Fp2,delta,None,Linear SVM,0.4933,0.5136,0.51,0.4771
F_mean_3d_Cz,delta,None,Linear SVM,0.5333,0.5046,0.47,0.4771
F_de_3d_Fp1,delta,norm3,XGBoost,0.6133,0.5536,0.46,0.4771
F_mean_3d_C4,delta,None,Linear SVM,0.5333,0.5147,0.46,0.4771
F_de_3d_Fp1,delta,norm2,XGBoost,0.6133,0.5536,0.46,0.4771
F_peak_3d_F4,theta,None,Ensemble (Majority Vote),0.76,0.6354,0.45,0.4771
F_peak_3d_F4,gamma,norm2,Random Forest,0.78,0.592,0.49,0.4771
F_mean_3d_1area,beta,None,Logistic Regression,0.5533,0.5366,0.46,0.4771
F_mean_3d_2area,gamma,None,KNN,0.9733,0.7278,0.46,0.4771
F_median_3d19,all,norm3,Ensemble (Majority Vote),0.94,0.8641,0.49,0.4771
F_median_3d,theta,norm2,Random Forest,0.8733,0.6736,0.44,0.4771
F_rasm_3d19,all,None,Ensemble (Majority Vote),0.9733,0.7966,0.47,0.4771
F_median_3d,beta,norm3,KNN,0.9867,0.7651,0.46,0.4771
F_mean_3d,delta,norm3,Ensemble (Majority Vote),0.8533,0.7207,0.5,0.4771
F_mean_3d_2area,all,norm3,Random Forest,0.7933,0.6697,0.49,0.4771
F_de_3d_C3,gamma,None,Logistic Regression,0.4933,0.5016,0.47,0.4771
F_mean_3d,delta,None,Linear SVM,0.7267,0.6184,0.46,0.4771
F_mean_3d_T8,theta,None,Logistic Regression,0.5333,0.5285,0.5,0.4771
F_mean_3d_2area,theta,None,KNN,0.9667,0.7044,0.52,0.4771
F_de_3d_T8,all,norm3,Logistic Regression,0.5667,0.56,0.46,0.4771
F_de_3d_C4,beta,None,Linear SVM,0.5333,0.528,0.44,0.4771
F_de_3d_C4,theta,None,KNN,0.9733,0.7046,0.5,0.4771
F_mean_3d_Fz,theta,None,Linear SVM,0.56,0.5248,0.46,0.4771
F_mean_3d_Fz,gamma,None,XGBoost,0.6533,0.5821,0.48,0.4771
F_rasm_3d,beta,norm3,Linear SVM,0.54,0.5133,0.45,0.4771
F_rasm_3d,beta,norm3,KNN,0.9667,0.7605,0.46,0.4771
F_peak_3d_T7,all,norm3,Random Forest,0.8467,0.6618,0.47,0.4771
F_de_3d_Cz,all,norm3,Ensemble (Majority Vote),0.7667,0.6579,0.47,0.4771
F_de_3d_Cz,all,norm3,KNN,0.98,0.7329,0.46,0.4771
F_mean_3d_Cz,theta,None,Random Forest,0.7133,0.592,0.44,0.4771
F_peak_3d_2area,alpha,None,KNN,0.96,0.7202,0.5,0.4771
F_de_3d19,delta,None,Linear SVM,0.68,0.6338,0.46,0.4771
F_peak_3d_C4,all,norm3,Ensemble (Majority Vote),0.8067,0.6678,0.48,0.4771
F_median_3d_C3,alpha,None,Ensemble (Majority Vote),0.7067,0.6129,0.49,0.4771
F_peak_3d_Cz,all,norm3,Logistic Regression,0.62,0.5747,0.49,0.4771
F_dasm_3d_10rm,delta,None,Ensemble (Majority Vote),0.7667,0.6701,0.46,0.4771
F_peak_3d,gamma,None,KNN,0.9933,0.8182,0.48,0.4771
F_peak_3d,gamma,None,Ensemble (Majority Vote),0.8467,0.7386,0.47,0.4771
F_median_3d_F8,all,None,Logistic Regression,0.6067,0.5692,0.46,0.4771
F_peak_3d,beta,None,KNN,0.9933,0.8048,0.45,0.4771
F_de_3d_10rm,beta,norm2,Random Forest,0.8533,0.6602,0.43,0.4771
F_median_3d_Cz,all,None,KNN,0.98,0.7556,0.48,0.4771
F_de_3d,gamma,norm2,Random Forest,0.8333,0.6641,0.43,0.4771
F_median_3d_F8,gamma,norm2,Ensemble (Majority Vote),0.7133,0.6113,0.46,0.4771
F_median_3d_T8,gamma,None,KNN,0.9933,0.6998,0.47,0.4771
F_median_3d_T8,delta,None,XGBoost,0.7467,0.6007,0.49,0.4771
F_median_3d_T8,delta,None,Ensemble (Majority Vote),0.7533,0.6257,0.45,0.4771
F_de_3d_2area,all,norm3,XGBoost,0.94,0.7492,0.44,0.4771
F_median_3d_F3,beta,norm3,KNN,0.98,0.6848,0.47,0.4771
F_median_3d_F8,gamma,norm3,Ensemble (Majority Vote),0.7133,0.6113,0.46,0.4771
F_median_3d_Cz,gamma,norm2,XGBoost,0.5933,0.5501,0.48,0.4771
F_median_3d_Cz,gamma,norm3,XGBoost,0.5933,0.5501,0.48,0.4771
F_de_3d_10rm,gamma,norm3,Ensemble (Majority Vote),0.8,0.7103,0.45,0.4771
F_de_3d_2area,beta,norm2,Random Forest,0.8067,0.6126,0.46,0.4771
F_median_3d_Fp2,beta,norm3,Random Forest,0.74,0.5887,0.41,0.4771
F_median_3d_Fp1,theta,norm2,Ensemble (Majority Vote),0.8133,0.6251,0.51,0.4771
F_median_3d_Fp2,beta,norm2,Random Forest,0.74,0.5887,0.41,0.4771
F_median_3d_Fp2,alpha,norm3,Random Forest,0.78,0.5995,0.44,0.4771
F_median_3d_Fp2,alpha,norm2,Random Forest,0.78,0.5995,0.44,0.4771
F_median_3d_Fp1,theta,norm3,Ensemble (Majority Vote),0.8133,0.6251,0.51,0.4771
F_de_3d_3area,alpha,None,Random Forest,0.6733,0.6149,0.46,0.4771
F_dasm_3d_10rm,all,norm2,KNN,0.9933,0.7522,0.49,0.4771
F_median_3d_F4,all,norm3,Random Forest,0.7867,0.651,0.48,0.4771
F_de_3d19,delta,norm3,XGBoost,0.9333,0.7841,0.51,0.4771
F_median_3d_C3,all,norm3,Linear SVM,0.64,0.5825,0.45,0.4771
F_median_3d_C3,delta,None,Ensemble (Majority Vote),0.7133,0.6326,0.52,0.4771
F_median_3d_C3,gamma,None,KNN,0.9667,0.697,0.44,0.4771
F_peak_3d_1area,all,norm3,Ensemble (Majority Vote),0.76,0.6685,0.46,0.4771
F_de_3d_1area,gamma,None,KNN,0.9867,0.7064,0.45,0.4771
F_de_3d_10rm,alpha,None,Random Forest,0.7467,0.6623,0.46,0.4771
F_peak_3d_10rm,theta,None,Linear SVM,0.64,0.5959,0.49,0.4771
F_median_3d_8rm,gamma,norm2,XGBoost,0.9,0.66,0.49,0.4771
F_peak_3d_10rm,gamma,norm2,Ensemble (Majority Vote),0.88,0.6901,0.46,0.4771
F_dasm_3d19,gamma,norm2,Linear SVM,0.52,0.5048,0.47,0.4771
F_dasm_3d,theta,norm2,XGBoost,0.9133,0.651,0.45,0.4771
F_peak_3d_10rm,alpha,None,Random Forest,0.7333,0.671,0.47,0.4771
F_median_3d_F3,beta,norm2,KNN,0.98,0.6848,0.47,0.4771
F_peak_3d_10rm,all,None,KNN,0.9867,0.8618,0.46,0.4771
F_peak_3d_2area,gamma,norm3,Logistic Regression,0.6133,0.5579,0.46,0.4771
F_dasm_3d19,all,None,Logistic Regression,0.8067,0.7062,0.49,0.4771
F_median_3d_8rm,gamma,None,Random Forest,0.7533,0.6609,0.45,0.4771
F_rasm_3d_8rm,delta,norm3,KNN,0.98,0.7421,0.42,0.4771
F_median_3d_C4,alpha,None,Ensemble (Majority Vote),0.6933,0.608,0.47,0.4771
F_peak_3d_2area,theta,norm3,Random Forest,0.7533,0.6152,0.45,0.4771
F_de_3d19,delta,norm2,KNN,0.9733,0.7092,0.42,0.4771
F_dasm_3d19,alpha,None,KNN,0.9867,0.8078,0.47,0.4771
F_peak_3d_Fp2,theta,norm3,XGBoost,0.6333,0.5634,0.43,0.4771
F_peak_3d_Fp2,theta,norm2,XGBoost,0.6333,0.5634,0.43,0.4771
F_mean_3d_Fp1,beta,None,XGBoost,0.72,0.6062,0.49,0.4771
F_median_3d_2area,all,norm3,Ensemble (Majority Vote),0.8733,0.7223,0.52,0.4771
F_de_3d_F3,alpha,None,XGBoost,0.6,0.5818,0.47,0.4771
F_peak_3d_F7,delta,norm3,KNN,0.9933,0.6878,0.46,0.4757
F_de_3d_F4,delta,None,KNN,0.9733,0.7002,0.41,0.4757
F_median_3d_F3,gamma,None,Ensemble (Majority Vote),0.68,0.6239,0.5,0.4757
F_peak_3d_F7,delta,norm2,KNN,0.9933,0.6878,0.46,0.4757
F_de_3d_F7,all,norm3,Ensemble (Majority Vote),0.7733,0.6664,0.46,0.4757
F_peak_3d_F4,gamma,norm3,Ensemble (Majority Vote),0.7067,0.6202,0.41,0.4757
F_de_3d_F3,delta,norm3,Random Forest,0.78,0.5832,0.42,0.4757
F_mean_3d_Fp1,delta,None,Ensemble (Majority Vote),0.7533,0.6368,0.51,0.4757
F_peak_3d_C4,beta,None,KNN,0.9333,0.6931,0.42,0.4757
F_mean_3d_Fz,theta,norm3,Random Forest,0.8267,0.5929,0.44,0.4757
F_rasm_3d_10rm,alpha,norm2,XGBoost,0.8667,0.7239,0.47,0.4757
F_mean_3d_Fz,theta,norm2,Random Forest,0.8267,0.5929,0.44,0.4757
F_mean_3d_Fz,theta,None,Logistic Regression,0.5533,0.5237,0.46,0.4757
F_mean_3d_Fz,theta,None,Ensemble (Majority Vote),0.7267,0.6241,0.45,0.4757
F_rasm_3d,alpha,norm3,Ensemble (Majority Vote),0.88,0.7241,0.47,0.4757
F_peak_3d_C4,all,norm2,Ensemble (Majority Vote),0.78,0.6607,0.38,0.4757
F_peak_3d_C4,all,None,Random Forest,0.7533,0.666,0.5,0.4757
F_peak_3d_F4,gamma,norm2,Ensemble (Majority Vote),0.7067,0.6202,0.41,0.4757
F_mean_3d_F4,gamma,None,XGBoost,0.66,0.5917,0.46,0.4757
F_mean_3d_Fp2,beta,None,Linear SVM,0.5533,0.5345,0.46,0.4757
F_de_3d_10rm,theta,norm3,XGBoost,0.7933,0.6954,0.48,0.4757
F_median_3d_Cz,delta,None,Ensemble (Majority Vote),0.68,0.6244,0.47,0.4757
F_de_3d_F3,delta,norm2,Random Forest,0.78,0.5832,0.42,0.4757
F_de_3d_F7,theta,None,Ensemble (Majority Vote),0.7,0.6062,0.47,0.4757
F_mean_3d_C4,beta,norm3,KNN,0.9867,0.6811,0.46,0.4757
F_de_3d_F8,all,None,Logistic Regression,0.6067,0.5545,0.48,0.4757
F_dasm_3d_3area,beta,norm2,Ensemble (Majority Vote),0.6533,0.6138,0.44,0.4757
F_mean_3d_3area,theta,norm2,XGBoost,0.6733,0.5759,0.43,0.4757
F_peak_3d,beta,norm3,KNN,0.9867,0.789,0.43,0.4757
F_de_3d_T8,alpha,None,XGBoost,0.6867,0.5961,0.48,0.4757
F_dasm_3d_10rm,alpha,None,KNN,0.9733,0.7405,0.43,0.4757
F_mean_3d_2area,theta,norm3,Logistic Regression,0.56,0.5274,0.47,0.4757
F_dasm_3d19,theta,None,Ensemble (Majority Vote),0.84,0.7186,0.47,0.4757
F_mean_3d,gamma,None,Ensemble (Majority Vote),0.8067,0.7205,0.45,0.4757
F_dasm_3d19,all,norm3,Ensemble (Majority Vote),0.98,0.8855,0.47,0.4757
F_peak_3d19,theta,norm3,Random Forest,0.8333,0.6839,0.49,0.4757
F_dasm_3d,theta,norm3,Ensemble (Majority Vote),0.7333,0.6644,0.49,0.4757
F_peak_3d_Fp2,delta,None,KNN,0.9733,0.6913,0.4,0.4757
F_peak_3d_10rm,gamma,norm2,KNN,0.98,0.6989,0.41,0.4757
F_peak_3d_2area,beta,norm2,Random Forest,0.86,0.6129,0.39,0.4757
F_mean_3d_10rm,gamma,None,Logistic Regression,0.6133,0.5747,0.47,0.4757
F_peak_3d_10rm,theta,norm3,Logistic Regression,0.6133,0.5816,0.51,0.4757
F_peak_3d_1area,all,None,Logistic Regression,0.6333,0.5853,0.45,0.4757
F_peak_3d_Fp2,theta,None,Logistic Regression,0.52,0.5232,0.48,0.4757
F_peak_3d_1area,delta,None,Logistic Regression,0.5333,0.5195,0.51,0.4757
F_dasm_3d,all,norm2,KNN,1.0,0.7639,0.45,0.4757
F_mean_3d_8rm,alpha,None,KNN,0.9867,0.7499,0.46,0.4757
F_de_3d_T7,all,norm3,Ensemble (Majority Vote),0.7733,0.6726,0.52,0.4757
F_mean_3d_F4,beta,None,KNN,0.94,0.6823,0.41,0.4757
F_dasm_3d_3area,beta,norm3,Ensemble (Majority Vote),0.6533,0.6138,0.44,0.4757
F_de_3d_F8,all,None,Random Forest,0.7333,0.6607,0.47,0.4757
F_mean_3d_F4,all,norm3,KNN,0.9667,0.7202,0.47,0.4757
F_de_3d19,gamma,None,Ensemble (Majority Vote),0.8533,0.7492,0.48,0.4757
F_rasm_3d19,delta,None,XGBoost,0.98,0.7591,0.45,0.4757
F_de_3d19,all,None,Random Forest,0.8267,0.7409,0.47,0.4757
F_mean_3d_Cz,theta,None,XGBoost,0.6867,0.583,0.45,0.4757
F_median_3d_F8,gamma,norm2,Random Forest,0.78,0.5945,0.44,0.4757
F_median_3d_F8,gamma,norm3,Random Forest,0.78,0.5945,0.44,0.4757
F_mean_3d_C4,beta,norm2,KNN,0.9867,0.6811,0.46,0.4757
F_median_3d_Fp2,beta,norm2,XGBoost,0.5933,0.5533,0.43,0.4757
F_median_3d_Fp2,beta,norm3,XGBoost,0.5933,0.5533,0.43,0.4757
F_median_3d_Fz,all,None,XGBoost,0.8667,0.6984,0.47,0.4757
F_median_3d_Fz,beta,None,KNN,0.9733,0.6959,0.52,0.4757
F_dasm_3d_8rm,theta,norm2,XGBoost,0.8533,0.6129,0.47,0.4757
F_median_3d_Fz,beta,None,XGBoost,0.6333,0.583,0.5,0.4757
F_dasm_3d_8rm,gamma,norm3,Random Forest,0.7267,0.6579,0.46,0.4757
F_de_3d_Fz,alpha,None,Ensemble (Majority Vote),0.7,0.6283,0.49,0.4757
F_median_3d_T7,delta,None,Random Forest,0.6867,0.5961,0.42,0.4757
F_peak_3d_F8,theta,None,KNN,0.9867,0.7005,0.46,0.4757
F_de_3d_1area,theta,None,Linear SVM,0.56,0.5363,0.47,0.4757
F_de_3d_3area,beta,None,Random Forest,0.6733,0.6237,0.46,0.4757
F_de_3d_8rm,all,norm3,Random Forest,0.8733,0.7506,0.47,0.4757
F_median_3d_8rm,all,None,KNN,1.0,0.843,0.45,0.4757
F_de_3d_3area,all,None,Ensemble (Majority Vote),0.8933,0.7517,0.51,0.4757
F_mean_3d_T8,theta,None,XGBoost,0.68,0.5834,0.47,0.4757
F_de_3d_C4,alpha,None,KNN,0.96,0.6959,0.47,0.4757
F_de_3d_2area,gamma,norm3,Logistic Regression,0.58,0.5434,0.48,0.4757
F_peak_3d_F3,all,norm2,Ensemble (Majority Vote),0.8733,0.689,0.45,0.4757
F_median_3d19,all,norm3,Logistic Regression,0.8733,0.7743,0.49,0.4757
F_median_3d_10rm,delta,None,XGBoost,0.8867,0.7299,0.46,0.4757
F_median_3d_10rm,delta,norm3,KNN,0.9667,0.7582,0.48,0.4757
F_median_3d19,all,None,XGBoost,0.9867,0.9193,0.51,0.4757
F_rasm_3d19,theta,norm3,KNN,0.9667,0.777,0.48,0.4757
F_de_3d_3area,gamma,None,Logistic Regression,0.5467,0.5389,0.46,0.4757
F_median_3d,all,None,Random Forest,0.86,0.7349,0.48,0.4757
F_median_3d_1area,theta,None,Ensemble (Majority Vote),0.6667,0.6205,0.48,0.4757
F_de_3d_C3,theta,None,Linear SVM,0.52,0.5191,0.48,0.4757
F_de_3d_2area,all,norm3,Ensemble (Majority Vote),0.82,0.6993,0.46,0.4757
F_median_3d_8rm,beta,None,KNN,0.9733,0.7386,0.43,0.4757
F_de_3d_3area,all,None,Linear SVM,0.7267,0.626,0.46,0.4757
F_median_3d_Cz,delta,None,Linear SVM,0.5,0.5071,0.48,0.4757
F_median_3d_C3,delta,None,KNN,0.98,0.7018,0.49,0.4757
F_peak_3d,theta,None,Logistic Regression,0.68,0.6057,0.49,0.4757
F_mean_3d_2area,alpha,norm2,XGBoost,0.7133,0.5692,0.46,0.4757
F_median_3d19,gamma,norm3,KNN,0.98,0.7885,0.5,0.4757
F_rasm_3d,beta,norm2,Random Forest,0.8267,0.6989,0.46,0.4757
F_mean_3d,theta,norm3,Ensemble (Majority Vote),0.78,0.7041,0.49,0.4757
F_mean_3d_8rm,alpha,None,Random Forest,0.7133,0.6457,0.47,0.4757
F_median_3d_F3,alpha,None,XGBoost,0.6667,0.5917,0.48,0.4743
F_peak_3d_F8,alpha,norm3,Linear SVM,0.5,0.5028,0.44,0.4743
F_median_3d,beta,norm3,Ensemble (Majority Vote),0.84,0.7076,0.52,0.4743
F_peak_3d_F8,alpha,norm2,Linear SVM,0.5,0.5028,0.44,0.4743
F_de_3d_Fp1,gamma,norm3,KNN,0.9867,0.6938,0.46,0.4743
F_mean_3d_T8,all,None,XGBoost,0.8933,0.6982,0.45,0.4743
F_mean_3d_Fp1,delta,None,XGBoost,0.6933,0.5883,0.52,0.4743
F_median_3d19,gamma,None,Ensemble (Majority Vote),0.8933,0.7533,0.53,0.4743
F_median_3d19,theta,norm3,Ensemble (Majority Vote),0.9467,0.7501,0.44,0.4743
F_median_3d_Fz,alpha,None,KNN,0.9667,0.7041,0.45,0.4743
F_median_3d_8rm,delta,None,Linear SVM,0.6867,0.6007,0.45,0.4743
F_de_3d_F3,delta,norm3,Ensemble (Majority Vote),0.8,0.6166,0.46,0.4743
F_mean_3d_Cz,delta,None,Logistic Regression,0.5133,0.506,0.47,0.4743
F_peak_3d_T8,theta,None,Logistic Regression,0.5333,0.5301,0.46,0.4743
F_de_3d,gamma,norm3,Linear SVM,0.6667,0.6177,0.47,0.4743
F_median_3d_F4,alpha,norm2,Ensemble (Majority Vote),0.7467,0.6166,0.46,0.4743
F_de_3d_F8,gamma,norm3,Random Forest,0.74,0.5878,0.44,0.4743
F_peak_3d_Cz,all,norm3,XGBoost,0.88,0.6855,0.43,0.4743
F_de_3d_10rm,gamma,norm3,KNN,0.9867,0.7745,0.49,0.4743
F_mean_3d_F7,theta,None,Ensemble (Majority Vote),0.7267,0.6287,0.46,0.4743
F_de_3d_F3,gamma,None,KNN,0.9733,0.6979,0.4,0.4743
F_peak_3d_Cz,all,norm3,Linear SVM,0.6267,0.5759,0.49,0.4743
F_rasm_3d_3area,all,norm2,Linear SVM,0.52,0.5062,0.41,0.4743
F_median_3d_F4,alpha,None,Ensemble (Majority Vote),0.68,0.6046,0.5,0.4743
F_median_3d_F4,beta,None,Logistic Regression,0.4733,0.5106,0.47,0.4743
F_median_3d_F4,alpha,norm3,Ensemble (Majority Vote),0.7467,0.6166,0.46,0.4743
F_de_3d_10rm,beta,None,Logistic Regression,0.6133,0.5763,0.47,0.4743
F_de_3d_F8,gamma,norm2,Random Forest,0.74,0.5878,0.44,0.4743
F_de_3d_Fp1,gamma,norm2,KNN,0.9867,0.6938,0.46,0.4743
F_median_3d_T7,all,norm3,Ensemble (Majority Vote),0.82,0.6639,0.46,0.4743
F_mean_3d19,beta,None,KNN,0.98,0.8048,0.51,0.4743
F_mean_3d_2area,all,norm3,Logistic Regression,0.7067,0.609,0.46,0.4743
F_dasm_3d19,all,norm3,Random Forest,0.9267,0.8361,0.48,0.4743
F_peak_3d19,gamma,None,XGBoost,0.8867,0.7897,0.48,0.4743
F_mean_3d_1area,beta,None,Ensemble (Majority Vote),0.76,0.6317,0.44,0.4743
F_peak_3d_10rm,all,norm3,Random Forest,0.9067,0.7713,0.44,0.4743
F_peak_3d_Cz,theta,None,XGBoost,0.68,0.58,0.45,0.4743
F_peak_3d_10rm,alpha,norm3,Ensemble (Majority Vote),0.8333,0.7007,0.46,0.4743
F_mean_3d19,all,norm3,KNN,0.9933,0.84,0.49,0.4743
F_peak_3d_Fz,alpha,norm3,Ensemble (Majority Vote),0.5933,0.5926,0.45,0.4743
F_dasm_3d19,delta,norm2,Ensemble (Majority Vote),0.9333,0.726,0.43,0.4743
F_peak_3d_Cz,theta,None,Ensemble (Majority Vote),0.76,0.6237,0.42,0.4743
F_peak_3d_Fz,alpha,norm2,Ensemble (Majority Vote),0.5933,0.5926,0.45,0.4743
F_rasm_3d19,delta,norm3,Logistic Regression,0.6133,0.5618,0.48,0.4743
F_peak_3d_1area,all,None,Linear SVM,0.6467,0.5851,0.47,0.4743
F_mean_3d_10rm,beta,None,Random Forest,0.7733,0.6568,0.52,0.4743
F_mean_3d_10rm,beta,None,Logistic Regression,0.6133,0.5685,0.52,0.4743
F_peak_3d_Fp2,theta,norm2,KNN,0.9733,0.6777,0.44,0.4743
F_peak_3d_Fp2,theta,norm3,KNN,0.9733,0.6777,0.44,0.4743
F_peak_3d_2area,theta,norm2,KNN,0.9667,0.6968,0.48,0.4743
F_mean_3d,beta,norm3,Random Forest,0.8267,0.686,0.47,0.4743
F_dasm_3d_8rm,delta,None,Random Forest,0.7933,0.6611,0.45,0.4743
F_peak_3d_Fp1,beta,None,Random Forest,0.6267,0.609,0.51,0.4743
F_median_3d_2area,alpha,norm2,Random Forest,0.86,0.614,0.44,0.4743
F_median_3d_T8,gamma,None,XGBoost,0.6533,0.588,0.47,0.4743
F_de_3d_2area,all,norm3,Logistic Regression,0.6467,0.6002,0.45,0.4743
F_peak_3d,all,norm3,Ensemble (Majority Vote),0.9333,0.8368,0.46,0.4743
F_peak_3d_Fp1,alpha,None,XGBoost,0.6333,0.5917,0.48,0.4743
F_rasm_3d_8rm,alpha,norm2,Random Forest,0.7733,0.6648,0.43,0.4743
F_peak_3d,alpha,norm3,XGBoost,0.8867,0.7303,0.5,0.4743
F_mean_3d_8rm,all,None,KNN,0.9867,0.837,0.52,0.4743
F_mean_3d_3area,theta,None,XGBoost,0.72,0.6352,0.47,0.4743
F_peak_3d19,delta,norm2,Random Forest,0.9,0.668,0.5,0.4743
F_mean_3d_3area,gamma,None,KNN,0.98,0.7354,0.45,0.4743
F_peak_3d_Fp1,delta,None,Logistic Regression,0.5133,0.5225,0.5,0.4743
F_mean_3d_3area,beta,norm3,Logistic Regression,0.62,0.5536,0.45,0.4743
F_peak_3d,theta,None,Linear SVM,0.6867,0.6124,0.49,0.4743
F_peak_3d_T7,all,norm2,KNN,0.9933,0.6954,0.41,0.4743
F_mean_3d_3area,all,None,Logistic Regression,0.6867,0.6041,0.48,0.4743
F_rasm_3d_8rm,delta,norm2,XGBoost,0.8133,0.6839,0.46,0.4743
F_mean_3d_2area,gamma,norm3,Random Forest,0.8,0.6244,0.45,0.4743
F_de_3d_F3,delta,norm2,Ensemble (Majority Vote),0.8,0.6166,0.46,0.4743
F_peak_3d_F3,all,norm3,Ensemble (Majority Vote),0.8,0.6726,0.49,0.4743
F_mean_3d_Fz,delta,None,Logistic Regression,0.5267,0.5228,0.46,0.4743
F_rasm_3d,gamma,norm2,KNN,0.96,0.7655,0.42,0.4743
F_median_3d_C3,beta,None,KNN,0.9667,0.6993,0.47,0.4743
F_mean_3d_T7,all,None,Logistic Regression,0.58,0.5545,0.47,0.4743
F_mean_3d_T7,all,None,Ensemble (Majority Vote),0.7867,0.6609,0.5,0.4743
F_peak_3d_C3,theta,norm2,XGBoost,0.7,0.5637,0.49,0.4743
F_mean_3d_Fp2,delta,None,Logistic Regression,0.4933,0.5094,0.47,0.4743
F_mean_3d_Fp2,delta,None,Linear SVM,0.4933,0.5094,0.47,0.4743
F_mean_3d_Fp2,gamma,None,Ensemble (Majority Vote),0.7133,0.6246,0.47,0.4743
F_rasm_3d_10rm,alpha,norm2,Linear SVM,0.4867,0.4885,0.43,0.4743
F_median_3d_C4,all,norm3,XGBoost,0.8267,0.6807,0.44,0.4743
F_peak_3d_C3,theta,norm3,XGBoost,0.7,0.5637,0.49,0.4743
F_mean_3d_T8,theta,None,Linear SVM,0.54,0.532,0.5,0.4743
F_de_3d_C3,alpha,None,Random Forest,0.6467,0.5885,0.43,0.4743
F_median_3d,beta,norm2,XGBoost,0.8067,0.6676,0.47,0.4743
F_median_3d_T7,theta,None,Random Forest,0.6533,0.5821,0.48,0.4743
F_median_3d_Fp1,delta,None,Ensemble (Majority Vote),0.7533,0.6218,0.48,0.4743
F_de_3d_F8,theta,None,Ensemble (Majority Vote),0.6333,0.6014,0.46,0.4743
F_de_3d,theta,None,Random Forest,0.78,0.6697,0.47,0.4743
F_mean_3d_F3,all,norm3,Random Forest,0.78,0.6554,0.48,0.4743
F_peak_3d,theta,norm3,Linear SVM,0.6533,0.5975,0.46,0.4743
F_de_3d_8rm,gamma,norm2,XGBoost,0.8733,0.6425,0.46,0.4743
F_median_3d_Cz,delta,None,Logistic Regression,0.4933,0.506,0.48,0.4743
F_peak_3d_Fp2,theta,None,Linear SVM,0.5133,0.5211,0.47,0.4743
F_median_3d_C3,all,norm3,XGBoost,0.88,0.6816,0.48,0.4743
F_rasm_3d19,gamma,None,KNN,0.9867,0.7405,0.42,0.4743
F_mean_3d_Fz,delta,None,Linear SVM,0.5333,0.523,0.46,0.4729
F_mean_3d_C4,alpha,None,KNN,1.0,0.703,0.45,0.4729
F_mean_3d_C4,alpha,None,Ensemble (Majority Vote),0.76,0.6205,0.46,0.4729
F_rasm_3d19,all,norm3,XGBoost,1.0,0.972,0.49,0.4729
F_median_3d_8rm,gamma,None,Linear SVM,0.6533,0.5915,0.48,0.4729
F_mean_3d_C3,beta,norm3,Linear SVM,0.5533,0.5071,0.38,0.4729
F_mean_3d_10rm,beta,None,Linear SVM,0.6267,0.5779,0.51,0.4729
F_peak_3d_Cz,beta,None,XGBoost,0.6667,0.5901,0.45,0.4729
F_mean_3d_C3,beta,norm2,Linear SVM,0.5533,0.5071,0.38,0.4729
F_de_3d_Fz,beta,None,XGBoost,0.64,0.583,0.46,0.4729
F_peak_3d_Cz,delta,norm3,Random Forest,0.82,0.5903,0.48,0.4729
F_rasm_3d,gamma,None,KNN,0.9733,0.7262,0.47,0.4729
F_peak_3d,all,norm3,Linear SVM,0.88,0.7593,0.43,0.4729
F_rasm_3d_8rm,alpha,norm2,KNN,0.98,0.746,0.45,0.4729
F_de_3d_Cz,alpha,norm2,KNN,0.98,0.6929,0.49,0.4729
F_mean_3d_T7,beta,None,Random Forest,0.68,0.6034,0.47,0.4729
F_mean_3d_8rm,beta,norm3,Random Forest,0.82,0.6586,0.42,0.4729
F_rasm_3d,alpha,norm3,Random Forest,0.8133,0.7074,0.47,0.4729
F_mean_3d_Fp2,gamma,None,XGBoost,0.64,0.5878,0.47,0.4729
F_median_3d19,all,None,Logistic Regression,0.8667,0.754,0.5,0.4729
F_de_3d_F8,alpha,None,KNN,0.98,0.697,0.45,0.4729
F_de_3d_2area,gamma,norm3,Linear SVM,0.58,0.5434,0.47,0.4729
F_de_3d_3area,delta,norm2,Ensemble (Majority Vote),0.7533,0.6152,0.48,0.4729
F_median_3d_F8,beta,None,Random Forest,0.64,0.5903,0.45,0.4729
F_mean_3d_10rm,alpha,norm2,Linear SVM,0.5067,0.5002,0.45,0.4729
F_de_3d_Fp1,beta,None,KNN,0.94,0.6977,0.46,0.4729
F_median_3d_F8,gamma,norm2,XGBoost,0.62,0.5664,0.46,0.4729
F_median_3d_F8,gamma,norm3,XGBoost,0.62,0.5664,0.46,0.4729
F_median_3d_F8,theta,None,Ensemble (Majority Vote),0.7667,0.6338,0.44,0.4729
F_mean_3d_C4,theta,None,KNN,1.0,0.6897,0.47,0.4729
F_peak_3d_2area,alpha,norm3,XGBoost,0.7133,0.5977,0.46,0.4729
F_median_3d_Fp1,theta,None,KNN,0.98,0.7048,0.46,0.4729
F_de_3d_Cz,alpha,norm3,KNN,0.98,0.6929,0.49,0.4729
F_median_3d_C3,alpha,None,Linear SVM,0.5267,0.5228,0.44,0.4729
F_peak_3d_Cz,theta,None,KNN,0.96,0.6874,0.42,0.4729
F_median_3d_C3,all,None,XGBoost,0.8667,0.7,0.48,0.4729
F_dasm_3d_3area,all,None,Random Forest,0.76,0.6756,0.48,0.4729
F_mean_3d,all,None,Linear SVM,0.8133,0.7122,0.45,0.4729
F_mean_3d_2area,theta,norm2,Ensemble (Majority Vote),0.8733,0.6331,0.43,0.4729
F_mean_3d_T8,delta,None,Logistic Regression,0.4933,0.5161,0.49,0.4729
F_mean_3d_2area,gamma,norm3,Logistic Regression,0.5733,0.5379,0.47,0.4729
F_mean_3d,all,norm3,KNN,0.9867,0.8225,0.43,0.4729
F_dasm_3d19,delta,norm3,Random Forest,0.8333,0.737,0.47,0.4729
F_mean_3d_2area,alpha,norm3,Ensemble (Majority Vote),0.7067,0.6159,0.48,0.4729
F_mean_3d,delta,norm2,KNN,0.9867,0.7103,0.41,0.4729
F_peak_3d_F4,all,norm3,KNN,0.98,0.7474,0.43,0.4729
F_median_3d_10rm,gamma,None,Ensemble (Majority Vote),0.88,0.7278,0.5,0.4729
F_median_3d_10rm,gamma,None,Logistic Regression,0.62,0.5768,0.47,0.4729
F_rasm_3d19,beta,None,XGBoost,0.9733,0.7589,0.48,0.4729
F_dasm_3d,theta,norm3,Logistic Regression,0.6267,0.5726,0.47,0.4729
F_peak_3d_10rm,all,norm2,KNN,0.9933,0.7418,0.42,0.4729
F_de_3d_C4,theta,None,Ensemble (Majority Vote),0.7067,0.6051,0.5,0.4729
F_rasm_3d,beta,norm3,Logistic Regression,0.54,0.5124,0.44,0.4729
F_de_3d_T8,gamma,None,Random Forest,0.6933,0.5906,0.48,0.4729
F_dasm_3d19,theta,norm2,XGBoost,0.9467,0.7023,0.44,0.4729
F_rasm_3d_8rm,beta,None,KNN,0.9933,0.7103,0.4,0.4729
F_dasm_3d_10rm,theta,norm3,XGBoost,0.78,0.668,0.46,0.4729
F_peak_3d_Cz,delta,norm2,Random Forest,0.82,0.5903,0.48,0.4729
F_rasm_3d_10rm,alpha,norm3,Random Forest,0.7933,0.6938,0.49,0.4729
F_de_3d_8rm,all,None,Random Forest,0.8133,0.7414,0.49,0.4729
F_mean_3d_3area,gamma,norm3,Logistic Regression,0.5667,0.5593,0.46,0.4729
F_peak_3d_3area,beta,norm3,KNN,0.9333,0.714,0.44,0.4729
F_mean_3d_3area,delta,None,XGBoost,0.7467,0.6278,0.47,0.4729
F_mean_3d,theta,norm2,Random Forest,0.88,0.6752,0.5,0.4729
F_mean_3d_3area,delta,None,Random Forest,0.7667,0.6159,0.48,0.4729
F_dasm_3d,gamma,None,Random Forest,0.7933,0.6828,0.5,0.4729
F_mean_3d19,all,None,Linear SVM,0.8733,0.7703,0.47,0.4729
F_mean_3d_3area,beta,norm3,Linear SVM,0.6333,0.5522,0.45,0.4729
F_mean_3d_T7,delta,None,Random Forest,0.6667,0.5959,0.48,0.4729
F_median_3d_C3,alpha,None,Logistic Regression,0.5333,0.5248,0.43,0.4729
F_peak_3d_Fp1,delta,None,Linear SVM,0.5133,0.523,0.49,0.4729
F_de_3d_1area,all,None,Linear SVM,0.6733,0.588,0.47,0.4729
F_de_3d_1area,alpha,None,Ensemble (Majority Vote),0.6933,0.6361,0.49,0.4729
F_de_3d_F7,beta,None,XGBoost,0.6267,0.5855,0.44,0.4729
F_median_3d,gamma,norm2,KNN,0.9667,0.7018,0.45,0.4729
F_mean_3d_F7,delta,None,Random Forest,0.7,0.5986,0.45,0.4729
F_de_3d_C3,theta,None,Logistic Regression,0.5267,0.5191,0.46,0.4729
F_de_3d_F7,theta,None,Random Forest,0.7133,0.5979,0.45,0.4729
F_de_3d_F4,delta,None,XGBoost,0.6667,0.5956,0.46,0.4729
F_de_3d_10rm,gamma,None,XGBoost,0.8333,0.723,0.46,0.4729
F_median_3d_8rm,beta,None,XGBoost,0.8,0.6917,0.46,0.4729
F_mean_3d_F4,delta,None,Ensemble (Majority Vote),0.7533,0.6221,0.45,0.4729
F_median_3d_Cz,theta,None,Ensemble (Majority Vote),0.7333,0.6264,0.5,0.4729
F_mean_3d_F7,theta,None,Random Forest,0.6533,0.6,0.47,0.4729
F_mean_3d_Fp1,all,None,Logistic Regression,0.6467,0.5743,0.47,0.4729
F_median_3d_Cz,beta,None,Ensemble (Majority Vote),0.76,0.6329,0.48,0.4729
F_peak_3d_F3,gamma,None,Ensemble (Majority Vote),0.7067,0.6193,0.49,0.4729
F_de_3d_10rm,theta,None,XGBoost,0.82,0.7074,0.45,0.4729
F_mean_3d_Fp2,beta,None,Logistic Regression,0.5533,0.5359,0.46,0.4729
F_de_3d_F8,all,norm3,KNN,0.96,0.731,0.44,0.4729
F_median_3d_10rm,delta,norm3,Linear SVM,0.7533,0.629,0.45,0.4729
F_mean_3d_Fz,all,norm3,Logistic Regression,0.64,0.5733,0.47,0.4729
F_peak_3d_2area,gamma,norm3,XGBoost,0.6933,0.6159,0.47,0.4729
F_peak_3d_T8,theta,None,Linear SVM,0.5133,0.526,0.47,0.4729
F_median_3d_F4,gamma,None,Random Forest,0.6667,0.6,0.44,0.4729
F_mean_3d_T7,beta,None,Ensemble (Majority Vote),0.7667,0.637,0.45,0.4729
F_mean_3d_1area,all,None,Logistic Regression,0.6467,0.58,0.47,0.4729
F_mean_3d_T8,delta,None,XGBoost,0.64,0.5821,0.46,0.4729
F_de_3d_8rm,gamma,norm3,Ensemble (Majority Vote),0.8067,0.7069,0.49,0.4729
F_peak_3d_C4,alpha,None,Logistic Regression,0.54,0.5326,0.48,0.4729
F_median_3d_F4,alpha,None,Random Forest,0.6533,0.5772,0.49,0.4729
F_mean_3d_F3,all,norm3,KNN,0.9667,0.717,0.49,0.4729
F_de_3d,theta,norm3,XGBoost,0.8267,0.7228,0.46,0.4729
F_de_3d_10rm,beta,norm3,Linear SVM,0.6467,0.5929,0.48,0.4714
F_dasm_3d_8rm,gamma,None,XGBoost,0.7933,0.6708,0.47,0.4714
F_mean_3d_8rm,theta,None,KNN,0.9667,0.7462,0.44,0.4714
F_median_3d_2area,alpha,norm2,Ensemble (Majority Vote),0.8533,0.6372,0.46,0.4714
F_rasm_3d19,all,None,Random Forest,0.9333,0.7807,0.47,0.4714
F_peak_3d19,alpha,norm3,KNN,0.9667,0.8023,0.47,0.4714
F_peak_3d19,beta,None,KNN,1.0,0.82,0.47,0.4714
F_dasm_3d19,theta,None,Random Forest,0.7933,0.6931,0.47,0.4714
F_peak_3d_Fp1,theta,None,KNN,0.9667,0.6924,0.48,0.4714
F_mean_3d_F8,delta,None,Random Forest,0.72,0.5966,0.47,0.4714
F_de_3d_2area,theta,norm3,Linear SVM,0.5267,0.5292,0.43,0.4714
F_median_3d_1area,theta,None,Random Forest,0.62,0.594,0.46,0.4714
F_median_3d_F4,all,None,XGBoost,0.8333,0.6874,0.51,0.4714
F_mean_3d_8rm,delta,None,Random Forest,0.7933,0.6566,0.5,0.4714
F_median_3d19,delta,None,Logistic Regression,0.72,0.6211,0.42,0.4714
F_mean_3d,all,norm3,Ensemble (Majority Vote),0.92,0.8122,0.45,0.4714
F_mean_3d_C3,all,None,Ensemble (Majority Vote),0.76,0.6802,0.46,0.4714
F_mean_3d_F7,alpha,None,KNN,0.9733,0.7016,0.49,0.4714
F_peak_3d,alpha,None,Random Forest,0.74,0.68,0.45,0.4714
F_de_3d_Fz,all,norm3,KNN,0.9867,0.7349,0.43,0.4714
F_de_3d_F4,theta,None,KNN,0.9733,0.7048,0.46,0.4714
F_median_3d_F3,beta,norm3,Random Forest,0.7867,0.5876,0.39,0.4714
F_mean_3d_8rm,theta,norm2,Ensemble (Majority Vote),0.88,0.666,0.48,0.4714
F_mean_3d_C3,gamma,None,XGBoost,0.6133,0.5754,0.45,0.4714
F_median_3d_T7,gamma,None,KNN,0.9667,0.7034,0.45,0.4714
F_de_3d19,gamma,None,Random Forest,0.8,0.6837,0.52,0.4714
F_rasm_3d_10rm,alpha,norm3,XGBoost,0.8733,0.7239,0.48,0.4714
F_median_3d_C3,all,None,Ensemble (Majority Vote),0.8133,0.6851,0.47,0.4714
F_rasm_3d_10rm,gamma,norm3,KNN,0.9733,0.7772,0.45,0.4714
F_rasm_3d_8rm,all,norm3,Random Forest,0.8267,0.7593,0.4,0.4714
F_de_3d_F4,gamma,None,Logistic Regression,0.54,0.5255,0.46,0.4714
F_de_3d_3area,theta,None,Ensemble (Majority Vote),0.7333,0.6464,0.47,0.4714
F_mean_3d_C3,delta,None,XGBoost,0.6133,0.5791,0.44,0.4714
F_mean_3d_8rm,theta,norm2,Random Forest,0.8733,0.6556,0.44,0.4714
F_mean_3d_T7,all,None,Linear SVM,0.6,0.552,0.45,0.4714
F_de_3d_Fz,all,None,Random Forest,0.7533,0.6563,0.51,0.4714
F_de_3d_2area,gamma,norm3,Ensemble (Majority Vote),0.78,0.6384,0.47,0.4714
F_median_3d_F3,beta,norm2,Random Forest,0.7867,0.5876,0.39,0.4714
F_median_3d_10rm,gamma,None,Linear SVM,0.6867,0.5943,0.42,0.4714
F_peak_3d_8rm,delta,norm2,XGBoost,0.8533,0.654,0.45,0.4714
F_dasm_3d,theta,None,KNN,0.98,0.7621,0.48,0.4714
F_peak_3d_C4,all,norm2,Linear SVM,0.5133,0.4979,0.47,0.4714
F_median_3d_F8,beta,norm3,Ensemble (Majority Vote),0.8067,0.6002,0.43,0.4714
F_median_3d_F8,beta,norm2,Ensemble (Majority Vote),0.8067,0.6002,0.43,0.4714
F_median_3d_F4,gamma,None,XGBoost,0.6667,0.5897,0.44,0.4714
F_de_3d_C3,gamma,None,Linear SVM,0.4933,0.5011,0.47,0.4714
F_rasm_3d_3area,beta,None,KNN,0.9533,0.6871,0.47,0.4714
F_median_3d_1area,alpha,None,KNN,0.9667,0.709,0.46,0.4714
F_de_3d_F8,gamma,None,Ensemble (Majority Vote),0.7867,0.648,0.46,0.4714
F_mean_3d_10rm,gamma,norm3,Ensemble (Majority Vote),0.76,0.6823,0.45,0.4714
F_median_3d_10rm,theta,norm2,KNN,0.9867,0.6798,0.46,0.4714
F_rasm_3d,delta,norm3,KNN,0.9867,0.7855,0.47,0.4714
F_peak_3d_Fp2,theta,None,Random Forest,0.6533,0.5913,0.46,0.4714
F_de_3d19,delta,None,Random Forest,0.7867,0.6715,0.45,0.4714
F_peak_3d_1area,delta,None,Linear SVM,0.5333,0.5198,0.5,0.4714
F_median_3d19,all,None,Ensemble (Majority Vote),0.9467,0.8611,0.53,0.4714
F_mean_3d_1area,all,norm3,Random Forest,0.7867,0.6531,0.5,0.4714
F_de_3d_Fp1,all,None,KNN,0.9733,0.7674,0.43,0.4714
F_dasm_3d19,beta,norm3,KNN,0.9933,0.8057,0.46,0.4714
F_peak_3d_2area,gamma,norm3,KNN,0.9667,0.7099,0.51,0.4714
F_de_3d_F3,all,norm2,KNN,0.9867,0.7021,0.44,0.4714
F_mean_3d_C4,theta,norm2,Random Forest,0.7133,0.5816,0.44,0.4714
F_mean_3d_2area,beta,None,Random Forest,0.66,0.6124,0.45,0.4714
F_mean_3d_C4,theta,norm3,Random Forest,0.7133,0.5816,0.44,0.4714
F_median_3d_10rm,delta,norm3,Random Forest,0.8533,0.6754,0.43,0.4714
F_peak_3d_2area,gamma,norm3,Linear SVM,0.5933,0.5554,0.44,0.4714
F_median_3d_3area,alpha,norm2,Ensemble (Majority Vote),0.7933,0.6391,0.44,0.4714
F_de_3d_Fp1,beta,None,XGBoost,0.6333,0.6,0.48,0.4714
F_de_3d_2area,gamma,norm3,Random Forest,0.7933,0.6221,0.46,0.4714
F_rasm_3d19,beta,None,KNN,0.98,0.7409,0.46,0.4714
F_de_3d,delta,norm2,Ensemble (Majority Vote),0.84,0.6837,0.44,0.4714
F_mean_3d_1area,delta,None,Random Forest,0.7133,0.5897,0.47,0.4714
F_mean_3d_2area,theta,norm3,Ensemble (Majority Vote),0.7067,0.6106,0.48,0.4714
F_median_3d_10rm,theta,norm3,Logistic Regression,0.6467,0.5846,0.4,0.4714
F_de_3d_C4,beta,None,Random Forest,0.6867,0.5949,0.48,0.4714
F_mean_3d_Fp2,beta,None,XGBoost,0.68,0.5876,0.47,0.4714
F_dasm_3d,all,None,Logistic Regression,0.7267,0.6566,0.46,0.4714
F_peak_3d,all,None,Logistic Regression,0.8267,0.7214,0.45,0.4714
F_mean_3d,all,None,Logistic Regression,0.8067,0.6917,0.47,0.4714
F_de_3d_T8,all,norm3,Linear SVM,0.5733,0.5614,0.45,0.4714
F_dasm_3d,beta,None,KNN,0.9867,0.7593,0.44,0.4714
F_mean_3d_2area,alpha,norm3,Linear SVM,0.54,0.5285,0.48,0.4714
F_median_3d_10rm,gamma,norm3,Linear SVM,0.7133,0.6124,0.47,0.4714
F_mean_3d_T7,all,norm2,Random Forest,0.9133,0.6637,0.43,0.4714
F_mean_3d_10rm,theta,norm2,Random Forest,0.8533,0.6614,0.42,0.4714
F_rasm_3d_8rm,alpha,norm3,Linear SVM,0.6067,0.5398,0.43,0.4714
F_peak_3d_2area,theta,None,XGBoost,0.7333,0.6198,0.48,0.4714
F_mean_3d_Fp1,beta,None,Random Forest,0.7,0.6133,0.51,0.4714
F_median_3d,delta,None,Logistic Regression,0.7267,0.6168,0.46,0.4714
F_peak_3d,gamma,None,Logistic Regression,0.6267,0.6094,0.47,0.4714
F_mean_3d_T7,theta,None,Linear SVM,0.56,0.5205,0.47,0.4714
F_mean_3d_3area,theta,norm2,Ensemble (Majority Vote),0.76,0.626,0.4,0.4714
F_rasm_3d_10rm,beta,norm3,XGBoost,0.88,0.7278,0.42,0.4714
F_de_3d,delta,norm3,Linear SVM,0.7467,0.6423,0.5,0.4714
F_median_3d_Fp1,theta,norm2,KNN,0.9867,0.6807,0.43,0.4714
F_median_3d_Fp1,theta,norm3,KNN,0.9867,0.6807,0.43,0.4714
F_dasm_3d_8rm,gamma,norm3,Logistic Regression,0.6067,0.5821,0.47,0.4714
F_de_3d_10rm,gamma,None,Linear SVM,0.6133,0.5908,0.47,0.47
F_mean_3d_T7,all,None,KNN,0.9733,0.7349,0.46,0.47
F_median_3d_F3,alpha,None,Random Forest,0.6467,0.592,0.46,0.47
F_peak_3d_3area,beta,None,KNN,0.9667,0.74,0.43,0.47
F_median_3d_Fp2,theta,None,Random Forest,0.6667,0.5945,0.47,0.47
F_rasm_3d_10rm,delta,None,KNN,0.9933,0.7343,0.41,0.47
F_de_3d_8rm,gamma,None,KNN,0.9667,0.7706,0.44,0.47
F_de_3d_T8,all,None,Random Forest,0.7867,0.6591,0.53,0.47
F_mean_3d_Fz,all,None,Logistic Regression,0.62,0.568,0.46,0.47
F_peak_3d_C3,delta,norm3,Random Forest,0.7933,0.5798,0.43,0.47
F_mean_3d_1area,delta,None,KNN,0.98,0.6926,0.46,0.47
F_median_3d_8rm,gamma,None,Ensemble (Majority Vote),0.8733,0.7055,0.49,0.47
F_median_3d_F8,delta,None,KNN,0.9667,0.6989,0.47,0.47
F_median_3d_2area,all,None,XGBoost,0.9467,0.7685,0.47,0.47
F_mean_3d,theta,norm3,Random Forest,0.82,0.6669,0.48,0.47
F_mean_3d_T7,delta,None,XGBoost,0.6267,0.5752,0.47,0.47
F_peak_3d_10rm,alpha,norm3,XGBoost,0.8667,0.7067,0.46,0.47
F_de_3d_Cz,theta,None,Logistic Regression,0.5533,0.5331,0.47,0.47
F_mean_3d_T8,delta,None,Linear SVM,0.4933,0.5168,0.48,0.47
F_dasm_3d19,all,norm3,KNN,0.9933,0.9055,0.48,0.47
F_de_3d_2area,theta,norm3,Random Forest,0.7533,0.6028,0.51,0.47
F_peak_3d_Fz,theta,norm2,KNN,1.0,0.6913,0.43,0.47
F_de_3d_Fp1,delta,None,Random Forest,0.6467,0.5926,0.48,0.47
F_de_3d_2area,gamma,None,KNN,0.96,0.7198,0.44,0.47
F_rasm_3d,beta,norm3,XGBoost,0.9267,0.7402,0.42,0.47
F_median_3d19,beta,norm3,XGBoost,0.9133,0.7743,0.47,0.47
F_rasm_3d_10rm,alpha,None,XGBoost,0.8467,0.6591,0.44,0.47
F_de_3d_F4,alpha,None,XGBoost,0.64,0.5779,0.48,0.47
F_peak_3d19,beta,norm3,KNN,0.9933,0.814,0.54,0.47
F_median_3d_F4,beta,norm3,Random Forest,0.7,0.5805,0.38,0.47
F_median_3d_F4,beta,norm2,Random Forest,0.7,0.5805,0.38,0.47
F_mean_3d_8rm,all,None,Ensemble (Majority Vote),0.9133,0.797,0.47,0.47
F_peak_3d_Fz,theta,norm3,KNN,1.0,0.6913,0.43,0.47
F_mean_3d_2area,all,norm3,Ensemble (Majority Vote),0.8533,0.7037,0.45,0.47
F_peak_3d_T8,theta,None,Random Forest,0.7133,0.5874,0.47,0.47
F_median_3d_F4,beta,None,Linear SVM,0.4667,0.5113,0.47,0.47
F_peak_3d_C3,delta,norm2,Random Forest,0.7933,0.5798,0.43,0.47
F_median_3d_3area,all,None,Ensemble (Majority Vote),0.8867,0.7398,0.47,0.47
F_median_3d_2area,all,None,Random Forest,0.78,0.6834,0.48,0.47
F_peak_3d19,gamma,norm3,Logistic Regression,0.7,0.6389,0.45,0.47
F_mean_3d19,all,norm3,Random Forest,0.8867,0.7529,0.46,0.47
F_rasm_3d_10rm,alpha,None,Logistic Regression,0.52,0.5202,0.41,0.47
F_de_3d_F8,gamma,None,Random Forest,0.64,0.5977,0.5,0.47
F_de_3d_F8,all,None,Linear SVM,0.6133,0.5575,0.46,0.47
F_mean_3d_C3,delta,None,Ensemble (Majority Vote),0.7467,0.6326,0.47,0.47
F_median_3d_10rm,theta,norm3,Linear SVM,0.66,0.5938,0.38,0.47
F_mean_3d_F4,beta,None,XGBoost,0.6333,0.5722,0.47,0.47
F_peak_3d_10rm,theta,norm3,Ensemble (Majority Vote),0.7933,0.6878,0.48,0.47
F_peak_3d_Fz,alpha,norm2,KNN,0.9867,0.6857,0.46,0.47
F_peak_3d_Fz,alpha,norm3,KNN,0.9867,0.6857,0.46,0.47
F_de_3d_1area,delta,None,Ensemble (Majority Vote),0.6933,0.6156,0.43,0.47
F_mean_3d_10rm,gamma,None,Random Forest,0.7267,0.6703,0.45,0.47
F_mean_3d_8rm,gamma,None,Linear SVM,0.6133,0.5828,0.46,0.47
F_de_3d_F8,beta,None,Random Forest,0.6933,0.5924,0.42,0.47
F_peak_3d_3area,theta,None,Ensemble (Majority Vote),0.8,0.6554,0.44,0.47
F_mean_3d19,delta,norm3,Logistic Regression,0.7467,0.628,0.45,0.47
F_mean_3d_Fp1,delta,None,KNN,0.98,0.6963,0.46,0.47
F_peak_3d_Cz,all,None,Ensemble (Majority Vote),0.84,0.692,0.47,0.47
F_rasm_3d19,beta,None,Ensemble (Majority Vote),0.88,0.7062,0.47,0.47
F_median_3d_2area,gamma,norm3,KNN,0.96,0.7041,0.48,0.47
F_de_3d,all,None,KNN,0.98,0.8628,0.45,0.47
F_mean_3d_Fz,all,norm3,Linear SVM,0.6333,0.574,0.46,0.47
F_de_3d_F3,all,norm3,XGBoost,0.8533,0.6908,0.46,0.47
F_mean_3d_2area,alpha,norm3,Random Forest,0.7667,0.611,0.47,0.47
F_median_3d_10rm,delta,norm3,XGBoost,0.9133,0.7301,0.46,0.47
F_de_3d_Fp1,all,norm3,KNN,0.9733,0.7347,0.46,0.47
F_mean_3d_T8,beta,None,Ensemble (Majority Vote),0.7333,0.6179,0.44,0.47
F_rasm_3d_8rm,all,norm3,KNN,0.96,0.7448,0.46,0.47
F_mean_3d_2area,all,norm3,KNN,0.9867,0.752,0.45,0.47
F_peak_3d_T8,theta,None,XGBoost,0.6867,0.5864,0.45,0.47
F_median_3d_F7,all,None,Ensemble (Majority Vote),0.8067,0.697,0.5,0.47
F_de_3d19,delta,None,Logistic Regression,0.6867,0.6205,0.46,0.47
F_de_3d_Fz,alpha,None,Random Forest,0.6533,0.5899,0.47,0.47
F_peak_3d_F4,gamma,norm3,XGBoost,0.5533,0.5593,0.45,0.47
F_mean_3d_10rm,beta,norm3,Random Forest,0.8333,0.677,0.48,0.47
F_mean_3d_1area,delta,None,Ensemble (Majority Vote),0.74,0.626,0.47,0.47
F_peak_3d19,theta,None,Linear SVM,0.7267,0.6434,0.46,0.47
F_de_3d_F7,theta,None,XGBoost,0.72,0.588,0.46,0.47
F_rasm_3d19,alpha,norm3,Random Forest,0.8333,0.7329,0.48,0.47
F_median_3d_T8,gamma,None,Ensemble (Majority Vote),0.7533,0.6347,0.47,0.47
F_peak_3d_Cz,all,norm3,Ensemble (Majority Vote),0.8133,0.669,0.43,0.47
F_mean_3d19,theta,norm3,Random Forest,0.8933,0.6956,0.47,0.47
F_de_3d_Cz,theta,None,XGBoost,0.64,0.5768,0.4,0.47
F_mean_3d_F3,all,norm3,Logistic Regression,0.5933,0.5683,0.46,0.47
F_mean_3d_2area,gamma,norm3,Ensemble (Majority Vote),0.7333,0.6336,0.48,0.47
F_mean_3d,theta,None,Ensemble (Majority Vote),0.84,0.7069,0.46,0.47
F_mean_3d,theta,None,Linear SVM,0.68,0.597,0.45,0.47
F_median_3d_8rm,gamma,None,XGBoost,0.8667,0.7154,0.51,0.47
F_de_3d_3area,all,None,Logistic Regression,0.6867,0.6085,0.47,0.47
F_de_3d,all,None,Random Forest,0.82,0.7425,0.47,0.47
F_median_3d_F4,all,None,Ensemble (Majority Vote),0.7867,0.6657,0.5,0.47
F_peak_3d_F4,gamma,norm2,XGBoost,0.5533,0.5593,0.45,0.47
F_de_3d_Fp1,delta,None,Logistic Regression,0.5,0.517,0.45,0.4686
F_de_3d_3area,beta,norm3,Logistic Regression,0.5667,0.5377,0.46,0.4686
F_de_3d_Fp1,delta,None,Linear SVM,0.5,0.5163,0.45,0.4686
F_rasm_3d,alpha,None,Random Forest,0.8067,0.6566,0.44,0.4686
F_de_3d,delta,norm3,KNN,0.98,0.7885,0.47,0.4686
F_mean_3d_F4,all,None,Ensemble (Majority Vote),0.8133,0.6782,0.52,0.4686
F_mean_3d_T7,alpha,norm2,XGBoost,0.7067,0.5497,0.44,0.4686
F_peak_3d_2area,gamma,norm3,Ensemble (Majority Vote),0.7733,0.649,0.47,0.4686
F_peak_3d_C4,delta,norm2,Ensemble (Majority Vote),0.6267,0.591,0.45,0.4686
F_mean_3d_T7,alpha,norm3,KNN,0.98,0.6802,0.41,0.4686
F_mean_3d_T7,alpha,norm3,XGBoost,0.7067,0.5497,0.44,0.4686
F_median_3d_F7,delta,norm2,Ensemble (Majority Vote),0.6667,0.6069,0.5,0.4686
F_median_3d_3area,delta,None,Ensemble (Majority Vote),0.7667,0.6382,0.44,0.4686
F_median_3d_F7,delta,norm3,Ensemble (Majority Vote),0.6667,0.6069,0.5,0.4686
F_mean_3d19,delta,None,KNN,1.0,0.7945,0.45,0.4686
F_mean_3d_T7,theta,None,Logistic Regression,0.5467,0.5186,0.47,0.4686
F_median_3d,all,None,KNN,0.9933,0.8515,0.43,0.4686
F_de_3d19,gamma,norm3,Random Forest,0.8467,0.7037,0.44,0.4686
F_de_3d_Cz,theta,None,Linear SVM,0.5533,0.5345,0.47,0.4686
F_de_3d,gamma,norm3,Ensemble (Majority Vote),0.8267,0.7186,0.43,0.4686
F_peak_3d_10rm,alpha,None,KNN,0.9867,0.7947,0.48,0.4686
F_mean_3d_Fz,all,None,Ensemble (Majority Vote),0.8267,0.683,0.5,0.4686
F_de_3d_F4,alpha,None,Random Forest,0.62,0.5816,0.47,0.4686
F_peak_3d_C4,delta,norm3,Ensemble (Majority Vote),0.6267,0.591,0.45,0.4686
F_mean_3d_T7,alpha,norm2,KNN,0.98,0.6802,0.41,0.4686
F_de_3d_2area,theta,norm3,Logistic Regression,0.5267,0.5313,0.43,0.4686
F_mean_3d_F7,delta,None,XGBoost,0.6333,0.5809,0.48,0.4686
F_de_3d_8rm,beta,norm3,XGBoost,0.78,0.6759,0.46,0.4686
F_dasm_3d_3area,gamma,None,Linear SVM,0.5333,0.546,0.49,0.4686
F_mean_3d_Fz,gamma,None,KNN,0.9933,0.7005,0.47,0.4686
F_median_3d,gamma,None,Ensemble (Majority Vote),0.8533,0.7349,0.49,0.4686
F_dasm_3d_8rm,gamma,norm3,Linear SVM,0.6133,0.583,0.47,0.4686
F_median_3d_3area,gamma,norm2,KNN,0.98,0.6915,0.44,0.4686
F_mean_3d_C3,theta,norm2,XGBoost,0.5867,0.5517,0.42,0.4686
F_de_3d_2area,all,None,Random Forest,0.7533,0.6823,0.45,0.4686
F_peak_3d_T8,gamma,norm2,KNN,0.9933,0.689,0.47,0.4686
F_peak_3d_T8,gamma,norm3,KNN,0.9933,0.689,0.47,0.4686
F_peak_3d_C4,all,norm3,KNN,0.98,0.7524,0.39,0.4686
F_mean_3d_C3,theta,norm3,XGBoost,0.5867,0.5517,0.42,0.4686
F_mean_3d_F8,gamma,norm2,KNN,0.9933,0.6821,0.43,0.4686
F_mean_3d_C4,beta,None,Logistic Regression,0.5333,0.537,0.43,0.4686
F_mean_3d_F8,gamma,norm3,KNN,0.9933,0.6821,0.43,0.4686
F_de_3d_Fp1,all,norm3,Ensemble (Majority Vote),0.7667,0.6692,0.42,0.4686
F_peak_3d_3area,gamma,None,KNN,0.98,0.7398,0.42,0.4686
F_median_3d_C4,all,norm3,KNN,0.9733,0.7315,0.45,0.4686
F_median_3d,delta,norm3,KNN,0.96,0.7653,0.47,0.4686
F_de_3d_1area,alpha,norm3,KNN,1.0,0.6956,0.42,0.4686
F_de_3d_F8,beta,None,KNN,0.9667,0.6989,0.46,0.4686
F_peak_3d,gamma,None,Linear SVM,0.6267,0.6163,0.48,0.4686
F_mean_3d_C4,all,None,KNN,0.9733,0.7428,0.47,0.4686
F_peak_3d_10rm,theta,norm3,XGBoost,0.8333,0.7103,0.45,0.4686
F_mean_3d_10rm,gamma,None,Linear SVM,0.6333,0.5837,0.43,0.4686
F_median_3d_10rm,beta,None,Linear SVM,0.6467,0.58,0.48,0.4686
F_rasm_3d_10rm,all,norm3,XGBoost,1.0,0.9189,0.47,0.4686
F_de_3d_10rm,theta,None,KNN,0.9933,0.7756,0.44,0.4686
F_median_3d_F7,gamma,None,Ensemble (Majority Vote),0.7533,0.6414,0.43,0.4686
F_de_3d_3area,all,norm3,Linear SVM,0.6933,0.6276,0.42,0.4686
F_peak_3d,all,norm3,XGBoost,0.9867,0.8943,0.46,0.4686
F_de_3d_10rm,all,None,Random Forest,0.84,0.7453,0.49,0.4686
F_peak_3d_C4,alpha,None,XGBoost,0.64,0.5807,0.5,0.4686
F_median_3d_3area,all,norm3,XGBoost,0.9733,0.8,0.47,0.4686
F_de_3d_Fp1,all,None,Random Forest,0.7667,0.6657,0.44,0.4686
F_de_3d_2area,alpha,None,XGBoost,0.72,0.6074,0.48,0.4686
F_de_3d_Fp2,delta,None,Ensemble (Majority Vote),0.6933,0.6225,0.5,0.4686
F_peak_3d19,theta,norm3,KNN,0.9667,0.7857,0.42,0.4686
F_mean_3d,delta,None,Ensemble (Majority Vote),0.9,0.7331,0.47,0.4686
F_peak_3d_2area,alpha,norm3,Ensemble (Majority Vote),0.72,0.6232,0.44,0.4686
F_de_3d_T8,theta,None,Linear SVM,0.58,0.5333,0.48,0.4686
F_median_3d19,beta,None,XGBoost,0.9267,0.7926,0.45,0.4686
F_de_3d_1area,alpha,norm2,KNN,1.0,0.6956,0.42,0.4686
F_de_3d_T8,beta,None,Ensemble (Majority Vote),0.6867,0.614,0.44,0.4686
F_de_3d_T8,delta,None,XGBoost,0.6733,0.5887,0.47,0.4686
F_median_3d_T7,theta,None,XGBoost,0.6,0.5667,0.41,0.4686
F_mean_3d_F7,gamma,None,Ensemble (Majority Vote),0.76,0.6444,0.43,0.4686
F_rasm_3d_10rm,delta,None,Linear SVM,0.46,0.4906,0.48,0.4686
F_mean_3d19,gamma,None,Ensemble (Majority Vote),0.8533,0.7471,0.47,0.4686
F_median_3d,theta,None,XGBoost,0.8933,0.7386,0.48,0.4671
F_de_3d,delta,None,Linear SVM,0.7,0.6269,0.49,0.4671
F_de_3d_3area,beta,None,KNN,0.9467,0.7292,0.46,0.4671
F_rasm_3d19,delta,norm3,Linear SVM,0.5933,0.5572,0.44,0.4671
F_peak_3d_Fp2,theta,None,Ensemble (Majority Vote),0.7733,0.6306,0.49,0.4671
F_de_3d_Fz,theta,None,KNN,0.9733,0.7078,0.43,0.4671
F_median_3d_2area,alpha,norm2,XGBoost,0.6733,0.5825,0.47,0.4671
F_rasm_3d_8rm,all,norm2,KNN,0.9867,0.7338,0.41,0.4671
F_median_3d_2area,alpha,None,KNN,0.9733,0.7145,0.39,0.4671
F_peak_3d_F8,theta,None,XGBoost,0.62,0.5823,0.45,0.4671
F_peak_3d_F8,theta,None,Ensemble (Majority Vote),0.7933,0.6349,0.45,0.4671
F_mean_3d_8rm,theta,norm3,XGBoost,0.8333,0.6841,0.45,0.4671
F_median_3d_T8,theta,None,Random Forest,0.64,0.5903,0.48,0.4671
F_median_3d_C3,delta,None,Random Forest,0.6333,0.5913,0.43,0.4671
F_median_3d_T8,all,None,Ensemble (Majority Vote),0.8067,0.6846,0.47,0.4671
F_peak_3d_Fp1,delta,norm3,XGBoost,0.5533,0.552,0.42,0.4671
F_median_3d_Cz,theta,None,Random Forest,0.6667,0.5936,0.48,0.4671
F_dasm_3d_10rm,delta,None,Random Forest,0.7867,0.6667,0.4,0.4671
F_peak_3d_Fp1,delta,norm2,XGBoost,0.5533,0.552,0.42,0.4671
F_de_3d_T8,beta,None,XGBoost,0.6133,0.5832,0.47,0.4671
F_de_3d_1area,alpha,None,Random Forest,0.6667,0.5936,0.45,0.4671
F_mean_3d_1area,gamma,None,Ensemble (Majority Vote),0.7333,0.6278,0.47,0.4671
F_mean_3d_Fz,all,None,Linear SVM,0.6333,0.569,0.46,0.4671
F_median_3d_Cz,theta,None,XGBoost,0.6267,0.5818,0.46,0.4671
F_peak_3d_8rm,delta,None,Random Forest,0.78,0.6611,0.45,0.4671
F_peak_3d19,beta,None,Random Forest,0.7667,0.6768,0.48,0.4671
F_dasm_3d_10rm,beta,None,KNN,0.96,0.7379,0.47,0.4671
F_median_3d_10rm,beta,norm3,Ensemble (Majority Vote),0.84,0.7011,0.48,0.4671
F_peak_3d19,gamma,None,Linear SVM,0.7067,0.6347,0.44,0.4671
F_de_3d_F7,beta,None,Ensemble (Majority Vote),0.6933,0.6138,0.47,0.4671
F_de_3d_Fp2,beta,None,Linear SVM,0.56,0.5377,0.49,0.4671
F_de_3d_Fz,beta,None,Random Forest,0.6533,0.5867,0.44,0.4671
F_de_3d_2area,beta,norm3,XGBoost,0.7267,0.5917,0.47,0.4671
F_de_3d_T8,delta,None,Random Forest,0.6533,0.5913,0.47,0.4671
F_mean_3d,delta,norm3,Linear SVM,0.7667,0.6262,0.46,0.4671
F_dasm_3d,alpha,None,Ensemble (Majority Vote),0.8133,0.7046,0.46,0.4671
F_dasm_3d19,theta,None,XGBoost,0.9467,0.7717,0.46,0.4671
F_de_3d_T7,alpha,norm3,KNN,1.0,0.689,0.43,0.4671
F_de_3d_F4,gamma,None,Linear SVM,0.5467,0.5253,0.45,0.4671
F_de_3d_10rm,gamma,None,Ensemble (Majority Vote),0.82,0.7195,0.46,0.4671
F_de_3d_10rm,delta,norm2,XGBoost,0.86,0.6678,0.43,0.4671
F_de_3d_T7,alpha,norm2,KNN,1.0,0.689,0.43,0.4671
F_de_3d_T8,all,None,Linear SVM,0.6133,0.5722,0.49,0.4671
F_de_3d_Fp2,theta,None,Linear SVM,0.5333,0.5253,0.46,0.4671
F_mean_3d19,delta,None,Linear SVM,0.7133,0.6287,0.44,0.4671
F_rasm_3d_8rm,alpha,norm3,Logistic Regression,0.6067,0.5384,0.43,0.4671
F_de_3d_Fp2,theta,None,Logistic Regression,0.54,0.5262,0.46,0.4671
F_rasm_3d_8rm,alpha,None,Ensemble (Majority Vote),0.8133,0.6561,0.46,0.4671
F_mean_3d19,beta,norm3,Logistic Regression,0.7067,0.6363,0.46,0.4671
F_mean_3d,all,None,Random Forest,0.8533,0.7356,0.47,0.4671
F_de_3d_T7,beta,norm3,Ensemble (Majority Vote),0.7667,0.6161,0.44,0.4671
F_de_3d19,theta,None,Ensemble (Majority Vote),0.86,0.7391,0.43,0.4671
F_de_3d_F7,gamma,None,Logistic Regression,0.5533,0.5237,0.48,0.4671
F_de_3d_T7,beta,norm2,Ensemble (Majority Vote),0.7667,0.6161,0.44,0.4671
F_de_3d_F3,theta,None,XGBoost,0.7133,0.5917,0.48,0.4671
F_median_3d,all,None,Ensemble (Majority Vote),0.9133,0.8299,0.43,0.4671
F_mean_3d_3area,gamma,norm3,Linear SVM,0.5533,0.5584,0.46,0.4671
F_median_3d_10rm,gamma,norm3,Ensemble (Majority Vote),0.8333,0.7083,0.43,0.4671
F_median_3d_10rm,beta,norm3,Logistic Regression,0.6933,0.6018,0.48,0.4671
F_median_3d_F7,delta,norm2,Random Forest,0.78,0.5885,0.45,0.4671
F_peak_3d19,delta,None,Linear SVM,0.7,0.6407,0.48,0.4671
F_median_3d_F7,delta,norm3,Random Forest,0.78,0.5885,0.45,0.4671
F_median_3d_F8,delta,None,Ensemble (Majority Vote),0.8,0.6446,0.43,0.4671
F_mean_3d_Cz,theta,None,Ensemble (Majority Vote),0.72,0.6166,0.45,0.4671
F_mean_3d_10rm,theta,norm2,KNN,0.9667,0.6947,0.45,0.4671
F_mean_3d_2area,beta,None,XGBoost,0.7067,0.6113,0.45,0.4671
F_peak_3d_F4,delta,None,Random Forest,0.6733,0.5901,0.48,0.4671
F_peak_3d_8rm,beta,None,KNN,0.9867,0.7736,0.42,0.4671
F_dasm_3d,all,None,KNN,0.9933,0.8841,0.43,0.4671
F_median_3d_Fz,beta,None,Linear SVM,0.5133,0.5138,0.47,0.4671
F_peak_3d,theta,norm3,KNN,0.9867,0.7639,0.41,0.4671
F_mean_3d_T8,beta,None,Random Forest,0.6,0.5917,0.42,0.4671
F_median_3d_T8,delta,None,Random Forest,0.64,0.5943,0.42,0.4671
F_peak_3d_F4,theta,None,Random Forest,0.7067,0.5917,0.47,0.4671
F_mean_3d_Fp2,beta,None,Random Forest,0.6667,0.5924,0.47,0.4671
F_peak_3d_Cz,gamma,norm3,XGBoost,0.5733,0.5379,0.46,0.4671
F_median_3d_F4,alpha,norm3,Random Forest,0.84,0.5926,0.45,0.4671
F_median_3d_F4,alpha,norm2,Random Forest,0.84,0.5926,0.45,0.4671
F_peak_3d_Cz,gamma,norm2,XGBoost,0.5733,0.5379,0.46,0.4671
F_peak_3d_C4,delta,None,Linear SVM,0.5467,0.5306,0.47,0.4671
F_peak_3d_10rm,alpha,None,Ensemble (Majority Vote),0.8133,0.7189,0.44,0.4671
F_mean_3d_Fp1,all,None,Linear SVM,0.6267,0.572,0.48,0.4671
F_peak_3d_C3,delta,None,Ensemble (Majority Vote),0.7533,0.631,0.44,0.4671
F_median_3d_2area,all,None,Ensemble (Majority Vote),0.88,0.7306,0.46,0.4671
F_median_3d_2area,all,norm3,XGBoost,0.9467,0.7648,0.49,0.4671
F_median_3d_8rm,delta,None,Ensemble (Majority Vote),0.8067,0.6933,0.45,0.4671
F_peak_3d_Cz,all,norm2,KNN,0.9867,0.7009,0.41,0.4671
F_de_3d_C4,all,None,Logistic Regression,0.66,0.5763,0.47,0.4657
F_dasm_3d_3area,gamma,None,KNN,0.9667,0.7071,0.45,0.4657
F_de_3d_1area,delta,None,Logistic Regression,0.5067,0.5198,0.46,0.4657
F_mean_3d_C3,all,None,XGBoost,0.8533,0.6989,0.41,0.4657
F_mean_3d_C3,beta,None,Random Forest,0.6267,0.5848,0.46,0.4657
F_de_3d_1area,all,norm3,XGBoost,0.8333,0.6894,0.49,0.4657
F_de_3d_C3,all,None,KNN,0.98,0.7738,0.43,0.4657
F_median_3d,theta,norm3,Linear SVM,0.6667,0.5986,0.37,0.4657
F_de_3d_3area,delta,norm2,Random Forest,0.84,0.6071,0.45,0.4657
F_mean_3d_2area,gamma,norm3,Linear SVM,0.5733,0.5418,0.46,0.4657
F_peak_3d,alpha,None,Ensemble (Majority Vote),0.8333,0.7329,0.47,0.4657
F_median_3d_T8,theta,None,XGBoost,0.62,0.5789,0.44,0.4657
F_median_3d,gamma,None,KNN,0.9933,0.7936,0.43,0.4657
F_rasm_3d,beta,None,KNN,0.9933,0.7336,0.5,0.4657
F_peak_3d_T8,delta,norm3,Random Forest,0.7667,0.5828,0.48,0.4657
F_mean_3d_Fp2,beta,norm2,KNN,0.9867,0.68,0.42,0.4657
F_mean_3d_Fz,all,None,XGBoost,0.86,0.6857,0.47,0.4657
F_peak_3d_3area,alpha,None,KNN,0.9667,0.7218,0.4,0.4657
F_peak_3d_10rm,theta,norm3,KNN,0.9733,0.7462,0.44,0.4657
F_dasm_3d,alpha,None,Linear SVM,0.6,0.5694,0.44,0.4657
F_de_3d_Cz,all,norm3,Logistic Regression,0.64,0.5786,0.46,0.4657
F_mean_3d_Fp2,beta,norm3,KNN,0.9867,0.68,0.42,0.4657
F_peak_3d_T8,delta,norm2,Random Forest,0.7667,0.5828,0.48,0.4657
F_median_3d_3area,delta,None,Random Forest,0.68,0.6071,0.44,0.4657
F_peak_3d_C4,gamma,norm2,KNN,0.98,0.691,0.46,0.4657
F_de_3d19,beta,norm3,Logistic Regression,0.66,0.6292,0.48,0.4657
F_de_3d_F7,gamma,None,Ensemble (Majority Vote),0.7933,0.6515,0.47,0.4657
F_dasm_3d_3area,beta,None,Ensemble (Majority Vote),0.68,0.6179,0.46,0.4657
F_median_3d_F4,delta,None,Ensemble (Majority Vote),0.7333,0.6251,0.5,0.4657
F_mean_3d_2area,theta,norm3,Linear SVM,0.5333,0.5248,0.47,0.4657
F_de_3d_F3,gamma,None,Random Forest,0.6333,0.5892,0.46,0.4657
F_peak_3d19,theta,norm3,Ensemble (Majority Vote),0.88,0.7446,0.5,0.4657
F_de_3d_F8,alpha,None,XGBoost,0.6067,0.5678,0.46,0.4657
F_peak_3d_C4,delta,None,Logistic Regression,0.5467,0.531,0.47,0.4657
F_de_3d_T8,theta,None,Logistic Regression,0.58,0.5359,0.49,0.4657
F_de_3d_3area,beta,norm3,KNN,0.9333,0.7159,0.45,0.4657
F_mean_3d_C3,beta,norm3,KNN,0.9933,0.6943,0.38,0.4657
F_median_3d_1area,all,None,Random Forest,0.7467,0.6768,0.46,0.4657
F_peak_3d_C4,alpha,None,KNN,0.9733,0.6991,0.39,0.4657
F_mean_3d_C3,beta,norm2,KNN,0.9933,0.6943,0.38,0.4657
F_median_3d_1area,gamma,None,XGBoost,0.66,0.5972,0.44,0.4657
F_mean_3d_F8,all,None,XGBoost,0.86,0.6821,0.5,0.4657
F_peak_3d_C4,gamma,norm3,KNN,0.98,0.691,0.46,0.4657
F_mean_3d_F3,all,norm3,Linear SVM,0.5933,0.5683,0.46,0.4657
F_de_3d_1area,all,None,XGBoost,0.8467,0.7117,0.47,0.4657
F_mean_3d_F7,theta,None,XGBoost,0.6867,0.5913,0.48,0.4657
F_mean_3d_F4,theta,None,Ensemble (Majority Vote),0.7067,0.6228,0.44,0.4657
F_peak_3d_C4,all,None,Ensemble (Majority Vote),0.8333,0.6972,0.47,0.4657
F_median_3d_C4,beta,None,XGBoost,0.64,0.5811,0.45,0.4657
F_rasm_3d_10rm,beta,None,KNN,0.9733,0.723,0.52,0.4657
F_peak_3d_C4,alpha,None,Ensemble (Majority Vote),0.7,0.6175,0.44,0.4657
F_de_3d_Fz,all,norm3,Ensemble (Majority Vote),0.7933,0.6589,0.43,0.4657
F_de_3d_T7,beta,norm3,KNN,0.9867,0.6789,0.45,0.4657
F_mean_3d19,beta,None,Random Forest,0.7667,0.6802,0.46,0.4657
F_mean_3d_1area,theta,None,XGBoost,0.68,0.597,0.46,0.4657
F_de_3d,all,norm3,Random Forest,0.8867,0.7591,0.45,0.4657
F_de_3d_C4,all,None,KNN,0.98,0.7605,0.5,0.4657
F_mean_3d_10rm,theta,norm3,Random Forest,0.8267,0.6669,0.47,0.4657
F_peak_3d_8rm,gamma,norm3,Logistic Regression,0.66,0.6159,0.49,0.4657
F_de_3d_Cz,all,None,Random Forest,0.8,0.6722,0.47,0.4657
F_mean_3d_Fz,beta,None,XGBoost,0.62,0.5809,0.46,0.4657
F_median_3d_T7,all,norm3,XGBoost,0.8667,0.6789,0.44,0.4657
F_mean_3d_Fz,delta,None,Ensemble (Majority Vote),0.7933,0.6313,0.44,0.4657
F_de_3d_T7,beta,norm2,KNN,0.9867,0.6789,0.45,0.4657
F_de_3d_Fp1,all,norm3,XGBoost,0.86,0.6851,0.48,0.4657
F_mean_3d_T8,all,None,Linear SVM,0.5867,0.5653,0.46,0.4657
F_mean_3d,beta,norm2,Ensemble (Majority Vote),0.88,0.6846,0.44,0.4657
F_mean_3d_Cz,all,None,Random Forest,0.7867,0.6591,0.45,0.4657
F_de_3d_8rm,beta,None,Ensemble (Majority Vote),0.76,0.6747,0.45,0.4657
F_peak_3d,alpha,norm3,Random Forest,0.8133,0.6892,0.45,0.4657
F_de_3d_8rm,alpha,None,Random Forest,0.7133,0.6421,0.43,0.4657
F_median_3d_C4,all,None,Ensemble (Majority Vote),0.8067,0.6745,0.46,0.4643
F_mean_3d_T8,theta,None,Ensemble (Majority Vote),0.7267,0.6101,0.44,0.4643
F_mean_3d_F7,all,None,XGBoost,0.8133,0.6869,0.46,0.4643
F_median_3d_3area,gamma,None,KNN,0.96,0.7303,0.42,0.4643
F_de_3d_Cz,all,None,Ensemble (Majority Vote),0.8467,0.7051,0.45,0.4643
F_peak_3d_C3,delta,None,XGBoost,0.64,0.5848,0.47,0.4643
F_peak_3d19,beta,norm3,Random Forest,0.9067,0.7083,0.47,0.4643
F_de_3d_10rm,beta,norm3,KNN,0.96,0.7646,0.48,0.4643
F_mean_3d_2area,gamma,norm2,XGBoost,0.6333,0.5667,0.41,0.4643
F_median_3d,delta,None,Ensemble (Majority Vote),0.88,0.7218,0.44,0.4643
F_de_3d_8rm,gamma,None,XGBoost,0.82,0.6995,0.46,0.4643
F_de_3d_8rm,alpha,None,KNN,0.9867,0.772,0.46,0.4643
F_mean_3d_Fp2,all,None,XGBoost,0.8733,0.6982,0.44,0.4643
F_de_3d_C4,theta,None,Random Forest,0.6867,0.591,0.44,0.4643
F_median_3d19,delta,norm3,Logistic Regression,0.7067,0.6232,0.43,0.4643
F_mean_3d_Fz,delta,None,Random Forest,0.7067,0.5963,0.48,0.4643
F_de_3d_2area,all,norm3,Random Forest,0.7933,0.6768,0.46,0.4643
F_peak_3d_C4,theta,None,Random Forest,0.6467,0.5874,0.47,0.4643
F_mean_3d_Fp2,all,None,Random Forest,0.8,0.6669,0.47,0.4643
F_mean_3d_Cz,all,None,Ensemble (Majority Vote),0.8333,0.6862,0.5,0.4643
F_median_3d_8rm,all,None,Random Forest,0.82,0.7264,0.44,0.4643
F_peak_3d_F3,beta,None,KNN,0.9533,0.7011,0.38,0.4643
F_rasm_3d19,theta,norm3,XGBoost,0.9667,0.8062,0.44,0.4643
F_de_3d_Cz,alpha,None,XGBoost,0.68,0.591,0.45,0.4643
F_peak_3d_T8,beta,None,KNN,0.96,0.7039,0.42,0.4643
F_mean_3d_T8,all,None,Logistic Regression,0.5667,0.5566,0.44,0.4643
F_mean_3d_C3,delta,None,Random Forest,0.66,0.5903,0.43,0.4643
F_de_3d_F8,alpha,None,Ensemble (Majority Vote),0.7533,0.6136,0.49,0.4643
F_median_3d,theta,norm3,Logistic Regression,0.6533,0.5894,0.37,0.4643
F_mean_3d_C4,all,norm3,Logistic Regression,0.62,0.5772,0.43,0.4643
F_median_3d_2area,theta,norm3,Logistic Regression,0.54,0.5343,0.5,0.4643
F_mean_3d_C3,beta,None,KNN,0.98,0.6979,0.45,0.4643
F_mean_3d_C4,all,None,Logistic Regression,0.6067,0.5646,0.45,0.4643
F_peak_3d_F7,beta,None,KNN,0.96,0.6984,0.44,0.4643
F_mean_3d_C4,beta,None,Linear SVM,0.54,0.5356,0.43,0.4643
F_de_3d_F7,gamma,None,Linear SVM,0.5333,0.523,0.48,0.4643
F_de_3d,beta,norm3,Ensemble (Majority Vote),0.8333,0.7205,0.48,0.4643
F_dasm_3d,theta,norm3,Linear SVM,0.6133,0.574,0.47,0.4643
F_de_3d19,all,None,Ensemble (Majority Vote),0.9267,0.8593,0.45,0.4643
F_de_3d_10rm,alpha,norm3,KNN,0.98,0.7607,0.41,0.4643
F_median_3d_Fz,gamma,None,XGBoost,0.6533,0.5818,0.45,0.4643
F_median_3d_Fz,delta,None,Ensemble (Majority Vote),0.74,0.6228,0.48,0.4643
F_mean_3d_1area,theta,None,Random Forest,0.68,0.6048,0.42,0.4643
F_de_3d_10rm,gamma,norm3,Linear SVM,0.6467,0.6129,0.47,0.4643
F_median_3d_F8,gamma,None,Ensemble (Majority Vote),0.76,0.6189,0.47,0.4643
F_mean_3d_3area,all,norm3,Ensemble (Majority Vote),0.88,0.7232,0.44,0.4643
F_median_3d_Cz,theta,None,KNN,0.9933,0.6984,0.46,0.4643
F_peak_3d19,delta,None,Random Forest,0.7733,0.6786,0.47,0.4643
F_mean_3d_10rm,gamma,norm3,Logistic Regression,0.6133,0.5876,0.45,0.4643
F_peak_3d_Fz,theta,None,Ensemble (Majority Vote),0.7867,0.6421,0.45,0.4643
F_median_3d_Cz,beta,norm2,Ensemble (Majority Vote),0.7067,0.6103,0.43,0.4643
F_peak_3d19,delta,norm3,XGBoost,0.9467,0.7906,0.46,0.4643
F_median_3d_Cz,beta,norm3,Ensemble (Majority Vote),0.7067,0.6103,0.43,0.4643
F_de_3d19,delta,norm3,Logistic Regression,0.7067,0.631,0.46,0.4643
F_median_3d_C3,theta,None,XGBoost,0.6333,0.5807,0.44,0.4643
F_peak_3d_10rm,alpha,norm3,Random Forest,0.78,0.674,0.47,0.4643
F_median_3d_C3,theta,None,Ensemble (Majority Vote),0.7,0.6175,0.49,0.4643
F_rasm_3d_10rm,beta,norm3,Ensemble (Majority Vote),0.8467,0.7108,0.39,0.4643
F_peak_3d_Fz,all,None,XGBoost,0.88,0.7276,0.43,0.4643
F_mean_3d19,delta,None,XGBoost,0.94,0.774,0.47,0.4643
F_peak_3d_1area,gamma,norm3,KNN,0.98,0.6766,0.43,0.4643
F_peak_3d_1area,gamma,norm2,KNN,0.98,0.6766,0.43,0.4643
F_peak_3d_Fp1,delta,None,Random Forest,0.6467,0.591,0.44,0.4643
F_de_3d,all,norm3,Logistic Regression,0.7933,0.709,0.41,0.4643
F_mean_3d,delta,None,Random Forest,0.8267,0.6685,0.47,0.4643
F_de_3d_F8,theta,None,XGBoost,0.6267,0.5766,0.43,0.4629
F_mean_3d_C4,all,norm3,Random Forest,0.7867,0.654,0.47,0.4629
F_de_3d_C4,all,None,Linear SVM,0.66,0.5839,0.46,0.4629
F_mean_3d_T8,delta,None,Ensemble (Majority Vote),0.7533,0.6283,0.51,0.4629
F_mean_3d_3area,theta,norm2,Random Forest,0.86,0.6193,0.45,0.4629
F_peak_3d_F8,beta,None,XGBoost,0.6267,0.591,0.45,0.4629
F_median_3d_Fz,beta,None,Logistic Regression,0.5067,0.5133,0.46,0.4629
F_peak_3d_3area,gamma,None,Logistic Regression,0.5667,0.5499,0.5,0.4629
F_median_3d_Fz,beta,None,Ensemble (Majority Vote),0.76,0.6421,0.44,0.4629
F_median_3d_Fz,all,norm3,Random Forest,0.7933,0.6549,0.39,0.4629
F_de_3d_C4,delta,None,Random Forest,0.6933,0.5892,0.44,0.4629
F_de_3d_C4,delta,None,XGBoost,0.6533,0.5837,0.47,0.4629
F_mean_3d_T7,beta,None,Linear SVM,0.5667,0.5366,0.43,0.4629
F_rasm_3d_10rm,alpha,None,Ensemble (Majority Vote),0.9067,0.6729,0.46,0.4629
F_mean_3d,theta,norm2,XGBoost,0.8733,0.6811,0.39,0.4629
F_de_3d_C4,theta,None,XGBoost,0.68,0.5811,0.47,0.4629
F_mean_3d_F4,beta,None,Logistic Regression,0.52,0.5198,0.45,0.4629
F_mean_3d_F7,gamma,None,XGBoost,0.64,0.5989,0.44,0.4629
F_peak_3d_2area,alpha,norm3,Random Forest,0.6933,0.6044,0.46,0.4629
F_peak_3d_2area,beta,norm2,XGBoost,0.68,0.5715,0.41,0.4629
F_de_3d_F4,delta,None,Random Forest,0.66,0.5917,0.46,0.4629
F_de_3d_F4,all,None,Ensemble (Majority Vote),0.8267,0.6991,0.47,0.4629
F_mean_3d_Fp1,all,norm3,KNN,0.9933,0.743,0.45,0.4629
F_peak_3d19,delta,norm3,Ensemble (Majority Vote),0.8867,0.7621,0.45,0.4629
F_peak_3d19,delta,None,Ensemble (Majority Vote),0.86,0.7586,0.47,0.4629
F_mean_3d_Fp2,theta,None,Ensemble (Majority Vote),0.6933,0.6117,0.46,0.4629
F_peak_3d19,beta,norm3,Logistic Regression,0.7133,0.6476,0.5,0.4629
F_peak_3d,theta,norm3,XGBoost,0.84,0.7269,0.5,0.4629
F_peak_3d,theta,norm3,Logistic Regression,0.6467,0.5952,0.46,0.4629
F_de_3d_Fp1,all,norm3,Random Forest,0.7533,0.6634,0.4,0.4629
F_peak_3d,gamma,norm3,KNN,0.9933,0.7874,0.43,0.4629
F_dasm_3d_10rm,theta,norm3,Logistic Regression,0.58,0.5692,0.44,0.4629
F_peak_3d_T8,all,norm2,XGBoost,0.8533,0.6356,0.38,0.4629
F_mean_3d19,all,norm3,Logistic Regression,0.8733,0.7549,0.47,0.4629
F_mean_3d_10rm,all,None,Ensemble (Majority Vote),0.9067,0.8055,0.44,0.4629
F_median_3d_10rm,delta,norm3,Logistic Regression,0.7067,0.6257,0.42,0.4629
F_median_3d_C4,all,norm3,Random Forest,0.8133,0.6568,0.45,0.4629
F_de_3d_10rm,beta,norm3,Logistic Regression,0.66,0.5922,0.45,0.4629
F_mean_3d_C3,all,None,Random Forest,0.7667,0.6586,0.45,0.4629
F_median_3d_F3,beta,norm2,XGBoost,0.6133,0.5602,0.45,0.4629
F_peak_3d_Fp1,theta,None,Ensemble (Majority Vote),0.74,0.6326,0.42,0.4629
F_median_3d,delta,None,KNN,0.96,0.7708,0.53,0.4629
F_median_3d_3area,all,None,Random Forest,0.7933,0.6913,0.47,0.4629
F_median_3d_F4,theta,None,XGBoost,0.68,0.5864,0.44,0.4629
F_de_3d_T8,delta,None,Ensemble (Majority Vote),0.78,0.6267,0.45,0.4629
F_mean_3d_C4,all,None,Linear SVM,0.6133,0.5692,0.45,0.4629
F_median_3d_1area,all,norm3,Ensemble (Majority Vote),0.8467,0.688,0.49,0.4629
F_de_3d_T8,alpha,None,Random Forest,0.6867,0.5943,0.46,0.4629
F_rasm_3d_3area,beta,None,Ensemble (Majority Vote),0.7333,0.6216,0.43,0.4629
F_peak_3d_F3,all,norm3,Random Forest,0.8133,0.674,0.45,0.4629
F_de_3d_1area,delta,None,Linear SVM,0.5067,0.5207,0.46,0.4629
F_de_3d,theta,None,Logistic Regression,0.6733,0.6007,0.44,0.4629
F_median_3d_C3,theta,None,Random Forest,0.6133,0.5874,0.48,0.4629
F_mean_3d_8rm,beta,None,KNN,0.9867,0.7471,0.42,0.4629
F_median_3d_2area,theta,norm3,Ensemble (Majority Vote),0.74,0.6195,0.46,0.4629
F_mean_3d_3area,gamma,None,Random Forest,0.6933,0.6244,0.45,0.4629
F_de_3d_Fp2,beta,None,Logistic Regression,0.5667,0.5377,0.48,0.4629
F_de_3d,delta,norm3,XGBoost,0.8867,0.743,0.44,0.4629
F_de_3d_10rm,theta,None,Ensemble (Majority Vote),0.8,0.6897,0.46,0.4629
F_rasm_3d_10rm,alpha,norm2,Ensemble (Majority Vote),0.8267,0.737,0.44,0.4629
F_median_3d_F3,beta,norm3,XGBoost,0.6133,0.5602,0.45,0.4629
F_mean_3d_10rm,all,None,Random Forest,0.8667,0.7338,0.48,0.4614
F_dasm_3d19,all,None,Ensemble (Majority Vote),0.9667,0.8595,0.46,0.4614
F_median_3d_2area,theta,norm3,Linear SVM,0.54,0.5347,0.49,0.4614
F_dasm_3d19,delta,None,KNN,0.9933,0.8159,0.44,0.4614
F_median_3d,beta,None,Ensemble (Majority Vote),0.7933,0.7092,0.42,0.4614
F_median_3d_Cz,all,None,Ensemble (Majority Vote),0.8667,0.7046,0.45,0.4614
F_peak_3d_10rm,all,norm3,KNN,0.9933,0.8543,0.43,0.4614
F_de_3d_2area,theta,norm3,Ensemble (Majority Vote),0.6733,0.6106,0.43,0.4614
F_median_3d_3area,beta,None,KNN,0.9533,0.7221,0.44,0.4614
F_peak_3d_10rm,theta,None,KNN,0.9733,0.7864,0.46,0.4614
F_median_3d_3area,beta,norm3,Random Forest,0.7533,0.6207,0.39,0.4614
F_rasm_3d_10rm,beta,None,XGBoost,0.9133,0.6754,0.48,0.4614
F_mean_3d_F7,delta,None,KNN,0.9267,0.6993,0.48,0.4614
F_de_3d_F7,beta,None,Logistic Regression,0.5333,0.5214,0.44,0.4614
F_peak_3d_2area,theta,norm3,XGBoost,0.7133,0.5931,0.39,0.4614
F_median_3d_F3,all,None,Random Forest,0.7733,0.6722,0.46,0.4614
F_median_3d_Cz,gamma,None,KNN,0.9533,0.7016,0.43,0.4614
F_de_3d19,beta,norm3,Ensemble (Majority Vote),0.8933,0.757,0.47,0.4614
F_median_3d_Fp1,alpha,None,XGBoost,0.64,0.5805,0.39,0.4614
F_de_3d_8rm,theta,None,Random Forest,0.7733,0.6545,0.45,0.4614
F_de_3d_8rm,gamma,norm3,Logistic Regression,0.6467,0.6,0.47,0.4614
F_de_3d,gamma,None,Ensemble (Majority Vote),0.82,0.7287,0.49,0.4614
F_mean_3d_T8,delta,None,Random Forest,0.6933,0.5933,0.44,0.4614
F_de_3d,gamma,norm3,Logistic Regression,0.68,0.6057,0.43,0.4614
F_de_3d,theta,None,KNN,0.9867,0.7853,0.43,0.4614
F_median_3d_T8,theta,None,Ensemble (Majority Vote),0.7,0.6143,0.44,0.4614
F_de_3d_C4,beta,None,XGBoost,0.64,0.5899,0.47,0.4614
F_peak_3d,all,norm3,Logistic Regression,0.8667,0.7425,0.43,0.4614
F_peak_3d_F3,all,None,XGBoost,0.8667,0.7299,0.47,0.4614
F_de_3d_Cz,theta,None,Ensemble (Majority Vote),0.7,0.6037,0.45,0.4614
F_peak_3d,alpha,None,XGBoost,0.86,0.7499,0.45,0.4614
F_median_3d_F4,gamma,None,KNN,0.96,0.6977,0.4,0.4614
F_de_3d_3area,gamma,None,Linear SVM,0.5533,0.5497,0.46,0.4614
F_peak_3d,gamma,norm3,Random Forest,0.8133,0.6979,0.47,0.4614
F_rasm_3d,beta,norm3,Ensemble (Majority Vote),0.9,0.7205,0.44,0.4614
F_peak_3d,theta,norm3,Ensemble (Majority Vote),0.7867,0.7014,0.48,0.4614
F_de_3d_Cz,all,norm3,Linear SVM,0.64,0.5784,0.47,0.4614
F_rasm_3d_8rm,beta,norm3,Random Forest,0.8133,0.68,0.41,0.4614
F_peak_3d19,beta,None,XGBoost,0.9,0.7832,0.44,0.4614
F_peak_3d19,beta,norm3,Ensemble (Majority Vote),0.8933,0.7745,0.46,0.4614
F_median_3d,all,None,XGBoost,0.9933,0.9044,0.45,0.4614
F_mean_3d_8rm,gamma,None,Random Forest,0.7133,0.6559,0.44,0.4614
F_mean_3d,delta,norm3,Logistic Regression,0.7467,0.6253,0.47,0.4614
F_mean_3d_10rm,theta,None,Ensemble (Majority Vote),0.8467,0.7007,0.46,0.4614
F_mean_3d_2area,all,None,KNN,0.9933,0.7754,0.45,0.4614
F_de_3d_T7,theta,None,Ensemble (Majority Vote),0.72,0.6163,0.47,0.4614
F_mean_3d_1area,theta,None,Ensemble (Majority Vote),0.7267,0.6207,0.44,0.4614
F_peak_3d_Fz,alpha,None,XGBoost,0.6867,0.5864,0.48,0.4614
F_mean_3d_F4,all,None,Random Forest,0.76,0.6536,0.48,0.4614
F_mean_3d,gamma,None,Random Forest,0.78,0.6782,0.44,0.4614
F_mean_3d_C4,all,norm3,Linear SVM,0.6333,0.5786,0.43,0.4614
F_mean_3d_F4,delta,None,Random Forest,0.74,0.5989,0.44,0.4614
F_mean_3d_1area,all,norm3,KNN,0.9733,0.7382,0.43,0.4614
F_mean_3d_10rm,theta,None,KNN,0.9733,0.7602,0.39,0.4614
F_median_3d_Fp1,alpha,None,Random Forest,0.68,0.5938,0.43,0.46
F_dasm_3d19,beta,norm2,Ensemble (Majority Vote),0.8533,0.7179,0.41,0.46
F_peak_3d19,gamma,None,Logistic Regression,0.66,0.6136,0.49,0.46
F_mean_3d_C3,beta,norm2,Ensemble (Majority Vote),0.6933,0.6092,0.42,0.46
F_median_3d_2area,theta,None,Random Forest,0.68,0.6133,0.47,0.46
F_dasm_3d19,gamma,None,XGBoost,0.9467,0.7906,0.46,0.46
F_de_3d_F3,all,norm3,Random Forest,0.8067,0.6625,0.39,0.46
F_mean_3d_Fp2,beta,norm2,Random Forest,0.7933,0.5908,0.42,0.46
F_mean_3d_T8,gamma,None,XGBoost,0.6333,0.5809,0.49,0.46
F_mean_3d_T7,theta,None,Ensemble (Majority Vote),0.6867,0.6,0.41,0.46
F_de_3d_10rm,gamma,None,KNN,0.98,0.7823,0.42,0.46
F_mean_3d_C3,beta,norm3,Ensemble (Majority Vote),0.6933,0.6092,0.42,0.46
F_mean_3d_F3,beta,None,XGBoost,0.6467,0.5816,0.46,0.46
F_peak_3d19,theta,None,Ensemble (Majority Vote),0.9067,0.7593,0.43,0.46
F_mean_3d_C4,theta,None,Ensemble (Majority Vote),0.68,0.6009,0.42,0.46
F_peak_3d19,all,None,XGBoost,1.0,0.9271,0.45,0.46
F_de_3d19,all,norm3,Random Forest,0.8867,0.7646,0.43,0.46
F_de_3d,all,None,Ensemble (Majority Vote),0.9,0.8239,0.44,0.46
F_mean_3d_1area,beta,None,XGBoost,0.68,0.592,0.42,0.46
F_mean_3d_2area,theta,None,Random Forest,0.72,0.6211,0.43,0.46
F_mean_3d_Fp2,beta,norm3,Random Forest,0.7933,0.5908,0.42,0.46
F_dasm_3d_10rm,all,norm3,Random Forest,0.8733,0.789,0.43,0.46
F_de_3d_C4,delta,None,Linear SVM,0.5267,0.5207,0.47,0.46
F_peak_3d,all,None,Linear SVM,0.8467,0.7446,0.46,0.46
F_de_3d_Fz,beta,None,Ensemble (Majority Vote),0.7733,0.6269,0.47,0.46
F_median_3d_C3,theta,norm3,KNN,0.98,0.688,0.33,0.46
F_mean_3d_1area,gamma,None,XGBoost,0.6267,0.5908,0.47,0.46
F_de_3d_Fp1,beta,norm2,XGBoost,0.5667,0.5561,0.42,0.46
F_rasm_3d,alpha,norm3,Linear SVM,0.6133,0.552,0.46,0.46
F_mean_3d_3area,all,norm3,KNN,0.9867,0.7701,0.45,0.46
F_de_3d,theta,None,Linear SVM,0.6867,0.6034,0.44,0.46
F_rasm_3d19,delta,norm3,KNN,0.98,0.7754,0.42,0.46
F_de_3d_Fp1,beta,norm3,XGBoost,0.5667,0.5561,0.42,0.46
F_median_3d_C3,theta,norm2,KNN,0.98,0.688,0.33,0.46
F_de_3d_Fz,all,norm3,Random Forest,0.7867,0.6503,0.47,0.46
F_mean_3d_T7,beta,None,Logistic Regression,0.5733,0.5354,0.43,0.46
F_mean_3d_2area,gamma,None,Random Forest,0.6933,0.6163,0.46,0.46
F_peak_3d19,theta,None,Logistic Regression,0.7,0.6244,0.42,0.46
F_median_3d_F8,gamma,None,Random Forest,0.6933,0.5977,0.48,0.46
F_peak_3d_Fz,delta,None,Random Forest,0.6467,0.592,0.42,0.46
F_dasm_3d_3area,gamma,None,Logistic Regression,0.54,0.5384,0.48,0.46
F_dasm_3d_10rm,theta,norm3,Linear SVM,0.5867,0.5694,0.44,0.46
F_mean_3d19,all,None,Ensemble (Majority Vote),0.94,0.8476,0.48,0.46
F_mean_3d_C3,theta,norm2,Random Forest,0.84,0.5963,0.43,0.46
F_de_3d_T7,delta,None,KNN,0.98,0.6947,0.43,0.46
F_dasm_3d,alpha,None,XGBoost,0.9,0.7253,0.46,0.46
F_de_3d_10rm,beta,None,Ensemble (Majority Vote),0.8067,0.6897,0.46,0.46
F_mean_3d_F8,all,None,Ensemble (Majority Vote),0.8333,0.671,0.47,0.46
F_peak_3d,alpha,norm3,Ensemble (Majority Vote),0.8267,0.712,0.42,0.46
F_de_3d_T7,beta,norm3,Random Forest,0.78,0.5947,0.45,0.46
F_mean_3d_F4,beta,None,Linear SVM,0.5267,0.5211,0.43,0.46
F_peak_3d_Fp2,delta,None,Linear SVM,0.5067,0.5161,0.51,0.46
F_de_3d_F7,beta,None,Linear SVM,0.5333,0.5207,0.44,0.46
F_de_3d_T7,beta,norm2,Random Forest,0.78,0.5947,0.45,0.46
F_mean_3d_10rm,all,None,XGBoost,0.9933,0.8768,0.46,0.46
F_median_3d_F8,all,None,Random Forest,0.78,0.6577,0.46,0.46
F_mean_3d_8rm,beta,None,Ensemble (Majority Vote),0.76,0.663,0.49,0.46
F_median_3d_F7,gamma,None,XGBoost,0.7533,0.6083,0.43,0.46
F_median_3d,delta,norm3,Linear SVM,0.7667,0.6356,0.46,0.46
F_de_3d_8rm,theta,None,KNN,0.9733,0.7662,0.47,0.46
F_de_3d_10rm,delta,norm3,Ensemble (Majority Vote),0.8333,0.7225,0.44,0.46
F_median_3d_F7,beta,None,Random Forest,0.6533,0.5961,0.44,0.46
F_peak_3d_Fp2,delta,None,Logistic Regression,0.5067,0.5168,0.51,0.46
F_peak_3d,theta,None,KNN,0.9533,0.7903,0.45,0.46
F_de_3d_F4,delta,None,Ensemble (Majority Vote),0.76,0.6306,0.42,0.46
F_peak_3d_T8,theta,None,Ensemble (Majority Vote),0.7733,0.6313,0.44,0.46
F_de_3d_10rm,delta,norm3,XGBoost,0.84,0.726,0.42,0.46
F_peak_3d_C3,delta,None,Random Forest,0.7067,0.6016,0.48,0.46
F_mean_3d_C3,theta,norm3,Random Forest,0.84,0.5963,0.43,0.46
F_median_3d_C3,theta,None,KNN,0.9667,0.6986,0.4,0.46
F_rasm_3d19,beta,None,Random Forest,0.8333,0.6834,0.5,0.46
F_peak_3d_Cz,all,norm3,Random Forest,0.82,0.6662,0.41,0.46
F_de_3d_C4,delta,None,Logistic Regression,0.5267,0.5207,0.46,0.4586
F_mean_3d_10rm,theta,norm2,XGBoost,0.84,0.6552,0.42,0.4586
F_median_3d_F8,all,None,Ensemble (Majority Vote),0.8333,0.6731,0.42,0.4586
F_de_3d19,all,None,XGBoost,0.9667,0.911,0.48,0.4586
F_de_3d_Fp1,beta,norm2,Ensemble (Majority Vote),0.76,0.5959,0.39,0.4586
F_median_3d_10rm,all,None,XGBoost,0.9933,0.8874,0.45,0.4586
F_mean_3d_T7,alpha,norm3,Random Forest,0.7467,0.5784,0.42,0.4586
F_de_3d_3area,beta,norm3,XGBoost,0.72,0.6122,0.4,0.4586
F_mean_3d_T7,theta,None,XGBoost,0.5733,0.5646,0.48,0.4586
F_mean_3d_3area,beta,norm3,Ensemble (Majority Vote),0.8733,0.6589,0.42,0.4586
F_mean_3d_3area,all,norm3,Random Forest,0.8267,0.6947,0.49,0.4586
F_dasm_3d_3area,beta,norm3,KNN,0.98,0.6924,0.4,0.4586
F_de_3d_3area,gamma,norm3,XGBoost,0.7933,0.6267,0.46,0.4586
F_median_3d,beta,None,KNN,0.9933,0.777,0.44,0.4586
F_de_3d_Fp1,beta,norm3,Ensemble (Majority Vote),0.76,0.5959,0.39,0.4586
F_rasm_3d_10rm,beta,norm3,Random Forest,0.8,0.6825,0.42,0.4586
F_dasm_3d_10rm,theta,norm3,Ensemble (Majority Vote),0.7267,0.6515,0.46,0.4586
F_de_3d_Fp1,delta,None,Ensemble (Majority Vote),0.7133,0.6331,0.41,0.4586
F_peak_3d19,beta,None,Ensemble (Majority Vote),0.84,0.751,0.45,0.4586
F_mean_3d_T7,alpha,norm2,Random Forest,0.7467,0.5784,0.42,0.4586
F_dasm_3d_3area,beta,norm2,KNN,0.98,0.6924,0.4,0.4586
F_mean_3d_Fz,all,norm3,Ensemble (Majority Vote),0.7933,0.6582,0.43,0.4586
F_rasm_3d,alpha,norm3,Logistic Regression,0.6333,0.5538,0.46,0.4586
F_median_3d_3area,alpha,norm2,Random Forest,0.8,0.6191,0.42,0.4586
F_mean_3d_Fp1,theta,None,XGBoost,0.68,0.5959,0.43,0.4586
F_mean_3d_F3,gamma,None,Random Forest,0.6733,0.5975,0.46,0.4586
F_dasm_3d19,all,norm2,XGBoost,1.0,0.9264,0.46,0.4586
F_de_3d,delta,norm3,Logistic Regression,0.72,0.6405,0.46,0.4586
F_mean_3d_F3,beta,None,Ensemble (Majority Vote),0.7867,0.6294,0.48,0.4586
F_mean_3d_2area,theta,None,XGBoost,0.72,0.6209,0.44,0.4586
F_median_3d_F8,gamma,None,XGBoost,0.7067,0.5837,0.45,0.4586
F_peak_3d_2area,theta,norm3,Ensemble (Majority Vote),0.6933,0.6147,0.42,0.4586
F_de_3d19,beta,norm3,Linear SVM,0.6667,0.6331,0.45,0.4586
F_mean_3d,all,None,KNN,0.9933,0.8428,0.46,0.4586
F_mean_3d_Fz,all,norm3,Random Forest,0.7933,0.6545,0.47,0.4586
F_dasm_3d19,all,None,Random Forest,0.92,0.8172,0.45,0.4586
F_peak_3d_F8,alpha,None,Ensemble (Majority Vote),0.8067,0.6497,0.44,0.4586
F_peak_3d_1area,delta,None,Ensemble (Majority Vote),0.6867,0.6241,0.44,0.4586
F_de_3d_10rm,all,None,XGBoost,0.9667,0.8761,0.48,0.4586
F_de_3d_2area,all,norm3,KNN,0.98,0.7701,0.47,0.4586
F_mean_3d_F7,beta,None,Ensemble (Majority Vote),0.7067,0.6232,0.41,0.4586
F_de_3d_F8,theta,None,Random Forest,0.68,0.5929,0.41,0.4586
F_mean_3d_T7,all,norm3,Ensemble (Majority Vote),0.7933,0.6515,0.45,0.4586
F_rasm_3d_8rm,alpha,None,XGBoost,0.76,0.6241,0.44,0.4571
F_median_3d_C4,alpha,None,Random Forest,0.6533,0.5874,0.42,0.4571
F_median_3d_Cz,all,None,XGBoost,0.86,0.7099,0.42,0.4571
F_peak_3d19,theta,norm2,KNN,0.9733,0.7103,0.41,0.4571
F_peak_3d19,theta,norm3,XGBoost,0.9,0.7743,0.45,0.4571
F_median_3d_T8,alpha,None,Random Forest,0.6667,0.5993,0.43,0.4571
F_de_3d_T8,theta,None,Random Forest,0.6867,0.5899,0.44,0.4571
F_median_3d,delta,norm3,XGBoost,0.9,0.7508,0.44,0.4571
F_peak_3d_Fp1,all,None,Random Forest,0.7467,0.6717,0.44,0.4571
F_mean_3d_3area,delta,None,Logistic Regression,0.54,0.5379,0.46,0.4571
F_mean_3d_F7,gamma,None,Random Forest,0.68,0.608,0.44,0.4571
F_de_3d_T7,all,norm3,KNN,0.9733,0.7331,0.48,0.4571
F_mean_3d_T7,all,norm3,Linear SVM,0.5467,0.5434,0.48,0.4571
F_median_3d_T8,theta,None,Linear SVM,0.5667,0.5368,0.44,0.4571
F_mean_3d,beta,norm3,KNN,0.9933,0.7687,0.42,0.4571
F_de_3d_Cz,alpha,None,Random Forest,0.6467,0.5887,0.43,0.4571
F_mean_3d_Cz,gamma,None,Random Forest,0.64,0.5883,0.45,0.4571
F_median_3d_F7,delta,norm2,KNN,0.9867,0.6816,0.47,0.4571
F_median_3d_F8,beta,None,KNN,0.9667,0.6841,0.42,0.4571
F_mean_3d_8rm,theta,norm2,XGBoost,0.7933,0.6297,0.45,0.4571
F_median_3d_1area,all,norm3,Logistic Regression,0.6467,0.5945,0.47,0.4571
F_de_3d,all,None,Logistic Regression,0.8333,0.7028,0.42,0.4571
F_median_3d_F7,delta,norm3,KNN,0.9867,0.6816,0.47,0.4571
F_de_3d_C4,all,norm3,Logistic Regression,0.64,0.5791,0.41,0.4571
F_de_3d_3area,beta,norm3,Linear SVM,0.58,0.552,0.46,0.4571
F_mean_3d_Fz,beta,None,KNN,0.9667,0.6936,0.43,0.4571
F_mean_3d_10rm,theta,norm2,Ensemble (Majority Vote),0.8733,0.6814,0.43,0.4571
F_peak_3d19,delta,norm3,Linear SVM,0.6867,0.6366,0.47,0.4571
F_rasm_3d19,delta,norm3,XGBoost,0.9667,0.8283,0.44,0.4571
F_median_3d_8rm,delta,norm3,KNN,0.98,0.7506,0.45,0.4557
F_mean_3d_8rm,gamma,None,Ensemble (Majority Vote),0.8133,0.6961,0.48,0.4557
F_peak_3d_Fp1,delta,None,XGBoost,0.6467,0.5869,0.44,0.4557
F_median_3d_8rm,delta,norm3,Linear SVM,0.7133,0.6166,0.42,0.4557
F_median_3d_8rm,delta,norm3,Logistic Regression,0.6733,0.6094,0.4,0.4557
F_mean_3d_8rm,all,None,XGBoost,0.9733,0.8674,0.47,0.4557
F_median_3d_1area,all,norm3,XGBoost,0.88,0.6979,0.44,0.4557
F_rasm_3d_10rm,alpha,norm3,Ensemble (Majority Vote),0.82,0.7071,0.47,0.4557
F_median_3d_C4,all,None,Random Forest,0.72,0.6554,0.43,0.4557
F_median_3d_2area,all,norm3,Random Forest,0.8267,0.6841,0.45,0.4557
F_de_3d,beta,None,Ensemble (Majority Vote),0.8,0.7009,0.44,0.4557
F_mean_3d_1area,all,norm3,XGBoost,0.8933,0.6995,0.43,0.4557
F_de_3d_3area,beta,norm3,Random Forest,0.7333,0.6214,0.42,0.4557
F_median_3d_3area,beta,norm3,XGBoost,0.7133,0.6021,0.39,0.4557
F_median_3d_F8,theta,None,KNN,0.96,0.6989,0.39,0.4557
F_median_3d_10rm,beta,norm3,XGBoost,0.82,0.6995,0.44,0.4557
F_de_3d_2area,gamma,norm3,KNN,0.9867,0.7074,0.43,0.4557
F_de_3d_3area,gamma,norm3,Ensemble (Majority Vote),0.8067,0.6609,0.48,0.4557
F_median_3d_3area,all,None,XGBoost,0.94,0.7945,0.39,0.4557
F_median_3d_T7,all,norm3,Random Forest,0.8,0.651,0.46,0.4557
F_mean_3d_2area,all,None,Ensemble (Majority Vote),0.8533,0.731,0.47,0.4557
F_median_3d_C4,all,None,KNN,0.9867,0.7375,0.41,0.4557
F_median_3d_Fp1,theta,None,Ensemble (Majority Vote),0.72,0.6244,0.41,0.4557
F_median_3d_F4,delta,None,Random Forest,0.64,0.5871,0.44,0.4557
F_mean_3d19,all,norm3,Ensemble (Majority Vote),0.9533,0.8579,0.45,0.4557
F_peak_3d_Fz,alpha,norm3,Random Forest,0.72,0.5848,0.38,0.4557
F_mean_3d_Fp1,gamma,None,Random Forest,0.6333,0.5991,0.45,0.4557
F_de_3d,gamma,None,XGBoost,0.84,0.7366,0.43,0.4557
F_de_3d_Fp1,delta,None,XGBoost,0.66,0.5899,0.46,0.4557
F_mean_3d_Fp1,theta,None,Random Forest,0.68,0.6034,0.41,0.4557
F_mean_3d_Fp2,beta,None,Ensemble (Majority Vote),0.7267,0.6278,0.41,0.4557
F_de_3d_C4,all,norm3,Linear SVM,0.6333,0.5786,0.41,0.4557
F_mean_3d,all,norm3,Logistic Regression,0.7733,0.7074,0.43,0.4557
F_de_3d19,beta,norm3,Random Forest,0.8867,0.7124,0.43,0.4557
F_peak_3d19,beta,norm3,Linear SVM,0.7267,0.6618,0.46,0.4557
F_mean_3d_C4,beta,None,KNN,0.9733,0.697,0.38,0.4557
F_de_3d_F3,all,norm3,Logistic Regression,0.64,0.5768,0.41,0.4557
F_peak_3d_F8,alpha,None,KNN,0.98,0.7108,0.41,0.4557
F_mean_3d_T7,all,norm3,Logistic Regression,0.5533,0.5416,0.48,0.4557
F_de_3d_Fp1,beta,None,Ensemble (Majority Vote),0.6867,0.6193,0.4,0.4557
F_de_3d_F3,all,norm3,Ensemble (Majority Vote),0.8067,0.6667,0.41,0.4557
F_mean_3d_F3,all,norm3,Ensemble (Majority Vote),0.7867,0.648,0.45,0.4557
F_peak_3d_Fz,alpha,norm2,Random Forest,0.72,0.5848,0.38,0.4557
F_mean_3d_Fz,beta,None,Linear SVM,0.5067,0.5122,0.44,0.4557
F_peak_3d_F3,all,norm3,XGBoost,0.84,0.6857,0.41,0.4557
F_mean_3d_Fz,all,norm3,XGBoost,0.86,0.6775,0.45,0.4557
F_peak_3d_Fz,theta,None,XGBoost,0.64,0.5802,0.47,0.4557
F_mean_3d_3area,beta,None,Ensemble (Majority Vote),0.7667,0.6572,0.47,0.4557
F_de_3d_1area,alpha,None,XGBoost,0.6533,0.5903,0.45,0.4557
F_peak_3d_T8,delta,None,Ensemble (Majority Vote),0.74,0.626,0.46,0.4557
F_mean_3d19,gamma,None,Random Forest,0.7533,0.6841,0.48,0.4557
F_mean_3d_F4,beta,None,Random Forest,0.7133,0.5975,0.45,0.4557
F_mean_3d,beta,None,KNN,0.9933,0.7729,0.48,0.4557
F_de_3d19,gamma,None,XGBoost,0.8667,0.7736,0.47,0.4557
F_peak_3d_1area,all,norm3,Random Forest,0.7733,0.6598,0.45,0.4557
F_mean_3d19,delta,None,Random Forest,0.8133,0.6738,0.47,0.4557
F_mean_3d19,delta,None,Logistic Regression,0.7267,0.6191,0.42,0.4557
F_median_3d,beta,norm3,XGBoost,0.8267,0.7055,0.44,0.4557
F_mean_3d_F8,delta,None,Linear SVM,0.5133,0.5028,0.4,0.4557
F_mean_3d_F7,all,None,KNN,0.98,0.7395,0.44,0.4557
F_de_3d_3area,all,norm3,Ensemble (Majority Vote),0.84,0.7205,0.45,0.4543
F_de_3d_3area,alpha,None,KNN,0.96,0.7315,0.42,0.4543
F_median_3d_F3,all,norm3,KNN,0.96,0.7223,0.43,0.4543
F_de_3d_Cz,theta,None,Random Forest,0.7067,0.5913,0.41,0.4543
F_peak_3d_F4,delta,None,Ensemble (Majority Vote),0.7333,0.6232,0.49,0.4543
F_median_3d_F8,delta,None,Logistic Regression,0.52,0.5025,0.44,0.4543
F_dasm_3d19,all,None,KNN,0.9933,0.9067,0.45,0.4543
F_de_3d_10rm,all,norm3,XGBoost,0.98,0.8692,0.49,0.4543
F_de_3d_F8,beta,None,Ensemble (Majority Vote),0.7667,0.6303,0.45,0.4543
F_mean_3d_8rm,beta,None,XGBoost,0.8067,0.692,0.43,0.4543
F_de_3d_1area,theta,None,Ensemble (Majority Vote),0.68,0.6094,0.44,0.4543
F_median_3d_8rm,alpha,None,KNN,0.98,0.7713,0.44,0.4543
F_mean_3d_Fp1,gamma,None,XGBoost,0.6133,0.5853,0.45,0.4543
F_mean_3d_F8,delta,None,Logistic Regression,0.5133,0.5023,0.4,0.4543
F_median_3d_3area,all,norm3,Random Forest,0.84,0.6954,0.45,0.4543
F_de_3d_8rm,beta,norm3,Random Forest,0.78,0.6609,0.41,0.4543
F_mean_3d_Cz,gamma,None,KNN,0.9667,0.7005,0.42,0.4543
F_median_3d_10rm,beta,None,Logistic Regression,0.62,0.5692,0.41,0.4543
F_median_3d_F7,gamma,None,KNN,0.9267,0.6993,0.4,0.4543
F_mean_3d_Fz,beta,None,Logistic Regression,0.5,0.5106,0.44,0.4543
F_de_3d_C4,all,None,Ensemble (Majority Vote),0.78,0.6756,0.47,0.4543
F_mean_3d_C4,beta,None,XGBoost,0.66,0.5917,0.43,0.4543
F_dasm_3d_8rm,alpha,norm2,KNN,0.98,0.6936,0.43,0.4543
F_mean_3d_C4,all,norm3,XGBoost,0.84,0.6802,0.41,0.4543
F_median_3d,beta,None,XGBoost,0.8533,0.74,0.41,0.4543
F_peak_3d_F8,alpha,None,Random Forest,0.68,0.5986,0.45,0.4543
F_median_3d_1area,all,None,XGBoost,0.8933,0.7172,0.43,0.4543
F_mean_3d_10rm,theta,None,XGBoost,0.88,0.7324,0.42,0.4543
F_median_3d_1area,all,norm3,Linear SVM,0.6533,0.5945,0.46,0.4543
F_median_3d_F7,gamma,None,Random Forest,0.7267,0.6149,0.42,0.4543
F_mean_3d_3area,delta,None,Ensemble (Majority Vote),0.8,0.6506,0.49,0.4543
F_median_3d_1area,all,norm3,Random Forest,0.8,0.6657,0.43,0.4543
F_mean_3d_1area,all,None,Linear SVM,0.6533,0.5772,0.44,0.4543
F_mean_3d_C4,alpha,None,XGBoost,0.64,0.5766,0.45,0.4543
F_median_3d_C4,all,None,XGBoost,0.8467,0.6903,0.42,0.4529
F_dasm_3d_3area,gamma,None,Random Forest,0.6733,0.6018,0.47,0.4529
F_median_3d_F3,delta,None,KNN,0.96,0.6864,0.37,0.4529
F_peak_3d,gamma,norm3,Logistic Regression,0.6733,0.6216,0.43,0.4529
F_de_3d_3area,theta,None,Random Forest,0.74,0.6269,0.43,0.4529
F_dasm_3d_10rm,theta,norm3,Random Forest,0.7133,0.6469,0.43,0.4529
F_mean_3d_C4,alpha,None,Random Forest,0.6667,0.5917,0.43,0.4529
F_median_3d_8rm,delta,norm3,Ensemble (Majority Vote),0.8533,0.7028,0.42,0.4529
F_mean_3d_F7,theta,None,KNN,0.9867,0.7021,0.41,0.4529
F_mean_3d_F7,delta,None,Ensemble (Majority Vote),0.7667,0.6285,0.45,0.4529
F_median_3d_T8,theta,None,Logistic Regression,0.58,0.5366,0.45,0.4529
F_mean_3d_F8,beta,None,XGBoost,0.6267,0.569,0.44,0.4529
F_mean_3d_3area,all,None,KNN,0.98,0.7949,0.45,0.4529
F_median_3d_F7,beta,None,Ensemble (Majority Vote),0.7,0.6101,0.42,0.4529
F_median_3d_Fz,theta,None,Random Forest,0.6267,0.5892,0.45,0.4529
F_peak_3d_Cz,delta,None,Ensemble (Majority Vote),0.7067,0.6124,0.44,0.4529
F_mean_3d19,beta,None,XGBoost,0.9067,0.7759,0.48,0.4529
F_dasm_3d19,delta,norm2,Random Forest,0.9867,0.717,0.39,0.4529
F_de_3d_F3,all,norm3,Linear SVM,0.6467,0.5793,0.41,0.4529
F_peak_3d19,all,None,Linear SVM,0.8933,0.8005,0.43,0.4529
F_median_3d_F8,delta,None,Linear SVM,0.52,0.5021,0.44,0.4529
F_median_3d_Cz,beta,None,Random Forest,0.6533,0.5871,0.37,0.4529
F_mean_3d_F3,delta,norm2,KNN,1.0,0.6839,0.38,0.4529
F_de_3d_1area,all,norm3,Random Forest,0.74,0.6595,0.47,0.4529
F_mean_3d_F3,delta,norm3,KNN,1.0,0.6839,0.38,0.4529
F_median_3d_3area,beta,norm3,Linear SVM,0.6133,0.5503,0.49,0.4529
F_mean_3d_F8,gamma,None,KNN,0.9733,0.6979,0.45,0.4529
F_de_3d_3area,gamma,norm3,Linear SVM,0.5733,0.5591,0.46,0.4529
F_median_3d_F7,delta,None,XGBoost,0.6933,0.5986,0.39,0.4514
F_rasm_3d_10rm,alpha,None,Random Forest,0.82,0.6439,0.41,0.4514
F_median_3d_Cz,beta,None,XGBoost,0.6067,0.5703,0.4,0.4514
F_mean_3d_3area,all,None,Random Forest,0.7867,0.6821,0.45,0.4514
F_mean_3d_2area,theta,norm3,Random Forest,0.7067,0.5972,0.45,0.4514
F_mean_3d_3area,gamma,None,Ensemble (Majority Vote),0.7467,0.6731,0.42,0.4514
F_median_3d_10rm,beta,None,Ensemble (Majority Vote),0.7667,0.6834,0.44,0.4514
F_mean_3d_F8,gamma,None,Random Forest,0.64,0.589,0.42,0.4514
F_de_3d_8rm,all,norm3,XGBoost,0.98,0.8697,0.45,0.4514
F_mean_3d_C3,theta,norm2,Ensemble (Majority Vote),0.8333,0.6223,0.46,0.4514
F_mean_3d_Fp1,all,norm3,XGBoost,0.88,0.694,0.45,0.4514
F_de_3d_3area,all,norm3,Random Forest,0.7933,0.6837,0.44,0.4514
F_peak_3d,gamma,norm3,XGBoost,0.9333,0.751,0.44,0.4514
F_de_3d_3area,all,norm3,Logistic Regression,0.7067,0.6218,0.42,0.4514
F_de_3d_Fp1,all,None,XGBoost,0.84,0.7087,0.44,0.4514
F_median_3d_Fp1,delta,None,Random Forest,0.6933,0.5913,0.42,0.4514
F_mean_3d_Cz,gamma,None,Ensemble (Majority Vote),0.7467,0.6306,0.41,0.4514
F_mean_3d_F7,beta,None,Logistic Regression,0.54,0.532,0.43,0.4514
F_mean_3d_2area,all,None,XGBoost,0.9467,0.7616,0.44,0.4514
F_mean_3d_F7,beta,None,Linear SVM,0.5467,0.5324,0.43,0.4514
F_mean_3d_C3,theta,norm3,Ensemble (Majority Vote),0.8333,0.6223,0.46,0.4514
F_de_3d_Fp1,beta,norm2,Random Forest,0.7533,0.5867,0.37,0.4514
F_de_3d_Fp1,beta,norm3,Random Forest,0.7533,0.5867,0.37,0.4514
F_mean_3d_F8,gamma,None,XGBoost,0.6067,0.5674,0.43,0.45
F_mean_3d,beta,None,Ensemble (Majority Vote),0.7733,0.6956,0.43,0.45
F_mean_3d_3area,beta,None,Random Forest,0.7133,0.6274,0.46,0.45
F_median_3d,delta,norm3,Ensemble (Majority Vote),0.8867,0.7324,0.52,0.45
F_mean_3d_C4,theta,None,Random Forest,0.7,0.5913,0.43,0.45
F_median_3d_F7,delta,None,Ensemble (Majority Vote),0.72,0.6329,0.4,0.45
F_mean_3d19,beta,norm3,Linear SVM,0.7267,0.6395,0.43,0.45
F_de_3d_C4,alpha,None,Ensemble (Majority Vote),0.72,0.6055,0.42,0.45
F_peak_3d,alpha,None,KNN,0.9867,0.8138,0.46,0.45
F_mean_3d_Cz,beta,None,Ensemble (Majority Vote),0.7667,0.6262,0.41,0.45
F_de_3d19,beta,None,XGBoost,0.92,0.772,0.39,0.45
F_de_3d_10rm,gamma,norm3,Logistic Regression,0.68,0.5998,0.47,0.45
F_mean_3d_C4,all,norm3,Ensemble (Majority Vote),0.7933,0.6589,0.44,0.45
F_rasm_3d_8rm,alpha,None,Random Forest,0.7667,0.6223,0.47,0.45
F_peak_3d19,delta,norm3,Logistic Regression,0.72,0.6313,0.49,0.45
F_median_3d_1area,all,None,Logistic Regression,0.64,0.5903,0.47,0.45
F_peak_3d_10rm,alpha,norm3,KNN,0.9667,0.7646,0.42,0.45
F_de_3d_8rm,gamma,None,Ensemble (Majority Vote),0.8133,0.7087,0.49,0.45
F_median_3d_F7,all,None,KNN,0.9867,0.7522,0.42,0.45
F_de_3d_3area,gamma,None,KNN,0.9733,0.7359,0.42,0.45
F_de_3d_Fz,beta,None,KNN,0.9933,0.6938,0.45,0.45
F_median_3d_F4,theta,None,Random Forest,0.6667,0.5908,0.44,0.45
F_de_3d_Fz,all,norm3,XGBoost,0.9,0.6837,0.42,0.45
F_mean_3d_10rm,beta,None,Ensemble (Majority Vote),0.7667,0.6733,0.48,0.45
F_dasm_3d,alpha,None,Logistic Regression,0.54,0.5575,0.42,0.45
F_mean_3d_3area,beta,norm3,Random Forest,0.88,0.6345,0.39,0.45
F_peak_3d_C4,all,norm3,XGBoost,0.8667,0.6823,0.42,0.45
F_de_3d_Fp2,theta,None,KNN,0.9533,0.6929,0.4,0.45
F_peak_3d_Fz,theta,None,Random Forest,0.66,0.5945,0.5,0.45
F_de_3d,theta,None,Ensemble (Majority Vote),0.8267,0.7083,0.44,0.45
F_mean_3d_10rm,beta,None,KNN,0.9933,0.7637,0.47,0.4486
F_peak_3d19,gamma,norm3,Random Forest,0.86,0.7234,0.46,0.4486
F_mean_3d_F8,gamma,None,Ensemble (Majority Vote),0.76,0.6377,0.47,0.4486
F_mean_3d_F3,beta,None,Random Forest,0.64,0.5853,0.44,0.4486
F_de_3d_T8,theta,None,Ensemble (Majority Vote),0.6933,0.6028,0.46,0.4486
F_peak_3d_10rm,alpha,None,XGBoost,0.8533,0.7198,0.44,0.4486
F_mean_3d_2area,theta,norm3,XGBoost,0.62,0.5834,0.46,0.4486
F_mean_3d19,delta,None,Ensemble (Majority Vote),0.9067,0.7543,0.45,0.4486
F_de_3d_T8,theta,None,XGBoost,0.68,0.5857,0.44,0.4486
F_median_3d_F7,beta,None,XGBoost,0.6667,0.5876,0.45,0.4486
F_mean_3d_F3,all,norm2,XGBoost,0.92,0.6389,0.38,0.4486
F_de_3d_F8,alpha,None,Random Forest,0.6533,0.5894,0.42,0.4486
F_de_3d,gamma,None,KNN,0.9733,0.7963,0.43,0.4486
F_mean_3d_Cz,gamma,None,XGBoost,0.6533,0.5874,0.42,0.4486
F_median_3d_1area,all,None,Linear SVM,0.6267,0.5956,0.46,0.4486
F_mean_3d,theta,None,XGBoost,0.8867,0.7352,0.42,0.4486
F_peak_3d_3area,gamma,None,Ensemble (Majority Vote),0.78,0.6786,0.43,0.4486
F_peak_3d_C4,all,None,Logistic Regression,0.6733,0.589,0.43,0.4486
F_mean_3d_3area,beta,None,XGBoost,0.7933,0.6441,0.47,0.4486
F_de_3d,alpha,None,KNN,0.9867,0.7929,0.48,0.4486
F_peak_3d_3area,theta,None,XGBoost,0.8,0.6366,0.43,0.4486
F_median_3d_3area,beta,norm3,Logistic Regression,0.6,0.5543,0.46,0.4486
F_median_3d_8rm,delta,norm3,XGBoost,0.8533,0.7126,0.44,0.4486
F_mean_3d_2area,all,None,Random Forest,0.76,0.6784,0.44,0.4486
F_mean_3d_3area,all,norm3,XGBoost,0.96,0.7754,0.49,0.4486
F_mean_3d_8rm,beta,None,Random Forest,0.76,0.6467,0.41,0.4486
F_de_3d,beta,None,XGBoost,0.8533,0.7292,0.43,0.4471
F_peak_3d_Fp1,theta,None,XGBoost,0.6,0.5789,0.42,0.4471
F_median_3d_F8,beta,None,Logistic Regression,0.5267,0.5062,0.44,0.4471
F_mean_3d,gamma,None,XGBoost,0.84,0.7372,0.4,0.4471
F_mean_3d_10rm,alpha,None,KNN,0.9933,0.7582,0.45,0.4471
F_peak_3d_Fp2,delta,None,Ensemble (Majority Vote),0.72,0.6205,0.48,0.4471
F_mean_3d,all,None,XGBoost,0.9867,0.8874,0.46,0.4471
F_mean_3d,theta,norm3,XGBoost,0.88,0.7244,0.39,0.4471
F_peak_3d_Fp2,delta,None,Random Forest,0.6533,0.589,0.43,0.4471
F_mean_3d_10rm,gamma,None,Ensemble (Majority Vote),0.8,0.711,0.43,0.4471
F_mean_3d_1area,all,None,Ensemble (Majority Vote),0.8333,0.6989,0.44,0.4471
F_mean_3d19,all,None,XGBoost,0.9933,0.917,0.42,0.4471
F_peak_3d19,all,None,Logistic Regression,0.8733,0.7697,0.43,0.4471
F_peak_3d19,all,norm3,Ensemble (Majority Vote),0.9533,0.8678,0.44,0.4471
F_de_3d19,beta,None,KNN,0.9933,0.8145,0.45,0.4471
F_mean_3d_10rm,theta,norm3,XGBoost,0.8733,0.7064,0.44,0.4471
F_de_3d_8rm,theta,None,XGBoost,0.8267,0.691,0.43,0.4471
F_de_3d_C4,all,norm3,Random Forest,0.76,0.6559,0.45,0.4471
F_median_3d_10rm,all,None,KNN,1.0,0.8467,0.42,0.4471
F_de_3d_C3,beta,None,Logistic Regression,0.52,0.5106,0.42,0.4471
F_median_3d_F3,all,norm3,Logistic Regression,0.62,0.5841,0.41,0.4471
F_de_3d_T7,all,norm3,XGBoost,0.86,0.6837,0.45,0.4471
F_mean_3d_8rm,all,None,Random Forest,0.8533,0.7345,0.42,0.4471
F_median_3d_10rm,gamma,norm3,Logistic Regression,0.66,0.5975,0.44,0.4471
F_median_3d_3area,beta,norm3,Ensemble (Majority Vote),0.8133,0.6522,0.44,0.4471
F_mean_3d_C4,all,None,Ensemble (Majority Vote),0.7667,0.6736,0.42,0.4471
F_median_3d_1area,all,None,Ensemble (Majority Vote),0.8333,0.7046,0.44,0.4471
F_median_3d_10rm,alpha,None,KNN,0.9867,0.7814,0.41,0.4471
F_peak_3d_C4,all,None,Linear SVM,0.7067,0.592,0.41,0.4471
F_mean_3d_Fp1,all,None,Random Forest,0.7533,0.66,0.44,0.4471
F_peak_3d_C4,all,norm3,Random Forest,0.8133,0.6641,0.43,0.4471
F_mean_3d_Fz,all,None,Random Forest,0.7867,0.6579,0.43,0.4471
F_median_3d_Fz,theta,None,XGBoost,0.5867,0.5736,0.43,0.4471
F_mean_3d_C3,beta,None,Logistic Regression,0.5067,0.5145,0.41,0.4471
F_median_3d_Cz,all,None,Random Forest,0.8,0.6738,0.41,0.4457
F_de_3d_C4,all,norm3,Ensemble (Majority Vote),0.76,0.6559,0.42,0.4457
F_de_3d_3area,gamma,norm3,Random Forest,0.78,0.6324,0.42,0.4457
F_de_3d19,beta,None,Ensemble (Majority Vote),0.8667,0.7425,0.45,0.4457
F_de_3d_C3,theta,None,Random Forest,0.66,0.5853,0.4,0.4457
F_peak_3d_Fz,alpha,None,Random Forest,0.68,0.5945,0.42,0.4457
F_de_3d19,beta,norm3,KNN,0.9933,0.7943,0.39,0.4457
F_de_3d,all,norm3,Ensemble (Majority Vote),0.9,0.8184,0.41,0.4457
F_de_3d,beta,None,KNN,0.9733,0.7924,0.38,0.4457
F_median_3d_F7,all,None,Random Forest,0.7733,0.6747,0.44,0.4457
F_peak_3d_Cz,delta,None,Random Forest,0.7,0.5917,0.44,0.4457
F_de_3d,delta,norm3,Ensemble (Majority Vote),0.8467,0.7361,0.46,0.4457
F_de_3d_1area,theta,None,XGBoost,0.6667,0.5924,0.44,0.4457
F_mean_3d_1area,all,norm3,Ensemble (Majority Vote),0.8267,0.6717,0.48,0.4457
F_mean_3d,theta,None,KNN,0.9667,0.7641,0.39,0.4457
F_mean_3d_1area,all,norm3,Linear SVM,0.62,0.5837,0.47,0.4457
F_rasm_3d_10rm,delta,norm3,KNN,0.9933,0.7786,0.42,0.4457
F_mean_3d_Fp1,beta,None,Ensemble (Majority Vote),0.7733,0.6382,0.41,0.4457
F_mean_3d_C3,beta,None,Linear SVM,0.5133,0.5136,0.41,0.4457
F_mean_3d_10rm,beta,None,XGBoost,0.8,0.7021,0.4,0.4443
F_de_3d_3area,gamma,None,Ensemble (Majority Vote),0.8133,0.6795,0.44,0.4443
F_de_3d_3area,gamma,norm3,Logistic Regression,0.58,0.5584,0.45,0.4443
F_mean_3d_F8,beta,None,Ensemble (Majority Vote),0.72,0.6191,0.42,0.4443
F_mean_3d_2area,all,norm3,XGBoost,0.9667,0.7462,0.45,0.4443
F_peak_3d_3area,gamma,norm3,KNN,0.9467,0.7283,0.45,0.4443
F_median_3d_C3,all,None,Random Forest,0.76,0.6651,0.45,0.4443
F_median_3d_10rm,beta,None,XGBoost,0.8267,0.7092,0.42,0.4443
F_peak_3d,gamma,norm3,Ensemble (Majority Vote),0.82,0.7269,0.43,0.4443
F_de_3d_10rm,beta,norm3,Ensemble (Majority Vote),0.84,0.7113,0.5,0.4443
F_mean_3d_Fz,beta,None,Random Forest,0.6467,0.5908,0.41,0.4443
F_median_3d_F7,delta,None,Random Forest,0.6467,0.5952,0.37,0.4443
F_median_3d_C4,alpha,None,XGBoost,0.6533,0.5745,0.46,0.4443
F_mean_3d_Fp2,theta,None,Random Forest,0.66,0.5933,0.44,0.4443
F_median_3d,gamma,None,XGBoost,0.88,0.7533,0.45,0.4443
F_mean_3d_F8,beta,None,Linear SVM,0.5067,0.5172,0.44,0.4443
F_mean_3d_F8,beta,None,Logistic Regression,0.5067,0.5163,0.44,0.4443
F_mean_3d_C3,beta,None,Ensemble (Majority Vote),0.76,0.6234,0.43,0.4443
F_median_3d_F3,all,norm3,Linear SVM,0.6,0.583,0.41,0.4429
F_mean_3d_Fp2,beta,norm3,XGBoost,0.66,0.5653,0.35,0.4429
F_median_3d_F7,alpha,None,KNN,0.9667,0.7,0.38,0.4429
F_rasm_3d_8rm,beta,norm3,XGBoost,0.8467,0.7,0.4,0.4429
F_median_3d_F3,all,norm3,XGBoost,0.8667,0.6853,0.39,0.4429
F_mean_3d_1area,all,norm3,Logistic Regression,0.62,0.5784,0.46,0.4429
F_mean_3d,delta,None,KNN,0.9867,0.7701,0.38,0.4429
F_de_3d_T7,theta,None,Random Forest,0.66,0.589,0.4,0.4429
F_median_3d_F4,delta,None,XGBoost,0.68,0.5816,0.42,0.4429
F_mean_3d_Fp2,beta,norm2,XGBoost,0.66,0.5653,0.35,0.4429
F_de_3d_F4,all,None,Random Forest,0.7733,0.6671,0.46,0.4429
F_mean_3d_Fp1,all,None,Ensemble (Majority Vote),0.86,0.6924,0.45,0.4429
F_mean_3d_10rm,all,None,KNN,0.9933,0.8395,0.45,0.4429
F_mean_3d_C4,theta,None,XGBoost,0.6067,0.5754,0.41,0.4429
F_median_3d_Fp1,theta,None,Random Forest,0.66,0.5936,0.44,0.4429
F_mean_3d_10rm,all,norm3,KNN,0.9867,0.823,0.42,0.4429
F_mean_3d19,beta,None,Ensemble (Majority Vote),0.8533,0.7389,0.42,0.4429
F_mean_3d_C4,all,norm3,KNN,0.9533,0.7248,0.43,0.4429
F_de_3d,all,norm3,XGBoost,0.98,0.8802,0.41,0.4429
F_peak_3d_C4,alpha,None,Random Forest,0.6733,0.592,0.42,0.4414
F_de_3d_2area,theta,None,Ensemble (Majority Vote),0.7067,0.628,0.45,0.4414
F_peak_3d_Cz,all,norm3,KNN,0.9733,0.7366,0.35,0.4414
F_mean_3d_T8,all,None,Ensemble (Majority Vote),0.8467,0.6809,0.4,0.4414
F_mean_3d_F3,gamma,None,XGBoost,0.6533,0.583,0.44,0.4414
F_de_3d_Fp1,theta,None,XGBoost,0.64,0.5802,0.41,0.4414
F_mean_3d_3area,gamma,None,XGBoost,0.6933,0.6455,0.41,0.4414
F_mean_3d19,all,norm3,XGBoost,1.0,0.9172,0.39,0.4414
F_mean_3d_Cz,beta,None,Random Forest,0.6533,0.5818,0.42,0.4414
F_dasm_3d19,gamma,None,Random Forest,0.82,0.7044,0.44,0.4414
F_peak_3d_Cz,delta,None,XGBoost,0.7,0.5839,0.44,0.4414
F_de_3d_F4,all,None,XGBoost,0.8667,0.6975,0.4,0.4414
F_de_3d_Fp1,all,None,Ensemble (Majority Vote),0.7867,0.6959,0.41,0.4414
F_peak_3d_Fp1,theta,None,Random Forest,0.6467,0.5887,0.43,0.4414
F_de_3d19,all,norm3,Linear SVM,0.9,0.8051,0.43,0.4414
F_median_3d_F7,delta,None,KNN,0.9467,0.7055,0.37,0.44
F_median_3d19,theta,norm3,Linear SVM,0.72,0.6317,0.43,0.44
F_de_3d_2area,theta,None,Random Forest,0.6933,0.6193,0.41,0.44
F_de_3d_3area,beta,norm3,Ensemble (Majority Vote),0.7733,0.6441,0.39,0.44
F_peak_3d19,all,norm3,Logistic Regression,0.9133,0.8007,0.39,0.44
F_peak_3d_8rm,alpha,norm3,KNN,0.96,0.7421,0.41,0.44
F_median_3d_F8,beta,None,Linear SVM,0.5333,0.5064,0.42,0.44
F_de_3d19,all,None,Linear SVM,0.8867,0.789,0.4,0.44
F_mean_3d,beta,norm3,XGBoost,0.8533,0.7278,0.42,0.44
F_de_3d_T8,beta,None,KNN,0.98,0.6998,0.39,0.44
F_de_3d_C4,alpha,None,Random Forest,0.62,0.5848,0.43,0.44
F_median_3d_Fp2,theta,None,XGBoost,0.66,0.5818,0.43,0.44
F_mean_3d_F4,beta,None,Ensemble (Majority Vote),0.72,0.6159,0.38,0.44
F_peak_3d_F8,beta,None,Random Forest,0.68,0.5989,0.42,0.44
F_mean_3d_Fz,beta,None,Ensemble (Majority Vote),0.8,0.6446,0.4,0.44
F_rasm_3d_10rm,alpha,norm3,Linear SVM,0.6,0.5421,0.37,0.44
F_de_3d,beta,norm3,Random Forest,0.8133,0.6885,0.36,0.4386
F_mean_3d_10rm,beta,norm3,XGBoost,0.8867,0.7168,0.42,0.4386
F_de_3d_C4,all,norm3,XGBoost,0.8133,0.6754,0.4,0.4386
F_mean_3d_F8,all,None,Random Forest,0.7667,0.6549,0.47,0.4386
F_de_3d_T8,delta,None,Linear SVM,0.54,0.5232,0.43,0.4386
F_mean_3d_1area,all,None,XGBoost,0.9067,0.7189,0.43,0.4386
F_mean_3d_C4,all,None,Random Forest,0.74,0.6575,0.41,0.4386
F_de_3d_C3,theta,None,Ensemble (Majority Vote),0.7133,0.6097,0.39,0.4386
F_mean_3d_3area,beta,norm3,XGBoost,0.7667,0.6244,0.38,0.4386
F_de_3d,theta,None,XGBoost,0.8467,0.7248,0.41,0.4386
F_peak_3d_Fp1,delta,None,Ensemble (Majority Vote),0.7133,0.6195,0.47,0.4386
F_de_3d_C3,theta,None,XGBoost,0.7133,0.5839,0.4,0.4386
F_peak_3d_F8,theta,None,Random Forest,0.7067,0.5961,0.4,0.4386
F_peak_3d_F8,alpha,None,XGBoost,0.6933,0.5883,0.41,0.4386
F_mean_3d,all,None,Ensemble (Majority Vote),0.9067,0.8161,0.42,0.4386
F_median_3d_Fp1,delta,None,XGBoost,0.6667,0.5837,0.43,0.4386
F_de_3d_T7,theta,None,XGBoost,0.64,0.5772,0.42,0.4386
F_peak_3d19,all,norm3,XGBoost,0.9867,0.9099,0.43,0.4371
F_de_3d_T8,delta,None,Logistic Regression,0.5333,0.5232,0.42,0.4371
F_median_3d,delta,norm3,Logistic Regression,0.7533,0.6303,0.44,0.4371
F_de_3d_F4,theta,None,Ensemble (Majority Vote),0.7133,0.617,0.43,0.4371
F_median_3d_Fp1,all,norm3,XGBoost,0.9067,0.6989,0.45,0.4371
F_median_3d_F4,all,None,Random Forest,0.72,0.6526,0.44,0.4371
F_de_3d_F4,beta,None,Linear SVM,0.5067,0.5152,0.43,0.4371
F_median_3d_F3,all,norm3,Ensemble (Majority Vote),0.7867,0.6586,0.41,0.4371
F_median_3d_F8,beta,None,Ensemble (Majority Vote),0.72,0.6161,0.41,0.4371
F_de_3d_C3,beta,None,Linear SVM,0.5267,0.508,0.4,0.4371
F_median_3d_Fp1,theta,None,XGBoost,0.64,0.5885,0.39,0.4371
F_mean_3d_8rm,gamma,None,XGBoost,0.7933,0.6995,0.42,0.4371
F_mean_3d,beta,None,XGBoost,0.88,0.72,0.45,0.4371
F_dasm_3d_3area,beta,None,XGBoost,0.5933,0.5922,0.45,0.4371
F_median_3d_F7,beta,None,Logistic Regression,0.5067,0.5274,0.44,0.4371
F_mean_3d_3area,all,None,Ensemble (Majority Vote),0.8667,0.7382,0.42,0.4371
F_mean_3d_1area,all,None,Random Forest,0.7333,0.6639,0.42,0.4371
F_mean_3d_F3,all,norm3,XGBoost,0.86,0.6795,0.41,0.4371
F_mean_3d_Fp1,all,None,XGBoost,0.8733,0.7067,0.38,0.4371
F_median_3d_3area,gamma,None,XGBoost,0.7133,0.631,0.42,0.4371
F_de_3d_Fz,all,None,XGBoost,0.8333,0.6952,0.46,0.4357
F_mean_3d_3area,all,None,XGBoost,0.9533,0.7841,0.41,0.4357
F_de_3d19,all,norm3,Logistic Regression,0.8733,0.7749,0.42,0.4357
F_de_3d_3area,gamma,None,XGBoost,0.7933,0.6476,0.43,0.4357
F_peak_3d_3area,gamma,None,XGBoost,0.7733,0.6609,0.38,0.4357
F_mean_3d_C4,beta,None,Ensemble (Majority Vote),0.7067,0.6074,0.39,0.4357
F_median_3d_F7,beta,None,Linear SVM,0.4933,0.5271,0.44,0.4357
F_de_3d_C4,all,None,Random Forest,0.7467,0.6547,0.41,0.4357
F_de_3d_3area,theta,None,XGBoost,0.7333,0.6418,0.37,0.4357
F_mean_3d_10rm,gamma,None,XGBoost,0.82,0.7255,0.41,0.4357
F_mean_3d_Fp2,beta,norm3,Ensemble (Majority Vote),0.76,0.6083,0.33,0.4343
F_mean_3d_Fp2,beta,norm2,Ensemble (Majority Vote),0.76,0.6083,0.33,0.4343
F_mean_3d_2area,theta,None,Ensemble (Majority Vote),0.7267,0.6375,0.4,0.4343
F_rasm_3d19,delta,norm3,Ensemble (Majority Vote),0.9067,0.743,0.46,0.4343
F_median_3d_T8,all,None,Random Forest,0.7933,0.6653,0.39,0.4343
F_median_3d_10rm,gamma,None,XGBoost,0.8667,0.732,0.45,0.4343
F_de_3d_Fp1,theta,None,Ensemble (Majority Vote),0.6933,0.609,0.43,0.4343
F_rasm_3d_10rm,alpha,norm3,Logistic Regression,0.6067,0.5453,0.39,0.4343
F_mean_3d_C4,beta,None,Random Forest,0.6267,0.5855,0.38,0.4329
F_median_3d_10rm,beta,None,KNN,0.9667,0.7526,0.39,0.4329
F_mean_3d_Cz,beta,None,XGBoost,0.68,0.5729,0.41,0.4329
F_peak_3d19,all,norm3,Random Forest,0.9133,0.7805,0.44,0.4329
F_de_3d_F4,beta,None,Logistic Regression,0.5,0.517,0.42,0.4329
F_de_3d,all,None,XGBoost,0.9533,0.8786,0.42,0.4329
F_peak_3d_3area,gamma,norm3,Logistic Regression,0.6067,0.5729,0.39,0.4314
F_mean_3d_F4,theta,None,Random Forest,0.6533,0.5899,0.44,0.4314
F_de_3d_1area,theta,None,Random Forest,0.68,0.6074,0.39,0.4314
F_de_3d_10rm,beta,norm3,Random Forest,0.8067,0.6795,0.43,0.4314
F_de_3d19,all,None,Logistic Regression,0.8733,0.754,0.43,0.4314
F_peak_3d19,all,norm3,Linear SVM,0.9333,0.8303,0.39,0.4314
F_mean_3d_F7,all,None,Random Forest,0.74,0.6595,0.43,0.4314
F_median_3d_F3,all,norm3,Random Forest,0.7867,0.6683,0.42,0.4314
F_mean_3d_C4,all,None,XGBoost,0.8333,0.6901,0.38,0.4314
F_de_3d_10rm,beta,norm3,XGBoost,0.86,0.708,0.38,0.43
F_median_3d19,theta,norm3,Logistic Regression,0.68,0.6207,0.38,0.43
F_de_3d,beta,norm3,XGBoost,0.8733,0.7163,0.4,0.43
F_peak_3d_T8,delta,None,Linear SVM,0.5267,0.5246,0.41,0.43
F_de_3d_Fp1,theta,None,Random Forest,0.6933,0.597,0.39,0.43
F_de_3d_10rm,beta,None,KNN,0.9733,0.788,0.37,0.43
F_de_3d_10rm,alpha,None,KNN,0.98,0.7772,0.41,0.43
F_mean_3d_Fp2,theta,None,XGBoost,0.6533,0.5763,0.41,0.43
F_mean_3d_F8,beta,None,Random Forest,0.6733,0.5897,0.37,0.4286
F_peak_3d_T8,delta,None,Logistic Regression,0.5267,0.5228,0.41,0.4286
F_de_3d_C4,delta,None,Ensemble (Majority Vote),0.74,0.6179,0.38,0.4286
F_dasm_3d_3area,gamma,None,XGBoost,0.6933,0.6009,0.41,0.4286
F_de_3d_C4,all,None,XGBoost,0.8067,0.6968,0.42,0.4286
F_de_3d_1area,all,norm3,Ensemble (Majority Vote),0.7867,0.666,0.42,0.4286
F_de_3d_8rm,beta,None,KNN,0.9733,0.7676,0.38,0.4286
F_dasm_3d_3area,gamma,None,Ensemble (Majority Vote),0.7333,0.6352,0.39,0.4286
F_mean_3d_T8,all,None,Random Forest,0.7933,0.6547,0.39,0.4286
F_de_3d_C4,alpha,None,XGBoost,0.5933,0.5736,0.43,0.4271
F_de_3d_F8,beta,None,Logistic Regression,0.5133,0.5122,0.41,0.4271
F_de_3d_Fz,theta,None,Ensemble (Majority Vote),0.66,0.6053,0.42,0.4271
F_de_3d19,all,norm3,Ensemble (Majority Vote),0.9333,0.8664,0.42,0.4257
F_rasm_3d19,delta,norm3,Random Forest,0.8067,0.7198,0.41,0.4257
F_de_3d_F8,beta,None,Linear SVM,0.5067,0.5103,0.41,0.4257
F_mean_3d_8rm,theta,None,XGBoost,0.8533,0.6998,0.38,0.4243
F_de_3d_1area,all,norm3,Linear SVM,0.6533,0.5782,0.38,0.4243
F_peak_3d,alpha,norm3,KNN,0.9667,0.7789,0.37,0.4243
F_de_3d_Fp2,theta,None,Random Forest,0.7,0.5975,0.42,0.4243
F_de_3d_2area,theta,None,XGBoost,0.72,0.6232,0.4,0.4229
F_peak_3d_3area,gamma,norm3,Ensemble (Majority Vote),0.7533,0.6469,0.38,0.4229
F_peak_3d_3area,gamma,None,Linear SVM,0.6067,0.5715,0.43,0.4229
F_de_3d_Fz,theta,None,XGBoost,0.62,0.5791,0.39,0.4229
F_peak_3d_3area,gamma,norm3,Random Forest,0.8067,0.6405,0.35,0.42
F_mean_3d_F4,theta,None,XGBoost,0.6667,0.5841,0.44,0.42
F_de_3d_1area,all,norm3,Logistic Regression,0.6467,0.5747,0.38,0.42
F_de_3d_Fz,theta,None,Random Forest,0.6733,0.5963,0.4,0.4186
F_de_3d_Fp2,theta,None,XGBoost,0.6467,0.5754,0.41,0.4171
F_dasm_3d_3area,beta,None,Random Forest,0.6133,0.5901,0.44,0.4157
F_de_3d19,all,norm3,XGBoost,1.0,0.9195,0.37,0.4157
F_de_3d_Fp2,theta,None,Ensemble (Majority Vote),0.64,0.5968,0.38,0.4157
F_peak_3d_3area,gamma,norm3,Linear SVM,0.6067,0.5706,0.35,0.4114
F_de_3d_F4,theta,None,Random Forest,0.6733,0.5926,0.4,0.4086
F_peak_3d_3area,gamma,norm3,XGBoost,0.7733,0.6343,0.35,0.4086
F_de_3d_F4,theta,None,XGBoost,0.66,0.5816,0.37,0.4014
