특징,밴드,정규화,모델,학습 정확도 (Trial),학습 정확도 (Epoch),테스트 정확도 (Trial),테스트 정확도 (Epoch)
F_de_3d_Fz,beta,None,Logistic Regression,0.5733,0.5638,0.69,0.6329
F_de_3d_Fz,beta,None,Linear SVM,0.58,0.5667,0.7,0.6314
F_peak_3d_Fz,all,None,Logistic Regression,0.6467,0.6229,0.67,0.63
F_mean_3d_Fz,all,None,Linear SVM,0.6333,0.6114,0.67,0.6271
F_peak_3d_Fz,all,norm3,Ensemble (Majority Vote),0.7667,0.7048,0.65,0.6214
F_median_3d19,gamma,None,Logistic Regression,0.75,0.7012,0.675,0.6214
F_median_3d_Fz,alpha,None,Linear SVM,0.5467,0.5352,0.64,0.62
F_mean_3d19,gamma,None,Logistic Regression,0.7417,0.6988,0.7,0.6196
F_de_3d_Fz,all,None,Logistic Regression,0.6333,0.5924,0.63,0.6186
F_peak_3d_Fz,beta,None,Logistic Regression,0.6133,0.5743,0.65,0.6186
F_de_3d_Fz,theta,None,XGBoost,0.62,0.5867,0.63,0.6186
F_peak_3d_Fz,all,None,Random Forest,0.7733,0.7219,0.61,0.6171
F_median_3d_Fz,alpha,None,Logistic Regression,0.5467,0.5381,0.63,0.6171
F_peak_3d_Fz,all,None,Ensemble (Majority Vote),0.7933,0.739,0.64,0.6157
F_peak_3d_Fz,all,norm3,Logistic Regression,0.6133,0.6171,0.63,0.6157
F_mean_3d_Fz,alpha,None,Linear SVM,0.5533,0.5505,0.61,0.6157
F_peak_3d_10rm,all,norm3,KNN,0.9933,0.9571,0.65,0.6157
F_peak_3d_Fz,beta,None,Linear SVM,0.6067,0.5724,0.65,0.6157
F_mean_3d_Fz,all,None,Logistic Regression,0.62,0.5819,0.67,0.6143
F_peak_3d_Fz,all,norm3,Linear SVM,0.62,0.6181,0.64,0.6143
F_mean_3d_Fz,alpha,None,Logistic Regression,0.5533,0.5486,0.61,0.6129
F_de_3d_Fz,all,None,Linear SVM,0.6067,0.5914,0.6,0.6114
F_peak_3d_Fz,all,None,Linear SVM,0.6467,0.6286,0.64,0.61
F_mean_3d19,gamma,None,Ensemble (Majority Vote),0.95,0.869,0.6875,0.6089
F_dasm_3d19,gamma,norm3,Logistic Regression,0.6583,0.625,0.6125,0.6071
F_de_3d_10rm,beta,None,Random Forest,0.8333,0.7933,0.66,0.6057
F_peak_3d_3area,all,None,Logistic Regression,0.7,0.6771,0.63,0.6043
F_de_3d19,gamma,None,Logistic Regression,0.75,0.6929,0.7125,0.6036
F_rasm_3d,all,norm3,Random Forest,0.9067,0.8648,0.66,0.6029
F_mean_3d_Fz,alpha,None,Ensemble (Majority Vote),0.6467,0.6105,0.65,0.6029
F_peak_3d_F8,gamma,None,Logistic Regression,0.5,0.5219,0.63,0.6029
F_mean_3d_Fz,all,norm3,Logistic Regression,0.6133,0.6105,0.64,0.6014
F_peak_3d_F8,gamma,None,Linear SVM,0.5067,0.5229,0.63,0.6014
F_median_3d19,gamma,None,Linear SVM,0.85,0.7631,0.65,0.6
F_mean_3d19,gamma,None,Random Forest,0.9167,0.8405,0.6875,0.6
F_mean_3d_Fz,all,None,Ensemble (Majority Vote),0.8467,0.7486,0.65,0.6
F_mean_3d19,all,None,Ensemble (Majority Vote),0.9917,0.975,0.6375,0.6
F_de_3d,beta,None,Random Forest,0.8133,0.7943,0.61,0.6
F_peak_3d_Fz,all,norm3,Random Forest,0.7733,0.7295,0.6,0.5986
F_peak_3d_3area,beta,norm3,Linear SVM,0.5933,0.5705,0.63,0.5986
F_de_3d_Fz,all,None,Ensemble (Majority Vote),0.78,0.7381,0.61,0.5986
F_peak_3d_3area,beta,None,Logistic Regression,0.64,0.6057,0.6,0.5986
F_peak_3d_Fz,all,None,XGBoost,0.82,0.739,0.62,0.5986
F_dasm_3d19,gamma,norm3,Linear SVM,0.6667,0.6333,0.5875,0.5982
F_de_3d,beta,None,Logistic Regression,0.7067,0.6667,0.6,0.5971
F_mean_3d_Fz,all,norm3,Linear SVM,0.6067,0.6067,0.63,0.5971
F_de_3d_F3,delta,None,Linear SVM,0.56,0.5343,0.61,0.5971
F_de_3d_F3,delta,None,Logistic Regression,0.5667,0.5343,0.61,0.5971
F_mean_3d19,gamma,None,Linear SVM,0.7917,0.7381,0.625,0.5964
F_mean_3d_Fz,theta,None,Ensemble (Majority Vote),0.6933,0.6181,0.62,0.5957
F_de_3d19,all,None,Random Forest,0.9333,0.9048,0.625,0.5946
F_mean_3d19,all,None,Linear SVM,0.9917,0.9738,0.6125,0.5946
F_peak_3d_1area,all,None,Logistic Regression,0.5933,0.5905,0.6,0.5943
F_peak_3d_Fz,all,norm3,XGBoost,0.8267,0.7248,0.61,0.5943
F_de_3d_Fz,beta,None,Ensemble (Majority Vote),0.68,0.6352,0.67,0.5943
F_median_3d_F3,delta,None,Random Forest,0.6533,0.6067,0.58,0.5943
F_peak_3d_Fz,theta,None,Linear SVM,0.54,0.5486,0.61,0.5929
F_de_3d_10rm,beta,None,XGBoost,0.9,0.8448,0.62,0.5929
F_peak_3d_T7,all,norm3,Linear SVM,0.5867,0.601,0.62,0.5929
F_de_3d,beta,norm3,XGBoost,0.9467,0.8695,0.65,0.5929
F_mean_3d_Fz,beta,None,Linear SVM,0.52,0.5324,0.61,0.5929
F_de_3d19,gamma,None,Ensemble (Majority Vote),0.9667,0.8619,0.6875,0.5929
F_mean_3d19,gamma,norm3,Logistic Regression,0.8083,0.7476,0.6125,0.5929
F_de_3d_10rm,beta,None,Ensemble (Majority Vote),0.8467,0.8057,0.61,0.5914
F_peak_3d_Fz,theta,None,Ensemble (Majority Vote),0.64,0.6143,0.59,0.5914
F_de_3d19,gamma,None,Linear SVM,0.8083,0.7583,0.65,0.5911
F_mean_3d_Fz,alpha,None,Random Forest,0.7133,0.6238,0.65,0.59
F_peak_3d_Fz,beta,None,Ensemble (Majority Vote),0.66,0.6314,0.62,0.59
F_mean_3d_Fz,alpha,None,XGBoost,0.64,0.5952,0.61,0.59
F_de_3d,beta,None,Ensemble (Majority Vote),0.8667,0.8181,0.63,0.59
F_de_3d_10rm,all,None,KNN,0.9867,0.9448,0.63,0.59
F_mean_3d_F8,all,None,Logistic Regression,0.6467,0.6143,0.62,0.59
F_peak_3d_3area,beta,norm3,Logistic Regression,0.5933,0.5667,0.62,0.59
F_median_3d19,gamma,norm3,Linear SVM,0.8917,0.7821,0.5875,0.5893
F_de_3d_8rm,beta,None,Ensemble (Majority Vote),0.82,0.7838,0.6,0.5886
F_peak_3d_Fz,theta,None,Logistic Regression,0.54,0.5467,0.6,0.5886
F_de_3d_8rm,beta,None,Random Forest,0.8133,0.7752,0.59,0.5886
F_median_3d19,gamma,norm3,Logistic Regression,0.85,0.7643,0.5875,0.5875
F_mean_3d19,all,None,Random Forest,0.9417,0.9095,0.6375,0.5875
F_de_3d,delta,None,XGBoost,0.9267,0.8286,0.67,0.5871
F_mean_3d_Fz,beta,None,Logistic Regression,0.52,0.5295,0.61,0.5871
F_de_3d_T7,all,None,Logistic Regression,0.6333,0.6171,0.62,0.5871
F_mean_3d_F8,theta,None,Logistic Regression,0.5333,0.5448,0.61,0.5871
F_peak_3d_T7,all,norm3,Logistic Regression,0.6133,0.5952,0.62,0.5871
F_peak_3d_T7,delta,None,Linear SVM,0.56,0.5667,0.62,0.5871
F_peak_3d_10rm,all,None,KNN,0.9933,0.9629,0.6,0.5871
F_dasm_3d19,gamma,norm3,Ensemble (Majority Vote),0.8333,0.7607,0.55,0.5857
F_peak_3d_T7,delta,None,Logistic Regression,0.56,0.5667,0.61,0.5857
F_de_3d_Fz,theta,None,Random Forest,0.6667,0.6057,0.61,0.5857
F_peak_3d_Fz,theta,None,XGBoost,0.6267,0.6,0.59,0.5843
F_mean_3d_Fz,theta,None,KNN,0.8933,0.7238,0.66,0.5843
F_de_3d,delta,None,Ensemble (Majority Vote),0.8667,0.819,0.63,0.5843
F_de_3d_F8,theta,None,Linear SVM,0.58,0.5533,0.61,0.5829
F_mean_3d_F8,theta,None,Linear SVM,0.5267,0.5448,0.61,0.5829
F_mean_3d_Fz,all,norm3,Ensemble (Majority Vote),0.7933,0.7095,0.62,0.5829
F_peak_3d,all,norm3,KNN,1.0,0.9533,0.66,0.5829
F_de_3d_Fz,alpha,None,Logistic Regression,0.56,0.54,0.6,0.5829
F_peak_3d_Fz,all,norm3,KNN,0.92,0.7762,0.64,0.5829
F_peak_3d_3area,all,None,Linear SVM,0.7533,0.7229,0.62,0.5829
F_peak_3d_3area,theta,None,Logistic Regression,0.5667,0.5714,0.63,0.5814
F_peak_3d_8rm,all,norm3,KNN,0.9867,0.9324,0.62,0.5814
F_de_3d_Fz,alpha,None,Linear SVM,0.56,0.54,0.6,0.5814
F_de_3d_F8,theta,None,Logistic Regression,0.58,0.5543,0.61,0.5814
F_peak_3d_Fz,all,None,KNN,0.9533,0.8181,0.65,0.5814
F_de_3d,delta,None,Random Forest,0.8333,0.7762,0.64,0.5814
F_peak_3d_2area,all,None,Logistic Regression,0.66,0.6343,0.6,0.58
F_de_3d_F3,delta,None,Ensemble (Majority Vote),0.6867,0.62,0.59,0.58
F_peak_3d,delta,None,KNN,0.9533,0.8552,0.63,0.58
F_de_3d_Fz,all,norm3,Ensemble (Majority Vote),0.7533,0.7038,0.62,0.58
F_peak_3d_8rm,all,None,Logistic Regression,0.86,0.8133,0.62,0.58
F_peak_3d_Fz,theta,None,Random Forest,0.6667,0.6257,0.58,0.58
F_peak_3d_3area,all,None,Ensemble (Majority Vote),0.8733,0.8305,0.6,0.58
F_peak_3d_3area,beta,None,Linear SVM,0.6067,0.5933,0.61,0.5786
F_mean_3d19,gamma,norm3,Ensemble (Majority Vote),0.9417,0.8798,0.6125,0.5786
F_de_3d_Fz,all,norm3,Random Forest,0.78,0.7171,0.64,0.5786
F_peak_3d_3area,beta,None,Ensemble (Majority Vote),0.7667,0.6876,0.6,0.5786
F_de_3d19,beta,None,Linear SVM,0.8,0.7262,0.625,0.5786
F_de_3d19,gamma,norm3,Linear SVM,0.825,0.756,0.65,0.5786
F_peak_3d_Fz,beta,None,XGBoost,0.6267,0.6086,0.6,0.5786
F_de_3d_Fz,all,norm3,XGBoost,0.76,0.7162,0.67,0.5786
F_mean_3d19,all,None,Logistic Regression,0.95,0.8869,0.625,0.5786
F_dasm_3d,beta,None,XGBoost,0.8467,0.74,0.56,0.5786
F_median_3d_F8,theta,None,Logistic Regression,0.58,0.5533,0.62,0.5771
F_peak_3d_3area,beta,None,Random Forest,0.7467,0.6981,0.62,0.5771
F_dasm_3d,delta,norm3,Linear SVM,0.5333,0.5619,0.62,0.5771
F_peak_3d_T7,all,None,Linear SVM,0.6467,0.6352,0.61,0.5771
F_de_3d_10rm,all,norm3,KNN,1.0,0.9324,0.56,0.5771
F_rasm_3d_10rm,all,norm3,Ensemble (Majority Vote),0.92,0.7876,0.56,0.5771
F_de_3d,beta,None,XGBoost,0.9267,0.8733,0.61,0.5771
F_mean_3d_F3,all,None,Linear SVM,0.6133,0.6238,0.63,0.5771
F_de_3d_F4,gamma,None,XGBoost,0.6533,0.6152,0.57,0.5771
F_mean_3d19,beta,None,XGBoost,0.9667,0.8988,0.6375,0.5768
F_median_3d_F3,delta,None,XGBoost,0.6133,0.5781,0.55,0.5757
F_dasm_3d,delta,norm3,Ensemble (Majority Vote),0.78,0.7152,0.61,0.5757
F_rasm_3d,all,norm3,KNN,0.8067,0.7048,0.65,0.5757
F_de_3d_Fz,beta,None,XGBoost,0.6733,0.6219,0.67,0.5757
F_de_3d_F4,beta,None,Logistic Regression,0.62,0.5829,0.6,0.5757
F_median_3d_F8,theta,None,Linear SVM,0.5733,0.5514,0.61,0.5757
F_median_3d_2area,alpha,None,Linear SVM,0.5267,0.5581,0.59,0.5757
F_mean_3d19,gamma,norm3,Linear SVM,0.8167,0.7619,0.625,0.575
F_de_3d_Fz,all,norm3,Linear SVM,0.62,0.6086,0.6,0.5743
F_peak_3d_C4,theta,None,Linear SVM,0.56,0.5457,0.57,0.5743
F_de_3d_8rm,beta,None,Logistic Regression,0.6533,0.6305,0.55,0.5743
F_peak_3d_10rm,beta,None,Random Forest,0.8533,0.7848,0.6,0.5743
F_de_3d_F8,gamma,None,Linear SVM,0.5,0.5133,0.56,0.5743
F_median_3d_1area,alpha,None,Ensemble (Majority Vote),0.6733,0.6305,0.56,0.5743
F_dasm_3d,delta,norm3,XGBoost,0.8333,0.7305,0.63,0.5743
F_peak_3d_3area,beta,None,XGBoost,0.76,0.6838,0.55,0.5743
F_de_3d,all,None,KNN,0.9933,0.9438,0.58,0.5743
F_peak_3d_1area,beta,None,Logistic Regression,0.58,0.5724,0.57,0.5743
F_peak_3d_8rm,all,None,Linear SVM,0.94,0.8676,0.58,0.5743
F_mean_3d,beta,None,Random Forest,0.86,0.8067,0.58,0.5743
F_median_3d_Fz,all,None,Linear SVM,0.6067,0.5924,0.58,0.5743
F_peak_3d_1area,beta,None,Linear SVM,0.58,0.5705,0.57,0.5743
F_de_3d_10rm,delta,None,XGBoost,0.88,0.8105,0.59,0.5743
F_median_3d19,gamma,None,Ensemble (Majority Vote),0.975,0.881,0.575,0.5732
F_dasm_3d19,gamma,norm3,XGBoost,0.9083,0.8143,0.6375,0.5732
F_de_3d19,beta,None,Logistic Regression,0.725,0.6917,0.5625,0.5732
F_de_3d19,gamma,norm3,Logistic Regression,0.825,0.7417,0.65,0.5732
F_de_3d19,gamma,norm3,Ensemble (Majority Vote),0.95,0.8762,0.675,0.5732
F_median_3d_2area,alpha,None,Logistic Regression,0.52,0.5571,0.58,0.5729
F_median_3d_Fz,alpha,None,Ensemble (Majority Vote),0.7333,0.6248,0.57,0.5729
F_de_3d_F8,gamma,None,Logistic Regression,0.5,0.5133,0.56,0.5729
F_median_3d_Fz,all,None,Logistic Regression,0.6467,0.599,0.6,0.5729
F_de_3d_F4,beta,None,Linear SVM,0.6067,0.5829,0.6,0.5729
F_peak_3d_F3,beta,None,KNN,0.8333,0.6876,0.63,0.5729
F_mean_3d_Fz,theta,None,Random Forest,0.66,0.6162,0.61,0.5729
F_mean_3d_Fz,beta,None,Ensemble (Majority Vote),0.6933,0.6381,0.62,0.5729
F_peak_3d_T7,all,norm3,Ensemble (Majority Vote),0.7267,0.6971,0.62,0.5729
F_de_3d_Fz,all,norm3,Logistic Regression,0.6333,0.619,0.59,0.5729
F_de_3d_F3,theta,None,Logistic Regression,0.5267,0.5343,0.54,0.5729
F_median_3d_F3,all,None,Logistic Regression,0.62,0.5981,0.56,0.5729
F_mean_3d_8rm,theta,norm3,Linear SVM,0.6667,0.6371,0.56,0.5714
F_de_3d_T7,delta,None,Linear SVM,0.5667,0.5571,0.57,0.5714
F_de_3d_T7,delta,None,Logistic Regression,0.5667,0.5562,0.57,0.5714
F_de_3d_3area,all,None,Logistic Regression,0.6867,0.6695,0.6,0.5714
F_rasm_3d_10rm,all,norm3,Random Forest,0.8867,0.8248,0.6,0.5714
F_de_3d19,gamma,None,Random Forest,0.95,0.8464,0.6,0.5714
F_de_3d19,beta,None,Random Forest,0.8583,0.8107,0.5875,0.5714
F_mean_3d_Fp1,delta,None,Random Forest,0.6867,0.6419,0.59,0.5714
F_peak_3d_3area,alpha,None,Linear SVM,0.58,0.5771,0.53,0.5714
F_de_3d_Fz,all,None,Random Forest,0.8133,0.7276,0.6,0.5714
F_de_3d_Fz,theta,None,Ensemble (Majority Vote),0.6933,0.6257,0.56,0.5714
F_de_3d19,beta,None,Ensemble (Majority Vote),0.9083,0.8405,0.5875,0.5714
F_de_3d_10rm,beta,None,Logistic Regression,0.6733,0.6457,0.54,0.5714
F_peak_3d_T7,all,None,Logistic Regression,0.6267,0.6276,0.57,0.57
F_dasm_3d,beta,None,Ensemble (Majority Vote),0.84,0.7438,0.58,0.57
F_de_3d_F4,gamma,None,Random Forest,0.6467,0.6305,0.56,0.57
F_dasm_3d_10rm,delta,norm3,Ensemble (Majority Vote),0.7333,0.6924,0.58,0.57
F_de_3d_F3,theta,None,Linear SVM,0.5267,0.5314,0.54,0.57
F_mean_3d_C3,theta,None,KNN,0.8333,0.7086,0.67,0.57
F_de_3d_F8,all,None,Logistic Regression,0.66,0.6343,0.6,0.57
F_de_3d_F3,all,None,Linear SVM,0.6333,0.6276,0.58,0.57
F_mean_3d_8rm,delta,None,KNN,0.96,0.8314,0.56,0.57
F_peak_3d_C4,theta,None,Logistic Regression,0.5533,0.5429,0.56,0.57
F_dasm_3d,delta,norm3,Logistic Regression,0.54,0.5581,0.6,0.57
F_de_3d19,gamma,norm3,Random Forest,0.95,0.856,0.6,0.5696
F_mean_3d,beta,None,Ensemble (Majority Vote),0.8933,0.8276,0.59,0.5686
F_de_3d_F4,gamma,None,Ensemble (Majority Vote),0.6733,0.6219,0.56,0.5686
F_dasm_3d,beta,None,Linear SVM,0.6267,0.6048,0.58,0.5686
F_de_3d_10rm,delta,None,KNN,0.9533,0.8581,0.62,0.5686
F_dasm_3d_3area,delta,None,XGBoost,0.6467,0.6086,0.62,0.5686
F_peak_3d_F4,beta,None,XGBoost,0.6067,0.6114,0.59,0.5686
F_de_3d_10rm,beta,None,Linear SVM,0.7067,0.679,0.62,0.5686
F_peak_3d_8rm,beta,None,Ensemble (Majority Vote),0.82,0.7657,0.58,0.5686
F_dasm_3d_10rm,delta,norm3,XGBoost,0.78,0.6971,0.6,0.5686
F_de_3d_F4,gamma,None,KNN,0.8,0.6819,0.61,0.5686
F_mean_3d_Fp2,all,None,KNN,0.92,0.7981,0.57,0.5686
F_dasm_3d_8rm,delta,None,Ensemble (Majority Vote),0.7,0.6562,0.62,0.5686
F_median_3d_Fp1,alpha,None,Linear SVM,0.5267,0.5248,0.62,0.5686
F_median_3d_Fp1,alpha,None,Logistic Regression,0.5333,0.5238,0.62,0.5686
F_de_3d_F4,beta,None,Ensemble (Majority Vote),0.6533,0.6229,0.59,0.5686
F_de_3d_T8,beta,None,Logistic Regression,0.5533,0.559,0.6,0.5686
F_de_3d,delta,None,KNN,0.98,0.8781,0.64,0.5686
F_peak_3d19,gamma,None,KNN,0.9917,0.9202,0.5625,0.5679
F_de_3d19,beta,None,XGBoost,0.95,0.8857,0.5625,0.5679
F_peak_3d19,beta,None,Logistic Regression,0.6583,0.6679,0.55,0.5679
F_median_3d19,gamma,norm3,XGBoost,0.9833,0.9119,0.5875,0.5679
F_rasm_3d19,beta,norm3,Random Forest,0.8417,0.7643,0.5875,0.5679
F_de_3d19,all,None,Ensemble (Majority Vote),1.0,0.975,0.5875,0.5679
F_mean_3d19,gamma,None,XGBoost,0.975,0.9107,0.625,0.5679
F_mean_3d19,gamma,norm3,Random Forest,0.9,0.8548,0.575,0.5679
F_mean_3d19,gamma,norm3,XGBoost,0.9833,0.9298,0.6125,0.5679
F_mean_3d_T8,alpha,None,Logistic Regression,0.5533,0.5476,0.57,0.5671
F_mean_3d_F3,delta,None,XGBoost,0.6533,0.5762,0.55,0.5671
F_de_3d_2area,theta,None,Ensemble (Majority Vote),0.7,0.6571,0.62,0.5671
F_de_3d_T8,beta,None,Linear SVM,0.5533,0.56,0.59,0.5671
F_de_3d_3area,delta,None,Logistic Regression,0.6067,0.6,0.58,0.5671
F_rasm_3d,all,None,XGBoost,1.0,0.9248,0.6,0.5671
F_mean_3d_T8,all,None,Linear SVM,0.6333,0.6019,0.58,0.5671
F_mean_3d_Fp1,alpha,None,Linear SVM,0.5067,0.5229,0.57,0.5671
F_mean_3d_Fp1,delta,None,XGBoost,0.66,0.619,0.6,0.5671
F_de_3d_F3,all,None,Logistic Regression,0.64,0.62,0.59,0.5671
F_de_3d,beta,norm3,Random Forest,0.88,0.8152,0.56,0.5671
F_dasm_3d,gamma,norm3,Random Forest,0.7867,0.719,0.6,0.5671
F_peak_3d_2area,theta,None,Linear SVM,0.5933,0.5686,0.55,0.5671
F_dasm_3d19,all,norm3,Linear SVM,0.9417,0.856,0.6125,0.5661
F_peak_3d19,beta,None,KNN,0.9833,0.919,0.5875,0.5661
F_rasm_3d19,beta,norm3,XGBoost,0.9417,0.831,0.575,0.5661
F_de_3d_F8,theta,None,Ensemble (Majority Vote),0.7,0.6371,0.58,0.5657
F_mean_3d_Fp1,alpha,None,Logistic Regression,0.5067,0.5248,0.57,0.5657
F_de_3d_F4,all,None,Random Forest,0.78,0.7171,0.62,0.5657
F_de_3d_T7,all,None,Linear SVM,0.66,0.6276,0.58,0.5657
F_de_3d_T8,beta,None,Ensemble (Majority Vote),0.68,0.6371,0.6,0.5657
F_mean_3d_C3,theta,None,Random Forest,0.6933,0.6314,0.61,0.5657
F_peak_3d_C3,beta,None,Linear SVM,0.5667,0.559,0.56,0.5657
F_peak_3d_F8,theta,None,Logistic Regression,0.58,0.5505,0.55,0.5657
F_mean_3d_F3,all,None,Ensemble (Majority Vote),0.8,0.7362,0.58,0.5657
F_rasm_3d,all,norm3,Ensemble (Majority Vote),0.9267,0.8152,0.64,0.5657
F_mean_3d_2area,alpha,None,Logistic Regression,0.5467,0.56,0.57,0.5657
F_dasm_3d_8rm,delta,None,Random Forest,0.74,0.6714,0.6,0.5657
F_peak_3d_F8,all,None,Logistic Regression,0.68,0.6295,0.57,0.5657
F_peak_3d_10rm,beta,None,Logistic Regression,0.6933,0.6762,0.57,0.5657
F_dasm_3d,gamma,norm3,XGBoost,0.8267,0.7362,0.61,0.5657
F_peak_3d_8rm,all,None,KNN,0.9933,0.9562,0.63,0.5657
F_rasm_3d_8rm,alpha,None,XGBoost,0.7867,0.681,0.6,0.5643
F_rasm_3d,beta,norm3,KNN,0.8533,0.719,0.62,0.5643
F_mean_3d_10rm,all,None,KNN,1.0,0.9467,0.58,0.5643
F_rasm_3d,all,None,Random Forest,0.9533,0.84,0.63,0.5643
F_peak_3d19,delta,None,Ensemble (Majority Vote),0.925,0.8536,0.575,0.5643
F_median_3d_Fz,theta,None,XGBoost,0.6467,0.6124,0.6,0.5643
F_de_3d_8rm,theta,None,Logistic Regression,0.64,0.6429,0.59,0.5643
F_peak_3d_10rm,gamma,norm3,XGBoost,0.94,0.8257,0.61,0.5643
F_de_3d19,beta,norm3,Ensemble (Majority Vote),0.9333,0.8607,0.5875,0.5643
F_median_3d_T8,beta,None,XGBoost,0.6467,0.6152,0.6,0.5643
F_dasm_3d_10rm,delta,norm3,Linear SVM,0.56,0.5581,0.58,0.5643
F_mean_3d_T8,alpha,None,Linear SVM,0.5533,0.5438,0.57,0.5643
F_peak_3d_8rm,beta,None,Random Forest,0.8133,0.76,0.6,0.5643
F_de_3d19,delta,None,Random Forest,0.8917,0.8155,0.55,0.5643
F_de_3d,beta,norm3,Ensemble (Majority Vote),0.9,0.8257,0.58,0.5643
F_rasm_3d_8rm,alpha,None,Ensemble (Majority Vote),0.8067,0.68,0.63,0.5643
F_rasm_3d_8rm,all,None,XGBoost,0.9933,0.8543,0.62,0.5643
F_peak_3d_10rm,beta,None,Ensemble (Majority Vote),0.8467,0.8019,0.56,0.5643
F_mean_3d_Fz,all,None,Random Forest,0.7933,0.7362,0.6,0.5643
F_dasm_3d19,gamma,norm3,Random Forest,0.825,0.781,0.575,0.5643
F_de_3d_8rm,beta,None,Linear SVM,0.66,0.6505,0.55,0.5643
F_de_3d_T8,gamma,None,Ensemble (Majority Vote),0.68,0.621,0.56,0.5643
F_peak_3d_F3,delta,None,Logistic Regression,0.5133,0.5143,0.6,0.5643
F_peak_3d_1area,all,norm3,Logistic Regression,0.6267,0.6133,0.6,0.5643
F_peak_3d_3area,all,norm3,Logistic Regression,0.7667,0.7286,0.58,0.5643
F_peak_3d19,gamma,norm3,Ensemble (Majority Vote),0.9583,0.8655,0.575,0.5643
F_mean_3d19,all,None,XGBoost,0.9917,0.975,0.575,0.5643
F_rasm_3d_8rm,all,None,Ensemble (Majority Vote),0.9333,0.7848,0.63,0.5643
F_dasm_3d_8rm,gamma,None,Linear SVM,0.56,0.5619,0.58,0.5629
F_de_3d_F4,beta,None,XGBoost,0.6333,0.621,0.6,0.5629
F_mean_3d_8rm,all,None,KNN,1.0,0.9457,0.56,0.5629
F_peak_3d,beta,None,Random Forest,0.8533,0.7924,0.58,0.5629
F_peak_3d_F8,theta,None,Linear SVM,0.5867,0.5543,0.55,0.5629
F_peak_3d_1area,all,None,Linear SVM,0.62,0.6095,0.59,0.5629
F_de_3d_10rm,beta,norm3,KNN,0.9533,0.8638,0.62,0.5629
F_peak_3d_10rm,all,None,Logistic Regression,0.9133,0.8638,0.6,0.5629
F_de_3d_3area,theta,None,Logistic Regression,0.5467,0.5562,0.62,0.5629
F_median_3d_8rm,delta,None,KNN,0.9667,0.8476,0.54,0.5629
F_de_3d_2area,all,None,Random Forest,0.86,0.7724,0.58,0.5629
F_peak_3d_8rm,all,norm3,Linear SVM,0.98,0.8819,0.54,0.5629
F_rasm_3d_8rm,alpha,None,Random Forest,0.7667,0.6781,0.6,0.5629
F_peak_3d_C3,beta,None,Logistic Regression,0.5667,0.5619,0.57,0.5629
F_median_3d_10rm,beta,None,Random Forest,0.8667,0.7886,0.56,0.5629
F_peak_3d_2area,beta,None,Linear SVM,0.5867,0.5838,0.55,0.5629
F_peak_3d_2area,beta,None,Logistic Regression,0.5733,0.5695,0.56,0.5629
F_peak_3d,all,None,Random Forest,0.9267,0.8971,0.56,0.5629
F_mean_3d_8rm,alpha,None,Ensemble (Majority Vote),0.8133,0.7695,0.56,0.5629
F_median_3d_T8,beta,None,Random Forest,0.6733,0.6238,0.6,0.5629
F_mean_3d_F4,gamma,None,Ensemble (Majority Vote),0.72,0.6552,0.56,0.5629
F_de_3d_8rm,theta,norm3,Random Forest,0.7933,0.7267,0.62,0.5629
F_mean_3d_10rm,beta,norm3,XGBoost,0.9133,0.8333,0.61,0.5629
F_peak_3d,all,None,KNN,0.9933,0.9629,0.57,0.5629
F_de_3d19,all,None,Linear SVM,1.0,0.9714,0.55,0.5625
F_dasm_3d19,delta,norm3,Logistic Regression,0.6833,0.6607,0.55,0.5625
F_mean_3d_8rm,theta,None,Logistic Regression,0.6467,0.6267,0.58,0.5614
F_mean_3d_2area,alpha,None,Linear SVM,0.56,0.559,0.58,0.5614
F_mean_3d_F3,all,None,Random Forest,0.8,0.739,0.59,0.5614
F_median_3d_T8,all,None,Linear SVM,0.6333,0.6229,0.58,0.5614
F_peak_3d_2area,all,None,Linear SVM,0.7133,0.6857,0.59,0.5614
F_mean_3d_Fp1,all,None,KNN,0.92,0.7943,0.57,0.5614
F_dasm_3d,delta,norm3,Random Forest,0.8133,0.7267,0.6,0.5614
F_rasm_3d_8rm,all,None,Random Forest,0.9333,0.8067,0.63,0.5614
F_mean_3d_F8,theta,None,Ensemble (Majority Vote),0.6667,0.6352,0.58,0.5614
F_peak_3d_3area,beta,norm3,Random Forest,0.7,0.6629,0.56,0.5614
F_mean_3d_8rm,beta,None,XGBoost,0.9067,0.801,0.6,0.5614
F_median_3d_F4,all,None,Logistic Regression,0.6333,0.6162,0.55,0.5614
F_mean_3d_2area,all,None,Logistic Regression,0.66,0.62,0.55,0.5614
F_de_3d_F3,delta,None,XGBoost,0.64,0.601,0.57,0.5614
F_de_3d_Fp1,alpha,None,Linear SVM,0.52,0.5152,0.6,0.5614
F_peak_3d_F3,delta,None,Linear SVM,0.5133,0.5152,0.59,0.5614
F_rasm_3d,alpha,None,Ensemble (Majority Vote),0.8133,0.6886,0.6,0.5614
F_median_3d_F3,all,None,XGBoost,0.86,0.7638,0.61,0.5614
F_mean_3d_F4,beta,None,Logistic Regression,0.5933,0.5619,0.55,0.5614
F_de_3d_T8,all,None,Random Forest,0.7733,0.7124,0.57,0.5614
F_de_3d_T8,gamma,None,Random Forest,0.66,0.6038,0.58,0.5614
F_de_3d19,gamma,None,KNN,0.9667,0.9226,0.55,0.5607
F_median_3d19,gamma,norm3,Ensemble (Majority Vote),0.9583,0.8869,0.575,0.5607
F_de_3d_T7,gamma,None,Linear SVM,0.5467,0.5314,0.59,0.56
F_median_3d_F3,beta,None,Random Forest,0.7067,0.6248,0.58,0.56
F_median_3d_F4,all,None,Ensemble (Majority Vote),0.8067,0.739,0.56,0.56
F_peak_3d_F4,beta,None,Ensemble (Majority Vote),0.6467,0.6429,0.56,0.56
F_dasm_3d_8rm,delta,None,XGBoost,0.7467,0.6676,0.57,0.56
F_median_3d_3area,alpha,None,Random Forest,0.74,0.6905,0.57,0.56
F_dasm_3d_8rm,all,norm3,Linear SVM,0.7933,0.7343,0.59,0.56
F_median_3d_1area,alpha,None,XGBoost,0.6,0.5914,0.56,0.56
F_median_3d_3area,all,None,Logistic Regression,0.7,0.6571,0.57,0.56
F_peak_3d,delta,None,Random Forest,0.8267,0.7743,0.58,0.56
F_de_3d_10rm,delta,None,Random Forest,0.8333,0.7724,0.56,0.56
F_de_3d_T8,beta,None,XGBoost,0.64,0.6019,0.59,0.56
F_de_3d_3area,all,None,Ensemble (Majority Vote),0.8867,0.8343,0.57,0.56
F_dasm_3d,gamma,norm3,Logistic Regression,0.62,0.6,0.55,0.56
F_mean_3d_8rm,delta,None,Linear SVM,0.6867,0.6629,0.56,0.56
F_de_3d_1area,all,None,Logistic Regression,0.6067,0.5981,0.59,0.56
F_mean_3d_F3,all,None,Logistic Regression,0.5933,0.6,0.56,0.56
F_mean_3d,alpha,None,Logistic Regression,0.7067,0.6838,0.58,0.56
F_mean_3d_8rm,alpha,None,Logistic Regression,0.6867,0.6657,0.58,0.56
F_peak_3d_2area,theta,None,Logistic Regression,0.5733,0.5562,0.53,0.56
F_dasm_3d_10rm,delta,norm3,KNN,0.8667,0.7286,0.59,0.56
F_peak_3d_3area,all,None,KNN,0.9667,0.8876,0.58,0.56
F_de_3d_T7,gamma,None,KNN,0.8467,0.7086,0.64,0.56
F_rasm_3d19,alpha,None,Linear SVM,0.6333,0.5524,0.6,0.5589
F_median_3d19,gamma,None,KNN,0.9833,0.9393,0.575,0.5589
F_rasm_3d19,alpha,None,Logistic Regression,0.675,0.5583,0.6125,0.5589
F_peak_3d19,delta,None,XGBoost,0.925,0.8643,0.575,0.5589
F_dasm_3d,beta,None,Logistic Regression,0.6333,0.5971,0.58,0.5586
F_mean_3d_F4,gamma,None,Logistic Regression,0.5533,0.5467,0.63,0.5586
F_median_3d_T8,beta,None,Ensemble (Majority Vote),0.6933,0.639,0.58,0.5586
F_de_3d_8rm,beta,None,XGBoost,0.88,0.8076,0.54,0.5586
F_peak_3d_F7,all,norm3,Linear SVM,0.6933,0.6352,0.59,0.5586
F_dasm_3d_8rm,all,None,Linear SVM,0.7667,0.7067,0.57,0.5586
F_dasm_3d_10rm,delta,norm3,Logistic Regression,0.56,0.561,0.59,0.5586
F_median_3d_F4,all,None,Random Forest,0.8333,0.7438,0.57,0.5586
F_de_3d_3area,beta,norm3,Linear SVM,0.5667,0.56,0.58,0.5586
F_median_3d_F8,all,None,Logistic Regression,0.6267,0.6229,0.55,0.5586
F_mean_3d_8rm,theta,norm3,Logistic Regression,0.68,0.64,0.55,0.5586
F_peak_3d_8rm,all,None,Ensemble (Majority Vote),0.9667,0.9295,0.56,0.5586
F_mean_3d_2area,all,None,Ensemble (Majority Vote),0.84,0.7867,0.57,0.5586
F_median_3d_1area,alpha,None,Logistic Regression,0.5533,0.559,0.55,0.5586
F_mean_3d_Fz,all,norm3,Random Forest,0.82,0.7362,0.57,0.5586
F_mean_3d_Fz,all,norm3,XGBoost,0.84,0.7248,0.62,0.5586
F_peak_3d_F8,all,None,Linear SVM,0.6867,0.6295,0.59,0.5586
F_mean_3d,all,None,KNN,0.9933,0.9476,0.56,0.5586
F_de_3d,beta,None,Linear SVM,0.7667,0.7076,0.57,0.5586
F_de_3d,beta,norm3,Linear SVM,0.7667,0.7171,0.57,0.5586
F_peak_3d_8rm,all,norm3,Ensemble (Majority Vote),0.9867,0.9467,0.57,0.5586
F_peak_3d_10rm,all,None,Ensemble (Majority Vote),0.98,0.961,0.6,0.5586
F_dasm_3d_8rm,gamma,None,Logistic Regression,0.5733,0.5571,0.59,0.5586
F_mean_3d_F8,alpha,None,Linear SVM,0.58,0.5467,0.58,0.5586
F_mean_3d_10rm,theta,norm3,KNN,0.9733,0.8438,0.6,0.5586
F_de_3d,beta,norm3,Logistic Regression,0.76,0.7095,0.55,0.5571
F_rasm_3d_10rm,all,None,Random Forest,0.96,0.8295,0.63,0.5571
F_de_3d_F3,all,norm3,Logistic Regression,0.6133,0.601,0.58,0.5571
F_peak_3d_10rm,all,norm3,Random Forest,0.96,0.9152,0.56,0.5571
F_peak_3d_8rm,delta,None,Random Forest,0.8467,0.7514,0.6,0.5571
F_median_3d_1area,alpha,None,Linear SVM,0.5467,0.5581,0.56,0.5571
F_dasm_3d,gamma,norm3,Linear SVM,0.6133,0.6,0.55,0.5571
F_mean_3d_F8,theta,None,Random Forest,0.6533,0.6143,0.57,0.5571
F_mean_3d_F4,gamma,None,Linear SVM,0.56,0.5467,0.63,0.5571
F_peak_3d_10rm,beta,None,Linear SVM,0.7,0.6981,0.55,0.5571
F_median_3d_2area,theta,None,Linear SVM,0.5467,0.5829,0.57,0.5571
F_mean_3d_F8,alpha,None,Logistic Regression,0.5733,0.5448,0.57,0.5571
F_dasm_3d19,gamma,None,Logistic Regression,0.6833,0.656,0.5875,0.5571
F_peak_3d19,delta,None,Logistic Regression,0.75,0.7333,0.575,0.5571
F_peak_3d_F4,beta,None,Random Forest,0.6867,0.64,0.56,0.5571
F_mean_3d_10rm,beta,None,Random Forest,0.84,0.7829,0.58,0.5571
F_de_3d_T8,alpha,None,Linear SVM,0.56,0.5505,0.54,0.5571
F_de_3d_T8,gamma,None,XGBoost,0.64,0.599,0.55,0.5571
F_median_3d_F3,all,None,Random Forest,0.8467,0.7486,0.58,0.5571
F_median_3d_T8,alpha,None,Logistic Regression,0.5733,0.5629,0.6,0.5571
F_mean_3d_T8,all,None,Logistic Regression,0.6333,0.6114,0.54,0.5571
F_de_3d_2area,delta,None,Random Forest,0.7,0.6562,0.55,0.5571
F_median_3d_T8,alpha,None,Linear SVM,0.56,0.5581,0.59,0.5571
F_median_3d_T8,all,None,Logistic Regression,0.6333,0.62,0.58,0.5571
F_de_3d_10rm,delta,None,Ensemble (Majority Vote),0.8667,0.8019,0.59,0.5571
F_de_3d_F4,alpha,None,Linear SVM,0.54,0.5419,0.6,0.5571
F_de_3d_Fp1,alpha,None,Logistic Regression,0.52,0.5162,0.59,0.5571
F_median_3d_F4,all,None,XGBoost,0.82,0.7371,0.59,0.5571
F_median_3d_T7,gamma,None,Linear SVM,0.52,0.5114,0.56,0.5571
F_peak_3d_8rm,beta,None,Logistic Regression,0.6933,0.6648,0.57,0.5571
F_mean_3d_2area,all,None,Random Forest,0.82,0.7686,0.59,0.5571
F_dasm_3d,gamma,norm3,Ensemble (Majority Vote),0.74,0.7048,0.54,0.5557
F_median_3d_F3,all,None,Ensemble (Majority Vote),0.8,0.7514,0.56,0.5557
F_de_3d_T7,gamma,None,Logistic Regression,0.5533,0.5305,0.59,0.5557
F_peak_3d_F4,beta,None,KNN,0.8333,0.7067,0.62,0.5557
F_mean_3d,beta,norm3,Random Forest,0.86,0.799,0.55,0.5557
F_median_3d_8rm,delta,None,XGBoost,0.8667,0.7676,0.55,0.5557
F_median_3d_8rm,delta,None,Ensemble (Majority Vote),0.8133,0.7714,0.54,0.5557
F_dasm_3d_8rm,all,norm3,Logistic Regression,0.7667,0.7152,0.57,0.5557
F_median_3d_8rm,beta,None,Random Forest,0.8533,0.7562,0.55,0.5557
F_mean_3d,delta,None,Linear SVM,0.78,0.7095,0.58,0.5557
F_median_3d_2area,theta,norm3,Ensemble (Majority Vote),0.7,0.6438,0.63,0.5557
F_mean_3d_F3,beta,None,Random Forest,0.7067,0.6276,0.53,0.5557
F_mean_3d_8rm,theta,norm3,KNN,0.9333,0.801,0.6,0.5557
F_mean_3d,gamma,None,Logistic Regression,0.66,0.6381,0.6,0.5557
F_median_3d_F8,alpha,None,Linear SVM,0.5267,0.539,0.55,0.5557
F_peak_3d_3area,beta,norm3,Ensemble (Majority Vote),0.7267,0.659,0.59,0.5557
F_de_3d_T8,alpha,None,Logistic Regression,0.58,0.5543,0.54,0.5557
F_peak_3d_1area,alpha,None,Logistic Regression,0.5467,0.5552,0.55,0.5557
F_de_3d_3area,all,None,Linear SVM,0.7533,0.7219,0.6,0.5557
F_peak_3d_10rm,gamma,norm3,Random Forest,0.8867,0.7819,0.56,0.5557
F_peak_3d_2area,alpha,None,Logistic Regression,0.54,0.559,0.59,0.5557
F_peak_3d,gamma,None,Logistic Regression,0.72,0.68,0.56,0.5557
F_peak_3d,beta,None,Logistic Regression,0.7067,0.6848,0.53,0.5557
F_mean_3d_1area,all,None,Linear SVM,0.64,0.619,0.56,0.5557
F_rasm_3d,beta,None,Random Forest,0.8867,0.7314,0.61,0.5557
F_de_3d_Fz,all,None,XGBoost,0.8267,0.7457,0.59,0.5557
F_dasm_3d_10rm,delta,norm3,Random Forest,0.7933,0.7152,0.57,0.5557
F_peak_3d_1area,all,None,Ensemble (Majority Vote),0.7733,0.7248,0.57,0.5557
F_mean_3d_10rm,alpha,None,Random Forest,0.84,0.7571,0.59,0.5557
F_median_3d_T7,gamma,None,Logistic Regression,0.52,0.5114,0.56,0.5557
F_peak_3d_2area,alpha,None,Linear SVM,0.54,0.5514,0.63,0.5557
F_mean_3d_2area,theta,None,Random Forest,0.7267,0.6695,0.59,0.5557
F_de_3d_Fz,theta,None,KNN,0.84,0.7114,0.58,0.5557
F_median_3d_C4,gamma,None,Linear SVM,0.58,0.5705,0.59,0.5557
F_de_3d,delta,norm3,Ensemble (Majority Vote),0.8867,0.8143,0.57,0.5557
F_dasm_3d,delta,None,Logistic Regression,0.56,0.5676,0.6,0.5557
F_median_3d_1area,alpha,None,Random Forest,0.6667,0.6229,0.56,0.5557
F_peak_3d19,delta,norm3,Random Forest,0.9167,0.8262,0.5625,0.5554
F_peak_3d19,beta,None,Ensemble (Majority Vote),0.9,0.8345,0.6125,0.5554
F_de_3d19,beta,norm3,Random Forest,0.9333,0.8226,0.5625,0.5554
F_mean_3d_2area,all,norm3,Linear SVM,0.6933,0.6762,0.52,0.5543
F_median_3d_Fp1,delta,None,Random Forest,0.7,0.641,0.54,0.5543
F_peak_3d_F7,all,norm3,Logistic Regression,0.6533,0.6152,0.58,0.5543
F_peak_3d_T7,delta,None,XGBoost,0.6533,0.6286,0.52,0.5543
F_median_3d,beta,None,Random Forest,0.88,0.8029,0.59,0.5543
F_mean_3d,beta,None,XGBoost,0.9467,0.8562,0.56,0.5543
F_de_3d_T8,beta,None,Random Forest,0.68,0.6314,0.57,0.5543
F_de_3d_8rm,theta,norm3,Logistic Regression,0.6267,0.6181,0.6,0.5543
F_median_3d_F3,delta,None,Logistic Regression,0.5333,0.5448,0.56,0.5543
F_median_3d_F3,delta,None,Linear SVM,0.54,0.5467,0.56,0.5543
F_dasm_3d_8rm,delta,norm3,Random Forest,0.7267,0.6733,0.57,0.5543
F_dasm_3d_3area,beta,None,KNN,0.8733,0.7114,0.59,0.5543
F_mean_3d_Fz,beta,None,XGBoost,0.64,0.6114,0.62,0.5543
F_dasm_3d_8rm,delta,norm3,XGBoost,0.68,0.6438,0.54,0.5543
F_mean_3d_T8,beta,None,KNN,0.8,0.6895,0.62,0.5543
F_mean_3d_Fz,theta,None,XGBoost,0.62,0.5886,0.6,0.5543
F_de_3d_10rm,beta,norm3,Logistic Regression,0.72,0.679,0.57,0.5543
F_median_3d_2area,alpha,None,Ensemble (Majority Vote),0.6933,0.6457,0.56,0.5543
F_de_3d_8rm,delta,None,Linear SVM,0.6733,0.6505,0.57,0.5543
F_dasm_3d,gamma,None,Logistic Regression,0.64,0.6038,0.58,0.5543
F_mean_3d_T7,gamma,None,Logistic Regression,0.52,0.5314,0.6,0.5543
F_mean_3d_T7,gamma,None,Linear SVM,0.52,0.5324,0.6,0.5543
F_dasm_3d_3area,delta,None,Ensemble (Majority Vote),0.66,0.6248,0.6,0.5543
F_peak_3d_2area,beta,None,Ensemble (Majority Vote),0.6667,0.6552,0.56,0.5543
F_de_3d,delta,norm2,KNN,0.88,0.7181,0.6,0.5543
F_de_3d_F7,delta,None,Ensemble (Majority Vote),0.68,0.6048,0.6,0.5543
F_peak_3d_3area,delta,None,Ensemble (Majority Vote),0.6933,0.6886,0.59,0.5543
F_peak_3d_3area,beta,norm3,XGBoost,0.7467,0.6619,0.54,0.5543
F_peak_3d_F8,gamma,None,Ensemble (Majority Vote),0.6867,0.6305,0.54,0.5543
F_median_3d_Fz,all,None,Ensemble (Majority Vote),0.8067,0.739,0.53,0.5543
F_mean_3d_F4,beta,None,Linear SVM,0.58,0.5619,0.55,0.5543
F_median_3d_F8,gamma,None,Logistic Regression,0.46,0.48,0.58,0.5543
F_median_3d_F8,alpha,None,Logistic Regression,0.5133,0.5352,0.55,0.5543
F_peak_3d_F7,all,norm3,Ensemble (Majority Vote),0.82,0.7229,0.59,0.5543
F_dasm_3d_10rm,beta,None,Linear SVM,0.56,0.5695,0.58,0.5543
F_dasm_3d,beta,None,Random Forest,0.8333,0.7352,0.54,0.5543
F_mean_3d_F4,all,None,Ensemble (Majority Vote),0.7933,0.7219,0.59,0.5543
F_median_3d_Fz,all,norm3,Linear SVM,0.6467,0.6029,0.57,0.5543
F_median_3d_2area,all,None,XGBoost,0.9,0.8171,0.56,0.5543
F_median_3d_Fz,all,norm3,Logistic Regression,0.6333,0.599,0.56,0.5543
F_median_3d_C4,gamma,None,Logistic Regression,0.58,0.5733,0.59,0.5543
F_median_3d_Fz,gamma,None,Logistic Regression,0.5467,0.5114,0.54,0.5543
F_mean_3d_10rm,alpha,None,Logistic Regression,0.7,0.6781,0.55,0.5543
F_de_3d_8rm,beta,None,KNN,0.9667,0.8667,0.55,0.5543
F_de_3d,all,norm3,KNN,1.0,0.9362,0.59,0.5543
F_dasm_3d19,theta,norm3,Random Forest,0.8333,0.7631,0.5375,0.5536
F_peak_3d19,gamma,norm3,XGBoost,0.9917,0.906,0.55,0.5536
F_de_3d19,gamma,norm3,XGBoost,0.9833,0.9095,0.575,0.5536
F_peak_3d19,theta,None,Logistic Regression,0.7917,0.7321,0.5625,0.5536
F_de_3d_2area,all,None,Logistic Regression,0.64,0.6381,0.55,0.5529
F_de_3d_F4,alpha,None,Logistic Regression,0.54,0.5429,0.59,0.5529
F_de_3d_F3,delta,None,Random Forest,0.66,0.6143,0.56,0.5529
F_median_3d_Fp2,alpha,None,XGBoost,0.6067,0.5895,0.62,0.5529
F_de_3d,all,None,Random Forest,0.9067,0.8895,0.57,0.5529
F_median_3d_T8,theta,None,Linear SVM,0.54,0.5257,0.56,0.5529
F_mean_3d_10rm,beta,None,Ensemble (Majority Vote),0.8533,0.799,0.57,0.5529
F_median_3d_F8,gamma,None,Linear SVM,0.46,0.48,0.58,0.5529
F_peak_3d,alpha,None,Ensemble (Majority Vote),0.88,0.821,0.64,0.5529
F_peak_3d_F8,theta,None,Ensemble (Majority Vote),0.6733,0.621,0.59,0.5529
F_mean_3d,alpha,None,Ensemble (Majority Vote),0.88,0.8067,0.55,0.5529
F_mean_3d_10rm,beta,None,XGBoost,0.9067,0.8181,0.62,0.5529
F_peak_3d_F8,all,None,KNN,0.9,0.7819,0.58,0.5529
F_mean_3d_8rm,beta,None,Ensemble (Majority Vote),0.8133,0.7819,0.58,0.5529
F_peak_3d_1area,alpha,None,Linear SVM,0.5533,0.5543,0.55,0.5529
F_dasm_3d_10rm,beta,None,Random Forest,0.84,0.7229,0.57,0.5529
F_de_3d_8rm,all,norm3,Linear SVM,0.9733,0.8876,0.56,0.5529
F_dasm_3d_10rm,beta,None,XGBoost,0.7733,0.7114,0.58,0.5529
F_mean_3d_F8,gamma,None,Linear SVM,0.48,0.5114,0.57,0.5529
F_de_3d_3area,all,None,Random Forest,0.88,0.7971,0.56,0.5529
F_de_3d_3area,beta,norm3,Logistic Regression,0.56,0.5581,0.58,0.5529
F_de_3d_T7,alpha,None,Logistic Regression,0.6,0.5848,0.55,0.5529
F_de_3d_8rm,all,None,KNN,0.9867,0.9257,0.58,0.5529
F_median_3d,gamma,None,Logistic Regression,0.6867,0.6638,0.61,0.5529
F_dasm_3d_8rm,all,None,Ensemble (Majority Vote),0.92,0.8467,0.53,0.5529
F_rasm_3d,all,norm2,Random Forest,0.9933,0.8714,0.59,0.5529
F_de_3d_Fp2,all,None,KNN,0.9067,0.7771,0.55,0.5529
F_peak_3d_Fz,beta,None,Random Forest,0.6667,0.6295,0.59,0.5529
F_dasm_3d_8rm,delta,None,Linear SVM,0.5533,0.5533,0.59,0.5529
F_peak_3d19,delta,None,Random Forest,0.8583,0.7798,0.5625,0.5518
F_dasm_3d19,all,norm3,Ensemble (Majority Vote),0.9833,0.9476,0.55,0.5518
F_dasm_3d19,all,norm3,XGBoost,1.0,0.9726,0.5625,0.5518
F_dasm_3d19,delta,norm3,KNN,0.95,0.8405,0.6,0.5518
F_dasm_3d19,beta,None,Linear SVM,0.6417,0.6095,0.575,0.5518
F_de_3d19,beta,norm3,Linear SVM,0.7917,0.7179,0.55,0.5518
F_dasm_3d19,beta,norm3,Linear SVM,0.6917,0.6167,0.575,0.5518
F_de_3d19,all,None,Logistic Regression,0.975,0.8976,0.5625,0.5518
F_de_3d19,delta,None,Ensemble (Majority Vote),0.9167,0.8524,0.5625,0.5518
F_peak_3d_2area,all,None,Ensemble (Majority Vote),0.86,0.78,0.61,0.5514
F_dasm_3d,delta,None,Linear SVM,0.58,0.5762,0.58,0.5514
F_peak_3d_Fz,alpha,None,Ensemble (Majority Vote),0.6733,0.6133,0.54,0.5514
F_mean_3d_F4,gamma,None,XGBoost,0.6133,0.6114,0.6,0.5514
F_peak_3d_3area,delta,None,Logistic Regression,0.6067,0.5886,0.55,0.5514
F_dasm_3d_8rm,all,norm3,Ensemble (Majority Vote),0.8933,0.839,0.54,0.5514
F_dasm_3d,all,None,Random Forest,0.9333,0.8581,0.55,0.5514
F_de_3d_2area,alpha,None,Logistic Regression,0.5333,0.561,0.57,0.5514
F_de_3d_2area,alpha,None,Linear SVM,0.5267,0.5648,0.57,0.5514
F_dasm_3d,gamma,None,XGBoost,0.82,0.739,0.53,0.5514
F_mean_3d_2area,delta,None,Random Forest,0.7267,0.6638,0.55,0.5514
F_peak_3d_F8,all,norm3,Logistic Regression,0.62,0.6105,0.56,0.5514
F_mean_3d_Fp2,beta,None,Random Forest,0.66,0.62,0.56,0.5514
F_rasm_3d_8rm,alpha,norm2,KNN,0.8667,0.7114,0.6,0.5514
F_mean_3d_3area,all,None,KNN,0.9867,0.8905,0.6,0.5514
F_median_3d_Fz,theta,None,Random Forest,0.7,0.6229,0.61,0.5514
F_peak_3d_1area,theta,None,Linear SVM,0.5733,0.5543,0.57,0.5514
F_mean_3d_F8,gamma,None,Logistic Regression,0.48,0.5114,0.57,0.5514
F_peak_3d_T7,all,None,Ensemble (Majority Vote),0.76,0.7267,0.56,0.5514
F_rasm_3d_10rm,alpha,None,Ensemble (Majority Vote),0.82,0.6838,0.58,0.5514
F_mean_3d_10rm,alpha,None,Ensemble (Majority Vote),0.8267,0.7771,0.57,0.5514
F_de_3d_F8,theta,None,Random Forest,0.7267,0.6362,0.58,0.5514
F_rasm_3d_10rm,all,norm3,Linear SVM,0.6867,0.5971,0.57,0.5514
F_de_3d_2area,gamma,None,Random Forest,0.7333,0.6467,0.6,0.5514
F_mean_3d,beta,None,Logistic Regression,0.6867,0.66,0.52,0.5514
F_peak_3d_C4,theta,None,Ensemble (Majority Vote),0.6667,0.6133,0.55,0.5514
F_rasm_3d_10rm,alpha,None,XGBoost,0.84,0.7067,0.55,0.5514
F_mean_3d_C4,gamma,None,Linear SVM,0.5467,0.56,0.6,0.5514
F_peak_3d_C4,theta,None,XGBoost,0.6267,0.5933,0.56,0.5514
F_peak_3d_3area,alpha,None,Logistic Regression,0.5667,0.5676,0.57,0.5514
F_peak_3d_F7,all,None,Logistic Regression,0.72,0.6524,0.57,0.5514
F_de_3d_2area,beta,norm3,Linear SVM,0.5933,0.5562,0.56,0.5514
F_median_3d_3area,alpha,None,Ensemble (Majority Vote),0.7333,0.6867,0.56,0.5514
F_median_3d_F3,beta,None,XGBoost,0.7,0.6152,0.58,0.5514
F_median_3d_3area,alpha,None,Logistic Regression,0.58,0.5762,0.55,0.5514
F_rasm_3d_10rm,alpha,None,Random Forest,0.7933,0.6981,0.59,0.5514
F_peak_3d_10rm,delta,norm2,KNN,0.8667,0.7019,0.62,0.55
F_mean_3d_F3,all,None,XGBoost,0.8267,0.7362,0.53,0.55
F_median_3d_10rm,alpha,None,Ensemble (Majority Vote),0.8467,0.8029,0.57,0.55
F_mean_3d_2area,theta,None,XGBoost,0.6533,0.6457,0.59,0.55
F_median_3d_10rm,alpha,None,Logistic Regression,0.74,0.681,0.53,0.55
F_peak_3d_10rm,all,None,Random Forest,0.9333,0.8943,0.55,0.55
F_peak_3d_8rm,all,norm3,Logistic Regression,0.9467,0.861,0.56,0.55
F_de_3d,delta,norm3,Random Forest,0.8667,0.7829,0.58,0.55
F_peak_3d_T7,theta,None,Ensemble (Majority Vote),0.7133,0.641,0.49,0.55
F_de_3d,gamma,None,XGBoost,0.9133,0.8343,0.57,0.55
F_de_3d_3area,delta,None,KNN,0.88,0.761,0.57,0.55
F_de_3d_8rm,theta,norm3,Ensemble (Majority Vote),0.7867,0.7314,0.57,0.55
F_de_3d_3area,delta,None,Linear SVM,0.5933,0.5971,0.58,0.55
F_dasm_3d_8rm,delta,None,KNN,0.8867,0.7267,0.6,0.55
F_median_3d_F8,alpha,None,Ensemble (Majority Vote),0.7133,0.661,0.55,0.55
F_mean_3d_Fz,all,None,KNN,0.9133,0.8019,0.57,0.55
F_peak_3d_1area,theta,None,Logistic Regression,0.5733,0.5543,0.57,0.55
F_dasm_3d19,delta,None,Logistic Regression,0.6583,0.6536,0.5875,0.55
F_median_3d_F3,all,None,Linear SVM,0.6533,0.6238,0.54,0.55
F_de_3d19,beta,norm3,XGBoost,0.9667,0.8952,0.6,0.55
F_dasm_3d_10rm,delta,None,Logistic Regression,0.5667,0.5657,0.57,0.55
F_de_3d_3area,beta,None,Linear SVM,0.62,0.601,0.55,0.55
F_mean_3d_C4,gamma,None,Logistic Regression,0.54,0.5581,0.59,0.55
F_dasm_3d19,all,norm3,Logistic Regression,0.9333,0.8369,0.575,0.55
F_median_3d_T8,theta,None,Logistic Regression,0.5467,0.5267,0.55,0.55
F_mean_3d19,delta,None,Logistic Regression,0.7917,0.7298,0.5,0.55
F_peak_3d_F7,all,None,Ensemble (Majority Vote),0.8133,0.74,0.54,0.55
F_peak_3d19,gamma,None,Linear SVM,0.875,0.7536,0.5125,0.55
F_de_3d_F4,alpha,None,Ensemble (Majority Vote),0.7067,0.6486,0.61,0.55
F_peak_3d_T8,beta,None,Linear SVM,0.5133,0.5162,0.57,0.55
F_mean_3d_T7,all,None,Linear SVM,0.6933,0.6467,0.53,0.55
F_de_3d_F3,all,None,Ensemble (Majority Vote),0.84,0.7448,0.53,0.55
F_de_3d_2area,beta,None,Linear SVM,0.54,0.559,0.58,0.55
F_de_3d_10rm,beta,norm3,Linear SVM,0.74,0.679,0.52,0.55
F_mean_3d_8rm,delta,None,Ensemble (Majority Vote),0.84,0.7714,0.53,0.55
F_mean_3d19,beta,norm3,Ensemble (Majority Vote),0.925,0.8655,0.575,0.55
F_peak_3d_8rm,beta,None,Linear SVM,0.6933,0.68,0.53,0.55
F_median_3d_2area,theta,None,Ensemble (Majority Vote),0.6933,0.6648,0.54,0.55
F_peak_3d_F7,all,None,Linear SVM,0.7,0.6514,0.55,0.55
F_median_3d_T8,all,None,Ensemble (Majority Vote),0.7467,0.7286,0.56,0.55
F_dasm_3d_8rm,all,None,Random Forest,0.8933,0.8295,0.56,0.55
F_de_3d_T7,alpha,None,Linear SVM,0.6,0.5857,0.55,0.55
F_de_3d_10rm,alpha,None,Logistic Regression,0.7133,0.6705,0.55,0.55
F_mean_3d_2area,alpha,None,Ensemble (Majority Vote),0.74,0.6505,0.58,0.55
F_mean_3d_C3,theta,None,XGBoost,0.6533,0.6171,0.6,0.55
F_peak_3d_3area,all,None,Random Forest,0.8533,0.7962,0.54,0.55
F_dasm_3d19,gamma,None,Linear SVM,0.7,0.6595,0.5625,0.55
F_dasm_3d19,beta,None,Logistic Regression,0.6333,0.6095,0.5125,0.55
F_de_3d_10rm,beta,norm3,Ensemble (Majority Vote),0.8667,0.7905,0.58,0.5486
F_median_3d,beta,None,Logistic Regression,0.7133,0.6838,0.54,0.5486
F_peak_3d_F4,all,None,Ensemble (Majority Vote),0.76,0.7171,0.57,0.5486
F_peak_3d_8rm,beta,None,XGBoost,0.8867,0.7905,0.59,0.5486
F_peak_3d_T7,theta,None,KNN,0.8467,0.7048,0.54,0.5486
F_peak_3d_T8,alpha,None,Logistic Regression,0.5533,0.5505,0.57,0.5486
F_peak_3d_F3,beta,None,Random Forest,0.6333,0.6162,0.56,0.5486
F_peak_3d,all,norm3,Random Forest,0.96,0.9181,0.55,0.5486
F_peak_3d,all,None,Ensemble (Majority Vote),0.9933,0.9676,0.58,0.5486
F_mean_3d_2area,all,None,XGBoost,0.9267,0.8114,0.56,0.5486
F_dasm_3d_8rm,delta,norm3,Ensemble (Majority Vote),0.7,0.6467,0.56,0.5486
F_rasm_3d,all,norm3,XGBoost,0.98,0.941,0.56,0.5486
F_de_3d_2area,theta,None,Random Forest,0.6933,0.6438,0.62,0.5486
F_mean_3d_3area,all,None,Logistic Regression,0.6733,0.6495,0.56,0.5486
F_de_3d,delta,norm3,Logistic Regression,0.7267,0.6924,0.57,0.5486
F_de_3d_T8,all,None,Ensemble (Majority Vote),0.7933,0.7286,0.56,0.5486
F_median_3d_2area,theta,None,Random Forest,0.7333,0.6676,0.53,0.5486
F_mean_3d_F4,gamma,None,Random Forest,0.6667,0.6219,0.57,0.5486
F_peak_3d_3area,theta,None,Linear SVM,0.62,0.5905,0.54,0.5486
F_mean_3d_F3,gamma,None,Logistic Regression,0.5467,0.5429,0.57,0.5486
F_de_3d,beta,norm3,KNN,0.9667,0.8676,0.61,0.5486
F_dasm_3d_8rm,all,None,Logistic Regression,0.7,0.6857,0.57,0.5486
F_mean_3d_F3,beta,None,XGBoost,0.66,0.6143,0.52,0.5486
F_peak_3d_2area,delta,None,Linear SVM,0.6133,0.5943,0.5,0.5486
F_median_3d_Fp2,alpha,None,Ensemble (Majority Vote),0.6933,0.6276,0.55,0.5486
F_mean_3d_3area,all,None,XGBoost,0.96,0.8762,0.54,0.5486
F_mean_3d_10rm,all,None,Random Forest,0.9067,0.8829,0.55,0.5486
F_peak_3d_F4,all,None,Random Forest,0.7667,0.739,0.61,0.5486
F_mean_3d,beta,norm3,XGBoost,0.92,0.8448,0.55,0.5486
F_median_3d_8rm,delta,None,Random Forest,0.8333,0.7448,0.57,0.5486
F_median_3d_Fz,beta,None,XGBoost,0.6867,0.6171,0.61,0.5486
F_mean_3d19,all,norm3,Logistic Regression,0.9833,0.9583,0.55,0.5482
F_median_3d19,gamma,None,XGBoost,0.9833,0.9202,0.5625,0.5482
F_peak_3d19,gamma,None,Logistic Regression,0.8,0.719,0.55,0.5482
F_de_3d19,delta,None,Logistic Regression,0.7417,0.7095,0.55,0.5482
F_mean_3d19,delta,norm3,Random Forest,0.9083,0.8226,0.5125,0.5482
F_mean_3d19,beta,None,Random Forest,0.8833,0.8226,0.6,0.5482
F_peak_3d_8rm,alpha,None,Linear SVM,0.7067,0.68,0.58,0.5471
F_de_3d_10rm,theta,None,Logistic Regression,0.6867,0.679,0.61,0.5471
F_de_3d_1area,all,None,Ensemble (Majority Vote),0.84,0.7581,0.54,0.5471
F_de_3d_8rm,beta,norm3,Ensemble (Majority Vote),0.7933,0.761,0.53,0.5471
F_peak_3d_1area,beta,None,Ensemble (Majority Vote),0.66,0.6095,0.51,0.5471
F_de_3d_3area,delta,None,Ensemble (Majority Vote),0.7133,0.6952,0.59,0.5471
F_de_3d_1area,theta,None,Ensemble (Majority Vote),0.6867,0.6286,0.56,0.5471
F_de_3d_2area,gamma,norm3,Logistic Regression,0.5267,0.5238,0.52,0.5471
F_peak_3d_10rm,all,None,Linear SVM,0.98,0.9305,0.55,0.5471
F_peak_3d_1area,all,norm3,Linear SVM,0.6533,0.6305,0.58,0.5471
F_peak_3d_10rm,beta,norm3,KNN,0.92,0.8524,0.54,0.5471
F_de_3d_8rm,all,None,Logistic Regression,0.8333,0.7838,0.55,0.5471
F_de_3d_2area,delta,None,Ensemble (Majority Vote),0.7267,0.6648,0.58,0.5471
F_peak_3d_8rm,theta,None,Logistic Regression,0.68,0.6448,0.56,0.5471
F_peak_3d_F4,alpha,None,Random Forest,0.6867,0.6238,0.64,0.5471
F_de_3d_1area,theta,None,XGBoost,0.6267,0.6143,0.55,0.5471
F_de_3d_3area,beta,None,Logistic Regression,0.5733,0.5819,0.57,0.5471
F_de_3d_C4,delta,None,XGBoost,0.6133,0.5857,0.57,0.5471
F_median_3d,delta,None,KNN,0.9867,0.8857,0.58,0.5471
F_median_3d_3area,alpha,None,XGBoost,0.7267,0.6733,0.53,0.5471
F_mean_3d_8rm,theta,norm3,Ensemble (Majority Vote),0.8133,0.7438,0.56,0.5471
F_mean_3d,delta,None,Random Forest,0.86,0.7714,0.56,0.5471
F_mean_3d,beta,norm3,Ensemble (Majority Vote),0.8733,0.8152,0.57,0.5471
F_median_3d_F3,theta,None,Ensemble (Majority Vote),0.74,0.6562,0.57,0.5471
F_dasm_3d,gamma,None,Linear SVM,0.6467,0.6219,0.54,0.5471
F_median_3d_F3,beta,None,Ensemble (Majority Vote),0.7667,0.6533,0.53,0.5471
F_median_3d_Fz,all,norm3,Random Forest,0.7733,0.7162,0.61,0.5471
F_de_3d_F4,all,None,Ensemble (Majority Vote),0.7867,0.7171,0.58,0.5471
F_mean_3d_F3,gamma,None,Linear SVM,0.5467,0.5448,0.58,0.5471
F_rasm_3d_10rm,all,norm3,Logistic Regression,0.6733,0.5838,0.53,0.5471
F_mean_3d_2area,gamma,None,XGBoost,0.7067,0.6371,0.57,0.5471
F_median_3d_T8,all,None,KNN,0.92,0.8038,0.52,0.5471
F_mean_3d_F8,all,None,Linear SVM,0.66,0.6324,0.58,0.5471
F_peak_3d_F7,theta,None,XGBoost,0.6867,0.6429,0.52,0.5471
F_mean_3d_T8,beta,None,Logistic Regression,0.5733,0.5533,0.58,0.5471
F_median_3d,alpha,None,Ensemble (Majority Vote),0.8933,0.8143,0.58,0.5471
F_de_3d_Fp1,beta,None,Ensemble (Majority Vote),0.7333,0.6552,0.57,0.5471
F_peak_3d,beta,None,Ensemble (Majority Vote),0.8667,0.8105,0.52,0.5471
F_de_3d_C3,gamma,None,Ensemble (Majority Vote),0.6867,0.6219,0.59,0.5471
F_peak_3d,delta,norm2,KNN,0.8667,0.7076,0.6,0.5471
F_mean_3d_10rm,beta,norm3,Random Forest,0.8467,0.7876,0.53,0.5471
F_mean_3d_8rm,beta,None,Random Forest,0.8467,0.7771,0.53,0.5471
F_peak_3d_Fz,theta,None,KNN,0.8267,0.7019,0.58,0.5471
F_mean_3d_T7,all,None,Logistic Regression,0.66,0.6143,0.57,0.5471
F_peak_3d_T8,gamma,None,Logistic Regression,0.5333,0.4981,0.55,0.5471
F_mean_3d_Fp1,beta,None,Linear SVM,0.5,0.5171,0.56,0.5471
F_peak_3d19,gamma,None,Random Forest,0.9,0.8286,0.5875,0.5464
F_de_3d19,beta,norm3,Logistic Regression,0.8167,0.7262,0.55,0.5464
F_peak_3d19,delta,norm3,Ensemble (Majority Vote),0.9,0.8476,0.55,0.5464
F_peak_3d19,gamma,None,Ensemble (Majority Vote),0.9333,0.8524,0.5,0.5464
F_rasm_3d19,beta,norm3,Ensemble (Majority Vote),0.8667,0.7464,0.5625,0.5464
F_dasm_3d19,all,None,Linear SVM,0.8833,0.8131,0.5625,0.5464
F_dasm_3d19,delta,None,KNN,0.9417,0.8548,0.55,0.5464
F_mean_3d_8rm,alpha,None,Linear SVM,0.72,0.6733,0.54,0.5457
F_dasm_3d,delta,None,Ensemble (Majority Vote),0.8267,0.7371,0.59,0.5457
F_median_3d_C3,theta,None,Ensemble (Majority Vote),0.7,0.6257,0.58,0.5457
F_rasm_3d_10rm,alpha,None,Logistic Regression,0.5867,0.5429,0.53,0.5457
F_median_3d_Fz,gamma,None,Linear SVM,0.5333,0.5095,0.53,0.5457
F_dasm_3d_8rm,delta,None,Logistic Regression,0.5467,0.5533,0.6,0.5457
F_median_3d_8rm,beta,None,Ensemble (Majority Vote),0.8667,0.7933,0.54,0.5457
F_rasm_3d_8rm,beta,None,Random Forest,0.78,0.6743,0.6,0.5457
F_peak_3d_F3,all,None,Logistic Regression,0.66,0.6143,0.55,0.5457
F_peak_3d_F8,all,norm3,Linear SVM,0.62,0.6133,0.56,0.5457
F_peak_3d_F4,alpha,None,Linear SVM,0.58,0.56,0.55,0.5457
F_dasm_3d_8rm,beta,None,Logistic Regression,0.54,0.5648,0.55,0.5457
F_de_3d_1area,theta,None,Random Forest,0.6933,0.62,0.54,0.5457
F_mean_3d_Fp1,delta,None,Ensemble (Majority Vote),0.7,0.6429,0.59,0.5457
F_mean_3d_Fz,all,None,XGBoost,0.8667,0.7581,0.57,0.5457
F_median_3d_3area,all,None,Random Forest,0.88,0.7962,0.54,0.5457
F_median_3d_2area,theta,norm3,XGBoost,0.7,0.6114,0.57,0.5457
F_peak_3d_Fz,alpha,None,Random Forest,0.6667,0.6152,0.55,0.5457
F_median_3d_T8,beta,None,Logistic Regression,0.6,0.5486,0.55,0.5457
F_peak_3d_T8,gamma,None,Linear SVM,0.54,0.5029,0.54,0.5457
F_median_3d_2area,all,None,Linear SVM,0.72,0.6819,0.55,0.5457
F_peak_3d_T8,beta,None,Logistic Regression,0.52,0.52,0.57,0.5457
F_peak_3d_T8,alpha,None,Linear SVM,0.5533,0.5486,0.56,0.5457
F_mean_3d_2area,all,None,Linear SVM,0.7,0.6619,0.54,0.5457
F_mean_3d_T8,beta,None,Ensemble (Majority Vote),0.6333,0.6019,0.56,0.5457
F_mean_3d_T8,beta,None,Linear SVM,0.5533,0.5552,0.6,0.5457
F_mean_3d_1area,theta,None,Ensemble (Majority Vote),0.66,0.6286,0.53,0.5457
F_mean_3d_1area,all,None,Logistic Regression,0.6267,0.599,0.56,0.5457
F_median_3d,theta,None,Logistic Regression,0.6667,0.6667,0.52,0.5457
F_mean_3d_T8,beta,None,XGBoost,0.6333,0.5905,0.55,0.5457
F_dasm_3d,all,None,Logistic Regression,0.7867,0.7305,0.57,0.5457
F_de_3d_2area,theta,None,Linear SVM,0.5667,0.5829,0.55,0.5457
F_de_3d_T7,gamma,None,Ensemble (Majority Vote),0.6867,0.6248,0.56,0.5457
F_mean_3d_T8,beta,None,Random Forest,0.66,0.621,0.59,0.5457
F_de_3d,gamma,None,Ensemble (Majority Vote),0.9067,0.8324,0.55,0.5457
F_de_3d_F3,all,norm3,Ensemble (Majority Vote),0.76,0.7029,0.57,0.5457
F_de_3d_F3,all,norm3,Linear SVM,0.6133,0.601,0.54,0.5457
F_de_3d_2area,gamma,norm3,Linear SVM,0.5333,0.52,0.52,0.5457
F_peak_3d_3area,theta,None,Ensemble (Majority Vote),0.74,0.6867,0.54,0.5457
F_de_3d_8rm,beta,norm3,Linear SVM,0.6467,0.6562,0.54,0.5457
F_de_3d_Cz,beta,None,Linear SVM,0.5,0.5257,0.54,0.5457
F_median_3d_F4,all,None,Linear SVM,0.6467,0.6295,0.53,0.5457
F_de_3d_1area,all,None,Random Forest,0.8067,0.74,0.57,0.5457
F_mean_3d_3area,beta,None,Random Forest,0.7667,0.6962,0.56,0.5457
F_median_3d_Fp1,alpha,None,Ensemble (Majority Vote),0.7133,0.6571,0.55,0.5457
F_peak_3d_3area,all,norm3,KNN,0.9733,0.8524,0.59,0.5457
F_de_3d_2area,beta,norm3,Logistic Regression,0.6,0.5552,0.56,0.5457
F_de_3d_8rm,theta,None,Linear SVM,0.68,0.6667,0.57,0.5457
F_mean_3d19,beta,norm3,XGBoost,0.9833,0.9024,0.575,0.5446
F_rasm_3d19,gamma,None,Linear SVM,0.5917,0.5298,0.5625,0.5446
F_rasm_3d19,gamma,norm2,KNN,0.875,0.7202,0.5625,0.5446
F_mean_3d19,gamma,None,KNN,0.9917,0.9369,0.6,0.5446
F_dasm_3d19,delta,norm3,Linear SVM,0.6917,0.6714,0.5125,0.5446
F_mean_3d_1area,theta,None,XGBoost,0.6267,0.6162,0.54,0.5443
F_mean_3d,delta,None,Ensemble (Majority Vote),0.88,0.8095,0.53,0.5443
F_mean_3d_10rm,delta,None,KNN,0.98,0.8619,0.55,0.5443
F_rasm_3d_10rm,theta,norm3,Linear SVM,0.58,0.5438,0.55,0.5443
F_median_3d,all,None,KNN,1.0,0.961,0.59,0.5443
F_de_3d_10rm,beta,norm3,XGBoost,0.9333,0.8429,0.56,0.5443
F_median_3d,alpha,None,XGBoost,0.9533,0.8448,0.56,0.5443
F_mean_3d_3area,delta,None,Logistic Regression,0.6067,0.5962,0.53,0.5443
F_mean_3d_F3,delta,None,Ensemble (Majority Vote),0.6733,0.62,0.58,0.5443
F_peak_3d_3area,alpha,norm3,XGBoost,0.6933,0.6381,0.57,0.5443
F_mean_3d_Fz,beta,None,KNN,0.88,0.7171,0.57,0.5443
F_mean_3d,alpha,None,Linear SVM,0.7933,0.7162,0.57,0.5443
F_mean_3d_C4,delta,None,Random Forest,0.6667,0.619,0.59,0.5443
F_peak_3d_T7,delta,None,Ensemble (Majority Vote),0.6667,0.6467,0.58,0.5443
F_de_3d_2area,gamma,None,XGBoost,0.7333,0.64,0.58,0.5443
F_peak_3d_3area,all,norm3,Linear SVM,0.8,0.7381,0.59,0.5443
F_dasm_3d_10rm,beta,None,Logistic Regression,0.5867,0.5714,0.54,0.5443
F_dasm_3d,gamma,None,Ensemble (Majority Vote),0.76,0.7181,0.54,0.5443
F_de_3d_T7,alpha,None,Ensemble (Majority Vote),0.6867,0.6305,0.5,0.5443
F_mean_3d_2area,gamma,None,Ensemble (Majority Vote),0.7467,0.661,0.55,0.5443
F_peak_3d_3area,all,norm3,Ensemble (Majority Vote),0.8933,0.8381,0.56,0.5443
F_peak_3d_3area,delta,None,KNN,0.9267,0.7829,0.54,0.5443
F_mean_3d_F4,all,None,Logistic Regression,0.6067,0.6029,0.57,0.5443
F_mean_3d_C3,theta,None,Ensemble (Majority Vote),0.6867,0.641,0.57,0.5443
F_peak_3d_8rm,delta,None,Ensemble (Majority Vote),0.84,0.7829,0.55,0.5443
F_de_3d_8rm,delta,None,Random Forest,0.8467,0.7657,0.58,0.5443
F_median_3d_C3,theta,None,XGBoost,0.6467,0.6048,0.59,0.5443
F_dasm_3d_8rm,beta,None,KNN,0.9,0.7514,0.61,0.5443
F_dasm_3d_8rm,beta,None,Linear SVM,0.5533,0.5686,0.54,0.5443
F_peak_3d_F4,alpha,None,Logistic Regression,0.58,0.5629,0.54,0.5443
F_de_3d_F7,beta,None,Linear SVM,0.5933,0.5743,0.56,0.5443
F_median_3d_3area,theta,None,Logistic Regression,0.54,0.5667,0.6,0.5443
F_median_3d_8rm,alpha,None,Linear SVM,0.7267,0.6686,0.54,0.5443
F_median_3d_8rm,beta,None,XGBoost,0.9133,0.7971,0.53,0.5443
F_dasm_3d_8rm,delta,norm3,Linear SVM,0.58,0.561,0.57,0.5443
F_median_3d_C4,delta,None,XGBoost,0.6267,0.6095,0.57,0.5443
F_peak_3d_10rm,beta,None,XGBoost,0.9133,0.8219,0.54,0.5443
F_de_3d_8rm,beta,norm3,Logistic Regression,0.6267,0.6533,0.53,0.5443
F_median_3d_Fp2,gamma,None,Random Forest,0.6267,0.62,0.53,0.5443
F_median_3d_F3,delta,None,Ensemble (Majority Vote),0.64,0.5886,0.54,0.5443
F_peak_3d_Fp1,beta,None,Ensemble (Majority Vote),0.6067,0.6029,0.55,0.5443
F_median_3d_F4,beta,None,KNN,0.8467,0.7162,0.51,0.5443
F_median_3d_F7,gamma,norm2,KNN,0.7867,0.6448,0.61,0.5443
F_median_3d_F7,gamma,norm3,KNN,0.7867,0.6448,0.61,0.5443
F_peak_3d_Fp1,all,None,XGBoost,0.8267,0.7524,0.51,0.5443
F_median_3d_2area,theta,None,Logistic Regression,0.5533,0.56,0.6,0.5443
F_median_3d_Fz,beta,None,Random Forest,0.6667,0.6105,0.57,0.5443
F_median_3d_2area,all,None,Ensemble (Majority Vote),0.8467,0.7819,0.55,0.5443
F_de_3d_8rm,all,None,Linear SVM,0.92,0.8543,0.53,0.5443
F_dasm_3d_3area,delta,None,Logistic Regression,0.5667,0.5486,0.52,0.5443
F_median_3d_T8,beta,None,Linear SVM,0.6,0.5486,0.55,0.5429
F_de_3d_C3,beta,None,KNN,0.86,0.7105,0.59,0.5429
F_rasm_3d_10rm,beta,None,Ensemble (Majority Vote),0.86,0.719,0.56,0.5429
F_peak_3d_10rm,theta,None,Logistic Regression,0.72,0.6657,0.55,0.5429
F_dasm_3d19,delta,None,Linear SVM,0.6917,0.6714,0.525,0.5429
F_mean_3d_3area,beta,None,Ensemble (Majority Vote),0.7533,0.699,0.58,0.5429
F_dasm_3d_3area,delta,None,Linear SVM,0.5533,0.5467,0.51,0.5429
F_peak_3d_F7,all,norm3,XGBoost,0.88,0.7505,0.6,0.5429
F_mean_3d_F3,all,norm3,Ensemble (Majority Vote),0.7867,0.7076,0.57,0.5429
F_median_3d19,alpha,None,Logistic Regression,0.7583,0.7083,0.525,0.5429
F_de_3d_8rm,theta,norm3,Linear SVM,0.6467,0.62,0.58,0.5429
F_median_3d_C4,delta,None,Random Forest,0.6867,0.6248,0.57,0.5429
F_peak_3d,delta,None,Ensemble (Majority Vote),0.8533,0.8162,0.53,0.5429
F_median_3d_F3,theta,None,Random Forest,0.7333,0.6505,0.58,0.5429
F_dasm_3d_3area,delta,None,Random Forest,0.7067,0.6295,0.58,0.5429
F_dasm_3d_8rm,delta,norm3,Logistic Regression,0.5867,0.5619,0.57,0.5429
F_peak_3d_F7,all,None,Random Forest,0.8133,0.7352,0.56,0.5429
F_rasm_3d_10rm,beta,norm2,XGBoost,0.8267,0.6962,0.56,0.5429
F_peak_3d_8rm,beta,norm3,KNN,0.9333,0.8219,0.55,0.5429
F_peak_3d_T7,theta,None,Random Forest,0.6667,0.6257,0.5,0.5429
F_peak_3d_3area,delta,norm2,KNN,0.8867,0.6876,0.59,0.5429
F_rasm_3d_10rm,theta,norm2,XGBoost,0.7933,0.6695,0.58,0.5429
F_peak_3d_Fp1,all,None,Ensemble (Majority Vote),0.7933,0.7219,0.55,0.5429
F_de_3d_1area,alpha,None,Linear SVM,0.5667,0.5657,0.52,0.5429
F_de_3d_1area,alpha,None,Logistic Regression,0.5667,0.5657,0.52,0.5429
F_median_3d_Fp2,all,None,KNN,0.9533,0.8124,0.56,0.5429
F_de_3d,delta,norm3,Linear SVM,0.7267,0.7029,0.59,0.5429
F_mean_3d_3area,theta,None,Logistic Regression,0.54,0.5419,0.58,0.5429
F_peak_3d_Fp2,beta,None,Logistic Regression,0.6,0.5724,0.58,0.5429
F_peak_3d_10rm,gamma,None,Linear SVM,0.7267,0.6876,0.6,0.5429
F_mean_3d19,delta,norm3,XGBoost,0.9667,0.8833,0.525,0.5429
F_median_3d_T7,alpha,None,Logistic Regression,0.6467,0.6029,0.57,0.5429
F_peak_3d,all,norm3,Ensemble (Majority Vote),1.0,0.9838,0.56,0.5429
F_dasm_3d_10rm,beta,None,Ensemble (Majority Vote),0.84,0.7371,0.52,0.5429
F_median_3d_1area,theta,None,Logistic Regression,0.5267,0.5371,0.61,0.5429
F_median_3d_T7,alpha,None,Random Forest,0.72,0.6429,0.58,0.5429
F_mean_3d_Fp1,alpha,norm2,Ensemble (Majority Vote),0.6467,0.6076,0.54,0.5429
F_mean_3d_Fp1,alpha,norm3,Ensemble (Majority Vote),0.6467,0.6076,0.54,0.5429
F_de_3d19,all,norm3,Linear SVM,1.0,0.9869,0.525,0.5429
F_mean_3d_10rm,beta,None,Linear SVM,0.7133,0.68,0.56,0.5429
F_dasm_3d_10rm,delta,None,Ensemble (Majority Vote),0.7533,0.7048,0.58,0.5429
F_dasm_3d_10rm,delta,None,Linear SVM,0.58,0.5771,0.58,0.5429
F_de_3d_Fz,all,norm3,KNN,0.8667,0.7705,0.59,0.5429
F_rasm_3d,beta,None,Ensemble (Majority Vote),0.88,0.7152,0.57,0.5429
F_de_3d,theta,norm3,Linear SVM,0.72,0.6943,0.55,0.5429
F_rasm_3d,alpha,None,Random Forest,0.8133,0.7067,0.56,0.5429
F_peak_3d_T8,gamma,None,Ensemble (Majority Vote),0.7067,0.6305,0.58,0.5429
F_mean_3d_F8,gamma,None,XGBoost,0.6333,0.6,0.55,0.5429
F_mean_3d19,beta,None,Ensemble (Majority Vote),0.9417,0.8619,0.5625,0.5429
F_mean_3d_F8,alpha,None,Ensemble (Majority Vote),0.7067,0.6352,0.5,0.5429
F_de_3d19,all,norm3,Random Forest,0.975,0.9262,0.575,0.5429
F_mean_3d_F8,beta,None,KNN,0.9067,0.7067,0.55,0.5429
F_mean_3d_F7,beta,None,XGBoost,0.66,0.6114,0.5,0.5429
F_peak_3d,all,None,Logistic Regression,0.9267,0.881,0.58,0.5429
F_de_3d_8rm,theta,None,Ensemble (Majority Vote),0.8067,0.7648,0.58,0.5429
F_peak_3d_Cz,beta,None,Logistic Regression,0.6333,0.5771,0.57,0.5429
F_dasm_3d,beta,None,KNN,0.96,0.8067,0.6,0.5429
F_mean_3d_T8,all,None,Ensemble (Majority Vote),0.7733,0.7229,0.53,0.5429
F_de_3d19,delta,norm3,Random Forest,0.925,0.8357,0.575,0.5429
F_dasm_3d19,delta,norm3,Ensemble (Majority Vote),0.8583,0.7869,0.5625,0.5429
F_mean_3d19,beta,norm3,Random Forest,0.9083,0.8321,0.575,0.5429
F_peak_3d19,gamma,norm3,Logistic Regression,0.8417,0.7417,0.525,0.5429
F_rasm_3d19,gamma,None,Logistic Regression,0.6083,0.55,0.55,0.5429
F_peak_3d19,gamma,norm3,Linear SVM,0.8417,0.7452,0.5375,0.5429
F_mean_3d19,beta,norm3,Linear SVM,0.7917,0.7286,0.5125,0.5429
F_median_3d_Fp2,gamma,None,Linear SVM,0.5533,0.5552,0.5,0.5414
F_mean_3d_3area,delta,None,KNN,0.8933,0.7771,0.56,0.5414
F_median_3d_Fz,all,None,KNN,0.92,0.7724,0.57,0.5414
F_mean_3d_1area,alpha,None,Logistic Regression,0.5867,0.5667,0.54,0.5414
F_peak_3d_3area,delta,None,Random Forest,0.7333,0.6905,0.53,0.5414
F_median_3d_Fz,all,None,Random Forest,0.7867,0.7314,0.57,0.5414
F_median_3d_Fz,alpha,None,Random Forest,0.7067,0.6133,0.54,0.5414
F_mean_3d_3area,beta,None,XGBoost,0.74,0.6905,0.57,0.5414
F_median_3d,delta,None,Linear SVM,0.7,0.7057,0.55,0.5414
F_mean_3d_8rm,all,None,Random Forest,0.8933,0.8619,0.56,0.5414
F_median_3d_Fp1,beta,None,Random Forest,0.6867,0.6162,0.54,0.5414
F_de_3d_3area,theta,None,Linear SVM,0.6267,0.5943,0.55,0.5414
F_mean_3d_T8,delta,norm3,KNN,0.8067,0.6648,0.59,0.5414
F_mean_3d_T8,delta,norm2,KNN,0.8067,0.6648,0.59,0.5414
F_median_3d_10rm,alpha,None,Linear SVM,0.7533,0.6933,0.56,0.5414
F_median_3d_10rm,delta,None,KNN,0.98,0.861,0.57,0.5414
F_median_3d_1area,theta,None,Linear SVM,0.5267,0.5381,0.61,0.5414
F_mean_3d_T7,delta,None,Logistic Regression,0.5467,0.5552,0.51,0.5414
F_mean_3d_T7,delta,None,Linear SVM,0.5467,0.5552,0.51,0.5414
F_median_3d_2area,theta,None,KNN,0.84,0.7238,0.57,0.5414
F_mean_3d_Fz,beta,None,Random Forest,0.6533,0.6248,0.56,0.5414
F_median_3d_3area,all,None,XGBoost,0.98,0.8848,0.55,0.5414
F_mean_3d_Fp1,beta,None,Logistic Regression,0.4933,0.5152,0.54,0.5414
F_mean_3d_Fp1,all,None,XGBoost,0.8267,0.7352,0.55,0.5414
F_de_3d_F7,beta,None,Logistic Regression,0.5867,0.5781,0.55,0.5414
F_peak_3d_10rm,all,norm3,Ensemble (Majority Vote),0.9933,0.9752,0.57,0.5414
F_median_3d_8rm,alpha,None,Logistic Regression,0.7267,0.6714,0.53,0.5414
F_mean_3d_F7,beta,None,Random Forest,0.6667,0.6162,0.51,0.5414
F_de_3d_T8,all,None,Logistic Regression,0.6333,0.6124,0.55,0.5414
F_mean_3d_F3,theta,None,Ensemble (Majority Vote),0.7133,0.6429,0.54,0.5414
F_de_3d_F4,all,None,XGBoost,0.8133,0.7457,0.57,0.5414
F_de_3d_8rm,delta,norm3,Ensemble (Majority Vote),0.8333,0.7619,0.55,0.5414
F_median_3d_F3,beta,None,KNN,0.86,0.699,0.57,0.5414
F_mean_3d,all,None,Ensemble (Majority Vote),0.9933,0.9552,0.51,0.5414
F_mean_3d,all,None,Logistic Regression,0.8733,0.8219,0.53,0.5414
F_peak_3d_3area,alpha,None,Ensemble (Majority Vote),0.72,0.6733,0.58,0.5414
F_mean_3d,all,None,Random Forest,0.9267,0.8886,0.54,0.5414
F_mean_3d,alpha,None,Random Forest,0.8467,0.7781,0.55,0.5414
F_median_3d_F8,alpha,None,XGBoost,0.6733,0.6229,0.56,0.5414
F_median_3d_F8,theta,None,Ensemble (Majority Vote),0.6733,0.619,0.58,0.5414
F_peak_3d,gamma,None,Linear SVM,0.74,0.7048,0.57,0.5414
F_mean_3d_1area,alpha,None,Linear SVM,0.5933,0.5695,0.54,0.5414
F_rasm_3d_10rm,alpha,norm2,Random Forest,0.8733,0.721,0.56,0.5414
F_peak_3d_T7,theta,None,XGBoost,0.6467,0.6057,0.52,0.5414
F_dasm_3d_8rm,beta,None,Random Forest,0.7733,0.6971,0.56,0.5414
F_rasm_3d_8rm,all,norm3,KNN,0.8067,0.6905,0.59,0.5414
F_de_3d,gamma,None,Logistic Regression,0.6733,0.6381,0.58,0.5414
F_dasm_3d,gamma,None,Random Forest,0.7467,0.7248,0.54,0.5414
F_rasm_3d_10rm,all,norm3,XGBoost,0.9867,0.9067,0.54,0.5414
F_de_3d,delta,None,Linear SVM,0.7267,0.7019,0.54,0.5414
F_dasm_3d,beta,norm3,Ensemble (Majority Vote),0.7733,0.7029,0.57,0.5414
F_peak_3d_Fp1,all,None,Random Forest,0.8,0.7295,0.55,0.5414
F_peak_3d_Fp1,beta,None,Linear SVM,0.56,0.5476,0.59,0.5414
F_peak_3d_Fp1,beta,None,Logistic Regression,0.5667,0.5486,0.58,0.5414
F_rasm_3d_3area,alpha,None,Random Forest,0.6867,0.62,0.57,0.5414
F_peak_3d_Fz,beta,None,KNN,0.8533,0.7219,0.58,0.5414
F_peak_3d_Fp2,beta,None,XGBoost,0.6333,0.6152,0.55,0.5414
F_peak_3d_Fp2,beta,None,Linear SVM,0.6,0.5724,0.58,0.5414
F_de_3d,theta,norm3,Logistic Regression,0.72,0.6886,0.54,0.5414
F_mean_3d_10rm,theta,None,Logistic Regression,0.7067,0.6543,0.56,0.5414
F_rasm_3d_10rm,alpha,norm2,Ensemble (Majority Vote),0.86,0.7171,0.55,0.5414
F_de_3d_C4,theta,None,Linear SVM,0.5267,0.5371,0.52,0.5414
F_mean_3d_2area,gamma,None,KNN,0.8933,0.7429,0.57,0.5414
F_peak_3d19,gamma,norm3,Random Forest,0.95,0.8464,0.525,0.5411
F_mean_3d19,delta,None,Random Forest,0.85,0.7976,0.5625,0.5411
F_median_3d19,all,None,Linear SVM,0.9917,0.9774,0.5625,0.5411
F_median_3d19,all,None,KNN,0.9917,0.9595,0.5375,0.5411
F_median_3d19,all,None,Logistic Regression,0.95,0.906,0.5375,0.5411
F_median_3d19,all,None,Ensemble (Majority Vote),1.0,0.975,0.5625,0.5411
F_peak_3d19,beta,None,XGBoost,0.9917,0.8988,0.525,0.5411
F_peak_3d19,all,norm3,Linear SVM,1.0,0.9917,0.525,0.5411
F_dasm_3d19,beta,None,XGBoost,0.85,0.7905,0.525,0.5411
F_dasm_3d19,gamma,norm3,KNN,0.9417,0.8298,0.5625,0.5411
F_dasm_3d19,beta,norm3,Logistic Regression,0.6833,0.6214,0.5625,0.5411
F_mean_3d19,beta,None,Linear SVM,0.75,0.725,0.55,0.5411
F_de_3d_3area,alpha,None,Logistic Regression,0.58,0.5686,0.55,0.54
F_mean_3d_3area,theta,None,Linear SVM,0.5933,0.5895,0.56,0.54
F_de_3d_10rm,delta,norm3,Random Forest,0.8533,0.7733,0.52,0.54
F_dasm_3d,beta,norm3,Logistic Regression,0.6267,0.5971,0.55,0.54
F_peak_3d_Cz,theta,norm3,KNN,0.7933,0.6552,0.57,0.54
F_peak_3d_Cz,theta,norm2,KNN,0.7933,0.6552,0.57,0.54
F_peak_3d_T7,beta,norm2,KNN,0.8467,0.681,0.58,0.54
F_de_3d_2area,theta,None,Logistic Regression,0.58,0.5752,0.54,0.54
F_mean_3d_3area,delta,None,Ensemble (Majority Vote),0.7333,0.6971,0.59,0.54
F_mean_3d_2area,gamma,None,Random Forest,0.7133,0.6543,0.56,0.54
F_peak_3d_1area,all,None,Random Forest,0.8,0.7343,0.54,0.54
F_mean_3d_10rm,alpha,None,Linear SVM,0.74,0.6895,0.58,0.54
F_de_3d_2area,gamma,None,Ensemble (Majority Vote),0.7067,0.6629,0.57,0.54
F_peak_3d_C4,beta,None,KNN,0.8667,0.7114,0.54,0.54
F_peak_3d_T7,beta,norm3,KNN,0.8467,0.681,0.58,0.54
F_peak_3d_Cz,beta,None,Linear SVM,0.6267,0.5752,0.57,0.54
F_median_3d_2area,delta,None,KNN,0.84,0.7229,0.58,0.54
F_de_3d_8rm,all,norm3,Logistic Regression,0.9133,0.839,0.53,0.54
F_mean_3d_8rm,alpha,None,Random Forest,0.7933,0.7648,0.57,0.54
F_dasm_3d_10rm,gamma,None,Logistic Regression,0.5733,0.5781,0.55,0.54
F_de_3d_Fz,alpha,None,Ensemble (Majority Vote),0.6667,0.6124,0.58,0.54
F_dasm_3d_8rm,gamma,norm3,Logistic Regression,0.5733,0.5543,0.56,0.54
F_peak_3d_Fp2,beta,None,Ensemble (Majority Vote),0.64,0.6114,0.53,0.54
F_mean_3d_F8,gamma,None,Random Forest,0.6933,0.6152,0.54,0.54
F_median_3d_F4,all,norm3,Ensemble (Majority Vote),0.74,0.6857,0.54,0.54
F_mean_3d_F8,alpha,None,Random Forest,0.6867,0.6276,0.53,0.54
F_de_3d_T7,all,norm3,KNN,0.9267,0.7752,0.57,0.54
F_peak_3d_Fp1,all,None,Logistic Regression,0.5933,0.6086,0.56,0.54
F_de_3d_Cz,beta,None,Logistic Regression,0.5,0.5248,0.52,0.54
F_median_3d_Fp1,alpha,None,XGBoost,0.6933,0.6171,0.57,0.54
F_median_3d_T7,alpha,None,Linear SVM,0.6467,0.601,0.56,0.54
F_mean_3d_C3,gamma,None,Random Forest,0.7467,0.6314,0.6,0.54
F_peak_3d_F7,theta,None,Linear SVM,0.6333,0.5943,0.52,0.54
F_de_3d_C3,delta,norm3,Ensemble (Majority Vote),0.72,0.619,0.55,0.54
F_de_3d_C3,delta,norm2,Ensemble (Majority Vote),0.72,0.619,0.55,0.54
F_median_3d_3area,all,None,Ensemble (Majority Vote),0.88,0.841,0.55,0.54
F_median_3d_2area,theta,norm3,KNN,0.84,0.6829,0.56,0.54
F_mean_3d,delta,None,XGBoost,0.9133,0.8286,0.53,0.54
F_mean_3d_10rm,beta,norm3,Ensemble (Majority Vote),0.86,0.7914,0.55,0.54
F_mean_3d_8rm,theta,None,KNN,0.96,0.8333,0.59,0.54
F_mean_3d_8rm,theta,None,Ensemble (Majority Vote),0.8267,0.7571,0.58,0.54
F_peak_3d_F7,all,None,XGBoost,0.8333,0.7552,0.55,0.54
F_de_3d_1area,all,norm3,Linear SVM,0.6267,0.6076,0.54,0.54
F_mean_3d_8rm,theta,norm3,XGBoost,0.88,0.781,0.58,0.54
F_peak_3d_8rm,gamma,norm3,XGBoost,0.9133,0.8038,0.53,0.54
F_peak_3d_8rm,alpha,None,Logistic Regression,0.7067,0.6543,0.59,0.54
F_peak_3d_8rm,gamma,norm3,KNN,0.92,0.8162,0.58,0.54
F_peak_3d_8rm,all,norm3,Random Forest,0.94,0.9048,0.57,0.54
F_peak_3d_T7,all,norm2,Random Forest,0.9067,0.7057,0.61,0.54
F_mean_3d_2area,alpha,None,Random Forest,0.7267,0.6486,0.56,0.54
F_de_3d_2area,theta,None,XGBoost,0.68,0.6429,0.59,0.54
F_rasm_3d,theta,norm3,Logistic Regression,0.5733,0.5514,0.59,0.54
F_de_3d_T8,theta,None,Linear SVM,0.48,0.5143,0.53,0.54
F_rasm_3d_8rm,beta,None,Ensemble (Majority Vote),0.8067,0.6695,0.6,0.54
F_de_3d_C4,theta,None,Logistic Regression,0.5267,0.5371,0.52,0.54
F_mean_3d_Fz,gamma,None,Logistic Regression,0.5133,0.5152,0.53,0.54
F_mean_3d_F4,all,None,XGBoost,0.8667,0.7543,0.57,0.54
F_peak_3d_2area,delta,None,Random Forest,0.7267,0.6667,0.57,0.54
F_mean_3d_8rm,all,norm3,Random Forest,0.9667,0.8838,0.56,0.54
F_de_3d_F3,gamma,None,Linear SVM,0.5333,0.5333,0.52,0.54
F_median_3d_F3,alpha,None,Logistic Regression,0.5267,0.5305,0.49,0.54
F_dasm_3d_8rm,all,None,XGBoost,0.98,0.8876,0.56,0.54
F_median_3d_1area,all,None,Linear SVM,0.66,0.6286,0.54,0.54
F_de_3d_T8,all,None,Linear SVM,0.6533,0.6143,0.5,0.54
F_dasm_3d,beta,norm3,Linear SVM,0.62,0.5924,0.55,0.54
F_mean_3d_10rm,gamma,None,Logistic Regression,0.6533,0.6314,0.58,0.54
F_peak_3d_F7,delta,None,Ensemble (Majority Vote),0.6267,0.5933,0.51,0.54
F_rasm_3d19,alpha,norm2,KNN,0.8083,0.6976,0.55,0.5393
F_median_3d19,delta,None,Random Forest,0.8583,0.8143,0.55,0.5393
F_dasm_3d19,all,norm3,Random Forest,0.9583,0.9024,0.5375,0.5393
F_peak_3d_1area,theta,None,Ensemble (Majority Vote),0.68,0.6333,0.52,0.5386
F_de_3d,theta,None,Logistic Regression,0.7333,0.6981,0.54,0.5386
F_peak_3d_8rm,all,None,Random Forest,0.9067,0.8695,0.56,0.5386
F_peak_3d_T8,all,None,Linear SVM,0.66,0.6124,0.6,0.5386
F_peak_3d_8rm,theta,None,Ensemble (Majority Vote),0.86,0.7743,0.53,0.5386
F_median_3d_1area,delta,None,KNN,0.84,0.72,0.6,0.5386
F_dasm_3d,delta,None,XGBoost,0.86,0.7686,0.53,0.5386
F_dasm_3d,delta,norm3,KNN,0.9133,0.7581,0.54,0.5386
F_de_3d_T7,delta,None,Ensemble (Majority Vote),0.6733,0.6352,0.53,0.5386
F_mean_3d_C4,delta,norm3,KNN,0.8867,0.6943,0.59,0.5386
F_de_3d_Fp1,beta,None,Logistic Regression,0.5133,0.5,0.55,0.5386
F_median_3d_1area,gamma,None,XGBoost,0.6533,0.5924,0.53,0.5386
F_de_3d_Fz,theta,None,Logistic Regression,0.5533,0.5333,0.55,0.5386
F_mean_3d_8rm,all,norm3,Logistic Regression,0.9133,0.8362,0.5,0.5386
F_de_3d_10rm,beta,norm3,Random Forest,0.8533,0.781,0.56,0.5386
F_median_3d_8rm,theta,norm2,Random Forest,0.9467,0.7714,0.55,0.5386
F_de_3d_2area,all,None,Linear SVM,0.72,0.6838,0.55,0.5386
F_de_3d_F8,all,norm2,KNN,0.84,0.679,0.56,0.5386
F_de_3d_F3,beta,None,KNN,0.88,0.7352,0.53,0.5386
F_peak_3d_10rm,delta,None,XGBoost,0.88,0.8029,0.54,0.5386
F_de_3d,gamma,None,Random Forest,0.8867,0.8038,0.55,0.5386
F_median_3d_F4,gamma,None,Random Forest,0.66,0.62,0.56,0.5386
F_peak_3d_Fz,alpha,None,Logistic Regression,0.5533,0.5552,0.54,0.5386
F_mean_3d_3area,delta,None,Linear SVM,0.5867,0.581,0.58,0.5386
F_median_3d_F4,all,norm3,XGBoost,0.8067,0.7124,0.54,0.5386
F_peak_3d_F8,theta,None,KNN,0.8467,0.7048,0.61,0.5386
F_dasm_3d_8rm,theta,norm3,Random Forest,0.7533,0.6743,0.56,0.5386
F_peak_3d_F7,theta,None,Logistic Regression,0.6333,0.5933,0.52,0.5386
F_median_3d_F7,alpha,None,KNN,0.8533,0.7057,0.58,0.5386
F_peak_3d,gamma,None,KNN,0.9667,0.8981,0.57,0.5386
F_de_3d_F7,delta,None,Linear SVM,0.58,0.5533,0.55,0.5386
F_de_3d_F7,delta,None,Logistic Regression,0.5867,0.5571,0.55,0.5386
F_mean_3d_C4,delta,norm2,KNN,0.8867,0.6943,0.59,0.5386
F_median_3d_3area,all,None,KNN,0.9867,0.8962,0.58,0.5386
F_mean_3d_2area,delta,None,Ensemble (Majority Vote),0.7467,0.6743,0.51,0.5386
F_mean_3d_8rm,theta,None,XGBoost,0.88,0.779,0.55,0.5386
F_rasm_3d,alpha,None,XGBoost,0.8333,0.721,0.56,0.5386
F_de_3d_8rm,delta,norm3,Logistic Regression,0.6333,0.6324,0.57,0.5386
F_mean_3d_2area,beta,None,Random Forest,0.7333,0.6724,0.54,0.5386
F_de_3d_2area,beta,None,Logistic Regression,0.4933,0.539,0.51,0.5386
F_mean_3d_2area,beta,norm3,Linear SVM,0.5533,0.5276,0.53,0.5386
F_peak_3d_Fz,alpha,None,Linear SVM,0.5533,0.5571,0.54,0.5386
F_mean_3d,delta,None,KNN,0.9867,0.8829,0.51,0.5386
F_mean_3d_10rm,delta,None,Linear SVM,0.7667,0.7086,0.57,0.5386
F_mean_3d_T7,alpha,None,Logistic Regression,0.5933,0.5886,0.55,0.5386
F_peak_3d,alpha,None,XGBoost,0.94,0.8533,0.56,0.5386
F_mean_3d_T7,alpha,None,Linear SVM,0.5933,0.5867,0.55,0.5386
F_rasm_3d_8rm,theta,norm2,Linear SVM,0.5133,0.521,0.6,0.5386
F_median_3d_10rm,beta,None,Logistic Regression,0.66,0.6467,0.54,0.5386
F_median_3d_8rm,alpha,None,Ensemble (Majority Vote),0.86,0.7933,0.52,0.5386
F_mean_3d_C3,delta,None,XGBoost,0.68,0.6162,0.54,0.5386
F_peak_3d,beta,None,Linear SVM,0.7267,0.7133,0.5,0.5386
F_median_3d_8rm,theta,None,Logistic Regression,0.64,0.6276,0.56,0.5386
F_dasm_3d_8rm,gamma,norm3,Linear SVM,0.5733,0.5571,0.56,0.5386
F_median_3d_1area,theta,None,XGBoost,0.6467,0.6124,0.51,0.5386
F_de_3d_T8,theta,None,Logistic Regression,0.4867,0.5162,0.53,0.5386
F_median_3d_F3,alpha,None,Linear SVM,0.5267,0.5305,0.49,0.5386
F_dasm_3d19,gamma,None,Ensemble (Majority Vote),0.8583,0.7893,0.5625,0.5375
F_dasm_3d19,gamma,None,Random Forest,0.8583,0.781,0.55,0.5375
F_peak_3d19,delta,None,KNN,0.9667,0.8893,0.5625,0.5375
F_mean_3d19,beta,norm3,Logistic Regression,0.7667,0.7167,0.5125,0.5375
F_median_3d19,all,norm3,Random Forest,0.9667,0.9345,0.55,0.5375
F_dasm_3d19,beta,None,Ensemble (Majority Vote),0.8667,0.7726,0.4875,0.5375
F_dasm_3d19,delta,norm2,KNN,0.875,0.6667,0.6125,0.5375
F_dasm_3d19,delta,norm3,XGBoost,0.9667,0.8321,0.575,0.5375
F_peak_3d19,beta,None,Random Forest,0.8417,0.8119,0.575,0.5375
F_dasm_3d19,beta,None,Random Forest,0.8583,0.7571,0.55,0.5375
F_median_3d,alpha,None,Random Forest,0.8867,0.8038,0.58,0.5371
F_mean_3d_Cz,theta,None,Linear SVM,0.5667,0.5362,0.52,0.5371
F_median_3d_3area,beta,None,Random Forest,0.7533,0.701,0.54,0.5371
F_mean_3d_C4,all,norm2,KNN,0.86,0.6943,0.55,0.5371
F_mean_3d_8rm,delta,None,Logistic Regression,0.6667,0.6505,0.53,0.5371
F_rasm_3d_10rm,gamma,norm3,XGBoost,0.8733,0.7514,0.57,0.5371
F_peak_3d_F7,delta,None,Random Forest,0.6533,0.619,0.51,0.5371
F_de_3d_10rm,delta,norm2,KNN,0.86,0.7105,0.55,0.5371
F_de_3d_10rm,all,None,Random Forest,0.9133,0.8819,0.57,0.5371
F_peak_3d_8rm,beta,None,KNN,0.94,0.8371,0.56,0.5371
F_median_3d_8rm,delta,None,Linear SVM,0.7,0.6629,0.56,0.5371
F_rasm_3d_10rm,alpha,norm3,XGBoost,0.84,0.7229,0.58,0.5371
F_median_3d_T8,alpha,None,Ensemble (Majority Vote),0.7133,0.6457,0.57,0.5371
F_peak_3d_F8,all,norm3,Ensemble (Majority Vote),0.76,0.7171,0.57,0.5371
F_de_3d_8rm,delta,None,Logistic Regression,0.6467,0.6419,0.53,0.5371
F_rasm_3d_10rm,all,norm3,KNN,0.82,0.6952,0.55,0.5371
F_de_3d_2area,all,None,XGBoost,0.9333,0.8286,0.53,0.5371
F_de_3d_2area,all,None,Ensemble (Majority Vote),0.8733,0.7943,0.53,0.5371
F_mean_3d_8rm,theta,norm3,Random Forest,0.8267,0.7267,0.56,0.5371
F_mean_3d_8rm,delta,norm3,Linear SVM,0.6467,0.6448,0.56,0.5371
F_mean_3d_F3,delta,None,Random Forest,0.6867,0.6219,0.59,0.5371
F_median_3d_Fz,all,norm3,Ensemble (Majority Vote),0.7533,0.7,0.57,0.5371
F_rasm_3d_10rm,beta,norm2,Random Forest,0.82,0.6952,0.58,0.5371
F_peak_3d,alpha,None,Random Forest,0.8533,0.7952,0.57,0.5371
F_median_3d_Fp2,gamma,None,Logistic Regression,0.5533,0.5543,0.5,0.5371
F_de_3d,delta,norm3,KNN,0.98,0.859,0.57,0.5371
F_dasm_3d_8rm,beta,None,XGBoost,0.7867,0.7019,0.51,0.5371
F_mean_3d_T8,gamma,None,Linear SVM,0.5067,0.5133,0.54,0.5371
F_mean_3d_F4,all,None,Random Forest,0.7733,0.721,0.57,0.5371
F_median_3d_2area,all,None,Random Forest,0.8333,0.7629,0.51,0.5371
F_median_3d_2area,alpha,None,Random Forest,0.72,0.6562,0.57,0.5371
F_peak_3d_T8,all,None,Logistic Regression,0.62,0.6038,0.54,0.5371
F_peak_3d,delta,None,XGBoost,0.9067,0.8257,0.55,0.5371
F_peak_3d_F8,delta,None,Linear SVM,0.5733,0.5629,0.54,0.5371
F_mean_3d_C3,gamma,None,Ensemble (Majority Vote),0.6933,0.6371,0.55,0.5371
F_peak_3d_8rm,gamma,norm3,Random Forest,0.9,0.7695,0.5,0.5371
F_mean_3d_3area,alpha,norm2,Random Forest,0.8667,0.6724,0.59,0.5371
F_peak_3d_3area,all,None,XGBoost,0.96,0.8629,0.54,0.5371
F_de_3d_T7,all,norm3,Logistic Regression,0.6533,0.6152,0.56,0.5371
F_peak_3d_8rm,delta,None,XGBoost,0.8933,0.7895,0.51,0.5371
F_median_3d_C3,all,None,KNN,0.9133,0.781,0.59,0.5371
F_peak_3d_2area,beta,None,XGBoost,0.66,0.6495,0.54,0.5371
F_mean_3d_10rm,delta,None,XGBoost,0.92,0.819,0.55,0.5371
F_mean_3d_1area,all,None,XGBoost,0.9067,0.7667,0.55,0.5371
F_de_3d_F4,gamma,None,Linear SVM,0.58,0.5686,0.55,0.5371
F_median_3d_F3,gamma,None,Random Forest,0.64,0.6248,0.54,0.5371
F_mean_3d_F8,all,norm2,Ensemble (Majority Vote),0.8067,0.6848,0.56,0.5371
F_de_3d_F3,gamma,None,Logistic Regression,0.5333,0.5343,0.53,0.5371
F_rasm_3d_8rm,alpha,None,Logistic Regression,0.5067,0.5114,0.53,0.5371
F_rasm_3d_8rm,beta,norm3,Random Forest,0.7667,0.6743,0.56,0.5371
F_de_3d_T7,alpha,norm2,Ensemble (Majority Vote),0.6067,0.5733,0.52,0.5371
F_peak_3d_3area,all,norm3,Random Forest,0.82,0.7971,0.58,0.5371
F_median_3d_Cz,alpha,norm3,XGBoost,0.6467,0.5876,0.57,0.5371
F_mean_3d_Fz,all,norm3,KNN,0.86,0.7476,0.61,0.5371
F_de_3d_2area,delta,None,Linear SVM,0.6133,0.5905,0.52,0.5371
F_median_3d_Cz,alpha,norm2,XGBoost,0.6467,0.5876,0.57,0.5371
F_de_3d_Fz,beta,None,Random Forest,0.6867,0.6419,0.6,0.5371
F_rasm_3d,alpha,norm2,XGBoost,0.82,0.7219,0.53,0.5371
F_de_3d_1area,alpha,None,Random Forest,0.7,0.6343,0.53,0.5371
F_rasm_3d,beta,None,KNN,0.8867,0.7171,0.59,0.5371
F_rasm_3d_8rm,beta,None,XGBoost,0.78,0.6686,0.58,0.5371
F_mean_3d_2area,beta,norm3,Logistic Regression,0.56,0.5305,0.52,0.5371
F_de_3d_Fp1,beta,None,Linear SVM,0.5133,0.5,0.54,0.5371
F_peak_3d,theta,None,Logistic Regression,0.7467,0.6876,0.54,0.5371
F_de_3d_T7,alpha,norm3,Ensemble (Majority Vote),0.6067,0.5733,0.52,0.5371
F_de_3d_F3,all,None,Random Forest,0.7933,0.7257,0.54,0.5371
F_mean_3d_10rm,delta,None,Random Forest,0.84,0.7619,0.53,0.5357
F_de_3d_C3,delta,norm2,XGBoost,0.6133,0.5857,0.54,0.5357
F_de_3d_C3,delta,norm3,XGBoost,0.6133,0.5857,0.54,0.5357
F_peak_3d_8rm,theta,norm3,Linear SVM,0.66,0.6267,0.52,0.5357
F_dasm_3d_8rm,theta,None,Linear SVM,0.5867,0.5743,0.52,0.5357
F_median_3d_C4,delta,None,KNN,0.8667,0.7171,0.58,0.5357
F_rasm_3d_10rm,all,norm2,Random Forest,0.98,0.84,0.59,0.5357
F_rasm_3d_8rm,all,norm2,XGBoost,0.98,0.8514,0.6,0.5357
F_rasm_3d_10rm,theta,norm3,Logistic Regression,0.5733,0.5419,0.55,0.5357
F_rasm_3d_10rm,beta,None,Random Forest,0.8267,0.7124,0.58,0.5357
F_peak_3d_Fp1,beta,None,XGBoost,0.6067,0.5867,0.51,0.5357
F_de_3d,alpha,None,Logistic Regression,0.7267,0.6857,0.56,0.5357
F_median_3d_Fz,delta,None,XGBoost,0.62,0.5952,0.57,0.5357
F_median_3d_C3,theta,None,KNN,0.8333,0.7162,0.52,0.5357
F_median_3d_T8,alpha,None,Random Forest,0.6933,0.62,0.54,0.5357
F_peak_3d_1area,theta,None,XGBoost,0.6067,0.5962,0.53,0.5357
F_de_3d_8rm,beta,norm3,Random Forest,0.8133,0.7619,0.56,0.5357
F_median_3d_3area,beta,None,XGBoost,0.7933,0.7133,0.55,0.5357
F_mean_3d_3area,all,None,Ensemble (Majority Vote),0.8867,0.8486,0.55,0.5357
F_mean_3d_8rm,beta,None,KNN,0.96,0.8629,0.52,0.5357
F_peak_3d_8rm,gamma,None,XGBoost,0.9467,0.8229,0.59,0.5357
F_de_3d_F4,theta,None,Linear SVM,0.5267,0.5286,0.57,0.5357
F_mean_3d_F8,gamma,None,Ensemble (Majority Vote),0.72,0.6419,0.53,0.5357
F_peak_3d_T8,all,None,Ensemble (Majority Vote),0.7667,0.7276,0.56,0.5357
F_mean_3d_T7,all,None,KNN,0.9067,0.7933,0.59,0.5357
F_de_3d,delta,norm3,XGBoost,0.9533,0.8667,0.56,0.5357
F_mean_3d_3area,all,None,Random Forest,0.8667,0.8067,0.54,0.5357
F_median_3d_F8,theta,None,Random Forest,0.6933,0.619,0.57,0.5357
F_median_3d_8rm,theta,norm3,Linear SVM,0.6333,0.6162,0.54,0.5357
F_mean_3d_F4,beta,None,Ensemble (Majority Vote),0.7533,0.6581,0.58,0.5357
F_rasm_3d_10rm,all,None,Ensemble (Majority Vote),0.9667,0.7952,0.6,0.5357
F_mean_3d_10rm,theta,norm3,Linear SVM,0.74,0.6829,0.51,0.5357
F_mean_3d_8rm,theta,None,Linear SVM,0.7,0.6648,0.53,0.5357
F_peak_3d_F7,delta,None,Linear SVM,0.58,0.561,0.53,0.5357
F_mean_3d_F4,beta,None,KNN,0.9067,0.7248,0.54,0.5357
F_dasm_3d19,all,None,Logistic Regression,0.85,0.769,0.5375,0.5357
F_de_3d_8rm,delta,None,XGBoost,0.86,0.781,0.56,0.5357
F_de_3d_8rm,beta,norm3,KNN,0.96,0.839,0.57,0.5357
F_median_3d,alpha,None,Logistic Regression,0.7533,0.701,0.54,0.5357
F_median_3d_2area,theta,norm3,Linear SVM,0.5467,0.5562,0.59,0.5357
F_median_3d_10rm,theta,None,Logistic Regression,0.6933,0.6543,0.52,0.5357
F_median_3d_T8,all,norm3,Linear SVM,0.64,0.6143,0.55,0.5357
F_rasm_3d_3area,alpha,None,Ensemble (Majority Vote),0.7,0.6276,0.54,0.5357
F_peak_3d_F8,all,norm3,XGBoost,0.82,0.7333,0.57,0.5357
F_peak_3d_Fz,alpha,None,XGBoost,0.62,0.5971,0.54,0.5357
F_rasm_3d,delta,norm2,Random Forest,0.8733,0.7333,0.63,0.5357
F_peak_3d_F7,theta,None,Ensemble (Majority Vote),0.72,0.6667,0.52,0.5357
F_median_3d_F3,alpha,None,Ensemble (Majority Vote),0.72,0.6486,0.56,0.5357
F_peak_3d,alpha,None,Logistic Regression,0.7133,0.6752,0.58,0.5357
F_peak_3d_1area,beta,None,XGBoost,0.62,0.5943,0.55,0.5357
F_mean_3d,gamma,None,Ensemble (Majority Vote),0.92,0.8171,0.56,0.5357
F_mean_3d_Fp2,alpha,norm2,Random Forest,0.7267,0.6067,0.55,0.5357
F_mean_3d_2area,delta,None,XGBoost,0.7067,0.6448,0.5,0.5357
F_dasm_3d19,theta,norm3,XGBoost,0.8667,0.7845,0.6,0.5357
F_mean_3d_Fp2,alpha,norm3,Random Forest,0.7267,0.6067,0.55,0.5357
F_rasm_3d_10rm,beta,norm2,Ensemble (Majority Vote),0.7733,0.6829,0.53,0.5357
F_median_3d19,delta,None,XGBoost,0.9333,0.8643,0.4875,0.5357
F_mean_3d_T8,gamma,None,Logistic Regression,0.52,0.5152,0.54,0.5357
F_de_3d19,gamma,norm2,KNN,0.7417,0.656,0.575,0.5357
F_peak_3d_F7,delta,None,XGBoost,0.6,0.6,0.52,0.5357
F_peak_3d19,gamma,norm3,KNN,0.9833,0.9024,0.5125,0.5357
F_de_3d_3area,beta,None,XGBoost,0.7533,0.7019,0.54,0.5357
F_rasm_3d_8rm,beta,None,KNN,0.88,0.7067,0.63,0.5357
F_median_3d_T8,gamma,None,Random Forest,0.66,0.6114,0.54,0.5357
F_peak_3d_1area,all,norm3,Ensemble (Majority Vote),0.82,0.7286,0.56,0.5357
F_peak_3d_T8,gamma,None,XGBoost,0.64,0.5848,0.54,0.5357
F_de_3d_F4,gamma,None,Logistic Regression,0.58,0.5657,0.55,0.5357
F_de_3d_Fz,theta,None,Linear SVM,0.5467,0.5343,0.55,0.5357
F_peak_3d_2area,delta,None,XGBoost,0.6533,0.6429,0.56,0.5357
F_mean_3d_8rm,all,None,Logistic Regression,0.8133,0.7686,0.56,0.5357
F_mean_3d_T7,gamma,None,Ensemble (Majority Vote),0.6533,0.6067,0.59,0.5357
F_mean_3d_8rm,alpha,None,KNN,0.9467,0.84,0.53,0.5357
F_mean_3d_Fz,gamma,None,Linear SVM,0.52,0.5181,0.53,0.5357
F_mean_3d_F4,alpha,None,Linear SVM,0.5133,0.5352,0.54,0.5357
F_dasm_3d19,gamma,None,KNN,0.9333,0.85,0.4875,0.5357
F_mean_3d_1area,theta,None,Random Forest,0.7067,0.6467,0.57,0.5357
F_peak_3d_T7,all,norm3,KNN,0.8467,0.7457,0.59,0.5357
F_median_3d_Fz,alpha,None,KNN,0.8867,0.72,0.52,0.5357
F_median_3d_8rm,all,None,KNN,1.0,0.9505,0.57,0.5357
F_de_3d_3area,all,norm3,KNN,0.9533,0.8505,0.59,0.5357
F_mean_3d_1area,all,None,Ensemble (Majority Vote),0.8067,0.7333,0.54,0.5343
F_mean_3d_F3,delta,None,Logistic Regression,0.5467,0.5343,0.55,0.5343
F_peak_3d_8rm,gamma,norm3,Ensemble (Majority Vote),0.86,0.7629,0.48,0.5343
F_de_3d_Fz,delta,norm2,KNN,0.82,0.6762,0.59,0.5343
F_rasm_3d_10rm,alpha,None,Linear SVM,0.54,0.5276,0.54,0.5343
F_mean_3d,alpha,norm3,Random Forest,0.8333,0.7762,0.51,0.5343
F_de_3d_3area,alpha,None,Random Forest,0.74,0.6867,0.55,0.5343
F_mean_3d_3area,alpha,norm2,KNN,0.86,0.7057,0.58,0.5343
F_median_3d_8rm,theta,None,KNN,0.9467,0.841,0.58,0.5343
F_median_3d_10rm,beta,None,Linear SVM,0.6933,0.6895,0.53,0.5343
F_peak_3d_F7,delta,None,Logistic Regression,0.58,0.561,0.53,0.5343
F_de_3d_F3,all,norm3,Random Forest,0.7933,0.721,0.57,0.5343
F_peak_3d,theta,norm3,Linear SVM,0.76,0.7057,0.54,0.5343
F_median_3d_10rm,all,norm2,Ensemble (Majority Vote),0.9667,0.8495,0.51,0.5343
F_mean_3d_F3,delta,None,Linear SVM,0.5533,0.5352,0.55,0.5343
F_peak_3d_T7,all,norm3,Random Forest,0.76,0.7076,0.57,0.5343
F_mean_3d_F3,all,norm3,Linear SVM,0.62,0.6152,0.53,0.5343
F_median_3d_F8,alpha,None,Random Forest,0.6533,0.6267,0.56,0.5343
F_de_3d_8rm,delta,None,Ensemble (Majority Vote),0.8533,0.7781,0.55,0.5343
F_de_3d_Fz,delta,norm3,KNN,0.82,0.6762,0.59,0.5343
F_peak_3d_F8,all,norm3,KNN,0.8867,0.7495,0.54,0.5343
F_peak_3d_10rm,alpha,None,XGBoost,0.9133,0.8305,0.58,0.5343
F_de_3d_3area,delta,norm3,KNN,0.9067,0.7581,0.56,0.5343
F_dasm_3d_8rm,delta,norm3,KNN,0.8467,0.6848,0.58,0.5343
F_mean_3d,theta,norm3,KNN,0.96,0.8486,0.56,0.5343
F_de_3d_F4,beta,None,Random Forest,0.7067,0.6419,0.57,0.5343
F_mean_3d_F3,all,norm3,Logistic Regression,0.6133,0.6105,0.54,0.5343
F_median_3d,gamma,None,Ensemble (Majority Vote),0.9267,0.8324,0.6,0.5343
F_peak_3d_F3,theta,norm3,KNN,0.8733,0.6857,0.6,0.5343
F_mean_3d,beta,None,Linear SVM,0.7533,0.701,0.52,0.5343
F_peak_3d_F3,theta,norm2,KNN,0.8733,0.6857,0.6,0.5343
F_median_3d_2area,theta,norm3,Logistic Regression,0.5467,0.5619,0.58,0.5343
F_median_3d_Fz,beta,None,KNN,0.8267,0.7076,0.56,0.5343
F_mean_3d_F4,alpha,None,Logistic Regression,0.5267,0.5343,0.54,0.5343
F_median_3d_F4,all,norm3,KNN,0.9,0.7524,0.59,0.5343
F_peak_3d_C4,all,None,Ensemble (Majority Vote),0.8333,0.739,0.52,0.5343
F_mean_3d_F8,all,norm2,KNN,0.8267,0.6638,0.61,0.5343
F_dasm_3d_10rm,beta,None,KNN,0.92,0.7924,0.57,0.5343
F_mean_3d_3area,alpha,None,Logistic Regression,0.5933,0.5743,0.55,0.5343
F_mean_3d_10rm,all,None,Ensemble (Majority Vote),0.9667,0.9381,0.55,0.5343
F_de_3d_F4,theta,None,Logistic Regression,0.52,0.5276,0.56,0.5343
F_mean_3d,delta,None,Logistic Regression,0.7133,0.6829,0.55,0.5343
F_dasm_3d_10rm,gamma,None,Linear SVM,0.6,0.5924,0.54,0.5343
F_rasm_3d_10rm,gamma,None,KNN,0.8667,0.7076,0.54,0.5343
F_peak_3d,gamma,norm3,Random Forest,0.88,0.8038,0.55,0.5343
F_de_3d_Fp1,alpha,None,XGBoost,0.66,0.6114,0.55,0.5343
F_mean_3d_F3,gamma,None,XGBoost,0.6333,0.5971,0.54,0.5343
F_rasm_3d,theta,norm3,Ensemble (Majority Vote),0.8133,0.7248,0.53,0.5343
F_median_3d_1area,all,None,Logistic Regression,0.6267,0.6048,0.56,0.5343
F_de_3d_1area,all,None,XGBoost,0.84,0.7638,0.51,0.5343
F_de_3d_1area,all,None,Linear SVM,0.6333,0.6219,0.51,0.5343
F_peak_3d_3area,all,norm3,XGBoost,0.9533,0.881,0.55,0.5343
F_mean_3d_2area,theta,None,Ensemble (Majority Vote),0.7,0.659,0.56,0.5343
F_peak_3d_F8,delta,None,Logistic Regression,0.5733,0.5629,0.53,0.5343
F_peak_3d,alpha,None,Linear SVM,0.7533,0.7133,0.57,0.5343
F_rasm_3d_10rm,alpha,norm2,KNN,0.8667,0.7171,0.59,0.5343
F_peak_3d_F8,alpha,None,KNN,0.8533,0.719,0.6,0.5343
F_mean_3d_F3,gamma,None,Random Forest,0.6733,0.62,0.55,0.5343
F_de_3d_F7,delta,None,XGBoost,0.62,0.5933,0.54,0.5343
F_mean_3d_2area,theta,None,Linear SVM,0.5733,0.5781,0.56,0.5343
F_de_3d_2area,delta,None,Logistic Regression,0.58,0.5695,0.52,0.5343
F_mean_3d_2area,all,norm3,Logistic Regression,0.66,0.6552,0.51,0.5343
F_rasm_3d19,beta,None,Ensemble (Majority Vote),0.875,0.7274,0.5625,0.5339
F_peak_3d19,theta,None,Ensemble (Majority Vote),0.95,0.8631,0.5625,0.5339
F_peak_3d19,delta,None,Linear SVM,0.8,0.7726,0.5375,0.5339
F_rasm_3d19,beta,None,Random Forest,0.875,0.7452,0.5375,0.5339
F_de_3d19,delta,None,KNN,0.9667,0.8833,0.55,0.5339
F_mean_3d19,delta,None,Linear SVM,0.8333,0.7667,0.4875,0.5339
F_median_3d19,gamma,norm3,Random Forest,0.925,0.844,0.5125,0.5339
F_peak_3d19,beta,None,Linear SVM,0.7917,0.7298,0.5375,0.5339
F_dasm_3d19,theta,norm3,Ensemble (Majority Vote),0.8083,0.7488,0.55,0.5339
F_de_3d_F3,all,norm3,XGBoost,0.8467,0.7476,0.57,0.5329
F_mean_3d_Fp1,gamma,None,Linear SVM,0.5467,0.541,0.57,0.5329
F_mean_3d_F3,all,norm2,KNN,0.8667,0.6933,0.58,0.5329
F_de_3d,gamma,norm2,XGBoost,0.9667,0.7867,0.63,0.5329
F_peak_3d_T7,all,None,Random Forest,0.8,0.7343,0.55,0.5329
F_median_3d_C4,delta,None,Ensemble (Majority Vote),0.6933,0.6371,0.56,0.5329
F_median_3d_F4,all,norm3,Linear SVM,0.6067,0.6095,0.53,0.5329
F_peak_3d,gamma,None,Ensemble (Majority Vote),0.9133,0.8219,0.52,0.5329
F_mean_3d_F4,gamma,None,KNN,0.82,0.7105,0.54,0.5329
F_peak_3d_Fp2,theta,None,Linear SVM,0.6067,0.5838,0.54,0.5329
F_peak_3d_Fp2,theta,None,Logistic Regression,0.6067,0.5848,0.54,0.5329
F_de_3d,alpha,None,Linear SVM,0.7667,0.7,0.55,0.5329
F_de_3d_T7,delta,None,XGBoost,0.6333,0.6152,0.54,0.5329
F_peak_3d_Fp2,all,None,Logistic Regression,0.64,0.6219,0.51,0.5329
F_peak_3d_10rm,theta,norm2,XGBoost,0.8533,0.7048,0.6,0.5329
F_peak_3d_F3,delta,None,Ensemble (Majority Vote),0.6667,0.641,0.52,0.5329
F_de_3d_2area,alpha,None,Random Forest,0.7467,0.6648,0.57,0.5329
F_peak_3d_1area,delta,None,XGBoost,0.6667,0.6181,0.53,0.5329
F_peak_3d_2area,all,None,KNN,0.96,0.8524,0.55,0.5329
F_mean_3d,delta,norm3,Linear SVM,0.7733,0.7143,0.56,0.5329
F_mean_3d_8rm,beta,norm3,KNN,0.9267,0.8429,0.56,0.5329
F_peak_3d_F4,all,None,Logistic Regression,0.6,0.5876,0.53,0.5329
F_peak_3d_3area,theta,None,Random Forest,0.7467,0.6829,0.54,0.5329
F_median_3d_10rm,beta,None,XGBoost,0.9533,0.8324,0.52,0.5329
F_median_3d,beta,None,Ensemble (Majority Vote),0.9067,0.8305,0.49,0.5329
F_de_3d_Fp2,gamma,None,Random Forest,0.6467,0.6095,0.51,0.5329
F_mean_3d_T8,gamma,None,Random Forest,0.68,0.6086,0.51,0.5329
F_de_3d_10rm,theta,None,Linear SVM,0.7533,0.7048,0.54,0.5329
F_de_3d_8rm,alpha,None,Logistic Regression,0.7,0.661,0.55,0.5329
F_peak_3d_T7,theta,norm2,Random Forest,0.66,0.5857,0.56,0.5329
F_peak_3d_T7,alpha,norm3,XGBoost,0.6067,0.5829,0.58,0.5329
F_median_3d_1area,all,None,XGBoost,0.84,0.7571,0.57,0.5329
F_mean_3d_8rm,delta,None,XGBoost,0.86,0.7686,0.52,0.5329
F_median_3d_1area,alpha,norm2,Ensemble (Majority Vote),0.64,0.581,0.58,0.5329
F_peak_3d_10rm,beta,None,KNN,0.9667,0.8695,0.56,0.5329
F_median_3d_F7,delta,None,Logistic Regression,0.5533,0.5333,0.55,0.5329
F_de_3d_Fp2,beta,None,Logistic Regression,0.5867,0.5629,0.55,0.5329
F_peak_3d_10rm,gamma,norm3,Logistic Regression,0.72,0.6848,0.56,0.5329
F_median_3d,delta,norm2,KNN,0.8667,0.7038,0.54,0.5329
F_median_3d_F7,delta,None,Linear SVM,0.5533,0.5333,0.55,0.5329
F_peak_3d_2area,all,None,Random Forest,0.8267,0.7638,0.52,0.5329
F_de_3d_C4,beta,None,Ensemble (Majority Vote),0.6733,0.6219,0.58,0.5329
F_mean_3d_8rm,beta,None,Linear SVM,0.6867,0.6629,0.5,0.5329
F_peak_3d_T7,theta,norm3,Random Forest,0.66,0.5857,0.56,0.5329
F_de_3d_T7,all,norm2,Ensemble (Majority Vote),0.8333,0.6924,0.6,0.5329
F_mean_3d_10rm,theta,norm3,XGBoost,0.8933,0.821,0.56,0.5329
F_de_3d_T7,all,norm3,Linear SVM,0.62,0.6152,0.59,0.5329
F_median_3d_T8,all,norm3,Logistic Regression,0.6467,0.6171,0.55,0.5329
F_median_3d_T8,alpha,None,XGBoost,0.6467,0.6095,0.54,0.5329
F_peak_3d_1area,delta,None,Random Forest,0.7133,0.6429,0.53,0.5329
F_median_3d,delta,None,Ensemble (Majority Vote),0.8867,0.8267,0.52,0.5329
F_median_3d_T8,beta,None,KNN,0.86,0.7086,0.54,0.5329
F_peak_3d_2area,delta,None,Ensemble (Majority Vote),0.6733,0.6533,0.53,0.5329
F_median_3d_1area,alpha,norm3,Ensemble (Majority Vote),0.64,0.581,0.58,0.5329
F_de_3d_8rm,delta,norm3,Linear SVM,0.6733,0.6324,0.57,0.5329
F_mean_3d_C4,delta,None,Ensemble (Majority Vote),0.68,0.6438,0.56,0.5329
F_median_3d_C3,theta,None,Random Forest,0.6533,0.6286,0.55,0.5329
F_rasm_3d_8rm,gamma,norm2,KNN,0.8067,0.6714,0.6,0.5329
F_de_3d_T8,beta,None,KNN,0.8467,0.7048,0.57,0.5329
F_de_3d_T8,gamma,None,KNN,0.84,0.7076,0.58,0.5329
F_rasm_3d,theta,norm3,Linear SVM,0.5867,0.5543,0.56,0.5329
F_dasm_3d_8rm,theta,None,Logistic Regression,0.5933,0.5733,0.51,0.5329
F_de_3d_2area,delta,None,XGBoost,0.6867,0.6495,0.53,0.5329
F_peak_3d_C4,alpha,None,Logistic Regression,0.5733,0.5571,0.52,0.5329
F_peak_3d_F7,beta,None,KNN,0.84,0.7019,0.61,0.5329
F_peak_3d_C4,alpha,None,Linear SVM,0.5733,0.5562,0.53,0.5329
F_de_3d_Fz,beta,None,KNN,0.8867,0.7219,0.57,0.5329
F_peak_3d_T7,alpha,norm2,XGBoost,0.6067,0.5829,0.58,0.5329
F_peak_3d_10rm,gamma,None,Logistic Regression,0.7133,0.6667,0.54,0.5329
F_median_3d,theta,norm3,KNN,0.9467,0.8505,0.55,0.5329
F_rasm_3d,beta,None,XGBoost,0.8867,0.7324,0.61,0.5329
F_median_3d_8rm,alpha,None,Random Forest,0.8333,0.779,0.56,0.5329
F_de_3d_T8,all,None,XGBoost,0.8533,0.7419,0.51,0.5329
F_peak_3d_C4,all,None,Random Forest,0.8333,0.7476,0.53,0.5329
F_dasm_3d_8rm,all,norm3,KNN,0.9667,0.8876,0.51,0.5329
F_de_3d_1area,alpha,None,Ensemble (Majority Vote),0.72,0.6486,0.5,0.5329
F_median_3d_F3,alpha,None,Random Forest,0.74,0.64,0.57,0.5329
F_peak_3d_3area,delta,None,Linear SVM,0.6133,0.6,0.52,0.5329
F_mean_3d_T8,gamma,None,XGBoost,0.6067,0.5971,0.54,0.5329
F_dasm_3d_3area,beta,None,Random Forest,0.7333,0.6257,0.58,0.5329
F_peak_3d19,beta,norm3,Linear SVM,0.8333,0.7012,0.5125,0.5321
F_rasm_3d19,beta,norm2,XGBoost,0.8917,0.7321,0.6,0.5321
F_dasm_3d19,beta,norm2,XGBoost,0.875,0.7357,0.55,0.5321
F_mean_3d19,delta,norm3,Linear SVM,0.8333,0.7726,0.525,0.5321
F_rasm_3d19,all,norm2,Random Forest,0.9917,0.8929,0.55,0.5321
F_median_3d19,alpha,norm3,Logistic Regression,0.85,0.7571,0.5625,0.5321
F_peak_3d_8rm,theta,None,Linear SVM,0.7067,0.6733,0.55,0.5314
F_de_3d_F7,alpha,None,Linear SVM,0.5933,0.5457,0.55,0.5314
F_de_3d_F7,gamma,norm3,KNN,0.7733,0.659,0.54,0.5314
F_mean_3d,delta,norm3,Logistic Regression,0.7333,0.7086,0.53,0.5314
F_de_3d_Fp2,beta,None,XGBoost,0.62,0.6105,0.56,0.5314
F_mean_3d_F4,theta,None,Ensemble (Majority Vote),0.7,0.621,0.51,0.5314
F_de_3d_F7,gamma,norm2,KNN,0.7733,0.659,0.54,0.5314
F_rasm_3d_3area,alpha,None,XGBoost,0.6333,0.5886,0.54,0.5314
F_mean_3d_8rm,alpha,norm3,Random Forest,0.8533,0.7667,0.57,0.5314
F_peak_3d_10rm,gamma,norm3,Linear SVM,0.72,0.68,0.56,0.5314
F_de_3d_10rm,delta,None,Linear SVM,0.7333,0.6838,0.52,0.5314
F_median_3d_Fz,delta,None,Ensemble (Majority Vote),0.6533,0.6248,0.53,0.5314
F_peak_3d_3area,alpha,None,Random Forest,0.7067,0.6686,0.54,0.5314
F_mean_3d_F3,beta,None,KNN,0.8667,0.7029,0.55,0.5314
F_peak_3d_2area,beta,None,Random Forest,0.7133,0.6619,0.52,0.5314
F_mean_3d_F3,theta,None,Linear SVM,0.5067,0.5171,0.51,0.5314
F_mean_3d_10rm,theta,norm3,Ensemble (Majority Vote),0.84,0.7819,0.52,0.5314
F_de_3d_8rm,all,norm3,Ensemble (Majority Vote),0.9867,0.9438,0.55,0.5314
F_mean_3d_T8,alpha,None,XGBoost,0.6733,0.6229,0.57,0.5314
F_peak_3d_T7,alpha,None,Logistic Regression,0.56,0.5486,0.56,0.5314
F_mean_3d_Cz,theta,None,Logistic Regression,0.56,0.5352,0.52,0.5314
F_de_3d_Fp2,beta,None,Linear SVM,0.5867,0.5619,0.55,0.5314
F_peak_3d_Fp1,alpha,norm3,Linear SVM,0.4867,0.5029,0.57,0.5314
F_median_3d_F4,gamma,None,XGBoost,0.66,0.6086,0.56,0.5314
F_mean_3d_8rm,all,None,Linear SVM,0.9,0.8371,0.54,0.5314
F_rasm_3d_3area,theta,norm2,KNN,0.8667,0.6857,0.55,0.5314
F_mean_3d_F4,alpha,None,Ensemble (Majority Vote),0.7,0.6467,0.49,0.5314
F_de_3d,gamma,None,Linear SVM,0.7067,0.66,0.57,0.5314
F_peak_3d_Fp1,alpha,norm2,Linear SVM,0.4867,0.5029,0.57,0.5314
F_median_3d_T7,all,None,Logistic Regression,0.6467,0.621,0.54,0.5314
F_de_3d_Fp2,all,None,Random Forest,0.8,0.7286,0.54,0.5314
F_mean_3d_T7,beta,None,Random Forest,0.7,0.6181,0.55,0.5314
F_mean_3d_T8,alpha,None,Ensemble (Majority Vote),0.7133,0.6438,0.54,0.5314
F_rasm_3d_3area,theta,norm3,KNN,0.8667,0.6857,0.55,0.5314
F_de_3d_F8,alpha,None,Linear SVM,0.5867,0.5629,0.55,0.5314
F_de_3d_3area,delta,None,Random Forest,0.72,0.6895,0.53,0.5314
F_mean_3d_3area,delta,None,Random Forest,0.7667,0.6886,0.55,0.5314
F_median_3d_F8,gamma,None,Ensemble (Majority Vote),0.7867,0.6752,0.55,0.5314
F_rasm_3d_10rm,gamma,None,Random Forest,0.7667,0.6771,0.59,0.5314
F_mean_3d_8rm,beta,None,Logistic Regression,0.6667,0.639,0.48,0.5314
F_de_3d_3area,all,None,KNN,0.9867,0.879,0.54,0.5314
F_mean_3d_C4,delta,None,XGBoost,0.6533,0.5971,0.51,0.5314
F_mean_3d_C4,delta,None,Logistic Regression,0.5667,0.5229,0.54,0.5314
F_median_3d_1area,all,None,Ensemble (Majority Vote),0.8133,0.7438,0.57,0.5314
F_mean_3d_C4,delta,None,Linear SVM,0.5667,0.5229,0.54,0.5314
F_peak_3d_Cz,delta,None,Random Forest,0.6733,0.6143,0.57,0.5314
F_median_3d_T8,gamma,None,Linear SVM,0.56,0.5286,0.5,0.5314
F_median_3d_2area,beta,None,Random Forest,0.7,0.6629,0.52,0.5314
F_median_3d_F3,all,None,KNN,0.9,0.7848,0.53,0.5314
F_dasm_3d_8rm,theta,norm3,Linear SVM,0.6267,0.5648,0.52,0.5314
F_de_3d_Fz,gamma,None,KNN,0.8667,0.7019,0.55,0.5314
F_peak_3d,all,norm3,Logistic Regression,0.9733,0.9305,0.55,0.5314
F_mean_3d,gamma,norm3,XGBoost,0.96,0.8467,0.56,0.5314
F_mean_3d,all,None,Linear SVM,0.9933,0.9248,0.52,0.5314
F_median_3d_F3,gamma,None,Logistic Regression,0.5267,0.5371,0.54,0.5314
F_de_3d_2area,gamma,None,KNN,0.84,0.7257,0.6,0.5314
F_mean_3d,theta,None,KNN,0.9667,0.8829,0.51,0.5314
F_mean_3d_Fp2,beta,None,KNN,0.84,0.7048,0.58,0.5314
F_de_3d_T7,all,None,Ensemble (Majority Vote),0.7867,0.7295,0.55,0.5314
F_de_3d_10rm,all,None,Ensemble (Majority Vote),0.9867,0.9571,0.5,0.5314
F_median_3d_C4,delta,None,Linear SVM,0.5667,0.5371,0.53,0.5314
F_de_3d_F4,alpha,None,XGBoost,0.68,0.6171,0.58,0.5314
F_median_3d,beta,None,XGBoost,0.94,0.8505,0.5,0.5314
F_rasm_3d_3area,all,None,KNN,0.8667,0.7248,0.56,0.5314
F_peak_3d_F3,all,None,Linear SVM,0.6267,0.6248,0.51,0.5314
F_median_3d_Cz,alpha,None,KNN,0.86,0.7048,0.57,0.5314
F_median_3d_2area,delta,None,Logistic Regression,0.6,0.5762,0.53,0.5314
F_de_3d_C3,beta,None,Logistic Regression,0.5467,0.5533,0.52,0.5314
F_mean_3d,theta,norm3,XGBoost,0.9667,0.8514,0.58,0.5314
F_median_3d_3area,delta,None,Linear SVM,0.6133,0.599,0.54,0.5314
F_de_3d19,delta,None,Linear SVM,0.825,0.7571,0.5125,0.5304
F_peak_3d19,delta,norm3,XGBoost,0.95,0.8714,0.5625,0.5304
F_peak_3d19,delta,norm3,Linear SVM,0.7917,0.7607,0.5375,0.5304
F_median_3d19,alpha,norm3,Linear SVM,0.8083,0.7488,0.5,0.5304
F_peak_3d19,beta,norm3,Random Forest,0.8833,0.8095,0.575,0.5304
F_mean_3d19,beta,None,Logistic Regression,0.7167,0.694,0.5125,0.5304
F_median_3d19,beta,norm3,Random Forest,0.925,0.8417,0.4875,0.5304
F_de_3d19,gamma,None,XGBoost,0.9917,0.9083,0.575,0.5304
F_median_3d19,gamma,None,Random Forest,0.925,0.8464,0.5875,0.5304
F_mean_3d19,all,norm3,Linear SVM,1.0,0.9929,0.525,0.5304
F_mean_3d19,delta,norm2,Random Forest,0.8667,0.7488,0.55,0.5304
F_dasm_3d19,all,None,XGBoost,1.0,0.9726,0.5625,0.5304
F_rasm_3d19,theta,None,KNN,0.8417,0.7155,0.5375,0.5304
F_median_3d_C3,gamma,None,Linear SVM,0.56,0.5286,0.57,0.53
F_de_3d_3area,beta,None,Ensemble (Majority Vote),0.7867,0.7381,0.55,0.53
F_peak_3d_10rm,theta,norm3,Logistic Regression,0.6933,0.6657,0.55,0.53
F_de_3d_F3,all,None,KNN,0.94,0.801,0.52,0.53
F_peak_3d_10rm,theta,norm3,Ensemble (Majority Vote),0.8333,0.76,0.56,0.53
F_de_3d_F8,theta,None,XGBoost,0.68,0.6171,0.56,0.53
F_rasm_3d_8rm,all,norm2,Random Forest,0.9333,0.8152,0.59,0.53
F_peak_3d_3area,alpha,norm3,Random Forest,0.8067,0.6733,0.57,0.53
F_de_3d_Fp1,beta,None,KNN,0.8667,0.7124,0.55,0.53
F_median_3d_F3,all,norm3,Ensemble (Majority Vote),0.7467,0.6924,0.54,0.53
F_median_3d_1area,alpha,norm3,KNN,0.8667,0.6952,0.61,0.53
F_mean_3d_Fz,theta,None,Logistic Regression,0.52,0.5276,0.54,0.53
F_peak_3d_T8,alpha,None,Ensemble (Majority Vote),0.7467,0.6543,0.57,0.53
F_peak_3d_C3,delta,norm2,Random Forest,0.7333,0.6124,0.52,0.53
F_peak_3d_10rm,theta,None,Ensemble (Majority Vote),0.8667,0.7914,0.57,0.53
F_median_3d_C3,all,norm2,XGBoost,0.88,0.7057,0.57,0.53
F_mean_3d_10rm,beta,None,Logistic Regression,0.64,0.6324,0.51,0.53
F_median_3d_F4,all,norm3,Logistic Regression,0.6133,0.6076,0.53,0.53
F_mean_3d_2area,beta,None,XGBoost,0.6867,0.6457,0.51,0.53
F_de_3d_T7,alpha,norm2,XGBoost,0.5667,0.5514,0.55,0.53
F_median_3d_F7,all,norm2,Ensemble (Majority Vote),0.82,0.7048,0.53,0.53
F_de_3d_Cz,beta,None,XGBoost,0.6067,0.6114,0.57,0.53
F_median_3d_1area,alpha,norm2,KNN,0.8667,0.6952,0.61,0.53
F_mean_3d_T7,alpha,None,KNN,0.82,0.7124,0.54,0.53
F_mean_3d_Fz,theta,None,Linear SVM,0.5133,0.5248,0.54,0.53
F_de_3d_Fp1,alpha,None,Ensemble (Majority Vote),0.74,0.6524,0.52,0.53
F_median_3d_F3,gamma,None,Linear SVM,0.5267,0.5333,0.54,0.53
F_median_3d_C3,gamma,None,Logistic Regression,0.56,0.5295,0.57,0.53
F_rasm_3d_8rm,alpha,None,Linear SVM,0.5133,0.501,0.57,0.53
F_mean_3d_F7,all,norm2,KNN,0.84,0.6857,0.57,0.53
F_mean_3d_F4,theta,None,XGBoost,0.7,0.5981,0.54,0.53
F_mean_3d_Fp1,alpha,norm2,Random Forest,0.7,0.6019,0.59,0.53
F_de_3d_F8,alpha,None,Logistic Regression,0.5933,0.5648,0.54,0.53
F_median_3d_F8,delta,norm2,KNN,0.88,0.6924,0.58,0.53
F_rasm_3d_10rm,all,None,XGBoost,1.0,0.8905,0.59,0.53
F_median_3d_F8,delta,norm3,KNN,0.88,0.6924,0.58,0.53
F_mean_3d_F8,all,None,Ensemble (Majority Vote),0.7867,0.7305,0.56,0.53
F_mean_3d_Fp1,alpha,norm3,Random Forest,0.7,0.6019,0.59,0.53
F_de_3d_T7,alpha,norm3,XGBoost,0.5667,0.5514,0.55,0.53
F_median_3d_F7,all,norm2,KNN,0.8667,0.7019,0.56,0.53
F_median_3d_F3,alpha,None,KNN,0.8667,0.7286,0.52,0.53
F_median_3d_F3,gamma,None,XGBoost,0.6333,0.6143,0.55,0.53
F_mean_3d_F4,alpha,None,Random Forest,0.7,0.6286,0.55,0.53
F_de_3d_C3,all,norm2,KNN,0.82,0.6752,0.58,0.53
F_peak_3d_10rm,delta,None,KNN,0.9467,0.8514,0.54,0.53
F_mean_3d_8rm,delta,norm3,KNN,0.9467,0.8076,0.58,0.53
F_rasm_3d_3area,delta,None,KNN,0.84,0.6771,0.57,0.53
F_rasm_3d_10rm,beta,None,KNN,0.9133,0.7181,0.59,0.53
F_peak_3d_T7,alpha,None,Linear SVM,0.56,0.5495,0.56,0.53
F_peak_3d_10rm,beta,norm3,Ensemble (Majority Vote),0.84,0.7886,0.52,0.53
F_de_3d_F7,alpha,norm3,KNN,0.8533,0.6857,0.52,0.53
F_de_3d_F7,alpha,None,Logistic Regression,0.5933,0.5486,0.55,0.53
F_median_3d_Fz,alpha,norm2,Random Forest,0.72,0.6029,0.52,0.53
F_de_3d_T8,gamma,None,Linear SVM,0.5533,0.5295,0.51,0.53
F_de_3d_8rm,theta,norm3,XGBoost,0.86,0.76,0.58,0.53
F_median_3d_Fz,alpha,norm3,Random Forest,0.72,0.6029,0.52,0.53
F_mean_3d_F3,theta,None,Logistic Regression,0.5,0.5162,0.51,0.53
F_de_3d_F7,alpha,norm2,KNN,0.8533,0.6857,0.52,0.53
F_dasm_3d_3area,beta,None,Ensemble (Majority Vote),0.6933,0.6219,0.56,0.53
F_de_3d_1area,theta,None,Logistic Regression,0.54,0.5429,0.57,0.53
F_de_3d_1area,delta,None,Linear SVM,0.56,0.56,0.54,0.53
F_mean_3d_C3,delta,None,KNN,0.8467,0.6857,0.55,0.53
F_de_3d,theta,None,Ensemble (Majority Vote),0.88,0.8238,0.58,0.53
F_median_3d_Fz,delta,None,KNN,0.9,0.7133,0.57,0.53
F_mean_3d_F3,beta,None,Ensemble (Majority Vote),0.7333,0.6505,0.53,0.53
F_de_3d_F7,alpha,norm3,Random Forest,0.72,0.6067,0.57,0.53
F_de_3d,theta,None,Linear SVM,0.7533,0.7219,0.52,0.53
F_de_3d_F7,alpha,norm2,Random Forest,0.72,0.6067,0.57,0.53
F_median_3d_Fz,theta,None,Ensemble (Majority Vote),0.7333,0.6667,0.53,0.53
F_median_3d,delta,None,XGBoost,0.9133,0.8333,0.52,0.53
F_rasm_3d_10rm,alpha,norm3,Random Forest,0.7867,0.7067,0.54,0.53
F_median_3d_2area,delta,None,Ensemble (Majority Vote),0.74,0.6752,0.56,0.53
F_dasm_3d_8rm,all,norm3,Random Forest,0.88,0.819,0.54,0.53
F_de_3d_C4,delta,None,KNN,0.86,0.7029,0.53,0.53
F_median_3d,gamma,None,Linear SVM,0.6733,0.6857,0.59,0.53
F_de_3d_1area,theta,None,KNN,0.86,0.6876,0.53,0.53
F_de_3d_8rm,delta,norm3,Random Forest,0.8267,0.7505,0.56,0.53
F_peak_3d,theta,norm3,Logistic Regression,0.7533,0.7029,0.54,0.53
F_peak_3d_C3,delta,norm3,Random Forest,0.7333,0.6124,0.52,0.53
F_median_3d_2area,beta,None,KNN,0.8267,0.7124,0.57,0.53
F_de_3d_1area,theta,None,Linear SVM,0.54,0.5419,0.57,0.53
F_rasm_3d_10rm,beta,None,XGBoost,0.86,0.7143,0.57,0.53
F_de_3d_T8,alpha,None,Ensemble (Majority Vote),0.76,0.661,0.53,0.53
F_peak_3d_8rm,theta,norm3,Logistic Regression,0.6667,0.6295,0.53,0.53
F_peak_3d_10rm,gamma,norm3,Ensemble (Majority Vote),0.8533,0.7857,0.53,0.53
F_peak_3d_F8,delta,norm3,KNN,0.84,0.679,0.57,0.53
F_median_3d_3area,beta,None,KNN,0.9267,0.7924,0.53,0.53
F_peak_3d_F8,delta,norm2,KNN,0.84,0.679,0.57,0.53
F_median_3d_T8,gamma,None,Logistic Regression,0.56,0.5305,0.5,0.53
F_de_3d_C3,theta,None,Ensemble (Majority Vote),0.6733,0.6248,0.55,0.53
F_mean_3d_C3,gamma,None,Logistic Regression,0.5467,0.5333,0.51,0.5286
F_median_3d_10rm,alpha,norm3,Linear SVM,0.7467,0.6705,0.55,0.5286
F_peak_3d_Cz,all,None,Logistic Regression,0.64,0.6038,0.55,0.5286
F_median_3d_3area,alpha,None,Linear SVM,0.5933,0.5962,0.55,0.5286
F_mean_3d_1area,theta,None,Logistic Regression,0.5467,0.5419,0.58,0.5286
F_median_3d_F3,theta,None,KNN,0.8667,0.701,0.56,0.5286
F_rasm_3d_8rm,all,norm2,Ensemble (Majority Vote),0.9267,0.7895,0.56,0.5286
F_de_3d_10rm,delta,norm3,XGBoost,0.9533,0.8552,0.52,0.5286
F_rasm_3d,all,norm2,XGBoost,1.0,0.9124,0.56,0.5286
F_median_3d_10rm,beta,norm3,Ensemble (Majority Vote),0.8733,0.7943,0.54,0.5286
F_mean_3d_C3,gamma,None,XGBoost,0.6267,0.6019,0.56,0.5286
F_de_3d_C3,delta,norm2,Random Forest,0.7,0.6057,0.48,0.5286
F_mean_3d19,all,norm3,Ensemble (Majority Vote),1.0,0.9833,0.55,0.5286
F_de_3d_Fz,delta,None,XGBoost,0.7,0.6257,0.56,0.5286
F_rasm_3d19,gamma,None,Random Forest,0.9167,0.7726,0.575,0.5286
F_de_3d_Fz,delta,None,Random Forest,0.7067,0.6248,0.58,0.5286
F_median_3d_T7,beta,None,Ensemble (Majority Vote),0.6667,0.6305,0.54,0.5286
F_mean_3d_3area,all,None,Linear SVM,0.72,0.7133,0.58,0.5286
F_de_3d_10rm,theta,None,Ensemble (Majority Vote),0.8533,0.7952,0.57,0.5286
F_de_3d19,delta,None,XGBoost,0.9083,0.8643,0.5,0.5286
F_peak_3d_T7,all,norm2,XGBoost,0.8267,0.6686,0.56,0.5286
F_de_3d_Fp2,theta,None,Linear SVM,0.5733,0.5657,0.54,0.5286
F_peak_3d_2area,delta,None,Logistic Regression,0.5933,0.579,0.52,0.5286
F_de_3d_C4,alpha,None,Linear SVM,0.58,0.56,0.53,0.5286
F_median_3d_2area,beta,None,Linear SVM,0.5933,0.5638,0.52,0.5286
F_mean_3d_10rm,all,None,XGBoost,0.9867,0.9714,0.55,0.5286
F_median_3d_T8,all,None,Random Forest,0.7333,0.7105,0.55,0.5286
F_mean_3d19,theta,None,Logistic Regression,0.7917,0.7381,0.5125,0.5286
F_de_3d_2area,alpha,None,Ensemble (Majority Vote),0.7333,0.6552,0.54,0.5286
F_mean_3d,alpha,None,KNN,0.98,0.8924,0.52,0.5286
F_peak_3d_F8,all,norm3,Random Forest,0.8,0.7248,0.58,0.5286
F_dasm_3d,delta,None,KNN,0.9333,0.7857,0.55,0.5286
F_de_3d19,delta,norm2,XGBoost,0.975,0.8286,0.5875,0.5286
F_peak_3d_Fp1,delta,None,Ensemble (Majority Vote),0.66,0.6371,0.56,0.5286
F_peak_3d_F7,all,norm3,Random Forest,0.8133,0.7362,0.52,0.5286
F_rasm_3d19,alpha,norm3,Linear SVM,0.6667,0.5905,0.575,0.5286
F_de_3d_C3,delta,norm3,Random Forest,0.7,0.6057,0.48,0.5286
F_median_3d_F4,beta,None,XGBoost,0.66,0.6343,0.55,0.5286
F_mean_3d19,theta,norm3,Logistic Regression,0.7667,0.7262,0.55,0.5286
F_de_3d_T7,all,norm2,XGBoost,0.7933,0.6257,0.54,0.5286
F_de_3d_Fp2,theta,None,Logistic Regression,0.5733,0.5657,0.54,0.5286
F_de_3d_F7,delta,None,Random Forest,0.7,0.6276,0.52,0.5286
F_peak_3d_Fp1,gamma,None,XGBoost,0.64,0.6095,0.55,0.5286
F_median_3d,delta,None,Random Forest,0.8267,0.7705,0.53,0.5286
F_median_3d_10rm,delta,None,Random Forest,0.82,0.7686,0.59,0.5286
F_mean_3d_1area,theta,None,Linear SVM,0.54,0.5419,0.58,0.5286
F_mean_3d_F3,gamma,None,Ensemble (Majority Vote),0.68,0.6238,0.54,0.5286
F_dasm_3d,theta,None,Random Forest,0.78,0.7257,0.55,0.5286
F_mean_3d,beta,None,KNN,0.9933,0.9171,0.53,0.5286
F_median_3d_C4,delta,norm2,KNN,0.8467,0.6933,0.56,0.5286
F_de_3d,delta,None,Logistic Regression,0.72,0.6867,0.51,0.5286
F_de_3d_Cz,beta,None,Ensemble (Majority Vote),0.7,0.6381,0.52,0.5286
F_dasm_3d19,delta,norm3,Random Forest,0.8917,0.775,0.5125,0.5286
F_rasm_3d_10rm,all,None,KNN,0.86,0.6943,0.55,0.5286
F_peak_3d_Fz,alpha,None,KNN,0.8467,0.6962,0.57,0.5286
F_de_3d_10rm,delta,None,Logistic Regression,0.72,0.6724,0.52,0.5286
F_peak_3d_Fp1,all,norm2,KNN,0.8333,0.6724,0.55,0.5286
F_dasm_3d19,theta,norm3,Logistic Regression,0.6417,0.6286,0.5125,0.5286
F_median_3d_2area,all,None,Logistic Regression,0.6533,0.6333,0.55,0.5286
F_de_3d_8rm,all,norm3,KNN,0.9933,0.9238,0.6,0.5286
F_median_3d_C4,delta,norm3,KNN,0.8467,0.6933,0.56,0.5286
F_peak_3d_10rm,delta,None,Random Forest,0.8333,0.7552,0.51,0.5286
F_de_3d_F8,all,norm2,Ensemble (Majority Vote),0.84,0.6819,0.6,0.5286
F_median_3d_10rm,beta,None,Ensemble (Majority Vote),0.92,0.8286,0.52,0.5286
F_mean_3d_3area,beta,norm2,KNN,0.88,0.6981,0.56,0.5286
F_median_3d_F8,alpha,None,KNN,0.9067,0.7295,0.55,0.5286
F_peak_3d_F3,delta,None,XGBoost,0.66,0.6067,0.51,0.5286
F_mean_3d19,alpha,norm2,Random Forest,0.9833,0.825,0.5125,0.5286
F_median_3d_Fp1,delta,None,XGBoost,0.6933,0.6229,0.54,0.5286
F_median_3d_Fp1,gamma,norm3,Random Forest,0.6867,0.6,0.53,0.5286
F_de_3d_10rm,delta,norm3,Ensemble (Majority Vote),0.84,0.7905,0.54,0.5286
F_peak_3d_10rm,theta,None,Linear SVM,0.7467,0.6962,0.56,0.5286
F_de_3d_Fp2,all,None,Ensemble (Majority Vote),0.8133,0.7286,0.52,0.5286
F_median_3d_Fp1,gamma,norm2,Random Forest,0.6867,0.6,0.53,0.5286
F_median_3d_F7,beta,norm2,KNN,0.8333,0.6762,0.57,0.5286
F_peak_3d_8rm,delta,None,KNN,0.9267,0.8371,0.53,0.5286
F_median_3d_10rm,gamma,None,XGBoost,0.9533,0.8457,0.6,0.5286
F_median_3d_F7,beta,norm3,KNN,0.8333,0.6762,0.57,0.5286
F_mean_3d_2area,delta,None,KNN,0.86,0.7238,0.54,0.5286
F_median_3d19,theta,norm2,Linear SVM,0.5,0.4845,0.55,0.5286
F_median_3d_Fp1,gamma,None,Linear SVM,0.5267,0.5438,0.54,0.5286
F_mean_3d19,delta,norm2,Ensemble (Majority Vote),0.7917,0.7405,0.5375,0.5286
F_mean_3d_8rm,all,norm3,Ensemble (Majority Vote),1.0,0.9438,0.47,0.5286
F_mean_3d_Fp1,gamma,None,Logistic Regression,0.5467,0.54,0.57,0.5286
F_median_3d_Fz,beta,None,Logistic Regression,0.5133,0.5343,0.54,0.5286
F_rasm_3d_10rm,gamma,norm3,KNN,0.8867,0.7352,0.53,0.5286
F_mean_3d,delta,norm2,Ensemble (Majority Vote),0.8467,0.7267,0.57,0.5286
F_median_3d_3area,delta,None,Logistic Regression,0.62,0.6038,0.53,0.5271
F_peak_3d_10rm,alpha,norm3,XGBoost,0.92,0.8371,0.53,0.5271
F_median_3d_C4,theta,norm2,KNN,0.8467,0.6829,0.56,0.5271
F_median_3d_C4,gamma,norm2,XGBoost,0.6933,0.5971,0.54,0.5271
F_peak_3d_8rm,theta,None,Random Forest,0.8533,0.759,0.52,0.5271
F_median_3d_C4,delta,None,Logistic Regression,0.5667,0.5362,0.52,0.5271
F_peak_3d_F7,theta,None,Random Forest,0.6867,0.6486,0.54,0.5271
F_dasm_3d_8rm,theta,None,XGBoost,0.7533,0.6819,0.57,0.5271
F_mean_3d_1area,gamma,None,XGBoost,0.66,0.6248,0.53,0.5271
F_peak_3d_Fp2,all,None,KNN,0.9333,0.7943,0.56,0.5271
F_rasm_3d,beta,None,Logistic Regression,0.5667,0.5324,0.51,0.5271
F_mean_3d_C3,gamma,None,Linear SVM,0.5467,0.5343,0.51,0.5271
F_mean_3d_8rm,gamma,None,Linear SVM,0.6933,0.6448,0.57,0.5271
F_mean_3d_10rm,alpha,norm2,KNN,0.8467,0.68,0.52,0.5271
F_rasm_3d,alpha,norm2,KNN,0.8867,0.7086,0.53,0.5271
F_median_3d_2area,delta,None,Linear SVM,0.6333,0.5819,0.55,0.5271
F_peak_3d_C4,alpha,None,Ensemble (Majority Vote),0.7267,0.6467,0.53,0.5271
F_peak_3d_C4,all,None,Linear SVM,0.66,0.639,0.51,0.5271
F_median_3d_C4,theta,norm3,KNN,0.8467,0.6829,0.56,0.5271
F_peak_3d_3area,beta,norm3,KNN,0.8467,0.7162,0.54,0.5271
F_rasm_3d_8rm,alpha,norm3,Ensemble (Majority Vote),0.7667,0.6819,0.49,0.5271
F_mean_3d_10rm,delta,None,Ensemble (Majority Vote),0.8867,0.7952,0.56,0.5271
F_de_3d_8rm,gamma,norm2,XGBoost,0.88,0.72,0.52,0.5271
F_peak_3d_C4,all,None,XGBoost,0.84,0.7495,0.55,0.5271
F_mean_3d_1area,alpha,norm2,Ensemble (Majority Vote),0.6733,0.6029,0.56,0.5271
F_median_3d_C4,gamma,norm3,XGBoost,0.6933,0.5971,0.54,0.5271
F_mean_3d,beta,norm3,Logistic Regression,0.76,0.7038,0.53,0.5271
F_mean_3d_8rm,delta,norm2,XGBoost,0.92,0.7143,0.54,0.5271
F_rasm_3d_8rm,alpha,norm2,XGBoost,0.78,0.6638,0.58,0.5271
F_dasm_3d_8rm,gamma,norm3,Random Forest,0.7333,0.661,0.54,0.5271
F_mean_3d_10rm,theta,None,Linear SVM,0.7733,0.6981,0.56,0.5271
F_de_3d_F8,delta,None,Linear SVM,0.62,0.5638,0.55,0.5271
F_de_3d_T7,all,norm2,Random Forest,0.8667,0.7086,0.57,0.5271
F_median_3d_F3,gamma,None,Ensemble (Majority Vote),0.7067,0.6457,0.57,0.5271
F_peak_3d_Fp1,alpha,None,Random Forest,0.68,0.6257,0.51,0.5271
F_peak_3d_10rm,beta,norm2,XGBoost,0.8467,0.7124,0.54,0.5271
F_de_3d_Cz,delta,None,Random Forest,0.68,0.6095,0.55,0.5271
F_peak_3d_F4,all,norm3,Linear SVM,0.5733,0.58,0.53,0.5271
F_de_3d_T8,alpha,norm3,Random Forest,0.7267,0.6019,0.54,0.5271
F_de_3d_Fp2,beta,None,Random Forest,0.68,0.6381,0.53,0.5271
F_de_3d_10rm,delta,norm2,Ensemble (Majority Vote),0.8733,0.74,0.53,0.5271
F_de_3d_T7,delta,norm3,KNN,0.9067,0.7029,0.6,0.5271
F_de_3d_C3,theta,None,XGBoost,0.6667,0.6152,0.53,0.5271
F_de_3d_T7,delta,norm2,KNN,0.9067,0.7029,0.6,0.5271
F_peak_3d_Fz,delta,None,XGBoost,0.6867,0.6162,0.55,0.5271
F_median_3d_F7,delta,norm3,Ensemble (Majority Vote),0.66,0.6133,0.6,0.5271
F_median_3d_F7,delta,norm2,Ensemble (Majority Vote),0.66,0.6133,0.6,0.5271
F_mean_3d_T7,all,norm3,XGBoost,0.84,0.7467,0.54,0.5271
F_mean_3d_T7,all,norm3,Linear SVM,0.62,0.6152,0.52,0.5271
F_de_3d_1area,delta,None,Logistic Regression,0.56,0.5619,0.53,0.5271
F_median_3d_F8,gamma,None,KNN,0.86,0.7057,0.55,0.5271
F_median_3d_1area,theta,None,Random Forest,0.72,0.6295,0.51,0.5271
F_mean_3d_F4,delta,norm3,Random Forest,0.6933,0.6038,0.53,0.5271
F_mean_3d_F4,delta,norm2,Random Forest,0.6933,0.6038,0.53,0.5271
F_mean_3d_1area,alpha,norm3,Ensemble (Majority Vote),0.6733,0.6029,0.56,0.5271
F_peak_3d_Fp1,all,None,Linear SVM,0.6,0.6152,0.57,0.5271
F_median_3d,gamma,None,KNN,0.9867,0.921,0.54,0.5271
F_mean_3d_T8,all,None,XGBoost,0.7933,0.7219,0.54,0.5271
F_peak_3d_Fp1,all,None,KNN,0.9133,0.7924,0.56,0.5271
F_de_3d_T8,alpha,norm2,Random Forest,0.7267,0.6019,0.54,0.5271
F_de_3d_F8,all,norm2,Random Forest,0.9067,0.7114,0.6,0.5271
F_de_3d_T8,alpha,None,Random Forest,0.7,0.639,0.55,0.5271
F_peak_3d,theta,None,Linear SVM,0.78,0.72,0.55,0.5271
F_peak_3d_F3,theta,None,Linear SVM,0.5333,0.5343,0.51,0.5271
F_de_3d_F8,all,norm2,XGBoost,0.7867,0.6657,0.57,0.5271
F_median_3d,gamma,norm2,XGBoost,0.9733,0.8076,0.56,0.5271
F_de_3d_10rm,delta,norm2,Random Forest,0.9133,0.7486,0.53,0.5271
F_mean_3d_10rm,gamma,None,Linear SVM,0.6667,0.6476,0.56,0.5271
F_mean_3d_F8,all,None,XGBoost,0.8,0.7352,0.57,0.5271
F_peak_3d_C3,beta,None,Ensemble (Majority Vote),0.66,0.6152,0.53,0.5271
F_mean_3d_T8,delta,norm3,Ensemble (Majority Vote),0.7533,0.6438,0.56,0.5271
F_dasm_3d_10rm,alpha,None,KNN,0.9133,0.7952,0.58,0.5271
F_de_3d_T8,gamma,None,Logistic Regression,0.5533,0.5286,0.51,0.5271
F_mean_3d_C4,theta,None,Logistic Regression,0.52,0.5352,0.49,0.5271
F_peak_3d_T7,delta,None,Random Forest,0.6533,0.6286,0.52,0.5271
F_peak_3d_F4,gamma,None,Linear SVM,0.5467,0.5476,0.54,0.5271
F_de_3d_F7,theta,norm2,Random Forest,0.6867,0.5933,0.56,0.5271
F_median_3d_Fz,theta,None,Linear SVM,0.5467,0.5457,0.57,0.5271
F_peak_3d_F8,all,norm2,KNN,0.8533,0.6905,0.62,0.5271
F_mean_3d_Fz,gamma,None,KNN,0.8467,0.6962,0.57,0.5271
F_mean_3d_T8,gamma,None,Ensemble (Majority Vote),0.66,0.62,0.5,0.5271
F_peak_3d_T7,gamma,None,XGBoost,0.6267,0.6086,0.53,0.5271
F_median_3d_F3,theta,None,Logistic Regression,0.5067,0.5238,0.54,0.5271
F_median_3d_F3,theta,None,Linear SVM,0.5067,0.5219,0.54,0.5271
F_peak_3d_F8,alpha,None,Ensemble (Majority Vote),0.64,0.6219,0.56,0.5271
F_de_3d_C4,beta,None,Random Forest,0.7067,0.6295,0.55,0.5271
F_peak_3d_2area,all,norm3,Logistic Regression,0.7333,0.68,0.56,0.5271
F_de_3d_F7,theta,norm3,Random Forest,0.6867,0.5933,0.56,0.5271
F_median_3d_Fz,theta,None,Logistic Regression,0.5467,0.5467,0.57,0.5271
F_peak_3d_10rm,alpha,None,Linear SVM,0.7133,0.6943,0.58,0.5271
F_peak_3d_10rm,all,norm3,Logistic Regression,0.96,0.9067,0.55,0.5271
F_median_3d_T7,alpha,None,Ensemble (Majority Vote),0.7133,0.6467,0.52,0.5271
F_peak_3d_F4,alpha,None,Ensemble (Majority Vote),0.7133,0.639,0.56,0.5271
F_de_3d_F3,all,None,XGBoost,0.8333,0.7457,0.48,0.5271
F_dasm_3d,delta,None,Random Forest,0.8,0.721,0.55,0.5271
F_median_3d_F4,gamma,None,KNN,0.8133,0.6981,0.56,0.5271
F_mean_3d_F8,alpha,None,KNN,0.8467,0.7124,0.54,0.5271
F_de_3d,alpha,None,Ensemble (Majority Vote),0.8933,0.8038,0.55,0.5271
F_mean_3d_2area,alpha,norm3,KNN,0.8333,0.6914,0.58,0.5271
F_mean_3d_3area,alpha,None,Linear SVM,0.62,0.5924,0.54,0.5271
F_mean_3d_T8,delta,norm2,Ensemble (Majority Vote),0.7533,0.6438,0.56,0.5271
F_mean_3d_F4,all,None,Linear SVM,0.6267,0.6,0.53,0.5271
F_median_3d19,delta,norm2,Random Forest,0.8583,0.7631,0.5625,0.5268
F_dasm_3d19,delta,norm2,Random Forest,0.9583,0.781,0.5875,0.5268
F_peak_3d19,alpha,norm2,XGBoost,0.975,0.8143,0.6,0.5268
F_rasm_3d19,all,norm3,XGBoost,0.9917,0.9643,0.5625,0.5268
F_mean_3d19,theta,None,Linear SVM,0.85,0.7798,0.5,0.5268
F_de_3d19,beta,norm3,KNN,0.9833,0.8964,0.55,0.5268
F_dasm_3d19,all,None,Ensemble (Majority Vote),0.9667,0.9393,0.525,0.5268
F_rasm_3d19,alpha,None,Ensemble (Majority Vote),0.8833,0.7357,0.575,0.5268
F_median_3d19,delta,None,Ensemble (Majority Vote),0.925,0.8488,0.5,0.5268
F_rasm_3d19,alpha,norm3,XGBoost,0.9,0.7952,0.575,0.5268
F_rasm_3d_10rm,gamma,norm3,Ensemble (Majority Vote),0.8333,0.7181,0.57,0.5257
F_median_3d_Fz,beta,None,Linear SVM,0.52,0.5419,0.53,0.5257
F_median_3d_1area,theta,None,Ensemble (Majority Vote),0.6867,0.6343,0.52,0.5257
F_de_3d_Cz,alpha,None,Ensemble (Majority Vote),0.7067,0.641,0.53,0.5257
F_peak_3d_F8,beta,norm3,KNN,0.84,0.6829,0.52,0.5257
F_dasm_3d_8rm,beta,None,Ensemble (Majority Vote),0.7867,0.7095,0.53,0.5257
F_median_3d_Fp1,gamma,None,Logistic Regression,0.5267,0.5448,0.54,0.5257
F_peak_3d_T8,all,None,Random Forest,0.8,0.7171,0.55,0.5257
F_mean_3d_F3,all,norm3,Random Forest,0.7867,0.7276,0.53,0.5257
F_de_3d_3area,delta,norm3,XGBoost,0.7467,0.6743,0.56,0.5257
F_median_3d_T7,all,None,KNN,0.8867,0.7867,0.55,0.5257
F_peak_3d_F8,beta,norm2,KNN,0.84,0.6829,0.52,0.5257
F_peak_3d_1area,delta,None,Logistic Regression,0.5667,0.5667,0.5,0.5257
F_mean_3d_F4,all,norm3,Random Forest,0.7733,0.7076,0.57,0.5257
F_mean_3d_F4,beta,None,Random Forest,0.7,0.6419,0.52,0.5257
F_peak_3d_F3,theta,None,Logistic Regression,0.5333,0.5343,0.51,0.5257
F_de_3d_F7,all,norm3,Ensemble (Majority Vote),0.7667,0.701,0.5,0.5257
F_mean_3d_3area,alpha,None,Random Forest,0.7533,0.6819,0.57,0.5257
F_de_3d_10rm,gamma,None,Linear SVM,0.6733,0.6381,0.57,0.5257
F_median_3d_8rm,alpha,norm3,Linear SVM,0.7067,0.6543,0.53,0.5257
F_median_3d_2area,delta,None,XGBoost,0.7333,0.6581,0.52,0.5257
F_peak_3d_2area,all,None,XGBoost,0.9267,0.8238,0.56,0.5257
F_median_3d_F8,beta,None,KNN,0.8667,0.7114,0.54,0.5257
F_mean_3d_3area,alpha,None,Ensemble (Majority Vote),0.7667,0.6952,0.56,0.5257
F_peak_3d_Fp1,alpha,None,Ensemble (Majority Vote),0.7,0.6419,0.51,0.5257
F_mean_3d_F7,alpha,norm2,Linear SVM,0.5,0.5133,0.57,0.5257
F_mean_3d_F7,alpha,norm3,Linear SVM,0.5,0.5133,0.57,0.5257
F_dasm_3d,theta,None,Ensemble (Majority Vote),0.7733,0.7276,0.52,0.5257
F_de_3d_8rm,all,None,Ensemble (Majority Vote),0.9667,0.9257,0.55,0.5257
F_de_3d_C4,beta,None,KNN,0.8533,0.7086,0.55,0.5257
F_de_3d_10rm,all,None,Logistic Regression,0.8733,0.8248,0.51,0.5257
F_median_3d_2area,gamma,None,Logistic Regression,0.5533,0.5571,0.52,0.5257
F_rasm_3d_10rm,theta,norm2,Ensemble (Majority Vote),0.8,0.6971,0.58,0.5257
F_median_3d_2area,theta,None,XGBoost,0.68,0.6486,0.5,0.5257
F_median_3d,beta,None,KNN,0.98,0.9248,0.51,0.5257
F_rasm_3d_10rm,gamma,None,Ensemble (Majority Vote),0.8067,0.6876,0.55,0.5257
F_de_3d_C3,beta,None,Linear SVM,0.5533,0.559,0.5,0.5257
F_de_3d_8rm,theta,None,KNN,0.94,0.8352,0.55,0.5257
F_median_3d,beta,None,Linear SVM,0.78,0.7152,0.52,0.5257
F_mean_3d_8rm,delta,None,Random Forest,0.8267,0.7533,0.5,0.5257
F_peak_3d_F4,gamma,None,Logistic Regression,0.5467,0.5476,0.54,0.5257
F_peak_3d_Fz,all,norm2,XGBoost,0.82,0.6752,0.56,0.5257
F_peak_3d,beta,None,XGBoost,0.9,0.8371,0.51,0.5257
F_mean_3d_8rm,alpha,norm2,KNN,0.82,0.6857,0.55,0.5257
F_peak_3d_F4,all,None,Linear SVM,0.5933,0.5867,0.54,0.5257
F_peak_3d_10rm,alpha,None,Logistic Regression,0.6867,0.6619,0.53,0.5257
F_de_3d_C3,gamma,None,Logistic Regression,0.52,0.5286,0.51,0.5257
F_de_3d_10rm,alpha,None,Linear SVM,0.7467,0.681,0.53,0.5257
F_mean_3d_C3,theta,None,Linear SVM,0.5733,0.56,0.52,0.5257
F_median_3d_3area,alpha,norm2,KNN,0.88,0.699,0.55,0.5257
F_mean_3d_C3,theta,None,Logistic Regression,0.5667,0.5581,0.52,0.5257
F_de_3d_C3,theta,norm2,Random Forest,0.7,0.5962,0.53,0.5257
F_peak_3d_10rm,beta,norm3,XGBoost,0.9333,0.8343,0.54,0.5257
F_de_3d_C3,theta,norm3,Random Forest,0.7,0.5962,0.53,0.5257
F_de_3d_C4,alpha,None,Logistic Regression,0.58,0.56,0.53,0.5257
F_median_3d_2area,all,None,KNN,0.96,0.859,0.56,0.5257
F_mean_3d_T7,alpha,None,Ensemble (Majority Vote),0.72,0.6505,0.57,0.5257
F_median_3d_8rm,delta,None,Logistic Regression,0.7,0.6619,0.51,0.5257
F_de_3d_10rm,gamma,None,Logistic Regression,0.6333,0.6181,0.55,0.5257
F_mean_3d_F7,delta,None,Linear SVM,0.5533,0.5362,0.5,0.5257
F_mean_3d_1area,gamma,None,Logistic Regression,0.5667,0.5524,0.56,0.5257
F_dasm_3d_8rm,theta,norm3,XGBoost,0.7533,0.6562,0.51,0.5257
F_mean_3d_1area,gamma,None,Linear SVM,0.5667,0.5514,0.56,0.5257
F_rasm_3d_8rm,alpha,norm3,Random Forest,0.8067,0.6886,0.52,0.5257
F_de_3d_F8,delta,None,Logistic Regression,0.62,0.5648,0.54,0.5257
F_mean_3d_Fp1,alpha,None,XGBoost,0.6667,0.621,0.52,0.5257
F_mean_3d_Fp1,delta,None,KNN,0.8667,0.7219,0.52,0.5257
F_peak_3d_8rm,alpha,norm3,XGBoost,0.8867,0.7886,0.56,0.5257
F_mean_3d_10rm,alpha,norm3,KNN,0.9533,0.82,0.53,0.5257
F_de_3d_F3,gamma,None,Random Forest,0.6667,0.6133,0.49,0.5257
F_mean_3d_F8,theta,None,XGBoost,0.6333,0.601,0.55,0.5257
F_mean_3d_2area,all,None,KNN,0.94,0.8352,0.55,0.5257
F_peak_3d_C4,alpha,None,KNN,0.8733,0.719,0.55,0.5257
F_dasm_3d_8rm,gamma,None,Ensemble (Majority Vote),0.7133,0.6724,0.55,0.5257
F_rasm_3d,alpha,norm2,Ensemble (Majority Vote),0.82,0.7248,0.52,0.5257
F_peak_3d_8rm,alpha,None,Random Forest,0.8067,0.7524,0.58,0.5257
F_mean_3d_Fz,alpha,None,KNN,0.8333,0.6895,0.55,0.5257
F_peak_3d_C4,all,None,Logistic Regression,0.6267,0.6295,0.52,0.5257
F_rasm_3d,all,norm3,Linear SVM,0.6933,0.619,0.5,0.5257
F_mean_3d_1area,gamma,None,Random Forest,0.6867,0.6305,0.51,0.5257
F_peak_3d_8rm,theta,norm3,Ensemble (Majority Vote),0.8133,0.7381,0.51,0.5257
F_median_3d_F4,all,None,KNN,0.94,0.8029,0.5,0.5257
F_mean_3d_F8,delta,None,KNN,0.8467,0.6933,0.57,0.5257
F_de_3d_F3,beta,None,Ensemble (Majority Vote),0.68,0.6314,0.54,0.5257
F_peak_3d_C4,theta,None,KNN,0.8933,0.7162,0.52,0.5257
F_peak_3d_8rm,gamma,None,Linear SVM,0.6933,0.6638,0.56,0.5257
F_mean_3d_T7,all,norm3,Logistic Regression,0.62,0.62,0.57,0.5257
F_mean_3d_Fp2,beta,None,XGBoost,0.62,0.5981,0.56,0.5257
F_de_3d_F3,gamma,None,Ensemble (Majority Vote),0.7133,0.6305,0.49,0.5257
F_de_3d_Cz,theta,None,Logistic Regression,0.5467,0.5352,0.49,0.5257
F_peak_3d_Fp2,all,None,Linear SVM,0.66,0.6286,0.51,0.5257
F_mean_3d_F7,delta,None,Logistic Regression,0.5533,0.5352,0.51,0.5257
F_de_3d_Fp1,alpha,None,Random Forest,0.7,0.6362,0.54,0.5257
F_mean_3d_2area,theta,norm3,XGBoost,0.74,0.6219,0.53,0.5257
F_median_3d_10rm,alpha,None,Random Forest,0.8467,0.7781,0.54,0.5257
F_mean_3d_F8,all,norm2,XGBoost,0.8467,0.679,0.54,0.5257
F_dasm_3d_8rm,theta,None,Ensemble (Majority Vote),0.7333,0.6857,0.54,0.5257
F_de_3d_T7,alpha,None,XGBoost,0.6533,0.619,0.52,0.5257
F_mean_3d_10rm,all,norm3,KNN,1.0,0.9552,0.53,0.5257
F_de_3d_F4,all,None,Logistic Regression,0.6267,0.6029,0.56,0.5257
F_median_3d_C3,all,norm2,Ensemble (Majority Vote),0.82,0.7086,0.55,0.5257
F_peak_3d_3area,delta,None,XGBoost,0.72,0.6771,0.53,0.5257
F_mean_3d_F4,beta,None,XGBoost,0.6867,0.6229,0.53,0.5257
F_rasm_3d_8rm,alpha,norm2,Ensemble (Majority Vote),0.7667,0.679,0.57,0.5257
F_peak_3d_8rm,delta,None,Linear SVM,0.68,0.6438,0.52,0.5257
F_de_3d19,delta,norm3,KNN,0.9583,0.8583,0.5625,0.525
F_rasm_3d19,all,norm2,XGBoost,1.0,0.9488,0.525,0.525
F_de_3d19,delta,norm3,XGBoost,0.9833,0.8964,0.525,0.525
F_peak_3d19,all,norm2,Ensemble (Majority Vote),0.9667,0.8619,0.525,0.525
F_median_3d19,gamma,norm2,XGBoost,0.9833,0.8452,0.5875,0.525
F_de_3d19,beta,None,KNN,0.9833,0.9179,0.6,0.525
F_dasm_3d19,beta,norm3,Ensemble (Majority Vote),0.825,0.7405,0.525,0.525
F_mean_3d19,theta,norm2,Linear SVM,0.475,0.4786,0.5375,0.525
F_median_3d19,all,None,Random Forest,0.9333,0.9024,0.5875,0.525
F_rasm_3d19,gamma,norm2,Ensemble (Majority Vote),0.9167,0.7738,0.5375,0.525
F_dasm_3d19,beta,norm3,XGBoost,0.8917,0.7714,0.575,0.525
F_peak_3d19,all,None,Linear SVM,1.0,0.9774,0.55,0.525
F_de_3d_T8,all,norm2,KNN,0.8733,0.701,0.56,0.5243
F_rasm_3d_3area,delta,None,Random Forest,0.6933,0.6152,0.55,0.5243
F_mean_3d_1area,delta,norm2,KNN,0.8267,0.6714,0.5,0.5243
F_peak_3d_1area,delta,None,Linear SVM,0.56,0.5638,0.49,0.5243
F_de_3d_10rm,theta,norm3,Linear SVM,0.6933,0.6714,0.53,0.5243
F_mean_3d_1area,delta,norm3,KNN,0.8267,0.6714,0.5,0.5243
F_mean_3d_3area,all,norm3,Random Forest,0.8667,0.8076,0.57,0.5243
F_de_3d_2area,theta,None,KNN,0.86,0.719,0.55,0.5243
F_mean_3d_8rm,delta,norm3,Logistic Regression,0.6533,0.64,0.53,0.5243
F_peak_3d_1area,beta,norm3,Linear SVM,0.5133,0.5095,0.52,0.5243
F_mean_3d_8rm,gamma,None,Logistic Regression,0.6667,0.6295,0.56,0.5243
F_peak_3d_2area,gamma,None,KNN,0.9,0.739,0.55,0.5243
F_mean_3d_1area,all,None,KNN,0.92,0.8076,0.54,0.5243
F_peak_3d_Cz,theta,norm3,Ensemble (Majority Vote),0.68,0.6152,0.54,0.5243
F_de_3d_F8,alpha,None,XGBoost,0.6667,0.6171,0.57,0.5243
F_peak_3d_F4,gamma,None,Ensemble (Majority Vote),0.6533,0.62,0.58,0.5243
F_median_3d_10rm,gamma,norm2,KNN,0.8733,0.6971,0.49,0.5243
F_peak_3d_10rm,alpha,None,Random Forest,0.84,0.7695,0.53,0.5243
F_peak_3d_F4,all,None,XGBoost,0.78,0.741,0.56,0.5243
F_peak_3d_Cz,theta,norm2,Ensemble (Majority Vote),0.68,0.6152,0.54,0.5243
F_de_3d_F8,gamma,None,Ensemble (Majority Vote),0.7467,0.6657,0.53,0.5243
F_dasm_3d_3area,delta,None,KNN,0.8333,0.699,0.53,0.5243
F_peak_3d_T7,all,norm3,XGBoost,0.8067,0.7286,0.54,0.5243
F_de_3d_10rm,alpha,None,Ensemble (Majority Vote),0.8267,0.7914,0.5,0.5243
F_mean_3d_2area,beta,norm2,Linear SVM,0.5067,0.4981,0.53,0.5243
F_median_3d,theta,None,Ensemble (Majority Vote),0.8933,0.8143,0.52,0.5243
F_median_3d_10rm,beta,norm3,XGBoost,0.9,0.8362,0.5,0.5243
F_rasm_3d_3area,theta,None,XGBoost,0.6267,0.5905,0.51,0.5243
F_peak_3d_F4,alpha,None,XGBoost,0.6267,0.5857,0.54,0.5243
F_peak_3d_1area,alpha,None,Ensemble (Majority Vote),0.68,0.6505,0.56,0.5243
F_mean_3d_3area,beta,norm2,Ensemble (Majority Vote),0.7867,0.6676,0.53,0.5243
F_de_3d_8rm,beta,norm3,XGBoost,0.8733,0.7781,0.57,0.5243
F_de_3d_8rm,delta,None,KNN,0.94,0.8362,0.51,0.5243
F_peak_3d_1area,beta,norm2,Linear SVM,0.5133,0.5095,0.52,0.5243
F_peak_3d_3area,theta,norm3,Linear SVM,0.6067,0.581,0.6,0.5243
F_peak_3d_T7,all,norm2,Ensemble (Majority Vote),0.8,0.681,0.54,0.5243
F_mean_3d_T8,alpha,norm3,XGBoost,0.6133,0.5571,0.56,0.5243
F_de_3d_Cz,alpha,None,Logistic Regression,0.5333,0.5476,0.51,0.5243
F_median_3d_F8,all,norm2,KNN,0.8333,0.6952,0.58,0.5243
F_de_3d_T7,delta,norm3,Ensemble (Majority Vote),0.6467,0.6133,0.51,0.5243
F_peak_3d_Fp1,all,norm3,KNN,0.9,0.7962,0.59,0.5243
F_median_3d_8rm,alpha,norm3,Logistic Regression,0.7133,0.659,0.52,0.5243
F_de_3d_Fz,delta,norm3,Ensemble (Majority Vote),0.5667,0.5867,0.55,0.5243
F_de_3d_Fp2,alpha,None,KNN,0.8467,0.6867,0.52,0.5243
F_mean_3d_T8,alpha,norm2,XGBoost,0.6133,0.5571,0.56,0.5243
F_de_3d_T7,delta,norm2,Ensemble (Majority Vote),0.6467,0.6133,0.51,0.5243
F_de_3d_Fz,delta,norm2,Random Forest,0.7867,0.6219,0.54,0.5243
F_median_3d_8rm,all,None,Random Forest,0.9467,0.8838,0.57,0.5243
F_median_3d_C3,delta,None,Logistic Regression,0.5667,0.5533,0.54,0.5243
F_mean_3d_Fp1,beta,None,Ensemble (Majority Vote),0.7467,0.6495,0.53,0.5243
F_de_3d_Fz,delta,norm2,Ensemble (Majority Vote),0.5667,0.5867,0.55,0.5243
F_mean_3d_1area,alpha,None,Ensemble (Majority Vote),0.68,0.6429,0.5,0.5243
F_de_3d_Fz,delta,norm3,Random Forest,0.7867,0.6219,0.54,0.5243
F_peak_3d_Fp2,delta,None,Ensemble (Majority Vote),0.6867,0.6419,0.53,0.5243
F_de_3d_Fz,delta,None,Ensemble (Majority Vote),0.76,0.6495,0.57,0.5243
F_median_3d_F4,beta,None,Ensemble (Majority Vote),0.6733,0.64,0.54,0.5243
F_peak_3d_Fp1,delta,norm2,Random Forest,0.72,0.6162,0.57,0.5243
F_mean_3d_Fz,gamma,None,Ensemble (Majority Vote),0.6733,0.6286,0.52,0.5243
F_median_3d_C3,delta,None,Ensemble (Majority Vote),0.6867,0.6305,0.52,0.5243
F_mean_3d_F8,theta,None,KNN,0.9,0.7124,0.56,0.5243
F_peak_3d_Fp1,delta,norm3,Random Forest,0.72,0.6162,0.57,0.5243
F_rasm_3d,all,norm2,Ensemble (Majority Vote),0.98,0.86,0.55,0.5243
F_median_3d_8rm,theta,norm3,Logistic Regression,0.64,0.62,0.52,0.5243
F_de_3d_T7,beta,norm3,Random Forest,0.7267,0.6029,0.58,0.5243
F_median_3d_F7,alpha,None,Random Forest,0.64,0.6248,0.55,0.5243
F_de_3d_T7,beta,norm2,Random Forest,0.7267,0.6029,0.58,0.5243
F_mean_3d_Fz,alpha,norm3,XGBoost,0.58,0.559,0.53,0.5243
F_median_3d_8rm,theta,None,Linear SVM,0.68,0.6524,0.55,0.5243
F_mean_3d_Fz,alpha,norm2,XGBoost,0.58,0.559,0.53,0.5243
F_de_3d_Cz,theta,None,Linear SVM,0.5467,0.5333,0.48,0.5243
F_mean_3d_F3,all,None,KNN,0.9267,0.8076,0.54,0.5243
F_median_3d_C3,delta,None,Linear SVM,0.5667,0.5533,0.54,0.5243
F_mean_3d_C3,delta,norm3,Random Forest,0.6867,0.5933,0.54,0.5243
F_median_3d_C4,gamma,norm3,Ensemble (Majority Vote),0.72,0.6257,0.59,0.5243
F_peak_3d,delta,norm3,Logistic Regression,0.7333,0.701,0.54,0.5243
F_median_3d_2area,theta,norm3,Random Forest,0.76,0.6419,0.53,0.5243
F_median_3d,alpha,None,KNN,0.9533,0.8781,0.53,0.5243
F_median_3d_C4,gamma,norm2,Ensemble (Majority Vote),0.72,0.6257,0.59,0.5243
F_rasm_3d_10rm,beta,norm3,Random Forest,0.7933,0.7105,0.55,0.5243
F_rasm_3d_10rm,beta,norm3,Logistic Regression,0.6333,0.5724,0.53,0.5243
F_de_3d_Fz,all,None,KNN,0.9133,0.7981,0.54,0.5243
F_median_3d,all,None,XGBoost,1.0,0.9857,0.57,0.5243
F_de_3d_Fp1,theta,norm3,KNN,0.84,0.6867,0.56,0.5243
F_rasm_3d,beta,norm2,XGBoost,0.8467,0.7057,0.57,0.5243
F_mean_3d_C3,delta,norm2,Random Forest,0.6867,0.5933,0.54,0.5243
F_dasm_3d_3area,beta,None,XGBoost,0.6733,0.6086,0.54,0.5243
F_peak_3d,alpha,norm3,Random Forest,0.86,0.781,0.57,0.5243
F_peak_3d,gamma,norm3,XGBoost,0.9533,0.86,0.53,0.5243
F_de_3d_Fp1,theta,norm2,KNN,0.84,0.6867,0.56,0.5243
F_de_3d_F4,all,norm3,Linear SVM,0.6067,0.5981,0.53,0.5243
F_median_3d_T7,gamma,norm3,KNN,0.82,0.659,0.54,0.5243
F_median_3d_T7,beta,None,Random Forest,0.66,0.62,0.51,0.5243
F_mean_3d_C4,theta,None,Linear SVM,0.5133,0.5324,0.49,0.5243
F_de_3d_C3,gamma,None,Linear SVM,0.52,0.5295,0.5,0.5243
F_median_3d_3area,delta,None,Ensemble (Majority Vote),0.7,0.6848,0.54,0.5243
F_rasm_3d_10rm,beta,None,Linear SVM,0.54,0.519,0.59,0.5243
F_rasm_3d_10rm,beta,None,Logistic Regression,0.54,0.5181,0.58,0.5243
F_mean_3d,all,norm3,Logistic Regression,0.9733,0.9152,0.49,0.5243
F_rasm_3d_10rm,beta,norm3,Ensemble (Majority Vote),0.8267,0.6981,0.52,0.5243
F_median_3d_T7,gamma,norm2,KNN,0.82,0.659,0.54,0.5243
F_median_3d19,beta,norm3,Logistic Regression,0.7917,0.7476,0.4875,0.5232
F_peak_3d19,all,norm3,Ensemble (Majority Vote),1.0,0.9881,0.5125,0.5232
F_de_3d19,alpha,norm2,Linear SVM,0.475,0.4964,0.55,0.5232
F_median_3d19,alpha,None,Linear SVM,0.8167,0.7524,0.475,0.5232
F_mean_3d19,theta,None,Ensemble (Majority Vote),0.9,0.8619,0.5375,0.5232
F_rasm_3d19,alpha,norm3,Logistic Regression,0.6833,0.5964,0.55,0.5232
F_median_3d19,all,norm3,Linear SVM,0.9917,0.9893,0.5375,0.5232
F_rasm_3d19,gamma,None,Ensemble (Majority Vote),0.9083,0.7369,0.5625,0.5232
F_mean_3d19,theta,norm3,Random Forest,0.9333,0.844,0.5375,0.5232
F_rasm_3d_8rm,beta,norm3,Ensemble (Majority Vote),0.7733,0.6771,0.52,0.5229
F_mean_3d_2area,beta,None,Linear SVM,0.5667,0.5543,0.48,0.5229
F_mean_3d_Fp2,all,norm3,KNN,0.92,0.7895,0.54,0.5229
F_mean_3d_1area,alpha,None,Random Forest,0.74,0.6419,0.51,0.5229
F_mean_3d_Fz,delta,None,XGBoost,0.7,0.6133,0.56,0.5229
F_dasm_3d,all,norm3,Linear SVM,0.8667,0.779,0.53,0.5229
F_dasm_3d,all,None,XGBoost,1.0,0.9514,0.51,0.5229
F_peak_3d_T7,alpha,None,Ensemble (Majority Vote),0.68,0.6362,0.52,0.5229
F_dasm_3d_10rm,theta,norm3,Ensemble (Majority Vote),0.74,0.681,0.52,0.5229
F_rasm_3d,alpha,norm2,Random Forest,0.84,0.7095,0.56,0.5229
F_rasm_3d_8rm,theta,norm3,Linear SVM,0.5467,0.5286,0.61,0.5229
F_mean_3d,delta,norm2,XGBoost,0.94,0.7524,0.56,0.5229
F_de_3d_Fp1,all,None,Random Forest,0.7933,0.7371,0.51,0.5229
F_mean_3d_Fp1,all,None,Random Forest,0.7933,0.7267,0.51,0.5229
F_rasm_3d_10rm,delta,norm2,Random Forest,0.88,0.7229,0.54,0.5229
F_mean_3d_C3,all,norm2,KNN,0.8067,0.661,0.55,0.5229
F_mean_3d_8rm,delta,norm2,Ensemble (Majority Vote),0.8533,0.7095,0.51,0.5229
F_mean_3d,theta,None,Logistic Regression,0.74,0.6819,0.53,0.5229
F_mean_3d,alpha,norm3,Ensemble (Majority Vote),0.86,0.7886,0.53,0.5229
F_rasm_3d_10rm,beta,norm3,Linear SVM,0.6333,0.5695,0.53,0.5229
F_mean_3d_8rm,all,None,Ensemble (Majority Vote),0.9667,0.9229,0.51,0.5229
F_de_3d_T8,delta,norm3,KNN,0.8533,0.7048,0.56,0.5229
F_rasm_3d_3area,theta,None,Ensemble (Majority Vote),0.7133,0.6352,0.57,0.5229
F_de_3d_T8,delta,norm2,KNN,0.8533,0.7048,0.56,0.5229
F_mean_3d_F3,all,norm3,XGBoost,0.8533,0.7419,0.57,0.5229
F_median_3d_10rm,all,None,KNN,0.9933,0.9562,0.57,0.5229
F_mean_3d_3area,beta,None,Linear SVM,0.64,0.601,0.53,0.5229
F_peak_3d_T8,beta,None,Ensemble (Majority Vote),0.7133,0.6324,0.58,0.5229
F_mean_3d_T7,gamma,None,KNN,0.84,0.701,0.52,0.5229
F_dasm_3d_10rm,all,None,Logistic Regression,0.7667,0.7095,0.54,0.5229
F_rasm_3d_10rm,theta,norm3,KNN,0.8867,0.7276,0.52,0.5229
F_de_3d_Fp2,delta,None,Linear SVM,0.58,0.561,0.5,0.5229
F_dasm_3d,beta,norm2,Random Forest,0.9267,0.7257,0.52,0.5229
F_mean_3d_2area,theta,None,KNN,0.84,0.7267,0.53,0.5229
F_dasm_3d_10rm,alpha,None,XGBoost,0.82,0.7305,0.54,0.5229
F_mean_3d_10rm,alpha,norm2,Linear SVM,0.52,0.4971,0.58,0.5229
F_peak_3d_T8,gamma,None,Random Forest,0.6933,0.6095,0.54,0.5229
F_rasm_3d,beta,norm2,Random Forest,0.8267,0.7105,0.6,0.5229
F_dasm_3d,all,None,Ensemble (Majority Vote),0.9733,0.9029,0.55,0.5229
F_de_3d_F4,alpha,None,Random Forest,0.6867,0.62,0.61,0.5229
F_median_3d_Fp2,alpha,None,Logistic Regression,0.56,0.5286,0.54,0.5229
F_median_3d_8rm,all,None,Logistic Regression,0.8533,0.7924,0.52,0.5229
F_peak_3d_3area,alpha,norm3,Logistic Regression,0.5533,0.5629,0.55,0.5229
F_de_3d_1area,all,norm3,Logistic Regression,0.6333,0.6105,0.51,0.5229
F_median_3d_3area,gamma,None,Logistic Regression,0.5667,0.5829,0.51,0.5229
F_dasm_3d_8rm,beta,norm2,Ensemble (Majority Vote),0.7933,0.6638,0.58,0.5229
F_peak_3d_3area,theta,None,KNN,0.8667,0.7457,0.5,0.5229
F_median_3d_2area,gamma,None,Linear SVM,0.5667,0.5619,0.52,0.5229
F_de_3d,alpha,norm2,Random Forest,0.9667,0.7933,0.57,0.5229
F_peak_3d,theta,None,Random Forest,0.9,0.7867,0.49,0.5229
F_median_3d_2area,all,norm3,Linear SVM,0.72,0.6876,0.48,0.5229
F_de_3d_C3,beta,None,Ensemble (Majority Vote),0.62,0.6086,0.56,0.5229
F_de_3d_Cz,delta,None,KNN,0.8067,0.681,0.56,0.5229
F_peak_3d_C3,all,norm2,Random Forest,0.88,0.7029,0.55,0.5229
F_peak_3d_F8,theta,None,Random Forest,0.6667,0.6257,0.5,0.5229
F_de_3d_2area,all,None,KNN,0.96,0.84,0.52,0.5229
F_peak_3d,all,norm3,Linear SVM,0.9933,0.9771,0.55,0.5229
F_de_3d_Cz,alpha,None,Linear SVM,0.54,0.5476,0.51,0.5229
F_peak_3d_8rm,alpha,None,Ensemble (Majority Vote),0.86,0.7733,0.56,0.5229
F_peak_3d_8rm,alpha,None,KNN,0.9467,0.8495,0.51,0.5229
F_median_3d_F4,delta,norm3,Random Forest,0.7133,0.5981,0.57,0.5229
F_de_3d_8rm,delta,norm2,Random Forest,0.9,0.7381,0.52,0.5229
F_median_3d_F4,delta,norm2,Random Forest,0.7133,0.5981,0.57,0.5229
F_median_3d_8rm,gamma,norm2,KNN,0.8267,0.6886,0.57,0.5229
F_de_3d_3area,beta,None,Random Forest,0.76,0.7057,0.52,0.5229
F_peak_3d_1area,gamma,None,KNN,0.8467,0.7114,0.54,0.5229
F_peak_3d_1area,delta,norm3,Random Forest,0.7467,0.62,0.46,0.5229
F_peak_3d_1area,delta,norm2,Random Forest,0.7467,0.62,0.46,0.5229
F_peak_3d_F3,alpha,norm2,XGBoost,0.62,0.5619,0.54,0.5229
F_peak_3d_F3,alpha,norm3,XGBoost,0.62,0.5619,0.54,0.5229
F_peak_3d_1area,beta,None,Random Forest,0.7,0.6295,0.56,0.5229
F_de_3d_F4,all,norm3,Logistic Regression,0.5933,0.5933,0.54,0.5229
F_peak_3d_10rm,theta,None,Random Forest,0.8667,0.7705,0.54,0.5229
F_de_3d_10rm,all,None,Linear SVM,0.98,0.9076,0.51,0.5229
F_peak_3d_Fp2,delta,None,Linear SVM,0.5867,0.5571,0.51,0.5229
F_peak_3d_Fp2,delta,None,Logistic Regression,0.5867,0.5571,0.51,0.5229
F_de_3d_10rm,theta,None,KNN,0.9267,0.8362,0.53,0.5229
F_de_3d_F7,all,None,Logistic Regression,0.64,0.6286,0.51,0.5229
F_median_3d_F3,all,norm3,Random Forest,0.7667,0.7086,0.53,0.5229
F_de_3d_10rm,all,norm3,Logistic Regression,0.96,0.8914,0.55,0.5229
F_peak_3d_Fp1,delta,None,KNN,0.8933,0.7133,0.53,0.5229
F_peak_3d_F4,alpha,None,KNN,0.86,0.7114,0.53,0.5229
F_median_3d_Fp2,alpha,None,KNN,0.84,0.7,0.55,0.5229
F_peak_3d_F3,all,norm3,Logistic Regression,0.6467,0.6124,0.53,0.5229
F_de_3d,theta,norm2,KNN,0.82,0.6914,0.58,0.5229
F_de_3d_1area,gamma,None,XGBoost,0.6733,0.6219,0.49,0.5229
F_peak_3d_Fz,theta,norm2,KNN,0.86,0.6743,0.58,0.5229
F_peak_3d_Fz,theta,norm3,KNN,0.86,0.6743,0.58,0.5229
F_median_3d_Fz,gamma,None,Ensemble (Majority Vote),0.7733,0.6667,0.51,0.5229
F_median_3d_10rm,alpha,norm3,Logistic Regression,0.7533,0.6733,0.52,0.5229
F_de_3d_1area,delta,None,XGBoost,0.64,0.6076,0.52,0.5229
F_rasm_3d_10rm,alpha,norm3,Ensemble (Majority Vote),0.7733,0.6933,0.51,0.5229
F_mean_3d,beta,norm3,Linear SVM,0.76,0.7067,0.52,0.5229
F_mean_3d_2area,all,norm3,Ensemble (Majority Vote),0.88,0.8038,0.46,0.5229
F_de_3d_F3,beta,None,XGBoost,0.6533,0.6105,0.49,0.5229
F_mean_3d_8rm,beta,norm3,Random Forest,0.8133,0.7695,0.53,0.5229
F_rasm_3d19,gamma,norm2,Random Forest,0.9333,0.7857,0.55,0.5214
F_de_3d_Fz,alpha,None,KNN,0.84,0.699,0.59,0.5214
F_median_3d_Fp2,gamma,None,KNN,0.8467,0.7076,0.54,0.5214
F_median_3d19,beta,None,KNN,1.0,0.9226,0.5375,0.5214
F_dasm_3d_8rm,beta,norm2,Random Forest,0.86,0.6714,0.55,0.5214
F_median_3d_C3,all,norm2,Linear SVM,0.5533,0.5095,0.6,0.5214
F_mean_3d_10rm,alpha,norm3,Random Forest,0.8467,0.761,0.51,0.5214
F_de_3d_10rm,delta,norm2,Linear SVM,0.5333,0.4971,0.58,0.5214
F_rasm_3d,gamma,norm3,Random Forest,0.84,0.7476,0.57,0.5214
F_median_3d_F4,gamma,None,Ensemble (Majority Vote),0.7467,0.661,0.54,0.5214
F_peak_3d_C3,theta,None,Logistic Regression,0.5467,0.5448,0.53,0.5214
F_median_3d_10rm,theta,None,Ensemble (Majority Vote),0.8533,0.8048,0.52,0.5214
F_de_3d_T7,alpha,None,Random Forest,0.6933,0.639,0.55,0.5214
F_de_3d,theta,norm3,XGBoost,0.92,0.8276,0.5,0.5214
F_de_3d_2area,beta,norm3,Ensemble (Majority Vote),0.7,0.6457,0.56,0.5214
F_dasm_3d_10rm,gamma,None,Ensemble (Majority Vote),0.7467,0.7029,0.5,0.5214
F_median_3d_F7,all,norm2,Random Forest,0.8867,0.7086,0.61,0.5214
F_peak_3d_C3,theta,None,Linear SVM,0.5467,0.5448,0.53,0.5214
F_mean_3d_8rm,beta,norm3,Ensemble (Majority Vote),0.8133,0.7543,0.52,0.5214
F_median_3d,all,None,Logistic Regression,0.8867,0.8429,0.53,0.5214
F_mean_3d19,alpha,norm2,KNN,0.85,0.6952,0.575,0.5214
F_de_3d_1area,delta,norm3,XGBoost,0.6333,0.6,0.49,0.5214
F_median_3d_Cz,theta,None,Linear SVM,0.54,0.5362,0.52,0.5214
F_mean_3d_2area,theta,None,Logistic Regression,0.5667,0.5667,0.55,0.5214
F_peak_3d_Fp2,delta,None,XGBoost,0.64,0.62,0.52,0.5214
F_peak_3d_Cz,all,None,Linear SVM,0.64,0.6086,0.54,0.5214
F_dasm_3d_8rm,theta,None,Random Forest,0.8,0.6952,0.53,0.5214
F_peak_3d_Cz,beta,None,Ensemble (Majority Vote),0.7333,0.6533,0.54,0.5214
F_peak_3d_8rm,gamma,None,Ensemble (Majority Vote),0.88,0.7924,0.54,0.5214
F_peak_3d_Fp1,gamma,None,KNN,0.8533,0.7057,0.52,0.5214
F_dasm_3d_8rm,theta,norm3,Logistic Regression,0.6267,0.5667,0.51,0.5214
F_peak_3d_Fz,theta,norm2,Random Forest,0.7133,0.5943,0.55,0.5214
F_mean_3d_Fp2,alpha,norm3,XGBoost,0.6733,0.5895,0.53,0.5214
F_de_3d,theta,norm3,Random Forest,0.8667,0.7781,0.5,0.5214
F_mean_3d_3area,gamma,None,KNN,0.8733,0.7505,0.51,0.5214
F_median_3d_10rm,delta,None,XGBoost,0.86,0.8,0.57,0.5214
F_mean_3d_3area,delta,None,XGBoost,0.7733,0.7019,0.54,0.5214
F_peak_3d_T8,alpha,None,KNN,0.8533,0.7086,0.55,0.5214
F_mean_3d_Fp2,alpha,norm2,XGBoost,0.6733,0.5895,0.53,0.5214
F_de_3d_F3,beta,None,Linear SVM,0.5667,0.5524,0.53,0.5214
F_de_3d_10rm,theta,norm3,Logistic Regression,0.6867,0.6667,0.51,0.5214
F_median_3d_T7,delta,None,Linear SVM,0.5267,0.5352,0.51,0.5214
F_mean_3d_2area,gamma,None,Linear SVM,0.5733,0.5571,0.55,0.5214
F_peak_3d_Fz,all,norm2,Ensemble (Majority Vote),0.8133,0.7095,0.53,0.5214
F_peak_3d_10rm,delta,None,Logistic Regression,0.6867,0.6505,0.49,0.5214
F_de_3d_1area,delta,norm2,XGBoost,0.6333,0.6,0.49,0.5214
F_de_3d_3area,alpha,None,Ensemble (Majority Vote),0.7133,0.679,0.53,0.5214
F_median_3d_Fz,all,None,XGBoost,0.8267,0.7524,0.5,0.5214
F_median_3d_C3,theta,None,Linear SVM,0.5667,0.5581,0.56,0.5214
F_dasm_3d19,theta,None,Linear SVM,0.65,0.631,0.5125,0.5214
F_peak_3d_2area,alpha,None,Ensemble (Majority Vote),0.74,0.6676,0.55,0.5214
F_mean_3d_C4,all,norm2,Linear SVM,0.5133,0.501,0.55,0.5214
F_median_3d,delta,None,Logistic Regression,0.7133,0.681,0.53,0.5214
F_peak_3d,all,None,Linear SVM,1.0,0.9543,0.56,0.5214
F_dasm_3d19,theta,norm3,Linear SVM,0.6667,0.6393,0.5,0.5214
F_mean_3d_1area,beta,None,KNN,0.8467,0.6886,0.55,0.5214
F_peak_3d_Fp2,alpha,None,Logistic Regression,0.5533,0.5448,0.55,0.5214
F_peak_3d_F7,gamma,None,XGBoost,0.6133,0.6114,0.55,0.5214
F_peak_3d_Fz,theta,norm3,Random Forest,0.7133,0.5943,0.55,0.5214
F_mean_3d_F4,all,norm3,Ensemble (Majority Vote),0.72,0.6857,0.55,0.5214
F_median_3d_Fz,all,norm3,KNN,0.92,0.7524,0.51,0.5214
F_peak_3d,alpha,norm3,XGBoost,0.96,0.8505,0.61,0.5214
F_mean_3d,alpha,None,XGBoost,0.9333,0.8486,0.56,0.5214
F_median_3d_Fz,all,norm2,KNN,0.82,0.679,0.57,0.5214
F_peak_3d19,alpha,None,Logistic Regression,0.775,0.7131,0.45,0.5214
F_de_3d_Fp1,alpha,norm2,Linear SVM,0.5267,0.4867,0.54,0.5214
F_de_3d_2area,all,norm3,Linear SVM,0.7667,0.68,0.53,0.5214
F_rasm_3d_10rm,theta,norm3,Ensemble (Majority Vote),0.8133,0.6971,0.52,0.5214
F_median_3d_F7,beta,norm2,Linear SVM,0.4933,0.5019,0.55,0.5214
F_median_3d_F7,beta,norm3,Linear SVM,0.4933,0.5019,0.55,0.5214
F_median_3d_Fp2,gamma,None,Ensemble (Majority Vote),0.6533,0.641,0.52,0.5214
F_median_3d,alpha,None,Linear SVM,0.78,0.7238,0.53,0.5214
F_de_3d19,all,norm2,Ensemble (Majority Vote),0.9417,0.8452,0.5125,0.5214
F_de_3d_Fp1,alpha,norm3,Linear SVM,0.5267,0.4867,0.54,0.5214
F_peak_3d_8rm,alpha,norm3,Ensemble (Majority Vote),0.82,0.7619,0.51,0.5214
F_median_3d_F8,all,None,Random Forest,0.7933,0.7324,0.53,0.5214
F_median_3d,theta,None,Linear SVM,0.76,0.7,0.51,0.5214
F_de_3d,alpha,norm2,Ensemble (Majority Vote),0.9133,0.779,0.56,0.5214
F_rasm_3d,beta,norm2,Ensemble (Majority Vote),0.8067,0.7086,0.54,0.5214
F_de_3d_T7,delta,None,KNN,0.86,0.7152,0.48,0.5214
F_median_3d_2area,beta,None,Ensemble (Majority Vote),0.7133,0.66,0.54,0.5214
F_mean_3d_3area,alpha,norm2,Ensemble (Majority Vote),0.8533,0.68,0.54,0.5214
F_peak_3d_3area,theta,norm3,Logistic Regression,0.6133,0.5848,0.57,0.5214
F_peak_3d_F3,all,norm3,XGBoost,0.8267,0.7314,0.54,0.5214
F_median_3d_C3,theta,None,Logistic Regression,0.5667,0.5571,0.56,0.5214
F_dasm_3d19,beta,norm3,Random Forest,0.825,0.744,0.525,0.5214
F_peak_3d_Fp1,delta,None,Random Forest,0.66,0.6419,0.52,0.5214
F_rasm_3d_3area,delta,None,XGBoost,0.6533,0.5924,0.49,0.5214
F_rasm_3d19,alpha,norm3,Ensemble (Majority Vote),0.8583,0.7429,0.575,0.5214
F_de_3d_Fp2,delta,None,Logistic Regression,0.5733,0.5581,0.49,0.5214
F_peak_3d19,beta,norm3,Logistic Regression,0.7917,0.7095,0.5375,0.5214
F_peak_3d_F4,alpha,norm2,Random Forest,0.6933,0.5981,0.54,0.5214
F_rasm_3d_10rm,alpha,norm2,XGBoost,0.86,0.7124,0.54,0.5214
F_peak_3d19,beta,norm3,KNN,0.9833,0.9048,0.55,0.5214
F_median_3d_3area,beta,None,Ensemble (Majority Vote),0.7933,0.7133,0.52,0.5214
F_peak_3d_F3,beta,None,XGBoost,0.62,0.599,0.51,0.5214
F_de_3d19,gamma,norm3,KNN,0.9833,0.9083,0.5125,0.5214
F_peak_3d_F4,alpha,norm3,Random Forest,0.6933,0.5981,0.54,0.5214
F_peak_3d_Fp1,alpha,None,XGBoost,0.64,0.6143,0.49,0.5214
F_mean_3d_8rm,beta,norm3,XGBoost,0.8667,0.7905,0.57,0.5214
F_de_3d_8rm,delta,norm2,Ensemble (Majority Vote),0.8733,0.7238,0.5,0.5214
F_median_3d_C4,beta,norm3,Ensemble (Majority Vote),0.6533,0.6152,0.49,0.52
F_mean_3d_Fp1,gamma,norm2,Ensemble (Majority Vote),0.6667,0.601,0.5,0.52
F_mean_3d_Cz,delta,norm3,Random Forest,0.7267,0.6124,0.55,0.52
F_de_3d_F4,all,None,Linear SVM,0.64,0.6105,0.55,0.52
F_mean_3d_Fp2,theta,None,Logistic Regression,0.5067,0.54,0.52,0.52
F_mean_3d_Cz,gamma,None,KNN,0.8467,0.6952,0.54,0.52
F_peak_3d_Fp2,all,norm3,XGBoost,0.8533,0.7314,0.51,0.52
F_de_3d_F4,alpha,None,KNN,0.8733,0.6933,0.54,0.52
F_de_3d_F4,beta,None,KNN,0.82,0.7181,0.55,0.52
F_median_3d_T7,gamma,norm3,Linear SVM,0.5,0.499,0.5,0.52
F_rasm_3d_8rm,all,norm3,Logistic Regression,0.6533,0.5914,0.56,0.52
F_mean_3d_Fp1,gamma,norm3,Ensemble (Majority Vote),0.6667,0.601,0.5,0.52
F_peak_3d_1area,all,None,XGBoost,0.8067,0.7238,0.5,0.52
F_mean_3d_Fp2,all,None,Random Forest,0.78,0.7171,0.49,0.52
F_dasm_3d,theta,None,XGBoost,0.84,0.7486,0.57,0.52
F_de_3d_C3,theta,None,Random Forest,0.68,0.6229,0.51,0.52
F_mean_3d_Cz,delta,norm2,Random Forest,0.7267,0.6124,0.55,0.52
F_mean_3d,alpha,norm3,Linear SVM,0.78,0.6952,0.55,0.52
F_mean_3d_F7,beta,None,Ensemble (Majority Vote),0.6533,0.6352,0.5,0.52
F_mean_3d_8rm,theta,None,Random Forest,0.8267,0.7371,0.55,0.52
F_median_3d_F8,all,None,Ensemble (Majority Vote),0.8333,0.7448,0.49,0.52
F_peak_3d_F7,beta,norm3,Linear SVM,0.5133,0.4943,0.57,0.52
F_peak_3d,theta,norm3,Ensemble (Majority Vote),0.8733,0.8105,0.54,0.52
F_median_3d_T8,gamma,None,XGBoost,0.6067,0.5895,0.53,0.52
F_rasm_3d_10rm,delta,None,XGBoost,0.86,0.7229,0.5,0.52
F_mean_3d_C3,delta,None,Ensemble (Majority Vote),0.6933,0.64,0.54,0.52
F_median_3d_Fz,all,norm3,XGBoost,0.8133,0.7343,0.55,0.52
F_median_3d_C4,beta,norm2,Ensemble (Majority Vote),0.6533,0.6152,0.49,0.52
F_mean_3d,all,norm3,KNN,1.0,0.9543,0.48,0.52
F_peak_3d_F8,delta,norm2,Random Forest,0.6867,0.5981,0.58,0.52
F_median_3d_Fp1,gamma,norm2,Ensemble (Majority Vote),0.6533,0.6067,0.53,0.52
F_median_3d_Fp1,gamma,norm3,Ensemble (Majority Vote),0.6533,0.6067,0.53,0.52
F_median_3d_Fp2,all,None,XGBoost,0.84,0.7638,0.53,0.52
F_median_3d_Fp2,all,norm2,XGBoost,0.8,0.6895,0.53,0.52
F_peak_3d_F8,delta,norm3,Random Forest,0.6867,0.5981,0.58,0.52
F_de_3d_T8,all,norm3,Logistic Regression,0.6067,0.6029,0.56,0.52
F_peak_3d_F7,beta,norm2,Linear SVM,0.5133,0.4943,0.57,0.52
F_mean_3d_F7,theta,None,Random Forest,0.6733,0.6267,0.51,0.52
F_median_3d_T8,all,None,XGBoost,0.8133,0.7343,0.53,0.52
F_median_3d_T8,alpha,norm2,KNN,0.8467,0.6752,0.53,0.52
F_peak_3d_Fp2,all,None,Ensemble (Majority Vote),0.7533,0.7171,0.5,0.52
F_median_3d_F3,all,norm3,Linear SVM,0.6467,0.6114,0.5,0.52
F_dasm_3d_8rm,theta,norm3,Ensemble (Majority Vote),0.7267,0.6562,0.51,0.52
F_de_3d_8rm,alpha,norm2,XGBoost,0.9067,0.7257,0.56,0.52
F_mean_3d_Fp1,alpha,None,Ensemble (Majority Vote),0.7333,0.6581,0.54,0.52
F_de_3d_10rm,all,norm3,Linear SVM,0.9933,0.9352,0.55,0.52
F_peak_3d_10rm,all,norm3,Linear SVM,0.9933,0.9486,0.51,0.52
F_median_3d_F3,theta,None,XGBoost,0.68,0.6324,0.54,0.52
F_de_3d_F3,beta,None,Logistic Regression,0.56,0.5562,0.53,0.52
F_median_3d_F7,beta,None,Linear SVM,0.5533,0.5552,0.56,0.52
F_mean_3d,theta,norm3,Logistic Regression,0.7333,0.7029,0.53,0.52
F_de_3d_T7,all,norm2,KNN,0.86,0.6905,0.5,0.52
F_mean_3d_C4,delta,norm3,XGBoost,0.6467,0.5771,0.54,0.52
F_median_3d_T8,alpha,norm3,KNN,0.8467,0.6752,0.53,0.52
F_de_3d_8rm,delta,norm3,XGBoost,0.92,0.7952,0.47,0.52
F_mean_3d_C4,delta,norm2,XGBoost,0.6467,0.5771,0.54,0.52
F_de_3d_F3,all,norm2,Ensemble (Majority Vote),0.84,0.6971,0.52,0.52
F_peak_3d_F7,all,norm3,KNN,0.8867,0.7543,0.58,0.52
F_mean_3d_F7,theta,None,Ensemble (Majority Vote),0.6267,0.6181,0.49,0.52
F_median_3d_T7,gamma,norm2,Linear SVM,0.5,0.499,0.5,0.52
F_peak_3d_Fz,alpha,norm2,Random Forest,0.6933,0.6,0.57,0.52
F_dasm_3d,all,norm3,Logistic Regression,0.8533,0.7714,0.56,0.52
F_median_3d,alpha,norm3,KNN,0.94,0.8562,0.52,0.52
F_peak_3d_Fz,theta,norm2,Ensemble (Majority Vote),0.7,0.6076,0.52,0.52
F_mean_3d_1area,gamma,None,Ensemble (Majority Vote),0.6733,0.6314,0.52,0.52
F_peak_3d_C4,gamma,None,Logistic Regression,0.5867,0.5657,0.53,0.52
F_median_3d_C3,beta,None,XGBoost,0.58,0.58,0.5,0.52
F_mean_3d_10rm,gamma,None,Ensemble (Majority Vote),0.8733,0.7952,0.52,0.52
F_median_3d_C3,beta,None,Logistic Regression,0.58,0.5562,0.55,0.52
F_mean_3d_Fz,gamma,None,Random Forest,0.6733,0.6219,0.47,0.52
F_median_3d,all,None,Random Forest,0.9267,0.8914,0.5,0.52
F_median_3d_8rm,beta,None,Logistic Regression,0.58,0.6229,0.53,0.52
F_median_3d_3area,theta,None,XGBoost,0.76,0.6743,0.52,0.52
F_peak_3d_T7,alpha,norm3,Random Forest,0.72,0.6029,0.51,0.52
F_median_3d_3area,theta,None,Linear SVM,0.5933,0.5857,0.56,0.52
F_mean_3d_10rm,gamma,None,XGBoost,0.9467,0.8314,0.45,0.52
F_peak_3d_T8,beta,norm3,XGBoost,0.7133,0.5962,0.55,0.52
F_peak_3d_2area,gamma,norm3,Ensemble (Majority Vote),0.6933,0.6324,0.51,0.52
F_peak_3d_T7,alpha,norm2,Random Forest,0.72,0.6029,0.51,0.52
F_peak_3d_2area,gamma,norm3,KNN,0.8533,0.6829,0.55,0.52
F_peak_3d_T8,beta,norm2,XGBoost,0.7133,0.5962,0.55,0.52
F_peak_3d_8rm,delta,norm3,Linear SVM,0.6933,0.6381,0.6,0.52
F_de_3d_Fp2,delta,None,KNN,0.8933,0.7314,0.54,0.52
F_mean_3d_10rm,all,norm2,KNN,0.7267,0.6771,0.53,0.52
F_peak_3d_Fz,alpha,norm3,Random Forest,0.6933,0.6,0.57,0.52
F_dasm_3d_10rm,theta,norm3,XGBoost,0.7667,0.6867,0.57,0.52
F_mean_3d_Fz,alpha,norm3,Ensemble (Majority Vote),0.5933,0.5771,0.53,0.52
F_dasm_3d,beta,norm3,XGBoost,0.8,0.7305,0.54,0.52
F_mean_3d_2area,gamma,norm3,Linear SVM,0.5267,0.5305,0.52,0.52
F_mean_3d_10rm,theta,norm3,Logistic Regression,0.7267,0.681,0.53,0.52
F_mean_3d_Fz,alpha,norm2,Ensemble (Majority Vote),0.5933,0.5771,0.53,0.52
F_dasm_3d_10rm,theta,norm3,Random Forest,0.7733,0.6933,0.52,0.52
F_rasm_3d_8rm,all,norm3,XGBoost,0.94,0.8657,0.54,0.52
F_peak_3d_Fp2,beta,None,KNN,0.82,0.7152,0.53,0.52
F_de_3d_Fp1,beta,None,XGBoost,0.62,0.6095,0.52,0.52
F_peak_3d_Fz,theta,norm3,Ensemble (Majority Vote),0.7,0.6076,0.52,0.52
F_peak_3d_Cz,alpha,None,Logistic Regression,0.6,0.5705,0.51,0.52
F_peak_3d_10rm,gamma,None,XGBoost,0.9667,0.8362,0.47,0.52
F_median_3d_Cz,alpha,norm2,Random Forest,0.7,0.6029,0.53,0.52
F_peak_3d_Fz,delta,None,Ensemble (Majority Vote),0.72,0.6305,0.5,0.52
F_de_3d_10rm,alpha,None,XGBoost,0.9133,0.8295,0.54,0.52
F_de_3d_10rm,theta,norm2,KNN,0.82,0.6914,0.52,0.52
F_median_3d_Cz,alpha,norm3,Random Forest,0.7,0.6029,0.53,0.52
F_mean_3d_F3,all,norm3,KNN,0.86,0.7429,0.58,0.52
F_peak_3d_C4,theta,norm2,Random Forest,0.6867,0.5895,0.51,0.52
F_peak_3d_F4,gamma,None,XGBoost,0.6133,0.5943,0.54,0.52
F_median_3d_Cz,theta,None,Logistic Regression,0.5333,0.5352,0.52,0.52
F_mean_3d_8rm,alpha,None,XGBoost,0.8733,0.8019,0.57,0.52
F_peak_3d_C4,theta,norm3,Random Forest,0.6867,0.5895,0.51,0.52
F_peak_3d_Fp1,delta,None,XGBoost,0.6467,0.6219,0.54,0.52
F_peak_3d_C3,alpha,None,Ensemble (Majority Vote),0.6667,0.6219,0.5,0.52
F_peak_3d_10rm,alpha,None,Ensemble (Majority Vote),0.8467,0.7857,0.55,0.52
F_mean_3d_10rm,all,norm3,Random Forest,0.96,0.901,0.54,0.52
F_de_3d_Cz,gamma,None,Random Forest,0.7067,0.6257,0.57,0.52
F_de_3d_1area,gamma,None,Random Forest,0.68,0.6257,0.49,0.52
F_mean_3d_Fp2,all,norm3,Random Forest,0.78,0.7238,0.54,0.52
F_de_3d_F7,theta,norm2,Ensemble (Majority Vote),0.6867,0.6048,0.53,0.52
F_rasm_3d,all,None,Ensemble (Majority Vote),0.96,0.8029,0.55,0.52
F_median_3d_C3,gamma,norm2,Ensemble (Majority Vote),0.7067,0.64,0.55,0.52
F_median_3d_T8,gamma,None,Ensemble (Majority Vote),0.6667,0.6219,0.47,0.52
F_median_3d_T7,delta,None,Logistic Regression,0.5267,0.5362,0.49,0.52
F_de_3d_F7,theta,norm3,Ensemble (Majority Vote),0.6867,0.6048,0.53,0.52
F_mean_3d,delta,norm2,Random Forest,0.88,0.7162,0.52,0.52
F_dasm_3d,all,None,Linear SVM,0.8267,0.779,0.53,0.52
F_median_3d_2area,all,norm3,Logistic Regression,0.7133,0.6686,0.5,0.52
F_median_3d_F7,beta,None,KNN,0.8467,0.6943,0.51,0.52
F_peak_3d_2area,alpha,norm3,XGBoost,0.66,0.6029,0.52,0.52
F_median_3d_C3,gamma,norm3,Ensemble (Majority Vote),0.7067,0.64,0.55,0.52
F_de_3d19,all,None,XGBoost,0.9917,0.9738,0.5,0.5196
F_peak_3d19,gamma,None,XGBoost,0.975,0.894,0.475,0.5196
F_dasm_3d19,delta,norm2,XGBoost,0.9333,0.7286,0.5625,0.5196
F_median_3d19,all,None,XGBoost,0.9917,0.9738,0.5625,0.5196
F_de_3d19,all,norm3,Ensemble (Majority Vote),1.0,0.9833,0.5,0.5196
F_dasm_3d19,delta,norm2,Ensemble (Majority Vote),0.9083,0.7357,0.5625,0.5196
F_median_3d19,delta,None,KNN,0.9917,0.8893,0.5875,0.5196
F_rasm_3d19,beta,None,Logistic Regression,0.5833,0.5357,0.55,0.5196
F_rasm_3d19,beta,norm3,KNN,0.8333,0.7167,0.5375,0.5196
F_median_3d19,all,norm2,XGBoost,1.0,0.9762,0.525,0.5196
F_rasm_3d19,alpha,norm3,Random Forest,0.85,0.7679,0.5625,0.5196
F_rasm_3d19,beta,None,XGBoost,0.8917,0.7571,0.5125,0.5196
F_median_3d,delta,norm3,Random Forest,0.8933,0.8038,0.53,0.5186
F_de_3d_1area,delta,None,Random Forest,0.7,0.6324,0.51,0.5186
F_peak_3d_C3,alpha,norm3,Ensemble (Majority Vote),0.66,0.6057,0.5,0.5186
F_mean_3d_F8,gamma,None,KNN,0.9067,0.7248,0.51,0.5186
F_mean_3d,beta,norm3,KNN,0.9867,0.8771,0.54,0.5186
F_median_3d_F7,alpha,None,Ensemble (Majority Vote),0.6667,0.639,0.55,0.5186
F_de_3d_10rm,theta,norm3,KNN,0.96,0.8352,0.49,0.5186
F_de_3d_F7,alpha,norm3,XGBoost,0.5533,0.5419,0.53,0.5186
F_rasm_3d_3area,alpha,None,KNN,0.8067,0.6714,0.54,0.5186
F_de_3d_8rm,theta,norm3,KNN,0.9267,0.8152,0.54,0.5186
F_peak_3d,gamma,None,XGBoost,0.96,0.8667,0.5,0.5186
F_median_3d_F8,alpha,norm3,Ensemble (Majority Vote),0.72,0.6171,0.54,0.5186
F_de_3d_2area,beta,None,Ensemble (Majority Vote),0.74,0.68,0.52,0.5186
F_mean_3d_2area,all,norm2,Linear SVM,0.5467,0.5114,0.52,0.5186
F_de_3d_T8,all,norm3,Linear SVM,0.6,0.599,0.55,0.5186
F_median_3d_F8,all,None,Linear SVM,0.68,0.6419,0.47,0.5186
F_de_3d_F7,alpha,norm2,XGBoost,0.5533,0.5419,0.53,0.5186
F_rasm_3d_8rm,gamma,None,Random Forest,0.6867,0.6562,0.58,0.5186
F_dasm_3d_3area,alpha,norm3,Ensemble (Majority Vote),0.6,0.5619,0.55,0.5186
F_median_3d_1area,all,None,Random Forest,0.78,0.7276,0.54,0.5186
F_median_3d_F7,beta,None,Logistic Regression,0.5533,0.5552,0.55,0.5186
F_median_3d_F8,delta,norm2,Random Forest,0.7267,0.6057,0.59,0.5186
F_mean_3d,theta,norm3,Linear SVM,0.7333,0.6943,0.52,0.5186
F_de_3d_C4,gamma,None,Random Forest,0.6867,0.6295,0.51,0.5186
F_median_3d_F8,delta,norm3,Random Forest,0.7267,0.6057,0.59,0.5186
F_peak_3d_F8,alpha,norm3,KNN,0.8533,0.6829,0.6,0.5186
F_peak_3d_3area,theta,None,XGBoost,0.7467,0.6905,0.54,0.5186
F_peak_3d,delta,None,Logistic Regression,0.6733,0.68,0.49,0.5186
F_median_3d_F8,alpha,norm2,Ensemble (Majority Vote),0.72,0.6171,0.54,0.5186
F_de_3d_C3,theta,None,Logistic Regression,0.5667,0.5495,0.56,0.5186
F_median_3d_Fz,delta,None,Random Forest,0.6467,0.6124,0.54,0.5186
F_median_3d,all,norm3,KNN,1.0,0.9562,0.49,0.5186
F_rasm_3d_10rm,beta,norm3,XGBoost,0.8533,0.7295,0.55,0.5186
F_de_3d_F3,beta,None,Random Forest,0.7133,0.6419,0.49,0.5186
F_dasm_3d_3area,alpha,norm2,Ensemble (Majority Vote),0.6,0.5619,0.55,0.5186
F_peak_3d,alpha,norm2,Random Forest,0.9667,0.7876,0.53,0.5186
F_mean_3d_8rm,alpha,norm3,XGBoost,0.88,0.7914,0.55,0.5186
F_peak_3d_T8,beta,norm3,Random Forest,0.7667,0.6133,0.54,0.5186
F_peak_3d_2area,theta,None,Ensemble (Majority Vote),0.7067,0.6581,0.55,0.5186
F_peak_3d_10rm,theta,norm3,Linear SVM,0.6733,0.6581,0.55,0.5186
F_dasm_3d_3area,all,norm2,XGBoost,0.8,0.6438,0.52,0.5186
F_rasm_3d_10rm,beta,norm2,KNN,0.76,0.6571,0.55,0.5186
F_de_3d_Fp1,beta,norm3,Linear SVM,0.4467,0.4886,0.53,0.5186
F_rasm_3d_3area,delta,norm2,XGBoost,0.62,0.5857,0.54,0.5186
F_de_3d_C3,theta,None,Linear SVM,0.5667,0.5505,0.56,0.5186
F_rasm_3d_3area,delta,norm3,XGBoost,0.62,0.5857,0.54,0.5186
F_de_3d_C3,gamma,None,Random Forest,0.6733,0.6105,0.53,0.5186
F_peak_3d_F3,delta,None,Random Forest,0.68,0.6238,0.53,0.5186
F_median_3d_C3,beta,None,Linear SVM,0.5933,0.56,0.56,0.5186
F_de_3d,delta,norm2,Ensemble (Majority Vote),0.8467,0.7305,0.52,0.5186
F_peak_3d_1area,all,norm3,Random Forest,0.7933,0.7229,0.5,0.5186
F_mean_3d_2area,theta,norm3,Random Forest,0.7067,0.6457,0.49,0.5186
F_mean_3d_F4,all,norm3,Logistic Regression,0.6067,0.5914,0.52,0.5186
F_median_3d_1area,gamma,None,Random Forest,0.6733,0.6076,0.51,0.5186
F_median_3d_C3,delta,None,KNN,0.8467,0.7029,0.52,0.5186
F_median_3d_C4,gamma,None,Ensemble (Majority Vote),0.6733,0.6352,0.53,0.5186
F_peak_3d_2area,beta,None,KNN,0.8933,0.7371,0.56,0.5186
F_mean_3d_1area,all,None,Random Forest,0.8,0.7371,0.54,0.5186
F_median_3d,theta,None,Random Forest,0.8467,0.7752,0.5,0.5186
F_de_3d_Fz,all,norm2,KNN,0.8333,0.6857,0.55,0.5186
F_de_3d_F8,alpha,None,Random Forest,0.6933,0.6352,0.57,0.5186
F_median_3d_Fp1,gamma,None,Ensemble (Majority Vote),0.7,0.6333,0.54,0.5186
F_peak_3d_T8,theta,None,KNN,0.8533,0.7114,0.51,0.5186
F_dasm_3d_10rm,gamma,norm3,Linear SVM,0.5867,0.5743,0.48,0.5186
F_dasm_3d_10rm,theta,norm3,Linear SVM,0.5733,0.5724,0.52,0.5186
F_de_3d_Fp1,beta,norm2,Linear SVM,0.4467,0.4886,0.53,0.5186
F_rasm_3d,theta,norm2,Random Forest,0.86,0.7019,0.51,0.5186
F_peak_3d_10rm,theta,norm2,Linear SVM,0.5067,0.5067,0.55,0.5186
F_median_3d_8rm,delta,norm3,Linear SVM,0.6933,0.6457,0.52,0.5186
F_mean_3d_T7,gamma,norm2,XGBoost,0.6067,0.561,0.51,0.5186
F_peak_3d_T8,beta,norm2,Random Forest,0.7667,0.6133,0.54,0.5186
F_peak_3d_Fp1,gamma,None,Ensemble (Majority Vote),0.6467,0.62,0.52,0.5186
F_de_3d_Fz,delta,norm3,XGBoost,0.5667,0.541,0.54,0.5186
F_dasm_3d_3area,alpha,None,KNN,0.8467,0.6857,0.51,0.5186
F_peak_3d_3area,all,norm2,Ensemble (Majority Vote),0.8867,0.7667,0.5,0.5186
F_peak_3d_T8,beta,None,KNN,0.8667,0.72,0.54,0.5186
F_mean_3d_T7,gamma,norm3,XGBoost,0.6067,0.561,0.51,0.5186
F_peak_3d,beta,norm3,Ensemble (Majority Vote),0.8467,0.7952,0.5,0.5186
F_peak_3d_3area,all,norm2,Random Forest,0.9267,0.7638,0.5,0.5186
F_peak_3d_C3,alpha,norm2,Ensemble (Majority Vote),0.66,0.6057,0.5,0.5186
F_median_3d_F3,theta,norm2,XGBoost,0.5267,0.5429,0.57,0.5186
F_peak_3d_F8,alpha,norm2,KNN,0.8533,0.6829,0.6,0.5186
F_de_3d_F7,all,norm2,XGBoost,0.76,0.6629,0.55,0.5186
F_median_3d_F3,theta,norm3,XGBoost,0.5267,0.5429,0.57,0.5186
F_median_3d_10rm,gamma,None,Ensemble (Majority Vote),0.8867,0.8019,0.56,0.5186
F_mean_3d_T7,beta,None,XGBoost,0.66,0.6067,0.53,0.5186
F_rasm_3d_3area,delta,None,Ensemble (Majority Vote),0.7467,0.64,0.53,0.5186
F_peak_3d_F4,all,norm2,KNN,0.8333,0.6914,0.52,0.5186
F_median_3d_Cz,theta,None,Ensemble (Majority Vote),0.7067,0.6381,0.56,0.5186
F_de_3d_F3,theta,norm3,Linear SVM,0.52,0.5019,0.52,0.5186
F_de_3d_F3,theta,norm2,Linear SVM,0.52,0.5019,0.52,0.5186
F_de_3d_10rm,alpha,None,Random Forest,0.7867,0.7514,0.55,0.5186
F_de_3d_Fp2,beta,None,KNN,0.8467,0.7057,0.54,0.5186
F_de_3d_Fz,delta,norm2,XGBoost,0.5667,0.541,0.54,0.5186
F_mean_3d_F7,alpha,None,Random Forest,0.7133,0.6352,0.53,0.5186
F_median_3d_F8,theta,None,XGBoost,0.64,0.6,0.53,0.5186
F_median_3d,beta,norm3,Random Forest,0.8933,0.82,0.52,0.5186
F_mean_3d_F4,theta,None,Logistic Regression,0.56,0.5448,0.53,0.5186
F_median_3d_Fp1,alpha,None,Random Forest,0.6667,0.619,0.52,0.5186
F_peak_3d,delta,None,Linear SVM,0.6933,0.6867,0.52,0.5186
F_median_3d_1area,gamma,None,Linear SVM,0.56,0.539,0.54,0.5186
F_median_3d_Fp2,alpha,None,Linear SVM,0.5667,0.5295,0.54,0.5186
F_median_3d_1area,delta,None,XGBoost,0.66,0.6181,0.51,0.5186
F_mean_3d_F4,theta,None,Linear SVM,0.56,0.5448,0.53,0.5186
F_median_3d_1area,theta,norm3,KNN,0.84,0.6876,0.56,0.5186
F_mean_3d_F4,all,norm3,Linear SVM,0.5867,0.5905,0.49,0.5186
F_median_3d_1area,beta,norm3,Linear SVM,0.48,0.4924,0.51,0.5186
F_mean_3d_Fp2,delta,norm2,Random Forest,0.68,0.6019,0.54,0.5186
F_peak_3d_F4,delta,norm2,Linear SVM,0.4933,0.4962,0.51,0.5186
F_peak_3d_Fp1,alpha,norm2,KNN,0.8333,0.6819,0.57,0.5186
F_mean_3d_T8,all,norm2,KNN,0.8133,0.6867,0.56,0.5186
F_peak_3d_3area,all,norm2,XGBoost,0.9467,0.801,0.59,0.5186
F_de_3d,all,None,Ensemble (Majority Vote),0.98,0.9695,0.52,0.5186
F_de_3d_Fp2,beta,None,Ensemble (Majority Vote),0.6867,0.6229,0.55,0.5186
F_mean_3d_T7,all,norm3,Ensemble (Majority Vote),0.8067,0.7267,0.55,0.5186
F_peak_3d_T7,alpha,None,XGBoost,0.68,0.6238,0.49,0.5186
F_peak_3d_10rm,theta,norm3,XGBoost,0.9133,0.8114,0.54,0.5186
F_peak_3d_C4,alpha,None,XGBoost,0.6467,0.6114,0.56,0.5186
F_mean_3d_Fp2,delta,norm3,Random Forest,0.68,0.6019,0.54,0.5186
F_rasm_3d,gamma,norm3,KNN,0.8333,0.7305,0.53,0.5186
F_median_3d_C4,gamma,norm3,Linear SVM,0.4867,0.4962,0.52,0.5186
F_mean_3d_Cz,all,norm2,Random Forest,0.8733,0.7305,0.55,0.5186
F_median_3d_C4,gamma,norm2,Linear SVM,0.4867,0.4962,0.52,0.5186
F_rasm_3d,beta,norm2,KNN,0.7733,0.6562,0.59,0.5186
F_peak_3d_Fp2,all,norm3,Random Forest,0.7667,0.7152,0.5,0.5186
F_peak_3d_2area,all,norm3,Linear SVM,0.7467,0.6886,0.53,0.5186
F_peak_3d_F4,delta,norm3,Linear SVM,0.4933,0.4962,0.51,0.5186
F_mean_3d_T8,all,norm2,XGBoost,0.8067,0.6619,0.57,0.5186
F_peak_3d_C3,theta,norm3,KNN,0.8467,0.6905,0.53,0.5186
F_peak_3d_8rm,delta,None,Logistic Regression,0.6733,0.6419,0.53,0.5186
F_median_3d_1area,beta,norm2,Linear SVM,0.48,0.4924,0.51,0.5186
F_peak_3d_8rm,gamma,norm3,Linear SVM,0.7,0.6629,0.49,0.5186
F_mean_3d_10rm,beta,norm3,Linear SVM,0.76,0.6867,0.54,0.5186
F_mean_3d_2area,beta,norm2,Ensemble (Majority Vote),0.64,0.6152,0.54,0.5186
F_mean_3d,gamma,None,Linear SVM,0.68,0.6686,0.53,0.5186
F_peak_3d_C3,theta,norm2,KNN,0.8467,0.6905,0.53,0.5186
F_peak_3d_3area,alpha,norm3,Ensemble (Majority Vote),0.6867,0.6695,0.52,0.5186
F_median_3d_1area,theta,norm2,KNN,0.84,0.6876,0.56,0.5186
F_de_3d,alpha,None,Random Forest,0.8333,0.7838,0.58,0.5186
F_peak_3d_Fp1,alpha,norm3,KNN,0.8333,0.6819,0.57,0.5186
F_mean_3d_2area,delta,None,Linear SVM,0.5867,0.5752,0.57,0.5186
F_mean_3d_2area,delta,None,Logistic Regression,0.5933,0.5714,0.53,0.5186
F_rasm_3d_3area,all,None,Ensemble (Majority Vote),0.8533,0.7114,0.54,0.5186
F_mean_3d19,theta,norm2,KNN,0.875,0.6964,0.5625,0.5179
F_mean_3d19,theta,None,XGBoost,0.9333,0.8786,0.5125,0.5179
F_de_3d19,alpha,norm2,Ensemble (Majority Vote),0.8917,0.7857,0.4875,0.5179
F_peak_3d19,beta,norm2,XGBoost,0.9583,0.825,0.525,0.5179
F_median_3d19,alpha,norm2,Random Forest,0.9917,0.8226,0.55,0.5179
F_de_3d19,all,norm3,Logistic Regression,0.9833,0.9536,0.525,0.5179
F_dasm_3d19,delta,None,Ensemble (Majority Vote),0.8667,0.8024,0.5125,0.5179
F_median_3d19,delta,None,Linear SVM,0.85,0.7583,0.525,0.5179
F_dasm_3d19,gamma,None,XGBoost,0.9083,0.7988,0.55,0.5179
F_median_3d19,gamma,norm3,KNN,0.9833,0.925,0.55,0.5179
F_median_3d19,alpha,norm2,XGBoost,0.9667,0.8083,0.5,0.5179
F_peak_3d19,delta,norm3,Logistic Regression,0.8083,0.75,0.5625,0.5179
F_rasm_3d19,delta,norm3,Linear SVM,0.55,0.575,0.5375,0.5179
F_mean_3d19,all,None,KNN,0.9917,0.9548,0.55,0.5179
F_de_3d19,delta,norm3,Linear SVM,0.8167,0.7595,0.55,0.5179
F_de_3d19,delta,norm3,Logistic Regression,0.8083,0.7476,0.5625,0.5179
F_peak_3d19,all,norm2,XGBoost,1.0,0.975,0.4875,0.5179
F_mean_3d19,delta,norm2,XGBoost,0.925,0.7714,0.5875,0.5179
F_de_3d19,alpha,norm2,Random Forest,0.95,0.8071,0.6125,0.5179
F_de_3d19,alpha,norm2,KNN,0.8333,0.669,0.5625,0.5179
F_mean_3d,theta,norm3,Random Forest,0.88,0.7829,0.52,0.5171
F_peak_3d_F4,delta,None,Linear SVM,0.5467,0.5314,0.52,0.5171
F_de_3d_2area,gamma,None,Linear SVM,0.5467,0.5429,0.53,0.5171
F_mean_3d_C4,delta,norm2,Ensemble (Majority Vote),0.6533,0.5933,0.52,0.5171
F_peak_3d_F4,all,norm3,Logistic Regression,0.5733,0.5771,0.54,0.5171
F_mean_3d_8rm,alpha,norm3,Linear SVM,0.6867,0.6638,0.55,0.5171
F_mean_3d_C4,delta,norm3,Ensemble (Majority Vote),0.6533,0.5933,0.52,0.5171
F_de_3d_10rm,all,norm3,Ensemble (Majority Vote),0.9933,0.9676,0.5,0.5171
F_mean_3d_10rm,all,norm3,Ensemble (Majority Vote),0.98,0.9543,0.51,0.5171
F_mean_3d_2area,gamma,norm3,Logistic Regression,0.5333,0.5324,0.52,0.5171
F_rasm_3d_3area,beta,norm2,Linear SVM,0.5067,0.5181,0.5,0.5171
F_rasm_3d_3area,beta,norm3,Linear SVM,0.5067,0.5181,0.5,0.5171
F_peak_3d_F7,theta,norm2,KNN,0.8,0.6743,0.56,0.5171
F_rasm_3d_8rm,alpha,None,KNN,0.86,0.7029,0.51,0.5171
F_peak_3d_8rm,delta,norm3,Logistic Regression,0.68,0.6333,0.6,0.5171
F_peak_3d_F4,delta,None,Logistic Regression,0.5467,0.5305,0.52,0.5171
F_median_3d_T7,gamma,norm2,XGBoost,0.5933,0.5429,0.59,0.5171
F_de_3d_3area,delta,norm2,XGBoost,0.7333,0.6305,0.56,0.5171
F_mean_3d_Cz,delta,norm2,Ensemble (Majority Vote),0.6933,0.6238,0.56,0.5171
F_peak_3d_F3,beta,None,Ensemble (Majority Vote),0.6333,0.6105,0.5,0.5171
F_mean_3d_Cz,delta,norm3,Ensemble (Majority Vote),0.6933,0.6238,0.56,0.5171
F_de_3d,theta,norm3,Ensemble (Majority Vote),0.8533,0.7981,0.52,0.5171
F_median_3d_T7,gamma,norm3,XGBoost,0.5933,0.5429,0.59,0.5171
F_peak_3d_F3,all,norm3,Ensemble (Majority Vote),0.8067,0.719,0.53,0.5171
F_dasm_3d,beta,norm3,KNN,0.8933,0.7705,0.54,0.5171
F_de_3d_1area,delta,norm3,Random Forest,0.7733,0.6286,0.52,0.5171
F_de_3d_1area,delta,norm2,Random Forest,0.7733,0.6286,0.52,0.5171
F_de_3d_3area,alpha,None,Linear SVM,0.5933,0.5667,0.52,0.5171
F_de_3d_10rm,alpha,norm2,Ensemble (Majority Vote),0.94,0.7676,0.53,0.5171
F_mean_3d_C4,alpha,None,Logistic Regression,0.5467,0.5533,0.49,0.5171
F_mean_3d_10rm,alpha,norm2,Ensemble (Majority Vote),0.9133,0.7562,0.57,0.5171
F_de_3d_2area,alpha,norm2,Linear SVM,0.5067,0.5048,0.51,0.5171
F_peak_3d,beta,norm2,Ensemble (Majority Vote),0.8867,0.7619,0.55,0.5171
F_mean_3d_10rm,gamma,norm3,XGBoost,0.9,0.8124,0.53,0.5171
F_peak_3d,delta,norm2,Ensemble (Majority Vote),0.8267,0.7333,0.52,0.5171
F_peak_3d,delta,norm3,KNN,0.9533,0.8305,0.49,0.5171
F_rasm_3d_10rm,delta,norm2,Ensemble (Majority Vote),0.8333,0.7257,0.52,0.5171
F_peak_3d_8rm,theta,norm2,Ensemble (Majority Vote),0.9133,0.7124,0.56,0.5171
F_dasm_3d,all,norm3,Random Forest,0.9267,0.8724,0.53,0.5171
F_rasm_3d_8rm,gamma,None,KNN,0.88,0.7114,0.53,0.5171
F_peak_3d_8rm,alpha,None,XGBoost,0.86,0.8019,0.52,0.5171
F_mean_3d_2area,beta,None,Ensemble (Majority Vote),0.7067,0.6667,0.51,0.5171
F_peak_3d_8rm,alpha,norm3,Random Forest,0.8133,0.7733,0.57,0.5171
F_peak_3d_F7,theta,norm3,KNN,0.8,0.6743,0.56,0.5171
F_rasm_3d_8rm,beta,norm3,XGBoost,0.74,0.6676,0.49,0.5171
F_mean_3d_10rm,beta,norm3,Logistic Regression,0.76,0.6857,0.54,0.5171
F_peak_3d_3area,alpha,None,XGBoost,0.7333,0.6667,0.54,0.5171
F_peak_3d_8rm,theta,None,KNN,0.9467,0.8295,0.57,0.5171
F_peak_3d_F7,beta,None,Random Forest,0.7333,0.6324,0.53,0.5171
F_de_3d_8rm,theta,norm2,Random Forest,0.9067,0.7419,0.54,0.5171
F_mean_3d_1area,delta,None,Random Forest,0.6933,0.6219,0.5,0.5171
F_median_3d_T8,theta,norm3,Ensemble (Majority Vote),0.6333,0.6019,0.53,0.5171
F_mean_3d,gamma,norm2,Ensemble (Majority Vote),0.94,0.7924,0.51,0.5171
F_median_3d_T8,theta,norm2,Ensemble (Majority Vote),0.6333,0.6019,0.53,0.5171
F_dasm_3d,alpha,None,XGBoost,0.82,0.7486,0.52,0.5171
F_de_3d_3area,alpha,norm2,Linear SVM,0.52,0.5019,0.52,0.5171
F_de_3d_8rm,gamma,None,Random Forest,0.86,0.7619,0.54,0.5171
F_mean_3d_C4,alpha,None,Ensemble (Majority Vote),0.7267,0.659,0.47,0.5171
F_peak_3d_3area,alpha,norm3,Linear SVM,0.54,0.559,0.54,0.5171
F_mean_3d_10rm,gamma,norm3,Ensemble (Majority Vote),0.8133,0.7705,0.51,0.5171
F_peak_3d_2area,all,norm3,Ensemble (Majority Vote),0.8467,0.7838,0.54,0.5171
F_median_3d_10rm,all,norm2,Random Forest,0.9933,0.8819,0.55,0.5171
F_median_3d_T7,beta,None,XGBoost,0.6467,0.62,0.51,0.5171
F_de_3d_T7,theta,None,KNN,0.8533,0.7133,0.52,0.5171
F_rasm_3d,alpha,norm3,Ensemble (Majority Vote),0.8133,0.7171,0.52,0.5171
F_dasm_3d_10rm,gamma,norm3,Logistic Regression,0.5867,0.5733,0.49,0.5171
F_mean_3d_Fp2,delta,norm3,XGBoost,0.6467,0.5819,0.58,0.5171
F_mean_3d_Fp2,delta,norm2,XGBoost,0.6467,0.5819,0.58,0.5171
F_rasm_3d,gamma,norm3,XGBoost,0.88,0.7781,0.57,0.5171
F_peak_3d_Fp1,gamma,None,Logistic Regression,0.5533,0.5629,0.55,0.5171
F_de_3d_F3,theta,None,Ensemble (Majority Vote),0.74,0.6524,0.51,0.5171
F_peak_3d_Fp1,gamma,None,Linear SVM,0.5533,0.5629,0.55,0.5171
F_dasm_3d_10rm,beta,norm2,Random Forest,0.8733,0.7105,0.51,0.5171
F_mean_3d_F8,theta,norm3,Linear SVM,0.54,0.5105,0.48,0.5171
F_mean_3d_F8,theta,norm2,Linear SVM,0.54,0.5105,0.48,0.5171
F_de_3d_F3,alpha,norm3,Ensemble (Majority Vote),0.7067,0.621,0.55,0.5171
F_mean_3d_F8,alpha,None,XGBoost,0.6267,0.6057,0.51,0.5171
F_de_3d_F3,alpha,norm2,Ensemble (Majority Vote),0.7067,0.621,0.55,0.5171
F_median_3d_F4,delta,None,Linear SVM,0.5667,0.54,0.52,0.5171
F_median_3d_F4,delta,None,Logistic Regression,0.56,0.541,0.52,0.5171
F_de_3d_T7,all,norm3,Random Forest,0.78,0.7238,0.47,0.5171
F_de_3d_T7,alpha,norm2,Random Forest,0.6733,0.5886,0.55,0.5171
F_median_3d_F4,theta,norm2,Linear SVM,0.4667,0.4952,0.54,0.5171
F_median_3d_F4,theta,norm3,Linear SVM,0.4667,0.4952,0.54,0.5171
F_de_3d_T7,alpha,norm3,Random Forest,0.6733,0.5886,0.55,0.5171
F_dasm_3d_10rm,all,None,Random Forest,0.9267,0.859,0.49,0.5171
F_mean_3d_F7,all,None,Linear SVM,0.72,0.6524,0.52,0.5171
F_de_3d_T7,gamma,None,XGBoost,0.66,0.5981,0.51,0.5171
F_mean_3d_F4,delta,norm3,XGBoost,0.6667,0.5638,0.52,0.5171
F_median_3d_F8,gamma,None,Random Forest,0.6733,0.6181,0.52,0.5171
F_mean_3d_F4,delta,norm2,XGBoost,0.6667,0.5638,0.52,0.5171
F_median_3d_F8,gamma,None,XGBoost,0.66,0.619,0.52,0.5171
F_mean_3d_F4,beta,norm3,KNN,0.9,0.701,0.54,0.5171
F_de_3d_F4,delta,None,Logistic Regression,0.5667,0.5438,0.53,0.5171
F_rasm_3d,all,None,KNN,0.8533,0.6895,0.52,0.5171
F_mean_3d_Fz,beta,norm2,Linear SVM,0.5,0.4971,0.51,0.5171
F_median_3d_3area,delta,None,KNN,0.86,0.7581,0.53,0.5171
F_median_3d_10rm,alpha,norm2,Ensemble (Majority Vote),0.8933,0.7752,0.57,0.5171
F_peak_3d_T7,alpha,norm2,KNN,0.9,0.7076,0.6,0.5171
F_median_3d_10rm,gamma,None,Random Forest,0.8733,0.7771,0.52,0.5171
F_median_3d_10rm,theta,None,Random Forest,0.8133,0.7695,0.55,0.5171
F_peak_3d_T7,alpha,norm3,KNN,0.9,0.7076,0.6,0.5171
F_median_3d_1area,beta,None,Random Forest,0.6733,0.6143,0.5,0.5171
F_median_3d_1area,beta,None,XGBoost,0.6533,0.6076,0.5,0.5171
F_median_3d_1area,delta,None,Ensemble (Majority Vote),0.6933,0.6419,0.53,0.5171
F_median_3d,beta,norm3,Logistic Regression,0.7667,0.7057,0.49,0.5171
F_median_3d,beta,norm3,KNN,0.9733,0.8771,0.55,0.5171
F_median_3d_2area,gamma,None,Random Forest,0.6933,0.6514,0.49,0.5171
F_median_3d_2area,theta,norm2,KNN,0.7933,0.6714,0.6,0.5171
F_median_3d_3area,all,None,Linear SVM,0.7533,0.7095,0.5,0.5171
F_dasm_3d_3area,alpha,norm3,XGBoost,0.5733,0.5381,0.53,0.5171
F_mean_3d_Fz,beta,norm3,Linear SVM,0.5,0.4971,0.51,0.5171
F_peak_3d_Fp2,gamma,norm3,Ensemble (Majority Vote),0.74,0.621,0.54,0.5171
F_de_3d_F7,alpha,norm3,Ensemble (Majority Vote),0.6,0.58,0.52,0.5171
F_de_3d_F7,alpha,norm2,Ensemble (Majority Vote),0.6,0.58,0.52,0.5171
F_median_3d_8rm,all,norm2,Linear SVM,0.52,0.5048,0.59,0.5171
F_dasm_3d_3area,alpha,norm2,XGBoost,0.5733,0.5381,0.53,0.5171
F_median_3d_8rm,all,norm3,KNN,1.0,0.9429,0.54,0.5171
F_mean_3d_T8,all,norm3,Linear SVM,0.6133,0.5905,0.54,0.5171
F_peak_3d_Fp2,gamma,norm2,Ensemble (Majority Vote),0.74,0.621,0.54,0.5171
F_de_3d_Fp2,alpha,None,Random Forest,0.7,0.6248,0.53,0.5171
F_mean_3d_Fz,theta,norm3,Random Forest,0.7133,0.5848,0.54,0.5171
F_mean_3d_Fz,theta,norm2,Random Forest,0.7133,0.5848,0.54,0.5171
F_median_3d_C3,all,None,Ensemble (Majority Vote),0.7667,0.7067,0.49,0.5171
F_de_3d_Fp2,gamma,None,XGBoost,0.6267,0.601,0.53,0.5171
F_mean_3d_F4,beta,norm2,KNN,0.9,0.701,0.54,0.5171
F_peak_3d_8rm,gamma,norm3,Logistic Regression,0.7133,0.659,0.5,0.5171
F_de_3d_T8,alpha,None,KNN,0.8333,0.6952,0.55,0.5171
F_median_3d_Fz,alpha,norm3,XGBoost,0.5467,0.5667,0.51,0.5171
F_median_3d_Fp1,gamma,None,KNN,0.8467,0.7038,0.51,0.5171
F_de_3d,delta,norm2,Random Forest,0.9067,0.7438,0.54,0.5171
F_median_3d_10rm,all,norm3,KNN,1.0,0.9552,0.53,0.5171
F_de_3d_Cz,alpha,norm2,Linear SVM,0.5,0.4952,0.52,0.5171
F_de_3d_Cz,alpha,norm2,XGBoost,0.6933,0.5886,0.52,0.5171
F_median_3d_T7,alpha,None,KNN,0.84,0.7029,0.51,0.5171
F_median_3d_T7,alpha,None,XGBoost,0.6667,0.6295,0.49,0.5171
F_mean_3d_F3,alpha,None,Linear SVM,0.5733,0.5486,0.47,0.5171
F_mean_3d_Cz,theta,norm3,Ensemble (Majority Vote),0.7133,0.6238,0.53,0.5171
F_de_3d,gamma,norm3,Logistic Regression,0.74,0.6781,0.53,0.5171
F_median_3d_Fz,alpha,norm2,Ensemble (Majority Vote),0.7267,0.6248,0.57,0.5171
F_median_3d_Fz,alpha,norm2,XGBoost,0.5467,0.5667,0.51,0.5171
F_median_3d_Fz,alpha,norm3,Ensemble (Majority Vote),0.7267,0.6248,0.57,0.5171
F_median_3d_T7,all,None,Linear SVM,0.6933,0.6448,0.52,0.5171
F_median_3d_Fz,beta,None,Ensemble (Majority Vote),0.7333,0.6524,0.48,0.5171
F_rasm_3d_10rm,all,norm2,XGBoost,0.9867,0.881,0.54,0.5171
F_mean_3d_Cz,theta,norm2,Ensemble (Majority Vote),0.7133,0.6238,0.53,0.5171
F_de_3d_Cz,alpha,norm3,XGBoost,0.6933,0.5886,0.52,0.5171
F_de_3d_Cz,alpha,norm3,Linear SVM,0.5,0.4952,0.52,0.5171
F_dasm_3d19,theta,None,Random Forest,0.825,0.7512,0.5125,0.5161
F_median_3d19,all,norm3,Ensemble (Majority Vote),1.0,0.9833,0.475,0.5161
F_mean_3d19,theta,norm3,Ensemble (Majority Vote),0.9167,0.8571,0.525,0.5161
F_peak_3d19,beta,norm3,Ensemble (Majority Vote),0.9417,0.8524,0.55,0.5161
F_rasm_3d19,delta,None,XGBoost,0.9417,0.8048,0.4875,0.5161
F_rasm_3d19,alpha,None,XGBoost,0.9333,0.7881,0.4875,0.5161
F_mean_3d19,alpha,None,Logistic Regression,0.725,0.669,0.5375,0.5161
F_rasm_3d19,gamma,norm3,Linear SVM,0.5833,0.5786,0.5375,0.5161
F_median_3d19,all,norm3,KNN,0.9917,0.95,0.5375,0.5161
F_rasm_3d19,gamma,norm3,Logistic Regression,0.6167,0.5929,0.5375,0.5161
F_median_3d19,all,norm2,Ensemble (Majority Vote),0.975,0.8857,0.525,0.5161
F_peak_3d19,all,None,Ensemble (Majority Vote),0.9833,0.9726,0.5125,0.5161
F_peak_3d_C3,all,None,Logistic Regression,0.6533,0.6219,0.52,0.5157
F_peak_3d_F3,all,norm3,Random Forest,0.7933,0.7238,0.5,0.5157
F_de_3d_Fz,gamma,None,Linear SVM,0.5667,0.541,0.54,0.5157
F_rasm_3d_8rm,delta,norm2,Linear SVM,0.5,0.4933,0.56,0.5157
F_mean_3d_C4,beta,None,Linear SVM,0.5133,0.5486,0.51,0.5157
F_de_3d_F3,gamma,None,KNN,0.8733,0.6962,0.51,0.5157
F_peak_3d_3area,all,norm2,Linear SVM,0.54,0.5162,0.56,0.5157
F_mean_3d_F3,theta,None,KNN,0.86,0.7019,0.53,0.5157
F_peak_3d_Fp2,beta,norm3,KNN,0.8,0.6552,0.56,0.5157
F_median_3d_8rm,all,norm2,Random Forest,0.9933,0.8952,0.57,0.5157
F_rasm_3d_3area,alpha,None,Logistic Regression,0.5133,0.5171,0.47,0.5157
F_de_3d_C4,all,norm2,Linear SVM,0.4933,0.4886,0.52,0.5157
F_dasm_3d_3area,alpha,None,Random Forest,0.6733,0.6124,0.49,0.5157
F_median_3d_F4,beta,None,Random Forest,0.6933,0.6495,0.49,0.5157
F_median_3d_T8,beta,norm2,Ensemble (Majority Vote),0.6467,0.6152,0.47,0.5157
F_median_3d_T8,beta,norm3,Ensemble (Majority Vote),0.6467,0.6152,0.47,0.5157
F_median_3d_2area,beta,None,XGBoost,0.6933,0.6619,0.54,0.5157
F_de_3d_10rm,beta,None,KNN,0.9867,0.8838,0.55,0.5157
F_rasm_3d_10rm,alpha,norm2,Linear SVM,0.5267,0.5133,0.51,0.5157
F_peak_3d_Fp1,theta,None,Random Forest,0.6733,0.6229,0.5,0.5157
F_mean_3d_Fp1,gamma,norm2,Linear SVM,0.5067,0.5076,0.52,0.5157
F_mean_3d_Fp1,gamma,norm3,Linear SVM,0.5067,0.5076,0.52,0.5157
F_median_3d_8rm,theta,None,Ensemble (Majority Vote),0.8267,0.7571,0.51,0.5157
F_peak_3d_C3,delta,None,Random Forest,0.64,0.6152,0.51,0.5157
F_peak_3d_Fp2,beta,norm2,KNN,0.8,0.6552,0.56,0.5157
F_mean_3d_Fp2,theta,None,Linear SVM,0.5,0.5371,0.53,0.5157
F_rasm_3d,delta,norm2,Ensemble (Majority Vote),0.8467,0.7438,0.55,0.5157
F_de_3d_3area,gamma,None,KNN,0.9,0.7514,0.55,0.5157
F_peak_3d_1area,alpha,None,KNN,0.9067,0.72,0.54,0.5157
F_median_3d_2area,beta,norm3,Ensemble (Majority Vote),0.68,0.6352,0.54,0.5157
F_mean_3d_2area,gamma,None,Logistic Regression,0.5733,0.5533,0.56,0.5157
F_median_3d,gamma,norm2,KNN,0.8467,0.701,0.52,0.5157
F_median_3d_8rm,alpha,norm2,Random Forest,0.94,0.7533,0.53,0.5157
F_de_3d_8rm,gamma,None,Linear SVM,0.6467,0.6276,0.54,0.5157
F_peak_3d_F7,delta,norm2,Linear SVM,0.5,0.4952,0.53,0.5157
F_median_3d_1area,theta,None,KNN,0.8333,0.6962,0.55,0.5157
F_de_3d_8rm,theta,None,Random Forest,0.8133,0.7362,0.51,0.5157
F_median_3d_10rm,gamma,None,Logistic Regression,0.68,0.6514,0.53,0.5157
F_de_3d,theta,norm3,KNN,0.9467,0.8381,0.56,0.5157
F_de_3d_T7,theta,norm2,Random Forest,0.7,0.6,0.46,0.5157
F_de_3d_T7,theta,norm3,Random Forest,0.7,0.6,0.46,0.5157
F_mean_3d_F7,all,norm2,Linear SVM,0.44,0.4771,0.51,0.5157
F_dasm_3d_10rm,all,None,Linear SVM,0.8067,0.7524,0.55,0.5157
F_peak_3d,gamma,norm2,KNN,0.7867,0.6514,0.53,0.5157
F_mean_3d,alpha,norm2,KNN,0.8067,0.6714,0.53,0.5157
F_peak_3d,beta,norm3,XGBoost,0.92,0.8381,0.5,0.5157
F_mean_3d_C3,delta,norm3,KNN,0.86,0.699,0.49,0.5157
F_peak_3d_Fz,delta,norm3,KNN,0.8467,0.6724,0.5,0.5157
F_peak_3d_F7,delta,norm3,Linear SVM,0.5,0.4952,0.53,0.5157
F_peak_3d_Fz,delta,norm2,KNN,0.8467,0.6724,0.5,0.5157
F_mean_3d_C3,delta,norm2,KNN,0.86,0.699,0.49,0.5157
F_dasm_3d_3area,theta,norm2,KNN,0.82,0.6514,0.57,0.5157
F_mean_3d_T8,alpha,norm3,Ensemble (Majority Vote),0.7,0.6143,0.58,0.5157
F_peak_3d,theta,None,Ensemble (Majority Vote),0.8933,0.8276,0.52,0.5157
F_mean_3d_T8,alpha,norm2,Ensemble (Majority Vote),0.7,0.6143,0.58,0.5157
F_mean_3d,theta,norm2,Ensemble (Majority Vote),0.8467,0.7362,0.51,0.5157
F_median_3d_F8,alpha,norm2,Random Forest,0.72,0.6086,0.56,0.5157
F_dasm_3d_8rm,gamma,norm3,Ensemble (Majority Vote),0.7467,0.6695,0.48,0.5157
F_median_3d_F8,all,norm2,Ensemble (Majority Vote),0.86,0.7038,0.52,0.5157
F_de_3d_2area,beta,norm2,Linear SVM,0.4733,0.4962,0.53,0.5157
F_dasm_3d_10rm,gamma,norm2,Linear SVM,0.5533,0.5114,0.56,0.5157
F_de_3d_10rm,delta,norm2,XGBoost,0.8933,0.7219,0.56,0.5157
F_mean_3d_Cz,theta,norm3,Random Forest,0.6733,0.6048,0.54,0.5157
F_rasm_3d_8rm,all,None,KNN,0.8933,0.7133,0.55,0.5157
F_mean_3d_Fp2,gamma,None,KNN,0.8067,0.6943,0.49,0.5157
F_peak_3d_C4,alpha,None,Random Forest,0.68,0.6267,0.52,0.5157
F_de_3d_T7,all,norm3,Ensemble (Majority Vote),0.7867,0.7229,0.53,0.5157
F_peak_3d_2area,all,norm2,Linear SVM,0.52,0.5048,0.52,0.5157
F_median_3d_F8,alpha,norm3,Random Forest,0.72,0.6086,0.56,0.5157
F_mean_3d_2area,gamma,norm3,KNN,0.86,0.7086,0.53,0.5157
F_mean_3d_T7,beta,None,Ensemble (Majority Vote),0.6733,0.6095,0.53,0.5157
F_median_3d_T8,beta,norm3,XGBoost,0.6533,0.5657,0.49,0.5157
F_median_3d_8rm,delta,norm2,KNN,0.86,0.7067,0.57,0.5157
F_median_3d_8rm,gamma,None,XGBoost,0.9533,0.8114,0.55,0.5157
F_median_3d_10rm,alpha,None,XGBoost,0.8867,0.8143,0.55,0.5157
F_de_3d_C4,gamma,None,Logistic Regression,0.56,0.5648,0.53,0.5157
F_median_3d_C3,all,norm3,Linear SVM,0.6667,0.6248,0.53,0.5157
F_median_3d_T8,beta,norm2,XGBoost,0.6533,0.5657,0.49,0.5157
F_mean_3d_Cz,theta,norm2,Random Forest,0.6733,0.6048,0.54,0.5157
F_mean_3d_Fz,delta,norm3,XGBoost,0.56,0.5324,0.5,0.5157
F_mean_3d_Fz,delta,norm2,XGBoost,0.56,0.5324,0.5,0.5157
F_peak_3d_F3,all,norm3,Linear SVM,0.64,0.6143,0.52,0.5157
F_median_3d_C3,gamma,norm2,Random Forest,0.7467,0.619,0.59,0.5157
F_mean_3d_C4,alpha,None,Linear SVM,0.5533,0.5533,0.5,0.5157
F_median_3d_F8,beta,norm3,XGBoost,0.6333,0.58,0.54,0.5157
F_peak_3d,gamma,None,Random Forest,0.8733,0.7886,0.54,0.5157
F_median_3d_C3,gamma,norm3,Random Forest,0.7467,0.619,0.59,0.5157
F_median_3d_F8,beta,norm2,XGBoost,0.6333,0.58,0.54,0.5157
F_mean_3d_2area,beta,norm3,Ensemble (Majority Vote),0.6733,0.6333,0.55,0.5157
F_de_3d_F4,delta,None,Linear SVM,0.5667,0.5438,0.53,0.5157
F_de_3d,alpha,norm2,KNN,0.8133,0.6829,0.57,0.5157
F_de_3d_Fz,alpha,None,Random Forest,0.64,0.6048,0.52,0.5157
F_median_3d_Fp1,all,None,XGBoost,0.8133,0.7438,0.52,0.5157
F_de_3d_T7,alpha,norm3,Linear SVM,0.5333,0.4971,0.57,0.5157
F_de_3d_F3,gamma,None,XGBoost,0.62,0.5962,0.46,0.5157
F_rasm_3d_10rm,beta,norm2,Linear SVM,0.5,0.5076,0.5,0.5157
F_de_3d_8rm,alpha,norm2,Random Forest,0.9533,0.76,0.54,0.5157
F_de_3d_T7,alpha,norm2,Linear SVM,0.5333,0.4971,0.57,0.5157
F_peak_3d_Fz,delta,None,KNN,0.86,0.7019,0.54,0.5157
F_rasm_3d_8rm,theta,norm2,XGBoost,0.7733,0.6667,0.52,0.5157
F_de_3d,all,None,Linear SVM,0.9933,0.9476,0.48,0.5157
F_peak_3d_F4,gamma,None,Random Forest,0.6667,0.6086,0.54,0.5157
F_dasm_3d_3area,theta,norm3,KNN,0.82,0.6514,0.57,0.5157
F_median_3d,beta,norm3,Linear SVM,0.7733,0.7133,0.51,0.5157
F_median_3d_F3,theta,norm2,KNN,0.8733,0.6848,0.54,0.5157
F_de_3d_10rm,all,norm2,Linear SVM,0.5867,0.5114,0.59,0.5157
F_de_3d_F8,all,norm3,Logistic Regression,0.62,0.6124,0.54,0.5157
F_median_3d_F3,theta,norm3,KNN,0.8733,0.6848,0.54,0.5157
F_de_3d_T8,delta,norm2,Ensemble (Majority Vote),0.7467,0.6476,0.55,0.5157
F_peak_3d_Fp1,beta,None,KNN,0.88,0.6886,0.53,0.5157
F_mean_3d_F8,beta,norm3,Linear SVM,0.52,0.4971,0.54,0.5157
F_rasm_3d_3area,alpha,None,Linear SVM,0.5133,0.519,0.47,0.5157
F_mean_3d_F8,beta,norm2,Linear SVM,0.52,0.4971,0.54,0.5157
F_peak_3d_F4,beta,None,Linear SVM,0.5333,0.5476,0.51,0.5157
F_peak_3d_F4,beta,None,Logistic Regression,0.5333,0.5457,0.51,0.5157
F_de_3d_Fp1,gamma,None,Ensemble (Majority Vote),0.6667,0.641,0.52,0.5157
F_peak_3d_Fz,delta,None,Random Forest,0.7067,0.6248,0.52,0.5157
F_median_3d_Cz,alpha,norm3,Ensemble (Majority Vote),0.72,0.6286,0.53,0.5157
F_mean_3d_F8,all,None,Random Forest,0.78,0.721,0.53,0.5157
F_mean_3d_10rm,theta,norm2,Ensemble (Majority Vote),0.8933,0.739,0.55,0.5157
F_median_3d_F7,gamma,None,Random Forest,0.7,0.6181,0.56,0.5157
F_mean_3d,gamma,None,KNN,1.0,0.9048,0.55,0.5157
F_mean_3d_C4,all,None,KNN,0.8867,0.741,0.53,0.5157
F_median_3d_Cz,alpha,norm2,Ensemble (Majority Vote),0.72,0.6286,0.53,0.5157
F_de_3d_T8,delta,norm3,Ensemble (Majority Vote),0.7467,0.6476,0.55,0.5157
F_rasm_3d,theta,None,Ensemble (Majority Vote),0.84,0.7086,0.53,0.5157
F_rasm_3d,theta,None,XGBoost,0.8667,0.7286,0.54,0.5157
F_median_3d_Cz,alpha,norm2,Linear SVM,0.52,0.5143,0.52,0.5157
F_rasm_3d_3area,all,None,Random Forest,0.8733,0.7248,0.51,0.5157
F_mean_3d_10rm,theta,None,KNN,0.9667,0.8562,0.48,0.5157
F_peak_3d,all,None,XGBoost,1.0,0.9752,0.54,0.5157
F_median_3d_Cz,alpha,norm3,Linear SVM,0.52,0.5143,0.52,0.5157
F_mean_3d_3area,theta,norm2,Random Forest,0.7267,0.6286,0.55,0.5157
F_mean_3d_10rm,delta,None,Logistic Regression,0.7133,0.679,0.51,0.5157
F_mean_3d,theta,None,Random Forest,0.84,0.7648,0.52,0.5157
F_peak_3d_F8,all,None,Ensemble (Majority Vote),0.7667,0.719,0.53,0.5157
F_de_3d_1area,beta,None,Linear SVM,0.4933,0.5362,0.51,0.5157
F_de_3d_F8,all,None,Ensemble (Majority Vote),0.78,0.7352,0.52,0.5143
F_mean_3d_T7,theta,norm2,Linear SVM,0.5067,0.4924,0.51,0.5143
F_de_3d_Fp2,alpha,norm2,Ensemble (Majority Vote),0.6333,0.6019,0.52,0.5143
F_median_3d_1area,theta,norm3,Linear SVM,0.4733,0.5029,0.56,0.5143
F_dasm_3d_8rm,all,None,KNN,0.9867,0.9105,0.52,0.5143
F_mean_3d_T7,theta,norm3,Linear SVM,0.5067,0.4924,0.51,0.5143
F_median_3d_1area,theta,norm2,Linear SVM,0.4733,0.5029,0.56,0.5143
F_median_3d_3area,beta,None,Linear SVM,0.6333,0.6133,0.51,0.5143
F_peak_3d_Fp2,gamma,norm2,XGBoost,0.5933,0.5629,0.49,0.5143
F_mean_3d_10rm,alpha,None,KNN,0.9667,0.8667,0.52,0.5143
F_de_3d_1area,beta,None,Logistic Regression,0.4867,0.5314,0.49,0.5143
F_median_3d_T7,all,norm3,Logistic Regression,0.6533,0.6229,0.56,0.5143
F_mean_3d_T8,alpha,norm2,KNN,0.7933,0.6781,0.56,0.5143
F_mean_3d_F3,alpha,norm3,KNN,0.84,0.6838,0.51,0.5143
F_rasm_3d_8rm,alpha,norm3,XGBoost,0.7933,0.6933,0.48,0.5143
F_peak_3d_C3,beta,None,XGBoost,0.6,0.5971,0.49,0.5143
F_mean_3d_T8,alpha,norm3,KNN,0.7933,0.6781,0.56,0.5143
F_mean_3d_F3,alpha,norm2,KNN,0.84,0.6838,0.51,0.5143
F_median_3d_3area,theta,None,Ensemble (Majority Vote),0.72,0.6762,0.5,0.5143
F_peak_3d_Fp2,gamma,norm3,XGBoost,0.5933,0.5629,0.49,0.5143
F_median_3d_1area,gamma,None,Ensemble (Majority Vote),0.66,0.6257,0.5,0.5143
F_median_3d_C4,beta,norm3,XGBoost,0.5867,0.5552,0.5,0.5143
F_de_3d_Fp2,alpha,norm3,Ensemble (Majority Vote),0.6333,0.6019,0.52,0.5143
F_median_3d_C4,beta,norm2,XGBoost,0.5867,0.5552,0.5,0.5143
F_de_3d_Fz,gamma,None,Logistic Regression,0.5533,0.5371,0.54,0.5143
F_peak_3d_Fp2,gamma,None,Logistic Regression,0.5667,0.5352,0.47,0.5143
F_de_3d_8rm,alpha,None,Linear SVM,0.72,0.6752,0.52,0.5143
F_median_3d_F4,beta,norm2,Linear SVM,0.5,0.4962,0.49,0.5143
F_median_3d_F4,beta,norm3,Linear SVM,0.5,0.4962,0.49,0.5143
F_rasm_3d,theta,norm3,KNN,0.8733,0.721,0.52,0.5143
F_median_3d_Cz,all,norm2,Ensemble (Majority Vote),0.8467,0.7076,0.55,0.5143
F_peak_3d_F4,gamma,None,KNN,0.8733,0.7057,0.52,0.5143
F_dasm_3d_10rm,all,norm3,Linear SVM,0.8467,0.761,0.51,0.5143
F_peak_3d_F7,alpha,None,Linear SVM,0.5733,0.5314,0.49,0.5143
F_mean_3d_F7,delta,None,XGBoost,0.64,0.6019,0.48,0.5143
F_de_3d_3area,delta,None,XGBoost,0.74,0.6962,0.54,0.5143
F_peak_3d_1area,delta,norm2,Ensemble (Majority Vote),0.7667,0.6438,0.53,0.5143
F_peak_3d_1area,delta,norm3,Ensemble (Majority Vote),0.7667,0.6438,0.53,0.5143
F_peak_3d_Fp1,beta,None,Random Forest,0.7133,0.6276,0.52,0.5143
F_peak_3d_Fp2,gamma,None,Linear SVM,0.5667,0.5362,0.47,0.5143
F_median_3d_Fp1,delta,None,Ensemble (Majority Vote),0.7133,0.6343,0.54,0.5143
F_peak_3d_Cz,delta,None,XGBoost,0.6067,0.5895,0.53,0.5143
F_mean_3d_C4,beta,None,Logistic Regression,0.5133,0.5505,0.51,0.5143
F_peak_3d19,all,None,Random Forest,0.95,0.919,0.4875,0.5143
F_median_3d_10rm,beta,norm3,Linear SVM,0.7533,0.7,0.5,0.5143
F_peak_3d_8rm,all,norm3,XGBoost,1.0,0.9571,0.5,0.5143
F_rasm_3d_8rm,theta,norm3,Logistic Regression,0.54,0.5276,0.58,0.5143
F_peak_3d_8rm,theta,norm3,XGBoost,0.8733,0.7705,0.5,0.5143
F_rasm_3d_8rm,theta,norm2,Ensemble (Majority Vote),0.8267,0.6943,0.53,0.5143
F_peak_3d19,theta,None,Random Forest,0.9083,0.8143,0.5375,0.5143
F_rasm_3d_8rm,gamma,norm2,XGBoost,0.76,0.6648,0.55,0.5143
F_median_3d_10rm,delta,None,Ensemble (Majority Vote),0.8467,0.7924,0.5,0.5143
F_median_3d19,theta,None,Random Forest,0.875,0.8238,0.5125,0.5143
F_median_3d_F8,delta,norm3,Ensemble (Majority Vote),0.66,0.6114,0.55,0.5143
F_mean_3d_C3,alpha,None,Linear SVM,0.5733,0.5638,0.5,0.5143
F_mean_3d_F8,beta,None,Ensemble (Majority Vote),0.6867,0.621,0.53,0.5143
F_median_3d_F4,alpha,None,Ensemble (Majority Vote),0.7,0.6495,0.56,0.5143
F_peak_3d_T7,all,None,XGBoost,0.8067,0.7467,0.5,0.5143
F_median_3d,delta,norm3,XGBoost,0.96,0.8648,0.48,0.5143
F_median_3d_Fp2,all,None,Ensemble (Majority Vote),0.7933,0.7495,0.49,0.5143
F_mean_3d_F8,beta,None,XGBoost,0.5867,0.5857,0.49,0.5143
F_peak_3d,all,norm2,KNN,0.7667,0.6695,0.55,0.5143
F_mean_3d_1area,theta,None,KNN,0.8467,0.7133,0.44,0.5143
F_mean_3d_F7,alpha,norm2,XGBoost,0.54,0.541,0.52,0.5143
F_rasm_3d19,gamma,None,XGBoost,0.9417,0.806,0.4625,0.5143
F_median_3d_10rm,theta,None,Linear SVM,0.7533,0.6848,0.48,0.5143
F_peak_3d19,alpha,norm2,Ensemble (Majority Vote),0.875,0.7631,0.475,0.5143
F_peak_3d_Fz,gamma,None,Linear SVM,0.6,0.5457,0.5,0.5143
F_peak_3d19,alpha,norm2,Random Forest,1.0,0.8155,0.525,0.5143
F_peak_3d19,all,None,Logistic Regression,0.95,0.9167,0.5375,0.5143
F_peak_3d,alpha,norm3,Linear SVM,0.7733,0.7114,0.48,0.5143
F_mean_3d_C4,theta,norm3,KNN,0.88,0.699,0.53,0.5143
F_median_3d_10rm,delta,None,Linear SVM,0.7733,0.7057,0.5,0.5143
F_mean_3d_C4,theta,norm2,KNN,0.88,0.699,0.53,0.5143
F_mean_3d_F7,alpha,norm3,XGBoost,0.54,0.541,0.52,0.5143
F_peak_3d_T7,delta,norm2,Linear SVM,0.5,0.499,0.5,0.5143
F_median_3d_F8,delta,norm2,Ensemble (Majority Vote),0.66,0.6114,0.55,0.5143
F_mean_3d_F7,delta,norm2,Linear SVM,0.4867,0.4905,0.52,0.5143
F_mean_3d_F7,delta,norm3,Linear SVM,0.4867,0.4905,0.52,0.5143
F_median_3d_F7,alpha,None,Logistic Regression,0.5467,0.5448,0.49,0.5143
F_median_3d_F4,theta,None,Logistic Regression,0.54,0.5381,0.47,0.5143
F_median_3d_F4,theta,None,Linear SVM,0.5267,0.5381,0.47,0.5143
F_peak_3d_8rm,theta,None,XGBoost,0.8467,0.7886,0.54,0.5143
F_median_3d,beta,norm3,Ensemble (Majority Vote),0.8867,0.8143,0.51,0.5143
F_median_3d,beta,norm3,XGBoost,0.9533,0.8686,0.49,0.5143
F_median_3d_F3,theta,norm3,Ensemble (Majority Vote),0.5867,0.5686,0.57,0.5143
F_median_3d_Fz,gamma,None,Random Forest,0.7067,0.6438,0.54,0.5143
F_rasm_3d_8rm,all,None,Logistic Regression,0.64,0.5724,0.51,0.5143
F_median_3d_C4,delta,norm3,XGBoost,0.6933,0.6105,0.55,0.5143
F_median_3d_8rm,all,norm2,Ensemble (Majority Vote),0.9667,0.8581,0.53,0.5143
F_peak_3d_Fp2,alpha,None,Linear SVM,0.5533,0.5429,0.54,0.5143
F_median_3d_C4,delta,norm2,XGBoost,0.6933,0.6105,0.55,0.5143
F_peak_3d,beta,norm3,Logistic Regression,0.7667,0.7067,0.48,0.5143
F_peak_3d_3area,alpha,None,KNN,0.9,0.7648,0.48,0.5143
F_rasm_3d,alpha,None,Logistic Regression,0.5267,0.5371,0.49,0.5143
F_rasm_3d,alpha,None,Linear SVM,0.5533,0.5371,0.49,0.5143
F_median_3d_8rm,all,norm2,XGBoost,1.0,0.9371,0.59,0.5143
F_rasm_3d_8rm,alpha,norm3,Linear SVM,0.6,0.5448,0.55,0.5143
F_median_3d_C4,all,norm2,KNN,0.8,0.6933,0.58,0.5143
F_peak_3d_2area,delta,None,KNN,0.88,0.7495,0.5,0.5143
F_median_3d_8rm,delta,norm3,Random Forest,0.8867,0.7676,0.53,0.5143
F_mean_3d_T7,alpha,norm2,KNN,0.8867,0.6876,0.55,0.5143
F_peak_3d_Cz,alpha,None,Linear SVM,0.5933,0.5676,0.49,0.5143
F_rasm_3d_8rm,alpha,norm2,Random Forest,0.82,0.6924,0.58,0.5143
F_peak_3d_Cz,all,norm3,Linear SVM,0.6133,0.6057,0.53,0.5143
F_mean_3d_T7,alpha,norm3,KNN,0.8867,0.6876,0.55,0.5143
F_median_3d_8rm,beta,None,Linear SVM,0.66,0.661,0.52,0.5143
F_median_3d_Fz,theta,None,KNN,0.8667,0.7067,0.5,0.5143
F_median_3d_C4,gamma,norm2,KNN,0.8533,0.6895,0.52,0.5143
F_peak_3d_1area,beta,None,KNN,0.8267,0.6981,0.52,0.5143
F_peak_3d_C3,delta,norm2,Ensemble (Majority Vote),0.66,0.6057,0.5,0.5143
F_median_3d_F3,theta,norm2,Ensemble (Majority Vote),0.5867,0.5686,0.57,0.5143
F_peak_3d_F8,alpha,None,XGBoost,0.66,0.6143,0.54,0.5143
F_mean_3d_8rm,all,norm3,KNN,0.9933,0.9371,0.51,0.5143
F_peak_3d_T7,delta,norm3,Linear SVM,0.5,0.499,0.5,0.5143
F_peak_3d_F8,delta,norm3,Ensemble (Majority Vote),0.6733,0.6114,0.53,0.5143
F_peak_3d_10rm,beta,norm3,Random Forest,0.8667,0.7895,0.51,0.5143
F_mean_3d_Fp2,delta,norm2,Ensemble (Majority Vote),0.7133,0.6238,0.57,0.5143
F_peak_3d_10rm,theta,norm3,Random Forest,0.8533,0.7648,0.54,0.5143
F_median_3d_Fz,all,norm2,Random Forest,0.8667,0.7114,0.5,0.5143
F_median_3d_T7,all,norm3,Linear SVM,0.6467,0.6248,0.57,0.5143
F_median_3d_C4,gamma,norm3,KNN,0.8533,0.6895,0.52,0.5143
F_median_3d_3area,alpha,norm2,Ensemble (Majority Vote),0.7867,0.6752,0.52,0.5143
F_peak_3d_3area,delta,norm3,Random Forest,0.76,0.6952,0.51,0.5143
F_peak_3d_C3,delta,norm3,Ensemble (Majority Vote),0.66,0.6057,0.5,0.5143
F_median_3d_3area,alpha,norm2,Random Forest,0.8067,0.6724,0.5,0.5143
F_mean_3d_T8,delta,norm3,Random Forest,0.6933,0.6124,0.56,0.5143
F_mean_3d_Fp2,delta,norm3,Ensemble (Majority Vote),0.7133,0.6238,0.57,0.5143
F_peak_3d_F8,delta,norm2,Ensemble (Majority Vote),0.6733,0.6114,0.53,0.5143
F_rasm_3d,delta,norm3,Random Forest,0.8,0.7514,0.56,0.5143
F_mean_3d_T8,delta,norm2,Random Forest,0.6933,0.6124,0.56,0.5143
F_mean_3d_3area,theta,None,KNN,0.8733,0.7581,0.52,0.5143
F_median_3d,all,None,Ensemble (Majority Vote),1.0,0.9657,0.5,0.5143
F_de_3d,all,None,Logistic Regression,0.9133,0.8476,0.48,0.5143
F_de_3d_Cz,all,None,Ensemble (Majority Vote),0.8133,0.7286,0.54,0.5143
F_de_3d_8rm,delta,norm2,KNN,0.8933,0.6952,0.5,0.5143
F_dasm_3d19,all,None,Random Forest,0.95,0.9048,0.4875,0.5143
F_mean_3d,alpha,norm3,Logistic Regression,0.76,0.6895,0.57,0.5143
F_de_3d_C3,theta,norm2,KNN,0.8533,0.6771,0.51,0.5143
F_de_3d_C4,gamma,None,Ensemble (Majority Vote),0.64,0.6067,0.52,0.5143
F_dasm_3d_10rm,theta,norm3,Logistic Regression,0.6,0.5771,0.53,0.5143
F_de_3d,theta,norm2,Linear SVM,0.4733,0.4857,0.5,0.5143
F_de_3d_Fp2,all,None,XGBoost,0.86,0.7581,0.51,0.5143
F_dasm_3d_3area,alpha,None,XGBoost,0.66,0.6124,0.49,0.5143
F_de_3d_T7,theta,norm3,XGBoost,0.7,0.579,0.52,0.5143
F_mean_3d_10rm,all,norm2,Ensemble (Majority Vote),0.96,0.8457,0.55,0.5143
F_de_3d_C4,delta,None,Ensemble (Majority Vote),0.64,0.6029,0.55,0.5143
F_mean_3d_10rm,delta,norm3,Random Forest,0.86,0.7752,0.52,0.5143
F_de_3d19,beta,norm2,KNN,0.8083,0.6631,0.575,0.5143
F_de_3d_C3,gamma,None,XGBoost,0.62,0.5857,0.55,0.5143
F_de_3d_T7,theta,norm2,XGBoost,0.7,0.579,0.52,0.5143
F_de_3d_Fp2,beta,norm3,Linear SVM,0.4867,0.5029,0.53,0.5143
F_de_3d_Fp2,beta,norm2,Linear SVM,0.4867,0.5029,0.53,0.5143
F_dasm_3d19,all,norm3,KNN,0.9917,0.9524,0.5,0.5143
F_mean_3d,all,None,XGBoost,0.9867,0.9762,0.51,0.5143
F_de_3d_C3,theta,norm3,KNN,0.8533,0.6771,0.51,0.5143
F_de_3d_F8,all,None,Linear SVM,0.64,0.6324,0.52,0.5143
F_mean_3d,delta,norm2,KNN,0.84,0.7048,0.55,0.5143
F_dasm_3d19,theta,None,XGBoost,0.8917,0.775,0.5,0.5143
F_dasm_3d_8rm,theta,norm2,Linear SVM,0.4933,0.4943,0.54,0.5143
F_mean_3d,all,norm2,KNN,0.7133,0.6676,0.51,0.5143
F_de_3d_10rm,all,norm2,Ensemble (Majority Vote),0.9467,0.8505,0.52,0.5143
F_mean_3d,gamma,norm2,KNN,0.8067,0.6781,0.56,0.5143
F_de_3d_3area,delta,norm3,Ensemble (Majority Vote),0.7267,0.6962,0.5,0.5143
F_mean_3d19,delta,None,Ensemble (Majority Vote),0.9083,0.8405,0.4875,0.5143
F_de_3d_T8,all,None,KNN,0.9333,0.8,0.56,0.5143
F_median_3d_Cz,gamma,None,Linear SVM,0.5267,0.5419,0.51,0.5129
F_peak_3d_10rm,alpha,None,KNN,0.9667,0.8781,0.52,0.5129
F_de_3d_F8,delta,None,Random Forest,0.7,0.62,0.51,0.5129
F_de_3d_Fz,delta,None,KNN,0.9,0.719,0.57,0.5129
F_dasm_3d_8rm,gamma,norm2,XGBoost,0.7667,0.6286,0.52,0.5129
F_median_3d_C4,beta,None,KNN,0.8533,0.7114,0.5,0.5129
F_dasm_3d_3area,all,None,KNN,0.9067,0.7876,0.5,0.5129
F_peak_3d_F8,delta,None,Ensemble (Majority Vote),0.68,0.6133,0.52,0.5129
F_median_3d_10rm,all,norm3,Linear SVM,0.98,0.9286,0.5,0.5129
F_de_3d_T7,delta,norm3,Random Forest,0.68,0.5914,0.51,0.5129
F_median_3d_8rm,beta,norm2,XGBoost,0.9467,0.7362,0.53,0.5129
F_de_3d_10rm,theta,norm3,Random Forest,0.8333,0.7552,0.52,0.5129
F_de_3d,gamma,norm3,Linear SVM,0.7467,0.6848,0.55,0.5129
F_peak_3d_T8,gamma,norm3,Linear SVM,0.4867,0.4943,0.51,0.5129
F_de_3d_T7,delta,norm2,Random Forest,0.68,0.5914,0.51,0.5129
F_peak_3d_T8,gamma,norm2,Linear SVM,0.4867,0.4943,0.51,0.5129
F_de_3d_Cz,beta,None,Random Forest,0.6733,0.6286,0.54,0.5129
F_de_3d_Cz,delta,norm2,XGBoost,0.6333,0.5838,0.56,0.5129
F_de_3d_Cz,delta,norm3,XGBoost,0.6333,0.5838,0.56,0.5129
F_mean_3d_F8,delta,None,XGBoost,0.66,0.6219,0.5,0.5129
F_mean_3d_F7,alpha,norm2,Ensemble (Majority Vote),0.5867,0.6067,0.48,0.5129
F_mean_3d_F7,alpha,norm3,Ensemble (Majority Vote),0.5867,0.6067,0.48,0.5129
F_rasm_3d,alpha,norm3,KNN,0.8533,0.74,0.5,0.5129
F_median_3d_1area,beta,None,KNN,0.86,0.6924,0.52,0.5129
F_median_3d_F4,alpha,None,KNN,0.86,0.7152,0.56,0.5129
F_mean_3d_10rm,alpha,norm3,Ensemble (Majority Vote),0.8133,0.759,0.51,0.5129
F_median_3d_C3,beta,norm2,KNN,0.7933,0.6962,0.5,0.5129
F_mean_3d_3area,all,norm3,Logistic Regression,0.7733,0.7162,0.56,0.5129
F_peak_3d_Fp2,beta,None,Random Forest,0.72,0.6371,0.54,0.5129
F_mean_3d_F3,theta,norm3,Random Forest,0.6733,0.581,0.53,0.5129
F_peak_3d_8rm,theta,norm3,Random Forest,0.8067,0.7438,0.52,0.5129
F_peak_3d_C3,alpha,None,XGBoost,0.6267,0.5876,0.52,0.5129
F_median_3d_2area,beta,None,Logistic Regression,0.5133,0.5505,0.55,0.5129
F_median_3d_C3,beta,None,Ensemble (Majority Vote),0.62,0.5829,0.51,0.5129
F_de_3d_F7,beta,None,Ensemble (Majority Vote),0.7,0.6267,0.55,0.5129
F_peak_3d_C3,alpha,norm2,KNN,0.82,0.6648,0.55,0.5129
F_peak_3d_C3,alpha,norm3,KNN,0.82,0.6648,0.55,0.5129
F_mean_3d_Fp2,gamma,norm2,Linear SVM,0.4867,0.4924,0.55,0.5129
F_peak_3d,all,norm3,XGBoost,1.0,0.9838,0.54,0.5129
F_peak_3d,all,norm2,Ensemble (Majority Vote),0.96,0.8476,0.53,0.5129
F_peak_3d,beta,norm2,XGBoost,0.9267,0.7648,0.55,0.5129
F_mean_3d_Fz,delta,norm3,Ensemble (Majority Vote),0.6867,0.6095,0.5,0.5129
F_de_3d_1area,alpha,None,XGBoost,0.7267,0.6219,0.47,0.5129
F_median_3d_C3,beta,norm3,KNN,0.7933,0.6962,0.5,0.5129
F_mean_3d_2area,delta,norm3,KNN,0.8067,0.7114,0.54,0.5129
F_mean_3d_Fz,delta,norm2,Ensemble (Majority Vote),0.6867,0.6095,0.5,0.5129
F_mean_3d_F3,theta,norm2,Random Forest,0.6733,0.581,0.53,0.5129
F_median_3d_3area,beta,None,Logistic Regression,0.58,0.5848,0.52,0.5129
F_peak_3d_Fp2,theta,None,KNN,0.8333,0.7114,0.54,0.5129
F_de_3d_C3,theta,norm2,Ensemble (Majority Vote),0.6733,0.6143,0.49,0.5129
F_rasm_3d_3area,theta,None,Random Forest,0.68,0.6124,0.5,0.5129
F_median_3d_3area,delta,norm2,Random Forest,0.76,0.6543,0.53,0.5129
F_median_3d_C3,all,norm3,Logistic Regression,0.6533,0.6229,0.52,0.5129
F_peak_3d_2area,gamma,norm2,Ensemble (Majority Vote),0.68,0.6276,0.53,0.5129
F_de_3d_C3,theta,norm3,Ensemble (Majority Vote),0.6733,0.6143,0.49,0.5129
F_de_3d_C4,beta,None,XGBoost,0.6333,0.5933,0.51,0.5129
F_rasm_3d_10rm,delta,norm2,KNN,0.8533,0.7162,0.5,0.5129
F_peak_3d_Cz,alpha,norm2,Linear SVM,0.5133,0.4905,0.53,0.5129
F_peak_3d_F7,alpha,None,Logistic Regression,0.58,0.5324,0.49,0.5129
F_rasm_3d,delta,norm2,XGBoost,0.84,0.7267,0.55,0.5129
F_peak_3d_Cz,alpha,norm3,Linear SVM,0.5133,0.4905,0.53,0.5129
F_de_3d_F3,all,norm2,Random Forest,0.9,0.719,0.53,0.5129
F_de_3d_C4,gamma,None,Linear SVM,0.5533,0.5638,0.53,0.5129
F_median_3d_F7,beta,None,Ensemble (Majority Vote),0.6333,0.6105,0.54,0.5129
F_mean_3d_F7,alpha,norm2,Random Forest,0.66,0.5971,0.54,0.5129
F_median_3d_F7,delta,norm2,XGBoost,0.5133,0.5352,0.53,0.5129
F_median_3d_F7,delta,norm3,XGBoost,0.5133,0.5352,0.53,0.5129
F_mean_3d_F7,alpha,norm3,Random Forest,0.66,0.5971,0.54,0.5129
F_median_3d_F7,gamma,norm2,Linear SVM,0.5267,0.501,0.52,0.5129
F_median_3d_F7,gamma,norm3,Linear SVM,0.5267,0.501,0.52,0.5129
F_de_3d_10rm,gamma,norm2,KNN,0.8533,0.7133,0.55,0.5129
F_de_3d_10rm,delta,norm3,Logistic Regression,0.6933,0.6695,0.56,0.5129
F_de_3d_Cz,all,norm2,Random Forest,0.9133,0.7276,0.5,0.5129
F_median_3d_Fp1,gamma,norm3,XGBoost,0.6333,0.5648,0.52,0.5129
F_median_3d_Fp1,gamma,norm2,XGBoost,0.6333,0.5648,0.52,0.5129
F_de_3d_10rm,theta,None,Random Forest,0.8133,0.7514,0.55,0.5129
F_de_3d_F3,delta,None,KNN,0.8667,0.701,0.55,0.5129
F_mean_3d_Fp2,delta,None,Random Forest,0.78,0.6543,0.5,0.5129
F_de_3d_Fz,delta,None,Logistic Regression,0.5533,0.5343,0.54,0.5129
F_de_3d,all,norm2,Ensemble (Majority Vote),0.9533,0.8524,0.53,0.5129
F_mean_3d_3area,beta,None,Logistic Regression,0.5733,0.5705,0.51,0.5129
F_de_3d,alpha,norm3,Linear SVM,0.7867,0.6962,0.5,0.5129
F_rasm_3d_10rm,gamma,norm3,Random Forest,0.8,0.7314,0.55,0.5129
F_de_3d_1area,all,None,KNN,0.9133,0.8095,0.52,0.5129
F_mean_3d_Fp2,all,None,Ensemble (Majority Vote),0.7667,0.7286,0.49,0.5129
F_de_3d_10rm,theta,norm3,XGBoost,0.9067,0.8019,0.49,0.5129
F_rasm_3d_10rm,gamma,norm2,Linear SVM,0.5733,0.519,0.52,0.5129
F_de_3d_F4,all,norm2,XGBoost,0.88,0.6895,0.52,0.5129
F_de_3d_F4,all,norm2,Linear SVM,0.5067,0.499,0.49,0.5129
F_mean_3d_3area,gamma,None,Logistic Regression,0.56,0.5676,0.56,0.5129
F_peak_3d_F8,beta,None,Logistic Regression,0.5,0.5048,0.51,0.5129
F_peak_3d_F8,beta,None,Linear SVM,0.5,0.5057,0.51,0.5129
F_mean_3d_3area,gamma,norm2,Linear SVM,0.5267,0.5057,0.55,0.5129
F_median_3d_F3,all,norm3,Logistic Regression,0.6467,0.6067,0.51,0.5129
F_de_3d_Fz,delta,None,Linear SVM,0.54,0.5324,0.54,0.5129
F_median_3d_F3,gamma,None,KNN,0.82,0.6914,0.53,0.5129
F_median_3d_F3,gamma,norm2,Linear SVM,0.4867,0.4876,0.54,0.5129
F_median_3d_F3,gamma,norm3,Linear SVM,0.4867,0.4876,0.54,0.5129
F_de_3d_F8,alpha,None,Ensemble (Majority Vote),0.6933,0.64,0.53,0.5129
F_mean_3d_Fp2,gamma,norm3,Linear SVM,0.4867,0.4924,0.55,0.5129
F_de_3d_Fp2,alpha,norm3,KNN,0.8867,0.6971,0.56,0.5129
F_peak_3d_T7,gamma,norm2,XGBoost,0.5733,0.559,0.52,0.5129
F_de_3d_Fp1,gamma,None,KNN,0.8267,0.701,0.51,0.5129
F_peak_3d_3area,alpha,norm3,KNN,0.8267,0.7152,0.56,0.5129
F_de_3d_3area,theta,norm2,KNN,0.8467,0.6962,0.54,0.5129
F_median_3d_10rm,alpha,norm3,XGBoost,0.9,0.82,0.55,0.5129
F_de_3d_Fp1,beta,None,Random Forest,0.6867,0.6267,0.51,0.5129
F_peak_3d_1area,all,None,KNN,0.9333,0.8067,0.58,0.5129
F_de_3d_Fp1,delta,None,Random Forest,0.6733,0.6343,0.52,0.5129
F_peak_3d_T7,gamma,None,Ensemble (Majority Vote),0.7067,0.6467,0.51,0.5129
F_median_3d_10rm,beta,norm3,Logistic Regression,0.7333,0.6914,0.51,0.5129
F_peak_3d_3area,delta,norm2,Ensemble (Majority Vote),0.76,0.6495,0.51,0.5129
F_mean_3d_T7,gamma,norm3,Random Forest,0.66,0.5962,0.55,0.5129
F_peak_3d_T7,delta,None,KNN,0.8533,0.7095,0.55,0.5129
F_median_3d,theta,norm3,Linear SVM,0.7267,0.6829,0.54,0.5129
F_de_3d_2area,beta,norm3,Random Forest,0.6933,0.6371,0.5,0.5129
F_mean_3d_T7,gamma,norm2,Random Forest,0.66,0.5962,0.55,0.5129
F_mean_3d_F3,alpha,None,Logistic Regression,0.58,0.5505,0.46,0.5129
F_median_3d_10rm,gamma,norm2,Ensemble (Majority Vote),0.9,0.7581,0.56,0.5129
F_mean_3d_F3,alpha,norm2,XGBoost,0.56,0.5571,0.54,0.5129
F_median_3d_1area,alpha,norm3,Random Forest,0.6467,0.5781,0.56,0.5129
F_median_3d_1area,alpha,norm2,Random Forest,0.6467,0.5781,0.56,0.5129
F_median_3d_10rm,theta,None,KNN,0.9733,0.8562,0.52,0.5129
F_mean_3d_10rm,delta,norm3,Linear SVM,0.76,0.6952,0.53,0.5129
F_de_3d_8rm,gamma,None,Logistic Regression,0.6733,0.6181,0.52,0.5129
F_peak_3d_3area,delta,norm3,XGBoost,0.7533,0.6686,0.52,0.5129
F_de_3d_Fp2,alpha,norm2,KNN,0.8867,0.6971,0.56,0.5129
F_de_3d_3area,all,None,XGBoost,0.9533,0.881,0.51,0.5129
F_mean_3d_Cz,theta,norm3,XGBoost,0.6467,0.5733,0.48,0.5129
F_mean_3d_Cz,theta,norm2,XGBoost,0.6467,0.5733,0.48,0.5129
F_de_3d_F8,alpha,norm2,Random Forest,0.7133,0.5848,0.5,0.5129
F_median_3d_10rm,all,None,Logistic Regression,0.8867,0.8238,0.51,0.5129
F_peak_3d_T7,theta,norm3,Ensemble (Majority Vote),0.6,0.5876,0.54,0.5129
F_peak_3d_10rm,delta,None,Ensemble (Majority Vote),0.8133,0.781,0.46,0.5129
F_de_3d_T8,delta,norm3,Linear SVM,0.5,0.5105,0.52,0.5129
F_peak_3d_T7,theta,norm2,Ensemble (Majority Vote),0.6,0.5876,0.54,0.5129
F_peak_3d_Fz,gamma,None,Logistic Regression,0.6067,0.5467,0.5,0.5129
F_de_3d_F8,theta,norm2,KNN,0.88,0.7105,0.51,0.5129
F_de_3d_T8,delta,norm2,Linear SVM,0.5,0.5105,0.52,0.5129
F_de_3d_T8,beta,norm2,Ensemble (Majority Vote),0.5933,0.5914,0.52,0.5129
F_peak_3d_10rm,gamma,norm2,Ensemble (Majority Vote),0.86,0.74,0.53,0.5129
F_mean_3d_F3,alpha,norm3,XGBoost,0.56,0.5571,0.54,0.5129
F_de_3d_F8,theta,norm3,KNN,0.88,0.7105,0.51,0.5129
F_de_3d_1area,gamma,None,Ensemble (Majority Vote),0.68,0.6362,0.5,0.5129
F_peak_3d_T7,gamma,norm3,XGBoost,0.5733,0.559,0.52,0.5129
F_peak_3d_10rm,gamma,None,Ensemble (Majority Vote),0.8733,0.8038,0.53,0.5129
F_de_3d_T8,beta,norm3,Ensemble (Majority Vote),0.5933,0.5914,0.52,0.5129
F_de_3d_F8,alpha,norm3,Random Forest,0.7133,0.5848,0.5,0.5129
F_median_3d,alpha,norm3,Random Forest,0.8533,0.78,0.51,0.5129
F_dasm_3d19,theta,None,Logistic Regression,0.6667,0.6274,0.5125,0.5125
F_peak_3d19,theta,None,XGBoost,0.9417,0.8857,0.475,0.5125
F_de_3d19,delta,norm2,KNN,0.8167,0.6762,0.525,0.5125
F_median_3d19,theta,norm2,XGBoost,0.975,0.8298,0.55,0.5125
F_rasm_3d19,theta,norm2,KNN,0.8,0.6881,0.5125,0.5125
F_dasm_3d19,alpha,None,XGBoost,0.875,0.7976,0.5375,0.5125
F_median_3d19,alpha,None,XGBoost,0.9833,0.8988,0.4625,0.5125
F_de_3d19,theta,None,Logistic Regression,0.7833,0.7274,0.55,0.5125
F_median_3d19,delta,norm2,Ensemble (Majority Vote),0.8167,0.7393,0.4875,0.5125
F_dasm_3d19,gamma,norm2,Linear SVM,0.5083,0.4929,0.5875,0.5125
F_peak_3d19,beta,norm2,KNN,0.825,0.6798,0.525,0.5125
F_dasm_3d19,beta,norm2,KNN,0.7833,0.6548,0.4875,0.5125
F_rasm_3d19,all,norm3,Logistic Regression,0.775,0.6655,0.5,0.5125
F_rasm_3d19,delta,norm3,Logistic Regression,0.6,0.575,0.525,0.5125
F_peak_3d_T7,delta,norm2,Ensemble (Majority Vote),0.62,0.6086,0.52,0.5114
F_de_3d_C3,delta,None,KNN,0.8733,0.7067,0.47,0.5114
F_dasm_3d_10rm,gamma,None,XGBoost,0.7867,0.7124,0.5,0.5114
F_median_3d_10rm,delta,norm2,KNN,0.8333,0.7114,0.49,0.5114
F_peak_3d_T8,beta,norm2,Ensemble (Majority Vote),0.7667,0.639,0.52,0.5114
F_peak_3d_Fp2,alpha,None,KNN,0.8133,0.6895,0.52,0.5114
F_mean_3d_2area,alpha,None,XGBoost,0.68,0.6324,0.49,0.5114
F_peak_3d_T7,delta,norm3,Ensemble (Majority Vote),0.62,0.6086,0.52,0.5114
F_peak_3d_T8,beta,norm3,Ensemble (Majority Vote),0.7667,0.639,0.52,0.5114
F_dasm_3d_10rm,theta,None,Random Forest,0.78,0.7133,0.49,0.5114
F_median_3d_Fp1,gamma,None,Random Forest,0.7067,0.6257,0.53,0.5114
F_peak_3d_F3,theta,None,XGBoost,0.6533,0.6105,0.5,0.5114
F_median_3d_T8,all,norm3,KNN,0.9467,0.7924,0.52,0.5114
F_median_3d_F3,delta,norm2,Linear SVM,0.4933,0.5,0.51,0.5114
F_median_3d_F3,delta,norm3,Linear SVM,0.4933,0.5,0.51,0.5114
F_de_3d_Fp1,all,None,Ensemble (Majority Vote),0.7933,0.7352,0.5,0.5114
F_mean_3d_F4,theta,None,KNN,0.8467,0.7105,0.46,0.5114
F_peak_3d_F7,gamma,None,KNN,0.84,0.7095,0.52,0.5114
F_peak_3d_F4,all,norm2,Linear SVM,0.4933,0.4933,0.49,0.5114
F_median_3d_F8,delta,None,Ensemble (Majority Vote),0.7067,0.6486,0.49,0.5114
F_median_3d_F8,beta,None,Logistic Regression,0.52,0.5257,0.48,0.5114
F_dasm_3d,all,norm3,KNN,0.9867,0.9248,0.48,0.5114
F_median_3d_F3,beta,norm3,Linear SVM,0.5333,0.5086,0.49,0.5114
F_mean_3d_Fp1,alpha,norm3,XGBoost,0.6267,0.5829,0.53,0.5114
F_peak_3d_F7,gamma,None,Random Forest,0.64,0.6181,0.54,0.5114
F_de_3d_Fp1,all,None,KNN,0.9467,0.7981,0.54,0.5114
F_mean_3d_F8,all,norm2,Random Forest,0.8733,0.7171,0.52,0.5114
F_de_3d_10rm,alpha,norm2,Random Forest,0.9667,0.7876,0.49,0.5114
F_mean_3d_8rm,theta,norm2,XGBoost,0.8933,0.7133,0.47,0.5114
F_de_3d_Cz,alpha,norm2,Ensemble (Majority Vote),0.76,0.6352,0.54,0.5114
F_mean_3d_F7,theta,None,XGBoost,0.6467,0.6076,0.48,0.5114
F_de_3d_2area,gamma,norm3,Ensemble (Majority Vote),0.6467,0.6352,0.49,0.5114
F_mean_3d_1area,all,norm3,Random Forest,0.8333,0.7333,0.51,0.5114
F_median_3d_Cz,gamma,None,Logistic Regression,0.5267,0.5419,0.51,0.5114
F_mean_3d,delta,norm2,Linear SVM,0.4533,0.4943,0.53,0.5114
F_de_3d_F3,gamma,norm3,XGBoost,0.6333,0.5657,0.55,0.5114
F_rasm_3d_8rm,gamma,norm2,Ensemble (Majority Vote),0.76,0.68,0.52,0.5114
F_de_3d_F3,gamma,norm2,XGBoost,0.6333,0.5657,0.55,0.5114
F_dasm_3d,all,norm3,Ensemble (Majority Vote),0.9933,0.9124,0.55,0.5114
F_median_3d_F8,gamma,norm3,XGBoost,0.6067,0.5752,0.54,0.5114
F_median_3d_F8,gamma,norm2,XGBoost,0.6067,0.5752,0.54,0.5114
F_median_3d_F8,beta,None,Linear SVM,0.52,0.5257,0.48,0.5114
F_median_3d_F3,beta,norm2,Linear SVM,0.5333,0.5086,0.49,0.5114
F_mean_3d_C3,alpha,None,Logistic Regression,0.5733,0.5657,0.5,0.5114
F_rasm_3d,beta,None,Linear SVM,0.56,0.5257,0.5,0.5114
F_dasm_3d_10rm,theta,None,Linear SVM,0.5733,0.5952,0.46,0.5114
F_mean_3d_F8,delta,None,Linear SVM,0.5867,0.5562,0.53,0.5114
F_mean_3d_1area,alpha,norm2,XGBoost,0.5533,0.5467,0.52,0.5114
F_median_3d_Fz,gamma,None,XGBoost,0.68,0.62,0.5,0.5114
F_median_3d_F4,theta,norm2,KNN,0.8667,0.6686,0.6,0.5114
F_median_3d_F4,theta,norm3,KNN,0.8667,0.6686,0.6,0.5114
F_median_3d,theta,norm2,Random Forest,0.9467,0.7657,0.47,0.5114
F_median_3d_Cz,delta,None,KNN,0.84,0.699,0.54,0.5114
F_median_3d,theta,norm2,KNN,0.8067,0.661,0.52,0.5114
F_median_3d_F7,gamma,norm2,Ensemble (Majority Vote),0.64,0.601,0.51,0.5114
F_median_3d,delta,norm3,Linear SVM,0.76,0.7133,0.53,0.5114
F_rasm_3d,alpha,norm3,Random Forest,0.8067,0.7295,0.51,0.5114
F_median_3d,delta,norm3,Logistic Regression,0.7333,0.7114,0.52,0.5114
F_mean_3d_C3,delta,None,Logistic Regression,0.56,0.5514,0.5,0.5114
F_mean_3d_10rm,theta,norm2,XGBoost,0.8867,0.7238,0.5,0.5114
F_mean_3d_Cz,delta,norm2,Linear SVM,0.5267,0.4971,0.56,0.5114
F_mean_3d_Cz,delta,norm3,Linear SVM,0.5267,0.4971,0.56,0.5114
F_median_3d_F4,delta,norm3,KNN,0.8533,0.6905,0.56,0.5114
F_mean_3d_T8,delta,norm3,XGBoost,0.6733,0.6,0.55,0.5114
F_de_3d_Cz,all,None,XGBoost,0.8333,0.7343,0.5,0.5114
F_median_3d_F7,gamma,norm3,Ensemble (Majority Vote),0.64,0.601,0.51,0.5114
F_peak_3d_2area,all,norm3,XGBoost,0.9467,0.8267,0.53,0.5114
F_mean_3d_Fp1,alpha,norm2,XGBoost,0.6267,0.5829,0.53,0.5114
F_mean_3d_1area,alpha,norm3,XGBoost,0.5533,0.5467,0.52,0.5114
F_median_3d_F8,all,norm2,XGBoost,0.8867,0.6933,0.53,0.5114
F_de_3d_2area,theta,norm2,Linear SVM,0.5333,0.5086,0.52,0.5114
F_mean_3d_C3,gamma,None,KNN,0.8733,0.7152,0.55,0.5114
F_mean_3d_T8,delta,norm2,XGBoost,0.6733,0.6,0.55,0.5114
F_de_3d_Cz,all,None,KNN,0.8867,0.7752,0.51,0.5114
F_peak_3d_F3,all,None,Ensemble (Majority Vote),0.8133,0.7514,0.49,0.5114
F_rasm_3d_8rm,theta,norm3,Ensemble (Majority Vote),0.8333,0.7,0.51,0.5114
F_mean_3d_C3,beta,None,Linear SVM,0.5733,0.5638,0.53,0.5114
F_mean_3d_F8,beta,norm2,Random Forest,0.7,0.5933,0.5,0.5114
F_median_3d_Fp2,gamma,None,XGBoost,0.6533,0.6095,0.48,0.5114
F_median_3d_F4,delta,norm2,KNN,0.8533,0.6905,0.56,0.5114
F_mean_3d_F8,beta,norm3,Random Forest,0.7,0.5933,0.5,0.5114
F_de_3d_Fp2,beta,norm3,KNN,0.8667,0.6819,0.53,0.5114
F_peak_3d_F8,beta,norm2,Ensemble (Majority Vote),0.5933,0.6067,0.48,0.5114
F_mean_3d_1area,gamma,None,KNN,0.8667,0.7019,0.49,0.5114
F_de_3d_T8,beta,norm2,KNN,0.8267,0.6705,0.52,0.5114
F_peak_3d_Fz,all,norm2,Linear SVM,0.4867,0.5086,0.54,0.5114
F_peak_3d_T7,alpha,None,Random Forest,0.6867,0.6219,0.53,0.5114
F_median_3d_Cz,all,norm3,Linear SVM,0.62,0.5848,0.53,0.5114
F_de_3d_T8,all,norm3,XGBoost,0.88,0.76,0.56,0.5114
F_median_3d_10rm,gamma,None,KNN,0.98,0.8867,0.53,0.5114
F_median_3d_8rm,gamma,norm2,XGBoost,0.9133,0.7524,0.51,0.5114
F_de_3d_1area,beta,None,Ensemble (Majority Vote),0.7133,0.6571,0.51,0.5114
F_peak_3d_8rm,beta,norm3,XGBoost,0.8467,0.7857,0.51,0.5114
F_peak_3d_C4,all,None,KNN,0.94,0.7943,0.55,0.5114
F_de_3d_Cz,alpha,norm3,Ensemble (Majority Vote),0.76,0.6352,0.54,0.5114
F_de_3d_Fp2,delta,norm3,Linear SVM,0.5067,0.4952,0.52,0.5114
F_de_3d_1area,all,norm3,KNN,0.8867,0.7867,0.54,0.5114
F_median_3d_T8,theta,norm3,KNN,0.82,0.6667,0.54,0.5114
F_median_3d_T8,theta,norm2,KNN,0.82,0.6667,0.54,0.5114
F_median_3d_C3,gamma,norm2,Linear SVM,0.5333,0.5143,0.55,0.5114
F_mean_3d_Fz,gamma,None,XGBoost,0.6733,0.62,0.47,0.5114
F_dasm_3d,gamma,norm3,KNN,0.8733,0.76,0.59,0.5114
F_rasm_3d_3area,theta,norm3,Linear SVM,0.48,0.5,0.56,0.5114
F_peak_3d_T7,gamma,None,Random Forest,0.7,0.6181,0.52,0.5114
F_dasm_3d_3area,gamma,norm2,Linear SVM,0.4467,0.4914,0.54,0.5114
F_de_3d_F7,all,norm2,KNN,0.8267,0.6743,0.57,0.5114
F_median_3d_C3,gamma,norm3,Linear SVM,0.5333,0.5143,0.55,0.5114
F_dasm_3d_8rm,beta,norm2,KNN,0.8667,0.6971,0.54,0.5114
F_peak_3d,delta,norm3,Linear SVM,0.78,0.7067,0.56,0.5114
F_mean_3d_10rm,delta,norm2,XGBoost,0.9133,0.7286,0.5,0.5114
F_median_3d_3area,alpha,norm2,XGBoost,0.7667,0.6381,0.5,0.5114
F_mean_3d_Fz,delta,None,Random Forest,0.7333,0.6238,0.52,0.5114
F_median_3d_1area,beta,None,Linear SVM,0.5133,0.539,0.54,0.5114
F_peak_3d_Fp2,gamma,norm3,Linear SVM,0.5267,0.5124,0.49,0.5114
F_mean_3d_Fz,alpha,norm3,KNN,0.88,0.6838,0.54,0.5114
F_peak_3d_Fp2,gamma,norm2,Linear SVM,0.5267,0.5124,0.49,0.5114
F_dasm_3d,theta,norm2,XGBoost,0.7867,0.6686,0.55,0.5114
F_mean_3d_Fz,alpha,norm2,KNN,0.88,0.6838,0.54,0.5114
F_de_3d_F8,alpha,norm3,XGBoost,0.5867,0.5657,0.5,0.5114
F_dasm_3d_3area,theta,norm2,Ensemble (Majority Vote),0.68,0.6019,0.53,0.5114
F_rasm_3d,gamma,None,XGBoost,0.8133,0.7,0.52,0.5114
F_dasm_3d_3area,gamma,norm3,Linear SVM,0.4467,0.4914,0.54,0.5114
F_median_3d_3area,theta,norm2,KNN,0.7933,0.6695,0.54,0.5114
F_de_3d_F7,gamma,norm2,Ensemble (Majority Vote),0.6733,0.6048,0.58,0.5114
F_peak_3d,beta,norm2,Linear SVM,0.5267,0.5229,0.51,0.5114
F_rasm_3d_3area,theta,norm2,Linear SVM,0.48,0.5,0.56,0.5114
F_de_3d_F7,all,norm3,Random Forest,0.7867,0.721,0.47,0.5114
F_median_3d_2area,gamma,None,XGBoost,0.68,0.6267,0.48,0.5114
F_median_3d_10rm,beta,norm3,KNN,0.9533,0.8733,0.48,0.5114
F_de_3d_Fp2,beta,norm2,KNN,0.8667,0.6819,0.53,0.5114
F_de_3d_F8,gamma,norm2,Linear SVM,0.5,0.5019,0.52,0.5114
F_peak_3d_Fp1,alpha,None,KNN,0.84,0.7105,0.55,0.5114
F_mean_3d_Fp1,theta,None,Random Forest,0.6667,0.6362,0.47,0.5114
F_de_3d,alpha,norm3,Ensemble (Majority Vote),0.8733,0.8,0.51,0.5114
F_mean_3d_Fp2,alpha,norm3,Ensemble (Majority Vote),0.7,0.6276,0.53,0.5114
F_peak_3d_C4,beta,None,Ensemble (Majority Vote),0.6867,0.6219,0.52,0.5114
F_peak_3d_8rm,theta,norm2,Linear SVM,0.5267,0.5038,0.54,0.5114
F_mean_3d_T8,all,None,Random Forest,0.7867,0.7124,0.49,0.5114
F_mean_3d_Fp2,alpha,norm2,Ensemble (Majority Vote),0.7,0.6276,0.53,0.5114
F_rasm_3d_10rm,theta,norm2,Linear SVM,0.5867,0.5086,0.49,0.5114
F_peak_3d_C4,gamma,None,Linear SVM,0.5867,0.5648,0.53,0.5114
F_de_3d_2area,all,norm3,Logistic Regression,0.7267,0.6705,0.51,0.5114
F_de_3d_T8,beta,norm3,KNN,0.8267,0.6705,0.52,0.5114
F_mean_3d_F4,delta,norm3,Ensemble (Majority Vote),0.68,0.5924,0.53,0.5114
F_de_3d_8rm,alpha,None,Ensemble (Majority Vote),0.82,0.7638,0.54,0.5114
F_median_3d_C4,delta,norm2,Random Forest,0.72,0.6238,0.56,0.5114
F_de_3d_F8,gamma,norm3,Linear SVM,0.5,0.5019,0.52,0.5114
F_median_3d_C4,delta,norm3,Random Forest,0.72,0.6238,0.56,0.5114
F_dasm_3d_3area,theta,norm3,Ensemble (Majority Vote),0.68,0.6019,0.53,0.5114
F_median_3d_C3,theta,norm3,Ensemble (Majority Vote),0.7267,0.6248,0.54,0.5114
F_de_3d_F8,alpha,norm2,XGBoost,0.5867,0.5657,0.5,0.5114
F_median_3d_C3,theta,norm2,Ensemble (Majority Vote),0.7267,0.6248,0.54,0.5114
F_mean_3d_Fp2,beta,norm2,KNN,0.8333,0.6895,0.58,0.5114
F_de_3d_F7,gamma,norm3,Ensemble (Majority Vote),0.6733,0.6048,0.58,0.5114
F_peak_3d_F8,beta,norm3,Ensemble (Majority Vote),0.5933,0.6067,0.48,0.5114
F_de_3d_8rm,theta,norm2,Ensemble (Majority Vote),0.86,0.7286,0.51,0.5114
F_mean_3d_T7,alpha,None,XGBoost,0.6533,0.6295,0.54,0.5114
F_mean_3d_Fp2,beta,norm3,KNN,0.8333,0.6895,0.58,0.5114
F_de_3d_Fp2,delta,norm2,Linear SVM,0.5067,0.4952,0.52,0.5114
F_mean_3d_Fp2,beta,None,Linear SVM,0.54,0.5324,0.54,0.5114
F_de_3d_C4,all,norm2,KNN,0.8067,0.6638,0.52,0.5114
F_mean_3d_F4,delta,norm2,Ensemble (Majority Vote),0.68,0.5924,0.53,0.5114
F_de_3d19,all,None,KNN,0.9917,0.9548,0.5125,0.5107
F_mean_3d19,alpha,norm2,Ensemble (Majority Vote),0.9167,0.8024,0.5375,0.5107
F_rasm_3d19,delta,norm2,KNN,0.85,0.6845,0.5625,0.5107
F_rasm_3d19,gamma,norm3,XGBoost,0.9167,0.8131,0.5375,0.5107
F_median_3d19,all,norm3,Logistic Regression,0.9833,0.9655,0.5125,0.5107
F_peak_3d19,all,norm3,Logistic Regression,0.9833,0.9571,0.4875,0.5107
F_de_3d19,alpha,None,Logistic Regression,0.7083,0.6893,0.525,0.5107
F_mean_3d19,theta,None,Random Forest,0.8667,0.8179,0.475,0.5107
F_mean_3d19,all,norm3,XGBoost,1.0,0.9833,0.4875,0.5107
F_mean_3d19,gamma,norm2,XGBoost,0.9917,0.8381,0.55,0.5107
F_median_3d19,delta,norm2,KNN,0.8417,0.6905,0.5375,0.5107
F_peak_3d_C3,delta,None,XGBoost,0.6267,0.601,0.5,0.51
F_mean_3d_C3,all,norm2,Random Forest,0.8467,0.6914,0.49,0.51
F_de_3d_8rm,theta,norm2,KNN,0.86,0.7038,0.58,0.51
F_peak_3d_1area,theta,None,Random Forest,0.6733,0.6171,0.5,0.51
F_peak_3d_F3,delta,norm3,KNN,0.8733,0.6971,0.55,0.51
F_mean_3d_Cz,alpha,norm2,KNN,0.8533,0.6914,0.52,0.51
F_mean_3d_Cz,alpha,norm3,KNN,0.8533,0.6914,0.52,0.51
F_peak_3d_F3,all,norm3,KNN,0.9,0.7533,0.53,0.51
F_de_3d_1area,delta,None,Ensemble (Majority Vote),0.6467,0.6267,0.49,0.51
F_median_3d_Fp2,beta,None,Linear SVM,0.5733,0.559,0.52,0.51
F_peak_3d_8rm,theta,norm2,XGBoost,0.8733,0.6914,0.53,0.51
F_peak_3d_F3,beta,norm3,XGBoost,0.5067,0.5143,0.5,0.51
F_peak_3d_F3,delta,norm2,KNN,0.8733,0.6971,0.55,0.51
F_peak_3d_C3,alpha,norm2,Random Forest,0.64,0.5762,0.5,0.51
F_peak_3d_C3,alpha,norm3,Random Forest,0.64,0.5762,0.5,0.51
F_peak_3d_F3,beta,norm2,XGBoost,0.5067,0.5143,0.5,0.51
F_de_3d_C4,gamma,norm2,KNN,0.8267,0.6952,0.52,0.51
F_de_3d_T8,all,norm3,Random Forest,0.8067,0.7219,0.56,0.51
F_de_3d_T7,gamma,norm2,Ensemble (Majority Vote),0.7067,0.6248,0.56,0.51
F_dasm_3d_10rm,delta,norm2,KNN,0.8267,0.6733,0.54,0.51
F_median_3d_T7,delta,None,KNN,0.8667,0.7229,0.53,0.51
F_peak_3d_Cz,all,None,XGBoost,0.82,0.7533,0.49,0.51
F_median_3d_T7,gamma,norm2,Ensemble (Majority Vote),0.66,0.6019,0.49,0.51
F_de_3d_T7,theta,norm2,Ensemble (Majority Vote),0.7467,0.6371,0.5,0.51
F_peak_3d_C4,beta,None,Random Forest,0.6467,0.6286,0.53,0.51
F_dasm_3d_10rm,all,norm3,Ensemble (Majority Vote),0.96,0.881,0.55,0.51
F_peak_3d_Cz,all,None,Ensemble (Majority Vote),0.78,0.7305,0.5,0.51
F_mean_3d_F7,all,norm2,Ensemble (Majority Vote),0.8133,0.6962,0.54,0.51
F_peak_3d_C4,gamma,None,XGBoost,0.6667,0.6086,0.54,0.51
F_rasm_3d_8rm,alpha,norm3,KNN,0.8867,0.7457,0.5,0.51
F_peak_3d_10rm,delta,norm2,XGBoost,0.9,0.721,0.51,0.51
F_peak_3d_8rm,all,None,XGBoost,1.0,0.959,0.53,0.51
F_median_3d_T7,gamma,norm3,Ensemble (Majority Vote),0.66,0.6019,0.49,0.51
F_peak_3d_3area,gamma,norm3,KNN,0.8467,0.719,0.54,0.51
F_de_3d_T7,gamma,norm3,Ensemble (Majority Vote),0.7067,0.6248,0.56,0.51
F_de_3d_3area,theta,norm2,Ensemble (Majority Vote),0.7867,0.6648,0.52,0.51
F_mean_3d_C4,all,None,Logistic Regression,0.6,0.5886,0.52,0.51
F_de_3d_1area,gamma,None,KNN,0.8467,0.7057,0.47,0.51
F_mean_3d_C3,beta,norm2,XGBoost,0.5333,0.5486,0.49,0.51
F_rasm_3d_8rm,beta,norm2,Linear SVM,0.5067,0.5048,0.56,0.51
F_dasm_3d_10rm,all,None,Ensemble (Majority Vote),0.94,0.8876,0.49,0.51
F_mean_3d_F7,beta,None,Linear SVM,0.5867,0.559,0.51,0.51
F_de_3d_C4,theta,norm3,Linear SVM,0.52,0.5086,0.52,0.51
F_peak_3d_3area,beta,norm2,Ensemble (Majority Vote),0.72,0.6562,0.51,0.51
F_de_3d_C4,theta,norm2,Linear SVM,0.52,0.5086,0.52,0.51
F_peak_3d,beta,norm2,Random Forest,0.9867,0.8181,0.53,0.51
F_de_3d_C4,gamma,norm3,KNN,0.8267,0.6952,0.52,0.51
F_peak_3d_8rm,beta,norm2,XGBoost,0.92,0.72,0.54,0.51
F_mean_3d_C3,beta,norm3,XGBoost,0.5333,0.5486,0.49,0.51
F_peak_3d_3area,beta,norm2,Random Forest,0.8667,0.679,0.49,0.51
F_de_3d_T8,theta,None,KNN,0.8133,0.6952,0.54,0.51
F_de_3d_3area,gamma,None,XGBoost,0.74,0.6771,0.5,0.51
F_dasm_3d_10rm,delta,norm2,XGBoost,0.7933,0.64,0.52,0.51
F_de_3d_T7,theta,norm3,Ensemble (Majority Vote),0.7467,0.6371,0.5,0.51
F_mean_3d_Cz,gamma,None,Random Forest,0.6333,0.6124,0.51,0.51
F_mean_3d_F3,beta,None,Logistic Regression,0.54,0.5229,0.5,0.51
F_de_3d_Fp1,gamma,norm2,Linear SVM,0.4933,0.5057,0.48,0.51
F_de_3d_F3,alpha,norm3,XGBoost,0.66,0.5648,0.51,0.51
F_median_3d_10rm,delta,norm3,Random Forest,0.8933,0.7867,0.51,0.51
F_mean_3d_Fp2,beta,None,Logistic Regression,0.54,0.5314,0.54,0.51
F_peak_3d_Fp1,alpha,norm2,XGBoost,0.6667,0.5695,0.51,0.51
F_median_3d_10rm,alpha,norm3,KNN,0.9333,0.8286,0.51,0.51
F_median_3d_10rm,alpha,norm2,Random Forest,0.9267,0.7867,0.57,0.51
F_de_3d_F4,delta,None,Ensemble (Majority Vote),0.6667,0.6162,0.51,0.51
F_peak_3d_Fp1,all,norm2,Linear SVM,0.52,0.5086,0.52,0.51
F_mean_3d_Fp2,all,norm2,Random Forest,0.8,0.6886,0.56,0.51
F_mean_3d_1area,gamma,norm3,Linear SVM,0.5267,0.5038,0.51,0.51
F_de_3d,beta,norm2,XGBoost,0.9667,0.7638,0.5,0.51
F_mean_3d_1area,gamma,norm3,KNN,0.8667,0.68,0.51,0.51
F_peak_3d_F8,gamma,None,Random Forest,0.7,0.6124,0.54,0.51
F_median_3d_Cz,all,norm2,KNN,0.8533,0.6848,0.55,0.51
F_median_3d_Cz,all,norm2,Linear SVM,0.48,0.5038,0.55,0.51
F_de_3d,theta,None,Random Forest,0.8467,0.7762,0.5,0.51
F_de_3d_F3,delta,norm3,Linear SVM,0.4867,0.4895,0.58,0.51
F_de_3d_F3,delta,norm2,Linear SVM,0.4867,0.4895,0.58,0.51
F_mean_3d_Fp1,alpha,norm3,KNN,0.84,0.6924,0.46,0.51
F_mean_3d_2area,beta,norm3,XGBoost,0.6867,0.6171,0.5,0.51
F_median_3d_10rm,alpha,None,KNN,0.96,0.8733,0.52,0.51
F_mean_3d_Fp1,alpha,norm2,KNN,0.84,0.6924,0.46,0.51
F_mean_3d_1area,gamma,norm2,Linear SVM,0.5267,0.5038,0.51,0.51
F_de_3d_F3,alpha,norm2,XGBoost,0.66,0.5648,0.51,0.51
F_mean_3d_1area,gamma,norm2,KNN,0.8667,0.68,0.51,0.51
F_mean_3d_10rm,gamma,norm3,Random Forest,0.86,0.781,0.51,0.51
F_mean_3d_1area,delta,norm3,Linear SVM,0.4533,0.4876,0.52,0.51
F_peak_3d_Fp1,alpha,norm3,XGBoost,0.6667,0.5695,0.51,0.51
F_median_3d_C3,gamma,norm3,XGBoost,0.6867,0.599,0.52,0.51
F_de_3d_Fp2,all,norm3,Ensemble (Majority Vote),0.8267,0.7581,0.54,0.51
F_median_3d_C3,gamma,norm2,XGBoost,0.6867,0.599,0.52,0.51
F_dasm_3d_8rm,alpha,norm2,Linear SVM,0.5,0.4981,0.51,0.51
F_mean_3d_2area,beta,norm2,Random Forest,0.7867,0.6295,0.55,0.51
F_median_3d_3area,delta,norm2,XGBoost,0.7867,0.6381,0.53,0.51
F_median_3d_2area,alpha,norm3,KNN,0.8333,0.6714,0.52,0.51
F_peak_3d_Fp2,gamma,None,KNN,0.86,0.7124,0.52,0.51
F_peak_3d_Fp2,gamma,None,Ensemble (Majority Vote),0.6867,0.6438,0.5,0.51
F_mean_3d_10rm,all,None,Logistic Regression,0.8467,0.7962,0.5,0.51
F_de_3d_F7,theta,norm2,XGBoost,0.6133,0.5657,0.51,0.51
F_mean_3d_T7,all,None,Ensemble (Majority Vote),0.8067,0.7314,0.51,0.51
F_median_3d_8rm,beta,None,KNN,0.9867,0.8733,0.49,0.51
F_dasm_3d_8rm,gamma,None,KNN,0.9,0.759,0.52,0.51
F_de_3d_F7,theta,norm3,XGBoost,0.6133,0.5657,0.51,0.51
F_peak_3d_Fp2,alpha,norm3,Linear SVM,0.5267,0.5067,0.53,0.51
F_de_3d_F8,all,norm3,KNN,0.9,0.761,0.5,0.51
F_peak_3d_Fp2,alpha,norm2,Linear SVM,0.5267,0.5067,0.53,0.51
F_median_3d_8rm,gamma,None,Logistic Regression,0.6533,0.6238,0.56,0.51
F_mean_3d_T7,all,norm3,KNN,0.8933,0.7695,0.52,0.51
F_median_3d_8rm,theta,norm3,KNN,0.94,0.7895,0.51,0.51
F_mean_3d_10rm,delta,norm2,Linear SVM,0.4667,0.4943,0.49,0.51
F_mean_3d_2area,all,norm3,KNN,0.96,0.8419,0.52,0.51
F_mean_3d_3area,all,norm3,Ensemble (Majority Vote),0.9067,0.8438,0.58,0.51
F_de_3d_Fp2,alpha,norm3,Random Forest,0.68,0.5876,0.53,0.51
F_peak_3d_T7,all,norm2,KNN,0.8467,0.659,0.51,0.51
F_dasm_3d_8rm,theta,norm2,XGBoost,0.7733,0.6314,0.52,0.51
F_de_3d_Fp2,alpha,norm2,Random Forest,0.68,0.5876,0.53,0.51
F_median_3d_F7,alpha,None,Linear SVM,0.5467,0.5438,0.49,0.51
F_mean_3d_8rm,all,norm2,Ensemble (Majority Vote),0.96,0.839,0.53,0.51
F_median_3d_F7,alpha,norm2,KNN,0.8733,0.6905,0.55,0.51
F_peak_3d_F4,all,norm3,Ensemble (Majority Vote),0.7533,0.7105,0.53,0.51
F_rasm_3d,beta,norm3,Ensemble (Majority Vote),0.8467,0.7133,0.53,0.51
F_mean_3d_8rm,delta,norm3,Ensemble (Majority Vote),0.8533,0.7771,0.5,0.51
F_median_3d,gamma,norm3,XGBoost,0.9533,0.8524,0.52,0.51
F_mean_3d_F8,beta,None,Random Forest,0.6,0.5905,0.49,0.51
F_peak_3d_T8,beta,norm2,Linear SVM,0.5,0.5095,0.52,0.51
F_median_3d_F7,alpha,norm3,KNN,0.8733,0.6905,0.55,0.51
F_peak_3d_T8,beta,norm3,Linear SVM,0.5,0.5095,0.52,0.51
F_de_3d_10rm,all,norm3,Random Forest,0.9667,0.9105,0.51,0.51
F_mean_3d_1area,alpha,norm2,Random Forest,0.7067,0.5829,0.57,0.51
F_peak_3d_T8,delta,None,Ensemble (Majority Vote),0.68,0.6238,0.48,0.51
F_de_3d_Fp1,delta,norm2,Ensemble (Majority Vote),0.7133,0.639,0.5,0.51
F_rasm_3d,beta,norm3,Linear SVM,0.6067,0.581,0.58,0.51
F_rasm_3d,beta,norm3,Logistic Regression,0.6133,0.581,0.56,0.51
F_mean_3d_F8,delta,None,Logistic Regression,0.5867,0.5562,0.53,0.51
F_de_3d_Fp1,delta,norm2,Random Forest,0.68,0.6086,0.48,0.51
F_median_3d_F8,delta,None,Linear SVM,0.5667,0.5543,0.5,0.51
F_de_3d_Fp1,delta,norm3,Ensemble (Majority Vote),0.7133,0.639,0.5,0.51
F_de_3d_Fp1,delta,norm3,Random Forest,0.68,0.6086,0.48,0.51
F_median_3d,alpha,norm3,Linear SVM,0.7867,0.7048,0.55,0.51
F_median_3d_F8,delta,norm2,Linear SVM,0.4933,0.4943,0.51,0.51
F_median_3d_F8,delta,norm3,Linear SVM,0.4933,0.4943,0.51,0.51
F_dasm_3d,beta,norm3,Random Forest,0.7867,0.7257,0.5,0.51
F_median_3d,alpha,norm2,KNN,0.8267,0.6771,0.55,0.51
F_de_3d_Cz,beta,None,KNN,0.8267,0.6876,0.52,0.51
F_de_3d_Fp1,gamma,norm3,Linear SVM,0.4933,0.5057,0.48,0.51
F_mean_3d_1area,all,norm3,Linear SVM,0.6533,0.62,0.49,0.51
F_peak_3d_F4,beta,norm2,Random Forest,0.7067,0.5971,0.5,0.51
F_mean_3d_1area,alpha,norm3,Random Forest,0.7067,0.5829,0.57,0.51
F_peak_3d_F4,beta,norm3,Random Forest,0.7067,0.5971,0.5,0.51
F_median_3d_F7,delta,norm3,Linear SVM,0.5,0.4933,0.53,0.51
F_median_3d,theta,norm2,XGBoost,0.9667,0.7848,0.48,0.51
F_mean_3d_1area,delta,norm2,Linear SVM,0.4533,0.4876,0.52,0.51
F_median_3d_F7,beta,None,XGBoost,0.6467,0.6076,0.54,0.51
F_median_3d_F7,delta,norm3,Random Forest,0.7,0.6038,0.5,0.51
F_median_3d_F7,delta,norm2,Linear SVM,0.5,0.4933,0.53,0.51
F_median_3d_F7,delta,norm2,Random Forest,0.7,0.6038,0.5,0.51
F_mean_3d,theta,norm2,Linear SVM,0.54,0.5105,0.52,0.51
F_median_3d,theta,norm3,Logistic Regression,0.7133,0.6848,0.56,0.51
F_median_3d,theta,norm3,XGBoost,0.94,0.8286,0.52,0.51
F_rasm_3d19,all,None,Logistic Regression,0.825,0.6726,0.575,0.5089
F_median_3d19,delta,None,Logistic Regression,0.7917,0.7214,0.4875,0.5089
F_mean_3d19,alpha,norm2,Linear SVM,0.5,0.5,0.4875,0.5089
F_dasm_3d19,gamma,norm2,KNN,0.7667,0.6631,0.5375,0.5089
F_mean_3d19,alpha,norm3,Linear SVM,0.8333,0.7405,0.4875,0.5089
F_median_3d19,delta,norm3,Random Forest,0.8917,0.8262,0.5,0.5089
F_rasm_3d19,delta,norm2,XGBoost,0.9167,0.7798,0.525,0.5089
F_peak_3d19,all,norm3,KNN,1.0,0.9595,0.5,0.5089
F_peak_3d19,all,norm2,KNN,0.7583,0.6571,0.5,0.5089
F_peak_3d_Fz,alpha,norm3,XGBoost,0.5533,0.5533,0.51,0.5086
F_peak_3d_Fz,alpha,norm2,XGBoost,0.5533,0.5533,0.51,0.5086
F_mean_3d_Fz,delta,norm2,Random Forest,0.7,0.6076,0.52,0.5086
F_mean_3d_Fz,delta,norm3,Random Forest,0.7,0.6076,0.52,0.5086
F_mean_3d_T8,all,norm2,Ensemble (Majority Vote),0.7467,0.6848,0.52,0.5086
F_de_3d_Fp2,delta,norm2,Random Forest,0.7067,0.6171,0.51,0.5086
F_de_3d_8rm,all,None,Random Forest,0.9133,0.8619,0.55,0.5086
F_mean_3d_F3,delta,norm2,Linear SVM,0.4867,0.499,0.5,0.5086
F_de_3d_8rm,all,norm2,XGBoost,0.9933,0.9286,0.5,0.5086
F_de_3d_Fp2,all,norm3,Linear SVM,0.6333,0.6181,0.5,0.5086
F_peak_3d_2area,delta,norm2,Ensemble (Majority Vote),0.7533,0.641,0.5,0.5086
F_median_3d_2area,alpha,norm2,XGBoost,0.68,0.6057,0.53,0.5086
F_de_3d_F8,theta,None,KNN,0.8867,0.7171,0.5,0.5086
F_de_3d_C3,all,norm2,XGBoost,0.7333,0.641,0.49,0.5086
F_de_3d_T8,delta,norm2,Random Forest,0.68,0.6181,0.56,0.5086
F_dasm_3d_10rm,beta,norm2,Ensemble (Majority Vote),0.7533,0.6848,0.5,0.5086
F_de_3d_C3,all,None,KNN,0.9067,0.7819,0.57,0.5086
F_peak_3d_10rm,gamma,norm2,Linear SVM,0.5,0.5057,0.54,0.5086
F_dasm_3d_10rm,alpha,None,Random Forest,0.7867,0.7124,0.5,0.5086
F_de_3d_T8,delta,norm3,Random Forest,0.68,0.6181,0.56,0.5086
F_de_3d_F8,gamma,norm2,Ensemble (Majority Vote),0.7133,0.5962,0.52,0.5086
F_median_3d_10rm,beta,norm3,Random Forest,0.86,0.7962,0.5,0.5086
F_mean_3d_T7,gamma,norm3,Ensemble (Majority Vote),0.6933,0.6095,0.49,0.5086
F_mean_3d_T7,gamma,norm2,Ensemble (Majority Vote),0.6933,0.6095,0.49,0.5086
F_peak_3d_10rm,alpha,norm3,Logistic Regression,0.7267,0.6705,0.5,0.5086
F_de_3d_3area,delta,norm3,Random Forest,0.8,0.7114,0.44,0.5086
F_rasm_3d_3area,delta,norm3,KNN,0.86,0.6981,0.47,0.5086
F_de_3d_T8,delta,None,Random Forest,0.6667,0.6229,0.5,0.5086
F_median_3d_10rm,gamma,norm3,XGBoost,0.92,0.8343,0.53,0.5086
F_de_3d_F8,delta,None,Ensemble (Majority Vote),0.6733,0.6181,0.48,0.5086
F_de_3d_3area,delta,norm3,Logistic Regression,0.5867,0.5667,0.55,0.5086
F_de_3d_Fp1,delta,None,XGBoost,0.6467,0.6238,0.5,0.5086
F_median_3d_1area,beta,None,Logistic Regression,0.5,0.5371,0.53,0.5086
F_median_3d_1area,delta,None,Linear SVM,0.5867,0.5457,0.52,0.5086
F_de_3d_F8,gamma,norm3,Ensemble (Majority Vote),0.7133,0.5962,0.52,0.5086
F_rasm_3d_3area,delta,norm2,KNN,0.86,0.6981,0.47,0.5086
F_de_3d_Fp1,all,norm2,KNN,0.84,0.6657,0.51,0.5086
F_rasm_3d_3area,alpha,norm3,Linear SVM,0.4933,0.5152,0.53,0.5086
F_mean_3d_F7,gamma,norm3,Linear SVM,0.4867,0.4924,0.52,0.5086
F_median_3d_2area,gamma,norm3,Linear SVM,0.56,0.5286,0.49,0.5086
F_median_3d_F8,all,norm2,Linear SVM,0.48,0.4867,0.54,0.5086
F_mean_3d_F8,beta,norm3,Ensemble (Majority Vote),0.6333,0.579,0.48,0.5086
F_median_3d_F7,delta,norm3,KNN,0.8333,0.681,0.5,0.5086
F_median_3d_Fz,alpha,norm2,KNN,0.8467,0.6752,0.51,0.5086
F_median_3d_Fz,alpha,norm2,Linear SVM,0.54,0.5152,0.5,0.5086
F_median_3d_F7,delta,norm2,KNN,0.8333,0.681,0.5,0.5086
F_median_3d_Fz,alpha,norm3,KNN,0.8467,0.6752,0.51,0.5086
F_median_3d_F7,delta,None,Ensemble (Majority Vote),0.6867,0.6324,0.51,0.5086
F_median_3d_F7,beta,norm3,Random Forest,0.6933,0.5857,0.56,0.5086
F_median_3d_F7,beta,norm2,Random Forest,0.6933,0.5857,0.56,0.5086
F_median_3d_Fz,alpha,norm3,Linear SVM,0.54,0.5152,0.5,0.5086
F_de_3d_C4,delta,norm3,XGBoost,0.6133,0.5657,0.51,0.5086
F_de_3d_F3,all,norm2,XGBoost,0.8533,0.701,0.52,0.5086
F_de_3d_C4,delta,norm2,XGBoost,0.6133,0.5657,0.51,0.5086
F_median_3d_F4,delta,norm3,XGBoost,0.5733,0.559,0.52,0.5086
F_median_3d_F4,delta,norm2,XGBoost,0.5733,0.559,0.52,0.5086
F_de_3d_F3,alpha,None,Linear SVM,0.58,0.5467,0.47,0.5086
F_rasm_3d_8rm,all,norm2,Linear SVM,0.4733,0.5067,0.5,0.5086
F_mean_3d_F8,beta,norm2,Ensemble (Majority Vote),0.6333,0.579,0.48,0.5086
F_median_3d_F8,all,norm2,Random Forest,0.9133,0.7152,0.52,0.5086
F_de_3d_Fp2,delta,norm3,Random Forest,0.7067,0.6171,0.51,0.5086
F_de_3d_Cz,delta,norm3,KNN,0.8667,0.6933,0.54,0.5086
F_mean_3d_F7,gamma,norm2,Linear SVM,0.4867,0.4924,0.52,0.5086
F_dasm_3d,beta,norm2,XGBoost,0.8267,0.659,0.47,0.5086
F_de_3d_Cz,alpha,None,KNN,0.7867,0.6914,0.49,0.5086
F_median_3d_Fp1,all,norm2,Linear SVM,0.4533,0.4952,0.49,0.5086
F_de_3d_Cz,delta,norm2,KNN,0.8667,0.6933,0.54,0.5086
F_median_3d_F8,delta,None,Logistic Regression,0.5733,0.5533,0.5,0.5086
F_median_3d_Fp2,all,norm3,Random Forest,0.7933,0.7229,0.51,0.5086
F_median_3d_F8,beta,None,Random Forest,0.66,0.6086,0.52,0.5086
F_de_3d_Cz,all,norm2,KNN,0.8533,0.6933,0.55,0.5086
F_mean_3d_F7,delta,None,KNN,0.8667,0.7086,0.53,0.5086
F_median_3d_Fp2,beta,None,Logistic Regression,0.5667,0.5581,0.52,0.5086
F_dasm_3d,beta,norm2,Ensemble (Majority Vote),0.8133,0.699,0.45,0.5086
F_median_3d_Fp2,beta,norm2,Linear SVM,0.5,0.4933,0.5,0.5086
F_median_3d_Fp2,beta,norm3,Linear SVM,0.5,0.4933,0.5,0.5086
F_median_3d_Fp2,delta,norm2,Random Forest,0.66,0.6057,0.5,0.5086
F_de_3d_T7,all,None,XGBoost,0.84,0.7552,0.49,0.5086
F_median_3d_Fp2,delta,norm3,Random Forest,0.66,0.6057,0.5,0.5086
F_median_3d_F4,alpha,None,Logistic Regression,0.5533,0.5533,0.52,0.5086
F_mean_3d_F7,all,None,Logistic Regression,0.6533,0.6162,0.52,0.5086
F_median_3d_F4,alpha,None,Linear SVM,0.5533,0.5552,0.52,0.5086
F_median_3d_T7,beta,None,KNN,0.86,0.7067,0.54,0.5086
F_median_3d_C3,alpha,None,Linear SVM,0.5933,0.559,0.51,0.5086
F_median_3d_T8,theta,norm3,XGBoost,0.6267,0.5752,0.49,0.5086
F_mean_3d_F7,theta,None,KNN,0.8733,0.7114,0.52,0.5086
F_dasm_3d,theta,norm3,XGBoost,0.8,0.7419,0.5,0.5086
F_median_3d_8rm,delta,norm2,Ensemble (Majority Vote),0.8267,0.719,0.5,0.5086
F_median_3d_8rm,beta,norm3,Random Forest,0.8733,0.779,0.53,0.5086
F_peak_3d,alpha,norm3,Logistic Regression,0.74,0.6905,0.51,0.5086
F_de_3d_F7,all,norm2,Ensemble (Majority Vote),0.82,0.6895,0.52,0.5086
F_median_3d_8rm,all,None,XGBoost,0.9933,0.9638,0.53,0.5086
F_rasm_3d_3area,theta,norm2,Ensemble (Majority Vote),0.6867,0.6038,0.48,0.5086
F_peak_3d,beta,norm3,KNN,0.9267,0.8448,0.48,0.5086
F_dasm_3d,alpha,norm3,KNN,0.8733,0.7524,0.54,0.5086
F_rasm_3d_3area,alpha,norm2,Linear SVM,0.4933,0.5152,0.53,0.5086
F_peak_3d,delta,norm2,XGBoost,0.9467,0.761,0.52,0.5086
F_median_3d_3area,alpha,norm3,XGBoost,0.78,0.6752,0.49,0.5086
F_median_3d_3area,alpha,norm3,Random Forest,0.76,0.6686,0.5,0.5086
F_mean_3d_F3,delta,norm3,Linear SVM,0.4867,0.499,0.5,0.5086
F_mean_3d_Fp2,gamma,None,Random Forest,0.66,0.6086,0.5,0.5086
F_median_3d_T8,theta,norm2,XGBoost,0.6267,0.5752,0.49,0.5086
F_median_3d_C3,delta,norm2,Random Forest,0.7,0.6105,0.53,0.5086
F_median_3d_T8,alpha,norm2,Random Forest,0.7267,0.6019,0.56,0.5086
F_median_3d_F3,theta,norm3,Random Forest,0.7333,0.5876,0.5,0.5086
F_median_3d_F3,theta,norm2,Random Forest,0.7333,0.5876,0.5,0.5086
F_median_3d_F3,all,norm3,KNN,0.8867,0.7467,0.5,0.5086
F_de_3d_T7,gamma,norm2,Random Forest,0.72,0.6162,0.56,0.5086
F_de_3d_C4,alpha,None,Ensemble (Majority Vote),0.7067,0.6467,0.5,0.5086
F_mean_3d_Fp2,all,None,XGBoost,0.7733,0.7305,0.43,0.5086
F_de_3d_T7,gamma,norm3,Random Forest,0.72,0.6162,0.56,0.5086
F_mean_3d_Fp2,alpha,None,Random Forest,0.6867,0.619,0.5,0.5086
F_median_3d_C3,delta,norm3,Random Forest,0.7,0.6105,0.53,0.5086
F_median_3d_C4,all,norm2,XGBoost,0.84,0.679,0.53,0.5086
F_mean_3d_F4,delta,None,Logistic Regression,0.5733,0.5467,0.51,0.5086
F_median_3d_T8,alpha,norm3,Random Forest,0.7267,0.6019,0.56,0.5086
F_mean_3d_Fp2,beta,None,Ensemble (Majority Vote),0.7267,0.6314,0.53,0.5086
F_dasm_3d_10rm,all,norm3,KNN,0.9867,0.92,0.48,0.5086
F_mean_3d_Fp2,delta,None,KNN,0.8333,0.7076,0.5,0.5086
F_dasm_3d_10rm,all,norm3,Logistic Regression,0.8267,0.7505,0.55,0.5086
F_rasm_3d_3area,theta,norm3,Ensemble (Majority Vote),0.6867,0.6038,0.48,0.5086
F_median_3d_F8,delta,None,XGBoost,0.6867,0.62,0.51,0.5086
F_rasm_3d,delta,None,XGBoost,0.8667,0.7476,0.53,0.5086
F_dasm_3d_8rm,all,norm2,Ensemble (Majority Vote),0.9267,0.7933,0.49,0.5086
F_dasm_3d_3area,all,None,Random Forest,0.7933,0.7476,0.53,0.5086
F_mean_3d,gamma,None,XGBoost,0.94,0.841,0.51,0.5086
F_peak_3d_Fp1,delta,norm3,Ensemble (Majority Vote),0.7067,0.6114,0.5,0.5086
F_de_3d,all,norm3,Linear SVM,0.9933,0.9667,0.5,0.5086
F_peak_3d_Cz,all,norm3,Logistic Regression,0.6,0.6038,0.54,0.5086
F_peak_3d_F7,all,None,KNN,0.94,0.8219,0.57,0.5086
F_dasm_3d_8rm,gamma,norm2,Linear SVM,0.52,0.5105,0.51,0.5086
F_rasm_3d,delta,norm2,KNN,0.8867,0.72,0.49,0.5086
F_mean_3d_1area,beta,None,Logistic Regression,0.52,0.5352,0.53,0.5086
F_dasm_3d_3area,theta,norm3,Linear SVM,0.4533,0.4876,0.53,0.5086
F_rasm_3d,theta,None,Random Forest,0.8467,0.7114,0.47,0.5086
F_peak_3d_F3,gamma,norm3,KNN,0.8667,0.6905,0.53,0.5086
F_mean_3d_3area,theta,norm2,Ensemble (Majority Vote),0.7467,0.6448,0.5,0.5086
F_peak_3d_C4,alpha,norm3,Random Forest,0.7267,0.6029,0.51,0.5086
F_peak_3d_3area,beta,None,KNN,0.9133,0.7848,0.53,0.5086
F_peak_3d_C4,theta,None,Random Forest,0.6667,0.6152,0.53,0.5086
F_dasm_3d_3area,theta,norm2,Linear SVM,0.4533,0.4876,0.53,0.5086
F_mean_3d_C3,delta,None,Linear SVM,0.5533,0.5495,0.5,0.5086
F_mean_3d_10rm,alpha,norm3,Linear SVM,0.72,0.6648,0.52,0.5086
F_dasm_3d,all,norm2,Linear SVM,0.52,0.5143,0.54,0.5086
F_dasm_3d_10rm,delta,None,Random Forest,0.78,0.701,0.52,0.5086
F_dasm_3d_10rm,theta,None,Ensemble (Majority Vote),0.7733,0.7181,0.48,0.5086
F_mean_3d_8rm,alpha,norm3,Ensemble (Majority Vote),0.86,0.7686,0.51,0.5086
F_peak_3d_C4,alpha,norm2,Random Forest,0.7267,0.6029,0.51,0.5086
F_mean_3d_2area,alpha,norm2,Ensemble (Majority Vote),0.6667,0.6219,0.51,0.5086
F_mean_3d_C3,gamma,norm2,KNN,0.8667,0.6933,0.52,0.5086
F_rasm_3d,gamma,None,KNN,0.86,0.7162,0.53,0.5086
F_rasm_3d,theta,norm3,XGBoost,0.9067,0.7971,0.5,0.5086
F_mean_3d_C4,delta,None,KNN,0.84,0.6924,0.52,0.5086
F_peak_3d_3area,delta,norm3,Linear SVM,0.6067,0.5771,0.5,0.5086
F_mean_3d_10rm,alpha,norm3,XGBoost,0.8733,0.8,0.51,0.5086
F_peak_3d_T7,theta,norm2,KNN,0.86,0.681,0.57,0.5086
F_mean_3d_C3,gamma,norm3,KNN,0.8667,0.6933,0.52,0.5086
F_peak_3d_T7,theta,norm3,KNN,0.86,0.681,0.57,0.5086
F_mean_3d_1area,beta,None,Linear SVM,0.52,0.5362,0.52,0.5086
F_rasm_3d_8rm,beta,norm2,XGBoost,0.8,0.6581,0.52,0.5086
F_mean_3d_1area,alpha,norm3,KNN,0.8467,0.679,0.51,0.5086
F_peak_3d_F3,gamma,norm2,KNN,0.8667,0.6905,0.53,0.5086
F_mean_3d_1area,all,norm3,Logistic Regression,0.6067,0.6086,0.49,0.5086
F_mean_3d_1area,all,norm3,XGBoost,0.9067,0.7667,0.54,0.5086
F_peak_3d_Fp2,beta,norm3,XGBoost,0.5467,0.5267,0.49,0.5086
F_mean_3d_1area,delta,None,XGBoost,0.6467,0.6048,0.5,0.5086
F_dasm_3d_3area,delta,norm2,Linear SVM,0.4933,0.5,0.54,0.5086
F_de_3d_10rm,gamma,None,XGBoost,0.9267,0.8267,0.48,0.5086
F_peak_3d_T8,delta,norm3,KNN,0.8667,0.6952,0.52,0.5086
F_mean_3d_1area,delta,None,Logistic Regression,0.5733,0.5505,0.54,0.5086
F_peak_3d_T7,alpha,norm3,Ensemble (Majority Vote),0.7467,0.6333,0.53,0.5086
F_peak_3d_F3,gamma,None,Logistic Regression,0.5467,0.5276,0.5,0.5086
F_peak_3d_T8,delta,norm2,KNN,0.8667,0.6952,0.52,0.5086
F_peak_3d_Fp1,delta,norm2,Ensemble (Majority Vote),0.7067,0.6114,0.5,0.5086
F_peak_3d_T7,alpha,norm2,Ensemble (Majority Vote),0.7467,0.6333,0.53,0.5086
F_peak_3d_Fp2,beta,norm2,XGBoost,0.5467,0.5267,0.49,0.5086
F_mean_3d_10rm,all,norm3,Logistic Regression,0.9267,0.8667,0.49,0.5086
F_mean_3d_1area,alpha,norm2,KNN,0.8467,0.679,0.51,0.5086
F_dasm_3d_3area,delta,norm3,Linear SVM,0.4933,0.5,0.54,0.5086
F_peak_3d_Fp1,all,norm2,Random Forest,0.8733,0.7257,0.47,0.5086
F_mean_3d_3area,theta,None,Ensemble (Majority Vote),0.7533,0.6905,0.51,0.5086
F_mean_3d_Cz,all,norm2,Linear SVM,0.5267,0.5029,0.51,0.5086
F_peak_3d_Fp1,all,norm3,Random Forest,0.7733,0.7229,0.52,0.5086
F_peak_3d_T8,delta,None,KNN,0.8733,0.7048,0.49,0.5086
F_peak_3d_T7,gamma,None,KNN,0.8667,0.7162,0.51,0.5086
F_mean_3d_10rm,all,norm3,XGBoost,1.0,0.9657,0.54,0.5086
F_de_3d_8rm,gamma,None,Ensemble (Majority Vote),0.9067,0.7952,0.5,0.5071
F_rasm_3d_10rm,alpha,None,KNN,0.8667,0.7086,0.54,0.5071
F_peak_3d_T8,delta,None,Logistic Regression,0.54,0.56,0.52,0.5071
F_mean_3d_F8,delta,None,Ensemble (Majority Vote),0.6933,0.6295,0.48,0.5071
F_mean_3d_F4,beta,norm3,Ensemble (Majority Vote),0.7333,0.6429,0.55,0.5071
F_median_3d_1area,delta,norm3,Ensemble (Majority Vote),0.7067,0.6248,0.5,0.5071
F_mean_3d_2area,alpha,norm2,Linear SVM,0.4867,0.5019,0.51,0.5071
F_de_3d_T7,theta,None,Logistic Regression,0.5467,0.5486,0.54,0.5071
F_mean_3d_F4,beta,norm2,Ensemble (Majority Vote),0.7333,0.6429,0.55,0.5071
F_de_3d,all,norm3,Logistic Regression,0.9667,0.9229,0.5,0.5071
F_median_3d_1area,gamma,None,Logistic Regression,0.5467,0.5371,0.55,0.5071
F_de_3d_C4,all,None,Logistic Regression,0.6133,0.6067,0.5,0.5071
F_mean_3d_F8,alpha,norm3,Linear SVM,0.5,0.5038,0.51,0.5071
F_mean_3d_F4,alpha,norm3,Linear SVM,0.5,0.499,0.55,0.5071
F_median_3d_1area,delta,norm2,Ensemble (Majority Vote),0.7067,0.6248,0.5,0.5071
F_peak_3d_F4,alpha,norm2,KNN,0.8733,0.6971,0.48,0.5071
F_mean_3d_T7,all,norm3,Random Forest,0.7933,0.7419,0.52,0.5071
F_peak_3d,alpha,norm3,Ensemble (Majority Vote),0.9,0.8143,0.54,0.5071
F_peak_3d,alpha,None,KNN,0.9733,0.88,0.55,0.5071
F_peak_3d_C4,alpha,norm3,Ensemble (Majority Vote),0.64,0.6114,0.51,0.5071
F_peak_3d_Fp1,all,norm3,XGBoost,0.8067,0.7352,0.54,0.5071
F_de_3d_T8,all,norm3,Ensemble (Majority Vote),0.7933,0.7276,0.53,0.5071
F_rasm_3d_8rm,gamma,None,Ensemble (Majority Vote),0.78,0.6657,0.55,0.5071
F_de_3d_Cz,all,norm2,Ensemble (Majority Vote),0.88,0.7248,0.5,0.5071
F_mean_3d_F3,theta,None,XGBoost,0.6267,0.6038,0.55,0.5071
F_mean_3d_Fp2,alpha,None,KNN,0.88,0.7257,0.48,0.5071
F_peak_3d,beta,norm3,Linear SVM,0.78,0.7095,0.49,0.5071
F_median_3d_C4,beta,norm2,KNN,0.8133,0.6581,0.51,0.5071
F_median_3d_C4,alpha,norm3,Random Forest,0.64,0.5838,0.54,0.5071
F_median_3d_F7,gamma,None,XGBoost,0.6467,0.5962,0.54,0.5071
F_dasm_3d_3area,gamma,norm2,KNN,0.8467,0.6705,0.55,0.5071
F_median_3d_C4,alpha,norm2,Random Forest,0.64,0.5838,0.54,0.5071
F_de_3d_T8,all,norm2,Ensemble (Majority Vote),0.7933,0.6952,0.49,0.5071
F_de_3d_C3,gamma,None,KNN,0.8533,0.7019,0.5,0.5071
F_peak_3d_C4,alpha,norm2,Ensemble (Majority Vote),0.64,0.6114,0.51,0.5071
F_peak_3d_C3,theta,norm2,Ensemble (Majority Vote),0.7467,0.6324,0.54,0.5071
F_mean_3d_8rm,delta,norm2,Random Forest,0.9133,0.7143,0.53,0.5071
F_mean_3d,gamma,norm2,Random Forest,0.9733,0.8162,0.5,0.5071
F_peak_3d_C4,beta,norm2,Linear SVM,0.52,0.499,0.54,0.5071
F_peak_3d_C3,theta,norm3,Ensemble (Majority Vote),0.7467,0.6324,0.54,0.5071
F_dasm_3d_3area,gamma,norm3,KNN,0.8467,0.6705,0.55,0.5071
F_peak_3d_F4,alpha,norm3,KNN,0.8733,0.6971,0.48,0.5071
F_mean_3d_3area,beta,None,KNN,0.86,0.7676,0.52,0.5071
F_de_3d_1area,alpha,None,KNN,0.8467,0.7048,0.55,0.5071
F_median_3d_F8,all,None,KNN,0.8867,0.7638,0.53,0.5071
F_mean_3d19,delta,norm3,Ensemble (Majority Vote),0.9667,0.8726,0.475,0.5071
F_mean_3d_F4,alpha,norm2,Linear SVM,0.5,0.499,0.55,0.5071
F_median_3d_1area,gamma,norm2,Linear SVM,0.5133,0.5133,0.48,0.5071
F_mean_3d_F4,gamma,norm2,Ensemble (Majority Vote),0.7,0.6276,0.51,0.5071
F_rasm_3d19,gamma,norm3,Ensemble (Majority Vote),0.825,0.7381,0.525,0.5071
F_median_3d_2area,gamma,norm3,Logistic Regression,0.5533,0.5276,0.49,0.5071
F_median_3d_C3,all,norm2,Random Forest,0.8733,0.7238,0.45,0.5071
F_median_3d_C3,all,None,Random Forest,0.7867,0.7124,0.54,0.5071
F_mean_3d,alpha,norm2,Ensemble (Majority Vote),0.9133,0.7762,0.49,0.5071
F_mean_3d_C3,delta,norm3,XGBoost,0.6933,0.5914,0.49,0.5071
F_median_3d_C3,all,None,Logistic Regression,0.6533,0.6133,0.49,0.5071
F_mean_3d_C3,delta,norm2,XGBoost,0.6933,0.5914,0.49,0.5071
F_dasm_3d_8rm,gamma,norm3,XGBoost,0.74,0.6762,0.52,0.5071
F_median_3d_8rm,gamma,norm2,Ensemble (Majority Vote),0.8867,0.7552,0.51,0.5071
F_de_3d_Cz,alpha,norm3,Random Forest,0.7267,0.6143,0.55,0.5071
F_de_3d_F7,delta,norm3,Random Forest,0.6933,0.5981,0.5,0.5071
F_de_3d_C4,gamma,None,XGBoost,0.6,0.5905,0.51,0.5071
F_de_3d_F7,delta,norm2,Random Forest,0.6933,0.5981,0.5,0.5071
F_mean_3d_Fz,delta,None,KNN,0.8933,0.7029,0.52,0.5071
F_median_3d_Fp1,delta,None,KNN,0.86,0.7048,0.53,0.5071
F_de_3d_Cz,alpha,norm2,Random Forest,0.7267,0.6143,0.55,0.5071
F_median_3d_3area,alpha,None,KNN,0.8867,0.7562,0.52,0.5071
F_de_3d_F7,beta,norm3,Linear SVM,0.52,0.5019,0.52,0.5071
F_mean_3d_10rm,alpha,norm2,Random Forest,0.9667,0.7819,0.54,0.5071
F_peak_3d_Cz,theta,None,Random Forest,0.7267,0.6238,0.52,0.5071
F_mean_3d_C3,all,norm2,XGBoost,0.84,0.6819,0.49,0.5071
F_mean_3d_C3,beta,None,Logistic Regression,0.58,0.5648,0.52,0.5071
F_de_3d_F7,beta,norm2,Linear SVM,0.52,0.5019,0.52,0.5071
F_median_3d_3area,delta,norm2,Ensemble (Majority Vote),0.82,0.6829,0.53,0.5071
F_median_3d_8rm,alpha,None,XGBoost,0.9,0.8038,0.53,0.5071
F_median_3d_3area,delta,norm3,KNN,0.8733,0.7533,0.53,0.5071
F_de_3d_10rm,delta,norm3,Linear SVM,0.7067,0.6762,0.51,0.5071
F_median_3d_Fp2,alpha,norm3,XGBoost,0.6267,0.5695,0.52,0.5071
F_median_3d_Fp2,alpha,norm3,Linear SVM,0.5533,0.5095,0.5,0.5071
F_median_3d_Fp2,alpha,norm2,XGBoost,0.6267,0.5695,0.52,0.5071
F_de_3d_F7,gamma,norm2,Linear SVM,0.5067,0.4952,0.5,0.5071
F_median_3d_T7,beta,None,Logistic Regression,0.6667,0.5848,0.52,0.5071
F_median_3d_T8,alpha,norm3,Ensemble (Majority Vote),0.6867,0.6086,0.53,0.5071
F_median_3d_C3,alpha,None,Logistic Regression,0.5933,0.559,0.51,0.5071
F_median_3d_F8,alpha,norm2,XGBoost,0.64,0.581,0.54,0.5071
F_peak_3d_C4,beta,norm3,Linear SVM,0.52,0.499,0.54,0.5071
F_median_3d_1area,gamma,norm3,Linear SVM,0.5133,0.5133,0.48,0.5071
F_de_3d,all,norm2,Linear SVM,0.5333,0.5038,0.54,0.5071
F_median_3d_F8,alpha,norm3,XGBoost,0.64,0.581,0.54,0.5071
F_de_3d_F4,delta,norm2,XGBoost,0.5733,0.5562,0.52,0.5071
F_mean_3d_F8,alpha,norm2,Linear SVM,0.5,0.5038,0.51,0.5071
F_median_3d_T8,alpha,norm2,Ensemble (Majority Vote),0.6867,0.6086,0.53,0.5071
F_de_3d_F8,all,None,KNN,0.9133,0.7819,0.49,0.5071
F_de_3d_F7,theta,norm3,KNN,0.78,0.6629,0.52,0.5071
F_peak_3d_Fp1,delta,norm2,XGBoost,0.6267,0.5743,0.49,0.5071
F_de_3d_10rm,theta,norm3,Ensemble (Majority Vote),0.84,0.779,0.53,0.5071
F_peak_3d_Fp1,delta,norm3,XGBoost,0.6267,0.5743,0.49,0.5071
F_mean_3d_Fp2,all,norm3,XGBoost,0.8267,0.7486,0.54,0.5071
F_peak_3d_C4,theta,norm2,XGBoost,0.54,0.5467,0.49,0.5071
F_de_3d_F7,theta,norm2,KNN,0.78,0.6629,0.52,0.5071
F_de_3d_F4,delta,norm3,XGBoost,0.5733,0.5562,0.52,0.5071
F_dasm_3d_8rm,all,norm3,XGBoost,0.9867,0.8971,0.52,0.5071
F_mean_3d_F4,gamma,norm3,Ensemble (Majority Vote),0.7,0.6276,0.51,0.5071
F_mean_3d_2area,beta,norm3,Random Forest,0.7067,0.6362,0.46,0.5071
F_peak_3d_C4,theta,norm3,XGBoost,0.54,0.5467,0.49,0.5071
F_peak_3d_Cz,all,None,KNN,0.9267,0.7762,0.51,0.5071
F_mean_3d,delta,norm3,Ensemble (Majority Vote),0.9067,0.8371,0.5,0.5071
F_median_3d_2area,gamma,None,Ensemble (Majority Vote),0.7133,0.6657,0.49,0.5071
F_de_3d_F7,gamma,norm3,Linear SVM,0.5067,0.4952,0.5,0.5071
F_rasm_3d_10rm,theta,norm2,Random Forest,0.8267,0.7133,0.46,0.5071
F_rasm_3d_8rm,all,norm3,Linear SVM,0.6667,0.5905,0.51,0.5071
F_median_3d_2area,gamma,norm2,KNN,0.8867,0.7133,0.54,0.5071
F_dasm_3d_8rm,alpha,None,Random Forest,0.7867,0.7095,0.48,0.5071
F_peak_3d_F4,gamma,norm2,Linear SVM,0.5,0.4971,0.51,0.5071
F_median_3d_Fp2,alpha,norm2,Linear SVM,0.5533,0.5095,0.5,0.5071
F_de_3d_Fz,beta,norm2,Ensemble (Majority Vote),0.62,0.6,0.52,0.5071
F_median_3d_F4,delta,None,Random Forest,0.6667,0.6048,0.55,0.5071
F_peak_3d_8rm,alpha,norm3,KNN,0.9467,0.8476,0.54,0.5071
F_de_3d19,all,norm2,KNN,0.7833,0.6762,0.55,0.5071
F_median_3d_C4,theta,norm2,Linear SVM,0.4733,0.4895,0.45,0.5071
F_dasm_3d,alpha,None,KNN,0.9267,0.7952,0.48,0.5071
F_median_3d19,beta,None,XGBoost,0.9833,0.8952,0.5125,0.5071
F_dasm_3d,theta,None,Logistic Regression,0.6333,0.6162,0.49,0.5071
F_median_3d19,beta,norm3,Ensemble (Majority Vote),0.9333,0.8667,0.5,0.5071
F_median_3d19,beta,norm3,XGBoost,1.0,0.9179,0.5375,0.5071
F_mean_3d_Fp1,alpha,None,Random Forest,0.6867,0.6429,0.52,0.5071
F_de_3d_F3,alpha,norm3,KNN,0.8333,0.6752,0.5,0.5071
F_median_3d_Cz,delta,norm2,KNN,0.8267,0.6895,0.55,0.5071
F_median_3d_Cz,delta,norm2,Linear SVM,0.4667,0.4924,0.49,0.5071
F_dasm_3d,all,norm3,XGBoost,1.0,0.9486,0.53,0.5071
F_peak_3d_F7,beta,None,XGBoost,0.6333,0.599,0.51,0.5071
F_peak_3d_F8,alpha,None,Linear SVM,0.5867,0.5648,0.55,0.5071
F_de_3d_F4,alpha,norm2,Linear SVM,0.4933,0.5,0.53,0.5071
F_dasm_3d_10rm,delta,norm2,Linear SVM,0.46,0.4914,0.53,0.5071
F_de_3d_F3,alpha,norm2,KNN,0.8333,0.6752,0.5,0.5071
F_de_3d_2area,delta,None,KNN,0.86,0.7152,0.51,0.5071
F_de_3d_F8,theta,norm3,XGBoost,0.6733,0.5781,0.53,0.5071
F_mean_3d19,all,norm3,Random Forest,0.9667,0.9286,0.5375,0.5071
F_median_3d_F4,beta,norm2,XGBoost,0.62,0.5867,0.5,0.5071
F_de_3d_T8,delta,norm3,XGBoost,0.6733,0.5943,0.48,0.5071
F_rasm_3d19,alpha,norm2,Linear SVM,0.5083,0.5083,0.45,0.5071
F_de_3d_F3,alpha,None,Logistic Regression,0.58,0.5476,0.47,0.5071
F_median_3d_Cz,delta,norm3,KNN,0.8267,0.6895,0.55,0.5071
F_de_3d_F8,theta,norm2,XGBoost,0.6733,0.5781,0.53,0.5071
F_mean_3d_1area,delta,None,Ensemble (Majority Vote),0.7067,0.6305,0.46,0.5071
F_mean_3d_8rm,all,norm2,Random Forest,1.0,0.8876,0.49,0.5071
F_median_3d19,alpha,None,Ensemble (Majority Vote),0.9417,0.8679,0.4875,0.5071
F_peak_3d_3area,gamma,norm2,Linear SVM,0.54,0.52,0.48,0.5071
F_de_3d_2area,beta,None,XGBoost,0.7267,0.6629,0.51,0.5071
F_dasm_3d,theta,None,Linear SVM,0.64,0.6238,0.49,0.5071
F_rasm_3d,all,norm3,Logistic Regression,0.6933,0.619,0.5,0.5071
F_de_3d_2area,alpha,norm3,Linear SVM,0.5067,0.5324,0.52,0.5071
F_de_3d_Fz,delta,norm2,Linear SVM,0.52,0.501,0.52,0.5071
F_rasm_3d_8rm,theta,norm3,KNN,0.8667,0.7181,0.54,0.5071
F_peak_3d_10rm,theta,norm2,Random Forest,0.9067,0.7562,0.52,0.5071
F_de_3d_3area,theta,None,KNN,0.8933,0.7543,0.54,0.5071
F_peak_3d_10rm,theta,norm2,Ensemble (Majority Vote),0.8533,0.719,0.47,0.5071
F_rasm_3d_8rm,alpha,norm3,Logistic Regression,0.5867,0.5457,0.53,0.5071
F_de_3d_Fz,delta,norm3,Linear SVM,0.52,0.501,0.52,0.5071
F_peak_3d_3area,delta,norm3,Logistic Regression,0.5933,0.5724,0.48,0.5071
F_median_3d_C4,theta,norm3,Linear SVM,0.4733,0.4895,0.45,0.5071
F_peak_3d_F7,delta,None,KNN,0.86,0.7086,0.47,0.5071
F_mean_3d_Cz,delta,norm3,KNN,0.86,0.6952,0.54,0.5071
F_mean_3d_Cz,delta,norm2,XGBoost,0.64,0.5705,0.49,0.5071
F_mean_3d_8rm,all,None,XGBoost,0.9867,0.96,0.49,0.5071
F_de_3d_Fp1,alpha,norm3,KNN,0.88,0.6848,0.51,0.5071
F_peak_3d_3area,gamma,norm2,XGBoost,0.7933,0.6295,0.55,0.5071
F_de_3d_T8,delta,norm2,XGBoost,0.6733,0.5943,0.48,0.5071
F_median_3d19,all,norm2,Random Forest,0.9833,0.8929,0.5625,0.5071
F_de_3d_Fz,beta,norm3,Ensemble (Majority Vote),0.62,0.6,0.52,0.5071
F_median_3d,gamma,norm3,KNN,0.9533,0.8752,0.51,0.5071
F_mean_3d_Cz,delta,norm2,KNN,0.86,0.6952,0.54,0.5071
F_de_3d_Fp1,alpha,norm2,KNN,0.88,0.6848,0.51,0.5071
F_de_3d_2area,all,norm2,Linear SVM,0.54,0.5238,0.52,0.5071
F_de_3d_F4,alpha,norm3,Linear SVM,0.4933,0.5,0.53,0.5071
F_median_3d_F4,beta,norm3,XGBoost,0.62,0.5867,0.5,0.5071
F_rasm_3d19,alpha,None,Random Forest,0.875,0.7524,0.475,0.5071
F_de_3d_T8,alpha,norm2,XGBoost,0.5733,0.5581,0.55,0.5071
F_peak_3d_F7,all,norm2,Linear SVM,0.5133,0.5124,0.51,0.5071
F_median_3d,alpha,norm3,Logistic Regression,0.78,0.7038,0.52,0.5071
F_mean_3d_F3,delta,norm2,KNN,0.84,0.6705,0.5,0.5071
F_median_3d_F7,all,norm2,Linear SVM,0.5,0.5029,0.51,0.5071
F_mean_3d19,beta,norm2,Random Forest,0.9833,0.8179,0.5375,0.5071
F_mean_3d_C4,beta,None,XGBoost,0.6667,0.5971,0.49,0.5071
F_median_3d_F7,alpha,None,XGBoost,0.6133,0.6038,0.55,0.5071
F_mean_3d_F3,delta,norm3,KNN,0.84,0.6705,0.5,0.5071
F_peak_3d_2area,beta,norm2,XGBoost,0.6533,0.6,0.51,0.5071
F_peak_3d_C3,delta,None,Ensemble (Majority Vote),0.6533,0.6181,0.49,0.5071
F_de_3d,beta,None,KNN,0.98,0.8933,0.57,0.5071
F_peak_3d_T8,delta,norm3,XGBoost,0.6067,0.5886,0.53,0.5071
F_de_3d,alpha,norm3,Logistic Regression,0.7467,0.6905,0.49,0.5071
F_mean_3d_Fp2,all,norm2,XGBoost,0.8133,0.6571,0.53,0.5071
F_de_3d_2area,delta,norm2,Random Forest,0.72,0.6352,0.57,0.5071
F_de_3d_T8,alpha,None,XGBoost,0.66,0.6152,0.5,0.5071
F_median_3d,alpha,norm3,Ensemble (Majority Vote),0.8933,0.8076,0.51,0.5071
F_dasm_3d19,alpha,norm3,XGBoost,0.8917,0.7845,0.5125,0.5071
F_peak_3d,theta,norm2,KNN,0.8267,0.681,0.55,0.5071
F_median_3d_C4,beta,norm3,KNN,0.8133,0.6581,0.51,0.5071
F_peak_3d,gamma,norm3,KNN,0.9733,0.8733,0.5,0.5071
F_peak_3d,gamma,norm3,Ensemble (Majority Vote),0.86,0.8019,0.53,0.5071
F_peak_3d_2area,gamma,None,Random Forest,0.7733,0.6695,0.5,0.5071
F_peak_3d_2area,gamma,norm2,Random Forest,0.7667,0.6495,0.47,0.5071
F_peak_3d_F4,gamma,norm3,Linear SVM,0.5,0.4971,0.51,0.5071
F_dasm_3d,delta,norm2,KNN,0.86,0.6733,0.5,0.5071
F_mean_3d_Cz,delta,norm3,XGBoost,0.64,0.5705,0.49,0.5071
F_de_3d_Fp2,all,norm3,KNN,0.92,0.8143,0.56,0.5071
F_de_3d_Fp2,all,norm3,Random Forest,0.82,0.7362,0.54,0.5071
F_de_3d_F3,all,norm3,KNN,0.8333,0.7267,0.54,0.5071
F_peak_3d_F8,alpha,None,Logistic Regression,0.5867,0.5638,0.54,0.5071
F_rasm_3d19,delta,norm2,Ensemble (Majority Vote),0.8833,0.7464,0.4875,0.5071
F_peak_3d_C3,all,norm2,Linear SVM,0.4733,0.4981,0.52,0.5071
F_de_3d_Fp2,all,norm3,XGBoost,0.82,0.7495,0.53,0.5071
F_de_3d_T8,alpha,norm3,XGBoost,0.5733,0.5581,0.55,0.5071
F_rasm_3d_8rm,gamma,norm2,Random Forest,0.84,0.6952,0.54,0.5071
F_peak_3d_8rm,gamma,None,KNN,0.96,0.8495,0.48,0.5071
F_peak_3d19,beta,norm2,Random Forest,0.9833,0.8167,0.55,0.5071
F_peak_3d_8rm,delta,norm3,KNN,0.92,0.8048,0.52,0.5071
F_de_3d_F3,theta,None,XGBoost,0.6533,0.6095,0.48,0.5071
F_median_3d_Cz,delta,norm3,Linear SVM,0.4667,0.4924,0.49,0.5071
F_peak_3d_T8,delta,norm2,XGBoost,0.6067,0.5886,0.53,0.5071
F_peak_3d19,delta,norm3,KNN,0.975,0.8619,0.5375,0.5071
F_peak_3d_F7,alpha,None,Ensemble (Majority Vote),0.7333,0.6219,0.5,0.5071
F_peak_3d19,beta,norm3,XGBoost,0.9917,0.8976,0.5,0.5071
F_mean_3d_3area,gamma,None,Random Forest,0.7467,0.6971,0.5,0.5057
F_de_3d_Cz,alpha,None,Random Forest,0.6733,0.6276,0.49,0.5057
F_peak_3d_F3,gamma,norm2,Linear SVM,0.5,0.4933,0.5,0.5057
F_mean_3d_3area,theta,norm2,KNN,0.8867,0.7067,0.5,0.5057
F_dasm_3d_10rm,theta,norm2,XGBoost,0.8267,0.6648,0.57,0.5057
F_median_3d_Fp1,alpha,None,KNN,0.84,0.7257,0.52,0.5057
F_peak_3d_Fp2,all,None,Random Forest,0.8,0.7333,0.51,0.5057
F_de_3d_10rm,alpha,norm3,Linear SVM,0.7333,0.661,0.5,0.5057
F_median_3d_Cz,theta,norm2,Linear SVM,0.5,0.4886,0.53,0.5057
F_de_3d_Fp2,theta,None,Random Forest,0.6733,0.6181,0.5,0.5057
F_dasm_3d_8rm,delta,norm2,XGBoost,0.7467,0.6267,0.51,0.5057
F_peak_3d_Fp2,delta,None,KNN,0.9267,0.7324,0.52,0.5057
F_mean_3d_10rm,all,norm2,Linear SVM,0.6067,0.5181,0.55,0.5057
F_median_3d_Cz,theta,norm3,Linear SVM,0.5,0.4886,0.53,0.5057
F_peak_3d_F3,gamma,norm3,Linear SVM,0.5,0.4933,0.5,0.5057
F_median_3d_F3,all,norm3,XGBoost,0.8133,0.7162,0.51,0.5057
F_median_3d_8rm,alpha,norm2,Ensemble (Majority Vote),0.8733,0.7429,0.51,0.5057
F_mean_3d_F7,gamma,None,KNN,0.8333,0.6981,0.55,0.5057
F_rasm_3d_3area,theta,norm3,XGBoost,0.58,0.5552,0.5,0.5057
F_rasm_3d_3area,theta,norm2,XGBoost,0.58,0.5552,0.5,0.5057
F_de_3d,theta,None,XGBoost,0.92,0.8333,0.55,0.5057
F_de_3d_Cz,alpha,None,XGBoost,0.66,0.62,0.55,0.5057
F_de_3d_Fz,beta,norm3,KNN,0.8667,0.699,0.53,0.5057
F_rasm_3d_10rm,delta,norm3,XGBoost,0.8067,0.7486,0.5,0.5057
F_mean_3d_2area,theta,norm3,Ensemble (Majority Vote),0.7,0.6381,0.49,0.5057
F_median_3d_8rm,beta,norm3,XGBoost,0.8933,0.8086,0.51,0.5057
F_median_3d_F8,beta,norm2,Linear SVM,0.5067,0.5,0.52,0.5057
F_median_3d_8rm,theta,norm2,Ensemble (Majority Vote),0.88,0.7362,0.52,0.5057
F_de_3d_F4,all,None,KNN,0.92,0.799,0.5,0.5057
F_peak_3d_F7,beta,None,Linear SVM,0.6133,0.581,0.54,0.5057
F_median_3d_C4,delta,norm3,Linear SVM,0.46,0.4819,0.51,0.5057
F_de_3d,beta,norm2,Linear SVM,0.4467,0.4933,0.5,0.5057
F_dasm_3d_10rm,gamma,None,Random Forest,0.7267,0.7143,0.5,0.5057
F_mean_3d_Fp2,beta,norm2,Linear SVM,0.5067,0.5048,0.52,0.5057
F_median_3d_C3,theta,norm2,XGBoost,0.6333,0.5648,0.47,0.5057
F_peak_3d_F8,theta,None,XGBoost,0.62,0.5952,0.53,0.5057
F_peak_3d_F4,alpha,norm3,Ensemble (Majority Vote),0.6267,0.601,0.49,0.5057
F_median_3d_C4,delta,norm2,Linear SVM,0.46,0.4819,0.51,0.5057
F_median_3d_C3,theta,norm3,XGBoost,0.6333,0.5648,0.47,0.5057
F_rasm_3d_10rm,theta,None,XGBoost,0.7867,0.6905,0.54,0.5057
F_mean_3d,gamma,norm3,Ensemble (Majority Vote),0.8867,0.8133,0.49,0.5057
F_mean_3d_F8,gamma,norm3,XGBoost,0.6267,0.5686,0.5,0.5057
F_mean_3d,theta,None,Ensemble (Majority Vote),0.9,0.8114,0.5,0.5057
F_median_3d_F7,beta,norm2,Ensemble (Majority Vote),0.6733,0.5981,0.52,0.5057
F_mean_3d_F8,gamma,norm2,XGBoost,0.6267,0.5686,0.5,0.5057
F_median_3d_C4,beta,None,Random Forest,0.66,0.6029,0.52,0.5057
F_median_3d_C4,beta,norm3,Linear SVM,0.52,0.5076,0.5,0.5057
F_mean_3d,theta,norm2,KNN,0.8333,0.6867,0.5,0.5057
F_de_3d_Fz,beta,norm2,KNN,0.8667,0.699,0.53,0.5057
F_median_3d_F7,beta,norm2,XGBoost,0.7067,0.5819,0.54,0.5057
F_median_3d_F7,beta,norm3,Ensemble (Majority Vote),0.6733,0.5981,0.52,0.5057
F_median_3d_F7,beta,norm3,XGBoost,0.7067,0.5819,0.54,0.5057
F_median_3d_F4,delta,None,XGBoost,0.64,0.579,0.53,0.5057
F_mean_3d_8rm,gamma,None,Random Forest,0.8533,0.7667,0.51,0.5057
F_peak_3d_F4,alpha,norm2,Ensemble (Majority Vote),0.6267,0.601,0.49,0.5057
F_median_3d_F8,beta,norm3,Linear SVM,0.5067,0.5,0.52,0.5057
F_median_3d_Cz,alpha,None,Random Forest,0.68,0.6295,0.47,0.5057
F_median_3d_Cz,all,norm2,XGBoost,0.8333,0.6962,0.49,0.5057
F_median_3d_C4,theta,norm3,Random Forest,0.7333,0.6219,0.57,0.5057
F_peak_3d_F4,all,None,KNN,0.9133,0.781,0.51,0.5057
F_mean_3d_Fp2,gamma,None,Ensemble (Majority Vote),0.7133,0.6486,0.49,0.5057
F_dasm_3d_10rm,theta,None,Logistic Regression,0.58,0.5876,0.47,0.5057
F_de_3d_Fz,alpha,None,XGBoost,0.6467,0.5876,0.54,0.5057
F_mean_3d_3area,all,norm3,XGBoost,0.9733,0.8838,0.56,0.5057
F_peak_3d_Fp1,gamma,None,Random Forest,0.6667,0.6381,0.54,0.5057
F_median_3d_C4,theta,norm3,Ensemble (Majority Vote),0.6733,0.6,0.55,0.5057
F_median_3d_C4,beta,norm2,Linear SVM,0.52,0.5076,0.5,0.5057
F_mean_3d_Fp2,beta,norm3,Linear SVM,0.5067,0.5048,0.52,0.5057
F_mean_3d_8rm,all,norm2,XGBoost,1.0,0.9257,0.56,0.5057
F_median_3d_C4,theta,norm2,Random Forest,0.7333,0.6219,0.57,0.5057
F_peak_3d_F4,all,norm3,Random Forest,0.7933,0.7152,0.55,0.5057
F_peak_3d_F7,beta,norm3,Ensemble (Majority Vote),0.6867,0.6171,0.5,0.5057
F_median_3d_C4,theta,norm2,Ensemble (Majority Vote),0.6733,0.6,0.55,0.5057
F_peak_3d_F7,beta,norm2,Ensemble (Majority Vote),0.6867,0.6171,0.5,0.5057
F_mean_3d_8rm,gamma,norm2,Ensemble (Majority Vote),0.8333,0.7324,0.53,0.5057
F_peak_3d_2area,gamma,norm3,XGBoost,0.6867,0.6229,0.46,0.5057
F_mean_3d_Fp1,all,norm2,Random Forest,0.8733,0.7048,0.5,0.5057
F_median_3d_F4,delta,None,Ensemble (Majority Vote),0.6267,0.5895,0.56,0.5057
F_mean_3d_8rm,beta,norm3,Linear SVM,0.68,0.6552,0.49,0.5057
F_mean_3d,all,norm3,Ensemble (Majority Vote),0.9933,0.9752,0.48,0.5057
F_peak_3d_C3,gamma,norm2,Random Forest,0.6867,0.5933,0.55,0.5057
F_de_3d_C3,alpha,None,Logistic Regression,0.6,0.5733,0.51,0.5057
F_median_3d_10rm,delta,norm2,Random Forest,0.8467,0.7086,0.54,0.5057
F_peak_3d_T7,beta,norm3,Random Forest,0.7133,0.5895,0.51,0.5057
F_peak_3d_C3,delta,norm2,KNN,0.86,0.6876,0.52,0.5057
F_mean_3d_F3,gamma,norm3,Ensemble (Majority Vote),0.8,0.66,0.53,0.5057
F_mean_3d_F3,gamma,norm2,Ensemble (Majority Vote),0.8,0.66,0.53,0.5057
F_mean_3d_T7,theta,None,Ensemble (Majority Vote),0.6667,0.619,0.49,0.5057
F_peak_3d,theta,norm2,XGBoost,0.9133,0.7429,0.5,0.5057
F_de_3d_C3,alpha,None,Linear SVM,0.6,0.5724,0.51,0.5057
F_peak_3d_T7,beta,norm2,Random Forest,0.7133,0.5895,0.51,0.5057
F_peak_3d_T7,gamma,norm2,Linear SVM,0.48,0.5067,0.5,0.5057
F_median_3d_10rm,alpha,norm2,XGBoost,0.9067,0.7733,0.51,0.5057
F_peak_3d_T7,gamma,norm3,Linear SVM,0.48,0.5067,0.5,0.5057
F_mean_3d_10rm,theta,None,Ensemble (Majority Vote),0.8733,0.7933,0.49,0.5057
F_peak_3d_C3,all,norm2,Ensemble (Majority Vote),0.8,0.6867,0.54,0.5057
F_dasm_3d_3area,beta,None,Logistic Regression,0.56,0.5333,0.57,0.5057
F_peak_3d_8rm,gamma,None,Random Forest,0.8733,0.7838,0.53,0.5057
F_rasm_3d_8rm,delta,None,Random Forest,0.74,0.6695,0.53,0.5057
F_median_3d_10rm,delta,norm2,XGBoost,0.88,0.7114,0.53,0.5057
F_median_3d_10rm,all,None,Random Forest,0.92,0.8857,0.52,0.5057
F_de_3d_F8,beta,None,Random Forest,0.6067,0.6,0.49,0.5057
F_mean_3d_C3,theta,norm3,KNN,0.82,0.68,0.49,0.5057
F_peak_3d_C4,beta,None,Logistic Regression,0.5867,0.5581,0.49,0.5057
F_de_3d_1area,all,norm3,Ensemble (Majority Vote),0.7867,0.7333,0.49,0.5057
F_dasm_3d_3area,theta,None,KNN,0.76,0.679,0.49,0.5057
F_mean_3d_2area,alpha,None,KNN,0.8933,0.719,0.48,0.5057
F_median_3d_1area,beta,None,Ensemble (Majority Vote),0.7467,0.639,0.48,0.5057
F_peak_3d_T7,all,None,KNN,0.8933,0.7867,0.51,0.5057
F_median_3d_1area,all,norm3,Logistic Regression,0.6533,0.6238,0.56,0.5057
F_peak_3d_C3,delta,norm3,KNN,0.86,0.6876,0.52,0.5057
F_peak_3d_C3,gamma,norm3,Random Forest,0.6867,0.5933,0.55,0.5057
F_mean_3d_C4,alpha,None,Random Forest,0.7,0.6362,0.52,0.5057
F_mean_3d_T7,delta,norm2,XGBoost,0.62,0.5676,0.45,0.5057
F_median_3d_10rm,gamma,norm2,XGBoost,0.9733,0.7857,0.52,0.5057
F_peak_3d_Fp2,gamma,None,Random Forest,0.7067,0.6362,0.54,0.5057
F_rasm_3d_8rm,delta,None,XGBoost,0.7467,0.6695,0.5,0.5057
F_mean_3d_T7,delta,norm3,XGBoost,0.62,0.5676,0.45,0.5057
F_median_3d_10rm,all,norm2,Linear SVM,0.52,0.4952,0.55,0.5057
F_mean_3d_10rm,theta,norm2,Linear SVM,0.4867,0.501,0.52,0.5057
F_median_3d_T8,beta,norm3,KNN,0.8733,0.6771,0.51,0.5057
F_peak_3d_1area,delta,None,Ensemble (Majority Vote),0.6533,0.6276,0.51,0.5057
F_dasm_3d_10rm,alpha,norm2,XGBoost,0.8067,0.6695,0.55,0.5057
F_mean_3d_1area,beta,None,Random Forest,0.6733,0.619,0.52,0.5057
F_peak_3d_3area,beta,norm2,XGBoost,0.72,0.6229,0.5,0.5057
F_peak_3d_3area,beta,norm2,Linear SVM,0.5533,0.5124,0.56,0.5057
F_de_3d_T8,gamma,norm2,KNN,0.84,0.679,0.49,0.5057
F_median_3d,gamma,norm3,Ensemble (Majority Vote),0.9,0.8286,0.52,0.5057
F_mean_3d_Cz,delta,None,KNN,0.84,0.7067,0.54,0.5057
F_de_3d_Fp1,delta,norm2,Linear SVM,0.4867,0.4943,0.51,0.5057
F_dasm_3d,all,norm2,KNN,0.8867,0.6933,0.49,0.5057
F_de_3d_2area,delta,norm2,Linear SVM,0.48,0.5019,0.49,0.5057
F_de_3d_Fp1,delta,norm3,Linear SVM,0.4867,0.4943,0.51,0.5057
F_peak_3d_2area,alpha,None,Random Forest,0.7533,0.6562,0.5,0.5057
F_peak_3d_2area,alpha,norm2,Linear SVM,0.4867,0.5124,0.47,0.5057
F_peak_3d_2area,alpha,norm2,Random Forest,0.74,0.6362,0.51,0.5057
F_median_3d,alpha,norm3,XGBoost,0.92,0.8429,0.5,0.5057
F_median_3d,all,None,Linear SVM,1.0,0.941,0.48,0.5057
F_peak_3d_3area,delta,norm2,XGBoost,0.7867,0.6381,0.51,0.5057
F_peak_3d_3area,gamma,norm2,Random Forest,0.8467,0.6676,0.49,0.5057
F_peak_3d_T8,all,None,XGBoost,0.7933,0.7305,0.51,0.5057
F_dasm_3d_10rm,delta,norm2,Ensemble (Majority Vote),0.8267,0.68,0.5,0.5057
F_mean_3d_F3,alpha,norm3,Random Forest,0.6667,0.6029,0.54,0.5057
F_mean_3d_F3,alpha,norm2,Random Forest,0.6667,0.6029,0.54,0.5057
F_de_3d_8rm,delta,norm3,KNN,0.94,0.8048,0.48,0.5057
F_mean_3d_F3,alpha,None,XGBoost,0.6533,0.601,0.5,0.5057
F_de_3d_Fp2,all,None,Logistic Regression,0.64,0.599,0.48,0.5057
F_de_3d_8rm,delta,norm2,Linear SVM,0.4933,0.5,0.53,0.5057
F_de_3d_Fp1,all,None,Logistic Regression,0.6333,0.6314,0.51,0.5057
F_de_3d_8rm,beta,norm2,Random Forest,0.9133,0.7505,0.51,0.5057
F_de_3d_T8,gamma,norm3,KNN,0.84,0.679,0.49,0.5057
F_mean_3d_1area,delta,None,Linear SVM,0.5733,0.5505,0.54,0.5057
F_mean_3d_1area,delta,None,KNN,0.8867,0.7019,0.49,0.5057
F_peak_3d_10rm,alpha,norm3,Linear SVM,0.74,0.6762,0.51,0.5057
F_peak_3d_10rm,alpha,norm3,Random Forest,0.8067,0.7629,0.53,0.5057
F_peak_3d_8rm,alpha,norm2,Linear SVM,0.5467,0.5114,0.5,0.5057
F_de_3d_Fp1,all,norm3,XGBoost,0.8133,0.7448,0.53,0.5057
F_peak_3d_10rm,delta,None,Linear SVM,0.7,0.6648,0.5,0.5057
F_de_3d_T7,theta,None,Linear SVM,0.5467,0.5486,0.54,0.5057
F_median_3d_Cz,gamma,norm3,Linear SVM,0.4733,0.4886,0.5,0.5057
F_median_3d_T8,beta,norm2,KNN,0.8733,0.6771,0.51,0.5057
F_median_3d_2area,theta,norm2,Linear SVM,0.44,0.4838,0.57,0.5057
F_peak_3d_Cz,delta,norm2,Ensemble (Majority Vote),0.7333,0.6276,0.48,0.5057
F_de_3d_C4,beta,None,Logistic Regression,0.5267,0.5524,0.5,0.5057
F_de_3d_F7,delta,norm2,XGBoost,0.6533,0.56,0.52,0.5057
F_peak_3d_Cz,delta,None,Ensemble (Majority Vote),0.6667,0.6276,0.53,0.5057
F_de_3d_F7,delta,norm3,XGBoost,0.6533,0.56,0.52,0.5057
F_median_3d_2area,alpha,norm2,Ensemble (Majority Vote),0.6667,0.619,0.48,0.5057
F_de_3d_T7,gamma,norm3,KNN,0.8467,0.6905,0.5,0.5057
F_de_3d_T7,gamma,norm2,KNN,0.8467,0.6905,0.5,0.5057
F_mean_3d_C3,beta,norm3,Ensemble (Majority Vote),0.6,0.6,0.51,0.5057
F_dasm_3d_8rm,beta,norm2,Linear SVM,0.5333,0.5124,0.57,0.5057
F_de_3d_C4,beta,norm3,XGBoost,0.6333,0.5543,0.52,0.5057
F_median_3d_2area,delta,norm2,Ensemble (Majority Vote),0.7333,0.6629,0.52,0.5057
F_de_3d_C4,beta,norm2,XGBoost,0.6333,0.5543,0.52,0.5057
F_de_3d_10rm,theta,norm2,Linear SVM,0.46,0.4952,0.54,0.5057
F_peak_3d_Cz,all,norm2,Ensemble (Majority Vote),0.7867,0.6714,0.51,0.5057
F_de_3d_C4,beta,None,Linear SVM,0.5267,0.5533,0.51,0.5057
F_peak_3d_Cz,delta,norm3,Ensemble (Majority Vote),0.7333,0.6276,0.48,0.5057
F_mean_3d_10rm,delta,norm2,Ensemble (Majority Vote),0.82,0.7105,0.49,0.5057
F_de_3d_F7,delta,None,KNN,0.8733,0.7143,0.51,0.5057
F_rasm_3d_8rm,theta,None,KNN,0.8733,0.6962,0.54,0.5057
F_mean_3d_Fz,alpha,norm2,Random Forest,0.7067,0.6038,0.5,0.5057
F_mean_3d_F4,delta,None,Linear SVM,0.5733,0.5467,0.5,0.5057
F_mean_3d_F4,delta,None,Random Forest,0.6333,0.6038,0.52,0.5057
F_median_3d_3area,gamma,None,Ensemble (Majority Vote),0.78,0.7181,0.53,0.5057
F_mean_3d_Fz,alpha,norm3,Random Forest,0.7067,0.6038,0.5,0.5057
F_median_3d_Fp2,delta,norm2,Ensemble (Majority Vote),0.6267,0.6114,0.51,0.5057
F_mean_3d_C3,beta,norm2,Ensemble (Majority Vote),0.6,0.6,0.51,0.5057
F_median_3d_Fp2,delta,norm3,Ensemble (Majority Vote),0.6267,0.6114,0.51,0.5057
F_median_3d_Cz,gamma,norm2,Linear SVM,0.4733,0.4886,0.5,0.5057
F_mean_3d_2area,beta,None,KNN,0.82,0.719,0.49,0.5057
F_mean_3d_C3,theta,norm2,KNN,0.82,0.68,0.49,0.5057
F_mean_3d_F7,beta,None,Logistic Regression,0.5867,0.561,0.5,0.5057
F_mean_3d_T7,all,norm2,Linear SVM,0.5267,0.519,0.53,0.5057
F_rasm_3d19,beta,None,Linear SVM,0.5417,0.5345,0.4875,0.5054
F_de_3d19,gamma,norm2,XGBoost,0.975,0.8107,0.5875,0.5054
F_dasm_3d19,all,norm2,Linear SVM,0.4833,0.5095,0.525,0.5054
F_median_3d19,alpha,norm3,XGBoost,0.975,0.9012,0.45,0.5054
F_de_3d19,all,norm2,Random Forest,0.9917,0.8917,0.525,0.5054
F_peak_3d19,theta,None,Linear SVM,0.825,0.7571,0.45,0.5054
F_de_3d19,gamma,norm2,Ensemble (Majority Vote),0.925,0.7929,0.55,0.5054
F_rasm_3d19,theta,norm2,Linear SVM,0.5667,0.5262,0.5375,0.5054
F_dasm_3d19,beta,norm3,KNN,0.9417,0.8095,0.4625,0.5054
F_median_3d19,theta,None,Linear SVM,0.85,0.781,0.4875,0.5054
F_median_3d19,gamma,norm2,Ensemble (Majority Vote),0.95,0.8274,0.475,0.5054
F_mean_3d19,theta,norm3,Linear SVM,0.8083,0.7226,0.5125,0.5054
F_de_3d19,delta,norm2,Random Forest,0.9,0.7619,0.5,0.5054
F_de_3d19,theta,norm3,Linear SVM,0.8417,0.7381,0.55,0.5054
F_median_3d_C3,alpha,norm3,KNN,0.84,0.6914,0.48,0.5043
F_peak_3d_T8,alpha,norm3,Random Forest,0.6667,0.5924,0.5,0.5043
F_peak_3d_Fp1,delta,None,Linear SVM,0.6,0.579,0.49,0.5043
F_peak_3d_F8,beta,norm2,Linear SVM,0.5,0.4933,0.51,0.5043
F_rasm_3d_3area,theta,None,KNN,0.86,0.6876,0.51,0.5043
F_median_3d_C4,all,None,Logistic Regression,0.6667,0.6133,0.55,0.5043
F_de_3d_F8,all,norm3,Linear SVM,0.6067,0.601,0.54,0.5043
F_peak_3d_Fp2,theta,norm2,XGBoost,0.5867,0.5676,0.53,0.5043
F_peak_3d_F8,beta,norm3,Linear SVM,0.5,0.4933,0.51,0.5043
F_mean_3d_Fp1,theta,None,XGBoost,0.64,0.6238,0.48,0.5043
F_peak_3d_T8,alpha,norm3,Linear SVM,0.5,0.5019,0.51,0.5043
F_median_3d_3area,beta,norm2,Linear SVM,0.5333,0.5067,0.53,0.5043
F_de_3d_F7,all,None,Linear SVM,0.6933,0.6457,0.49,0.5043
F_de_3d_F8,beta,norm2,KNN,0.8267,0.6705,0.57,0.5043
F_mean_3d_Fz,delta,None,Ensemble (Majority Vote),0.7467,0.6467,0.53,0.5043
F_peak_3d_T8,alpha,norm2,Random Forest,0.6667,0.5924,0.5,0.5043
F_peak_3d_Fp1,delta,None,Logistic Regression,0.6,0.5781,0.48,0.5043
F_peak_3d_Fp2,alpha,norm3,Random Forest,0.7133,0.6095,0.5,0.5043
F_median_3d_1area,all,norm3,Linear SVM,0.6667,0.6314,0.53,0.5043
F_de_3d_F8,beta,norm3,KNN,0.8267,0.6705,0.57,0.5043
F_median_3d_10rm,theta,norm2,Random Forest,0.9067,0.7476,0.51,0.5043
F_median_3d,theta,None,KNN,0.98,0.8838,0.51,0.5043
F_de_3d_Fp2,alpha,norm3,XGBoost,0.5933,0.5448,0.45,0.5043
F_peak_3d_Fp2,alpha,norm2,Random Forest,0.7133,0.6095,0.5,0.5043
F_de_3d_Fp1,delta,norm3,KNN,0.84,0.68,0.54,0.5043
F_de_3d,theta,None,KNN,0.96,0.8743,0.53,0.5043
F_median_3d,alpha,norm2,Ensemble (Majority Vote),0.9333,0.7762,0.54,0.5043
F_peak_3d_Fp2,gamma,None,XGBoost,0.6467,0.6086,0.5,0.5043
F_median_3d_1area,delta,None,Random Forest,0.7,0.6238,0.51,0.5043
F_median_3d_8rm,all,None,Linear SVM,0.9467,0.8695,0.5,0.5043
F_mean_3d_10rm,all,None,Linear SVM,0.94,0.8733,0.5,0.5043
F_median_3d_1area,beta,norm3,Ensemble (Majority Vote),0.6933,0.6305,0.52,0.5043
F_median_3d_1area,beta,norm2,Ensemble (Majority Vote),0.6933,0.6305,0.52,0.5043
F_dasm_3d_3area,theta,None,XGBoost,0.6133,0.599,0.5,0.5043
F_rasm_3d_8rm,gamma,norm3,KNN,0.8467,0.7124,0.53,0.5043
F_median_3d_3area,beta,norm2,XGBoost,0.74,0.6162,0.5,0.5043
F_de_3d_Fp1,delta,norm2,KNN,0.84,0.68,0.54,0.5043
F_peak_3d_T8,delta,None,Linear SVM,0.54,0.561,0.52,0.5043
F_mean_3d_T8,gamma,norm3,Random Forest,0.66,0.6048,0.49,0.5043
F_peak_3d_Fp2,theta,None,Ensemble (Majority Vote),0.66,0.6276,0.48,0.5043
F_median_3d,delta,norm2,Random Forest,0.8733,0.7314,0.49,0.5043
F_mean_3d_T7,beta,None,KNN,0.86,0.7029,0.55,0.5043
F_mean_3d_T8,gamma,norm2,Random Forest,0.66,0.6048,0.49,0.5043
F_median_3d,gamma,None,Random Forest,0.8533,0.7914,0.55,0.5043
F_mean_3d_T7,all,norm2,XGBoost,0.7867,0.6429,0.49,0.5043
F_peak_3d_F8,delta,norm2,XGBoost,0.62,0.5714,0.54,0.5043
F_median_3d_10rm,theta,norm2,KNN,0.82,0.6695,0.55,0.5043
F_median_3d_10rm,beta,norm2,XGBoost,0.9,0.7514,0.51,0.5043
F_de_3d_Fp2,gamma,None,Ensemble (Majority Vote),0.6733,0.6248,0.49,0.5043
F_mean_3d_T8,all,norm2,Linear SVM,0.54,0.5076,0.47,0.5043
F_mean_3d_2area,delta,norm2,Linear SVM,0.5,0.4838,0.52,0.5043
F_median_3d_C4,delta,norm3,Ensemble (Majority Vote),0.7333,0.6438,0.5,0.5043
F_median_3d_2area,delta,None,Random Forest,0.7467,0.6695,0.51,0.5043
F_de_3d_F8,gamma,norm3,Random Forest,0.72,0.5943,0.51,0.5043
F_de_3d_Fp2,delta,norm3,KNN,0.8333,0.7048,0.52,0.5043
F_median_3d_C4,delta,norm2,Ensemble (Majority Vote),0.7333,0.6438,0.5,0.5043
F_de_3d_F8,gamma,norm2,Random Forest,0.72,0.5943,0.51,0.5043
F_median_3d_10rm,delta,norm2,Linear SVM,0.5467,0.5114,0.49,0.5043
F_de_3d_F8,delta,norm2,XGBoost,0.6,0.5524,0.51,0.5043
F_peak_3d_Fz,gamma,None,Ensemble (Majority Vote),0.7733,0.6648,0.54,0.5043
F_peak_3d_T7,gamma,norm3,Ensemble (Majority Vote),0.7133,0.6086,0.56,0.5043
F_mean_3d_10rm,beta,None,KNN,0.98,0.9,0.5,0.5043
F_peak_3d_T7,delta,norm2,KNN,0.8533,0.6914,0.5,0.5043
F_peak_3d_T7,gamma,norm2,Ensemble (Majority Vote),0.7133,0.6086,0.56,0.5043
F_peak_3d_T7,delta,norm3,KNN,0.8533,0.6914,0.5,0.5043
F_de_3d,alpha,norm3,Random Forest,0.8467,0.7724,0.48,0.5043
F_median_3d_C3,alpha,norm2,KNN,0.84,0.6914,0.48,0.5043
F_de_3d_F8,delta,norm3,XGBoost,0.6,0.5524,0.51,0.5043
F_mean_3d_3area,all,norm2,XGBoost,0.96,0.8171,0.49,0.5043
F_dasm_3d_8rm,theta,norm2,Ensemble (Majority Vote),0.8067,0.6781,0.51,0.5043
F_mean_3d_Fz,theta,norm2,Ensemble (Majority Vote),0.6667,0.5924,0.51,0.5043
F_mean_3d_Fz,delta,norm2,KNN,0.8,0.6657,0.48,0.5043
F_mean_3d_T8,alpha,norm3,Random Forest,0.74,0.5962,0.55,0.5043
F_median_3d_8rm,delta,norm2,Random Forest,0.8667,0.7248,0.48,0.5043
F_de_3d_F8,delta,None,KNN,0.8267,0.6971,0.46,0.5043
F_peak_3d_T8,alpha,norm2,Linear SVM,0.5,0.5019,0.51,0.5043
F_median_3d_C4,gamma,norm3,Random Forest,0.6733,0.6,0.5,0.5043
F_median_3d_8rm,delta,norm3,XGBoost,0.92,0.799,0.49,0.5043
F_de_3d_F7,gamma,None,Linear SVM,0.52,0.519,0.53,0.5043
F_mean_3d_Fz,theta,norm3,Ensemble (Majority Vote),0.6667,0.5924,0.51,0.5043
F_median_3d_C4,gamma,norm2,Random Forest,0.6733,0.6,0.5,0.5043
F_peak_3d_Fp1,all,norm3,Ensemble (Majority Vote),0.7667,0.7171,0.48,0.5043
F_peak_3d_Fp2,theta,norm3,XGBoost,0.5867,0.5676,0.53,0.5043
F_median_3d_C3,delta,norm2,Ensemble (Majority Vote),0.7,0.6286,0.53,0.5043
F_de_3d_Fp2,delta,norm2,KNN,0.8333,0.7048,0.52,0.5043
F_median_3d_C3,delta,norm3,Ensemble (Majority Vote),0.7,0.6286,0.53,0.5043
F_peak_3d_T8,alpha,None,XGBoost,0.6333,0.619,0.49,0.5043
F_mean_3d_T8,alpha,norm2,Random Forest,0.74,0.5962,0.55,0.5043
F_de_3d_Fp2,alpha,norm2,XGBoost,0.5933,0.5448,0.45,0.5043
F_mean_3d_Fz,delta,norm3,KNN,0.8,0.6657,0.48,0.5043
F_de_3d_F7,gamma,None,Logistic Regression,0.52,0.519,0.53,0.5043
F_peak_3d_F8,delta,norm3,XGBoost,0.62,0.5714,0.54,0.5043
F_median_3d_8rm,theta,None,Random Forest,0.7867,0.7324,0.53,0.5043
F_median_3d_3area,gamma,norm3,XGBoost,0.7333,0.6562,0.52,0.5043
F_dasm_3d,alpha,None,Random Forest,0.8267,0.721,0.47,0.5043
F_de_3d_F3,theta,norm3,KNN,0.8733,0.6914,0.47,0.5043
F_peak_3d_F3,theta,norm2,Random Forest,0.66,0.5848,0.46,0.5043
F_median_3d_F8,gamma,norm2,Linear SVM,0.5267,0.5019,0.51,0.5043
F_de_3d_1area,beta,None,XGBoost,0.68,0.6267,0.53,0.5043
F_median_3d_F8,gamma,norm3,Ensemble (Majority Vote),0.74,0.6343,0.5,0.5043
F_median_3d_F8,gamma,norm3,Linear SVM,0.5267,0.5019,0.51,0.5043
F_peak_3d_F3,theta,norm2,XGBoost,0.5933,0.5457,0.53,0.5043
F_mean_3d_F7,theta,norm3,Linear SVM,0.4933,0.5,0.52,0.5043
F_de_3d_Cz,beta,norm2,Linear SVM,0.52,0.4952,0.49,0.5043
F_mean_3d_F7,theta,norm2,Linear SVM,0.4933,0.5,0.52,0.5043
F_de_3d_Cz,beta,norm3,Linear SVM,0.52,0.4952,0.49,0.5043
F_de_3d_10rm,alpha,norm3,Logistic Regression,0.7467,0.6648,0.49,0.5043
F_peak_3d,theta,norm3,Random Forest,0.86,0.7838,0.49,0.5043
F_peak_3d,gamma,norm3,Logistic Regression,0.8,0.6971,0.51,0.5043
F_peak_3d_C3,delta,norm2,Linear SVM,0.4867,0.4914,0.53,0.5043
F_mean_3d_C3,all,None,KNN,0.9,0.7819,0.53,0.5043
F_de_3d_Cz,alpha,norm3,KNN,0.88,0.7305,0.49,0.5043
F_peak_3d_C3,delta,norm2,XGBoost,0.6,0.5657,0.49,0.5043
F_median_3d_F8,gamma,norm2,Ensemble (Majority Vote),0.74,0.6343,0.5,0.5043
F_peak_3d_F3,theta,norm3,Random Forest,0.66,0.5848,0.46,0.5043
F_de_3d_Cz,alpha,norm2,KNN,0.88,0.7305,0.49,0.5043
F_de_3d_10rm,alpha,norm2,KNN,0.8133,0.6924,0.55,0.5043
F_de_3d_Cz,gamma,None,XGBoost,0.6267,0.5943,0.5,0.5043
F_de_3d_T8,beta,norm2,Random Forest,0.6467,0.5943,0.49,0.5043
F_mean_3d_F3,alpha,norm2,Ensemble (Majority Vote),0.64,0.6238,0.52,0.5043
F_de_3d_8rm,delta,norm2,XGBoost,0.8733,0.7086,0.56,0.5043
F_de_3d_1area,gamma,None,Logistic Regression,0.5067,0.5419,0.5,0.5043
F_mean_3d_F3,alpha,norm3,Ensemble (Majority Vote),0.64,0.6238,0.52,0.5043
F_peak_3d_F4,all,norm2,Random Forest,0.9,0.7219,0.47,0.5043
F_median_3d_F8,beta,norm2,Ensemble (Majority Vote),0.66,0.6133,0.51,0.5043
F_peak_3d_F3,theta,norm3,XGBoost,0.5933,0.5457,0.53,0.5043
F_de_3d_T7,alpha,None,KNN,0.8867,0.7143,0.54,0.5043
F_median_3d_F8,beta,norm3,Ensemble (Majority Vote),0.66,0.6133,0.51,0.5043
F_mean_3d_F3,beta,None,Linear SVM,0.5333,0.5229,0.5,0.5043
F_peak_3d_8rm,gamma,None,Logistic Regression,0.66,0.6457,0.51,0.5043
F_mean_3d,delta,norm3,Random Forest,0.8867,0.7867,0.49,0.5043
F_de_3d_1area,delta,norm3,Ensemble (Majority Vote),0.7267,0.641,0.5,0.5043
F_de_3d_1area,delta,norm2,Ensemble (Majority Vote),0.7267,0.641,0.5,0.5043
F_peak_3d_C3,delta,norm3,Linear SVM,0.4867,0.4914,0.53,0.5043
F_peak_3d_C3,delta,norm3,XGBoost,0.6,0.5657,0.49,0.5043
F_median_3d_F8,all,None,XGBoost,0.8067,0.7467,0.52,0.5043
F_de_3d_T7,gamma,norm3,Linear SVM,0.5133,0.5143,0.5,0.5043
F_median_3d_Fz,theta,norm2,Ensemble (Majority Vote),0.68,0.62,0.5,0.5043
F_median_3d_Fz,theta,norm3,Ensemble (Majority Vote),0.68,0.62,0.5,0.5043
F_dasm_3d_10rm,delta,norm2,Random Forest,0.8867,0.6933,0.5,0.5043
F_dasm_3d_10rm,all,norm2,Linear SVM,0.52,0.5029,0.52,0.5043
F_peak_3d_Cz,all,norm3,Ensemble (Majority Vote),0.76,0.7067,0.51,0.5043
F_mean_3d,all,norm2,XGBoost,1.0,0.9495,0.51,0.5043
F_median_3d_T7,beta,None,Linear SVM,0.66,0.5838,0.51,0.5043
F_de_3d_T7,gamma,norm2,XGBoost,0.68,0.5752,0.54,0.5043
F_peak_3d_C4,gamma,None,Ensemble (Majority Vote),0.6933,0.6267,0.51,0.5043
F_de_3d_C4,alpha,None,Random Forest,0.72,0.6419,0.51,0.5043
F_de_3d_T7,gamma,norm2,Linear SVM,0.5133,0.5143,0.5,0.5043
F_peak_3d_Cz,all,None,Random Forest,0.7933,0.72,0.48,0.5043
F_mean_3d_F4,gamma,norm2,Random Forest,0.7267,0.6067,0.53,0.5043
F_de_3d_C4,alpha,norm3,Random Forest,0.6733,0.5848,0.51,0.5043
F_mean_3d_F4,gamma,norm3,Random Forest,0.7267,0.6067,0.53,0.5043
F_de_3d_C4,alpha,norm2,Random Forest,0.6733,0.5848,0.51,0.5043
F_mean_3d,all,norm2,Ensemble (Majority Vote),0.96,0.841,0.5,0.5043
F_rasm_3d,delta,norm2,Linear SVM,0.5267,0.5019,0.5,0.5043
F_mean_3d_F3,theta,norm2,XGBoost,0.52,0.5343,0.5,0.5043
F_median_3d_Fp2,theta,norm2,XGBoost,0.5867,0.5705,0.52,0.5043
F_mean_3d_F3,theta,norm3,XGBoost,0.52,0.5343,0.5,0.5043
F_median_3d_Fp2,all,None,Random Forest,0.7933,0.7305,0.46,0.5043
F_de_3d_10rm,beta,norm2,Linear SVM,0.4933,0.5038,0.5,0.5043
F_de_3d_10rm,gamma,None,Random Forest,0.84,0.779,0.46,0.5043
F_de_3d_10rm,gamma,norm2,Ensemble (Majority Vote),0.8667,0.7819,0.46,0.5043
F_median_3d_T8,theta,norm3,Random Forest,0.6867,0.5952,0.48,0.5043
F_peak_3d_Cz,theta,norm3,Random Forest,0.6333,0.5876,0.51,0.5043
F_peak_3d_Cz,theta,norm2,Random Forest,0.6333,0.5876,0.51,0.5043
F_de_3d_T7,gamma,norm3,XGBoost,0.68,0.5752,0.54,0.5043
F_median_3d_Fp2,theta,norm3,XGBoost,0.5867,0.5705,0.52,0.5043
F_mean_3d_C3,beta,norm2,KNN,0.8,0.6638,0.49,0.5043
F_median_3d_T8,theta,norm2,Random Forest,0.6867,0.5952,0.48,0.5043
F_median_3d_T8,delta,norm3,Linear SVM,0.48,0.4829,0.51,0.5043
F_median_3d_T8,delta,norm2,Linear SVM,0.48,0.4829,0.51,0.5043
F_mean_3d_C3,beta,norm3,KNN,0.8,0.6638,0.49,0.5043
F_dasm_3d_10rm,all,None,KNN,1.0,0.9467,0.49,0.5043
F_mean_3d_8rm,delta,norm3,Random Forest,0.86,0.7648,0.48,0.5043
F_de_3d_F3,theta,norm2,KNN,0.8733,0.6914,0.47,0.5043
F_mean_3d_F8,gamma,norm2,KNN,0.8667,0.68,0.46,0.5043
F_de_3d_2area,gamma,None,Logistic Regression,0.54,0.5438,0.49,0.5043
F_mean_3d_F8,delta,norm2,Linear SVM,0.4933,0.4971,0.51,0.5043
F_mean_3d_Cz,alpha,norm3,Linear SVM,0.5067,0.5067,0.5,0.5043
F_de_3d_F3,delta,norm3,KNN,0.8533,0.6962,0.56,0.5043
F_peak_3d_1area,beta,norm3,XGBoost,0.6467,0.5857,0.5,0.5043
F_de_3d_F3,delta,norm2,KNN,0.8533,0.6962,0.56,0.5043
F_peak_3d_2area,beta,norm2,Ensemble (Majority Vote),0.7267,0.6448,0.5,0.5043
F_rasm_3d_10rm,delta,norm3,KNN,0.8,0.7324,0.49,0.5043
F_de_3d_8rm,all,norm3,Random Forest,0.9467,0.8952,0.46,0.5043
F_de_3d_3area,beta,norm3,Ensemble (Majority Vote),0.74,0.661,0.53,0.5043
F_peak_3d_F4,theta,norm3,Random Forest,0.7,0.6,0.55,0.5043
F_peak_3d_F4,theta,norm2,Random Forest,0.7,0.6,0.55,0.5043
F_dasm_3d_10rm,beta,norm2,Linear SVM,0.5133,0.5143,0.51,0.5043
F_mean_3d_F8,delta,norm3,Linear SVM,0.4933,0.4971,0.51,0.5043
F_mean_3d_F8,gamma,norm3,KNN,0.8667,0.68,0.46,0.5043
F_mean_3d_Cz,beta,norm3,Linear SVM,0.5267,0.499,0.54,0.5043
F_peak_3d_10rm,beta,norm3,Linear SVM,0.7267,0.6952,0.48,0.5043
F_peak_3d_2area,alpha,None,XGBoost,0.7333,0.6429,0.49,0.5043
F_de_3d_2area,beta,norm3,XGBoost,0.66,0.6257,0.5,0.5043
F_de_3d_3area,alpha,None,XGBoost,0.7133,0.661,0.52,0.5043
F_peak_3d_1area,beta,norm2,XGBoost,0.6467,0.5857,0.5,0.5043
F_mean_3d_Cz,all,norm2,XGBoost,0.8,0.6648,0.49,0.5043
F_peak_3d_1area,alpha,norm2,Random Forest,0.6667,0.5962,0.55,0.5043
F_rasm_3d_8rm,all,norm3,Ensemble (Majority Vote),0.9,0.7676,0.54,0.5043
F_median_3d_F7,theta,norm3,Linear SVM,0.54,0.5133,0.55,0.5043
F_median_3d_F3,alpha,norm2,KNN,0.8467,0.7029,0.48,0.5043
F_peak_3d_8rm,beta,norm2,Ensemble (Majority Vote),0.82,0.7286,0.58,0.5043
F_median_3d_F3,alpha,norm3,KNN,0.8467,0.7029,0.48,0.5043
F_peak_3d_1area,alpha,norm3,Random Forest,0.6667,0.5962,0.55,0.5043
F_de_3d,theta,norm2,Ensemble (Majority Vote),0.8933,0.7552,0.57,0.5043
F_median_3d_F7,theta,norm2,Linear SVM,0.54,0.5133,0.55,0.5043
F_peak_3d_2area,gamma,norm3,Random Forest,0.7067,0.64,0.51,0.5043
F_peak_3d_F7,gamma,None,Ensemble (Majority Vote),0.6733,0.6314,0.47,0.5043
F_peak_3d_2area,all,norm3,Random Forest,0.8267,0.759,0.49,0.5043
F_de_3d_3area,gamma,norm2,KNN,0.9267,0.7105,0.5,0.5043
F_peak_3d_F8,all,norm2,Ensemble (Majority Vote),0.8,0.6981,0.54,0.5043
F_peak_3d_F7,theta,None,KNN,0.8667,0.7305,0.53,0.5043
F_mean_3d_Cz,beta,norm2,Linear SVM,0.5267,0.499,0.54,0.5043
F_de_3d_T8,beta,norm3,Random Forest,0.6467,0.5943,0.49,0.5043
F_de_3d_3area,gamma,norm2,Linear SVM,0.5533,0.52,0.5,0.5043
F_mean_3d_Cz,all,norm3,Logistic Regression,0.6267,0.5886,0.55,0.5043
F_mean_3d_Cz,alpha,norm2,Linear SVM,0.5067,0.5067,0.5,0.5043
F_dasm_3d19,theta,None,Ensemble (Majority Vote),0.8333,0.7667,0.525,0.5036
F_de_3d19,beta,norm2,Ensemble (Majority Vote),0.9417,0.7881,0.5625,0.5036
F_median_3d19,delta,norm3,KNN,0.95,0.8607,0.55,0.5036
F_mean_3d19,theta,norm2,Ensemble (Majority Vote),0.875,0.7762,0.4625,0.5036
F_rasm_3d19,beta,norm2,KNN,0.8917,0.6893,0.5375,0.5036
F_rasm_3d19,all,None,Linear SVM,0.725,0.656,0.5625,0.5036
F_de_3d19,theta,norm2,Linear SVM,0.5,0.5,0.4625,0.5036
F_mean_3d19,delta,None,XGBoost,0.925,0.8607,0.5,0.5036
F_rasm_3d19,gamma,norm2,XGBoost,0.9417,0.7988,0.5,0.5036
F_de_3d19,theta,norm2,Ensemble (Majority Vote),0.8917,0.7738,0.4875,0.5036
F_rasm_3d19,delta,norm2,Linear SVM,0.5167,0.5131,0.4875,0.5036
F_median_3d19,alpha,None,KNN,0.9833,0.9131,0.475,0.5036
F_median_3d19,gamma,norm2,Random Forest,1.0,0.8417,0.4875,0.5036
F_de_3d19,all,norm2,Linear SVM,0.5417,0.5143,0.55,0.5036
F_peak_3d19,all,norm2,Linear SVM,0.525,0.5143,0.525,0.5036
F_peak_3d19,gamma,norm2,KNN,0.775,0.656,0.5125,0.5036
F_mean_3d19,delta,None,KNN,1.0,0.8774,0.425,0.5036
F_rasm_3d_8rm,delta,norm2,KNN,0.8533,0.7048,0.46,0.5029
F_median_3d_T8,gamma,norm3,Random Forest,0.6667,0.5981,0.49,0.5029
F_median_3d_1area,alpha,norm3,XGBoost,0.56,0.5438,0.52,0.5029
F_peak_3d_C3,theta,norm3,Random Forest,0.6867,0.6105,0.54,0.5029
F_peak_3d_1area,delta,norm3,XGBoost,0.68,0.601,0.47,0.5029
F_peak_3d_C3,theta,norm3,XGBoost,0.6667,0.581,0.55,0.5029
F_mean_3d_T7,beta,None,Logistic Regression,0.6333,0.58,0.5,0.5029
F_de_3d_3area,alpha,norm3,XGBoost,0.76,0.6476,0.49,0.5029
F_median_3d_T8,gamma,norm2,Random Forest,0.6667,0.5981,0.49,0.5029
F_de_3d_C3,theta,norm2,XGBoost,0.5933,0.5657,0.48,0.5029
F_mean_3d_T8,theta,None,KNN,0.8,0.7057,0.5,0.5029
F_peak_3d_1area,delta,norm2,XGBoost,0.68,0.601,0.47,0.5029
F_peak_3d_8rm,beta,norm2,Linear SVM,0.5133,0.4981,0.52,0.5029
F_de_3d_C3,theta,norm3,XGBoost,0.5933,0.5657,0.48,0.5029
F_peak_3d_C4,beta,None,Linear SVM,0.5933,0.5571,0.48,0.5029
F_mean_3d_2area,beta,norm2,XGBoost,0.64,0.5857,0.48,0.5029
F_median_3d_T8,all,norm3,Ensemble (Majority Vote),0.8067,0.7295,0.46,0.5029
F_de_3d_2area,theta,norm2,KNN,0.8,0.6829,0.5,0.5029
F_median_3d_2area,alpha,None,XGBoost,0.7,0.639,0.5,0.5029
F_mean_3d_F4,delta,norm3,KNN,0.88,0.6857,0.56,0.5029
F_mean_3d_2area,beta,None,Logistic Regression,0.5333,0.5314,0.52,0.5029
F_de_3d_Fp1,gamma,None,Linear SVM,0.5533,0.5457,0.51,0.5029
F_dasm_3d,theta,norm2,Random Forest,0.8933,0.7343,0.58,0.5029
F_mean_3d_F4,delta,norm2,KNN,0.88,0.6857,0.56,0.5029
F_median_3d,beta,norm2,Random Forest,0.9733,0.7876,0.54,0.5029
F_peak_3d_C4,beta,None,XGBoost,0.6467,0.6048,0.53,0.5029
F_median_3d_1area,alpha,norm2,XGBoost,0.56,0.5438,0.52,0.5029
F_dasm_3d,all,norm2,Random Forest,1.0,0.8876,0.54,0.5029
F_peak_3d_Fz,gamma,None,XGBoost,0.6467,0.6038,0.5,0.5029
F_median_3d_1area,gamma,None,KNN,0.8267,0.7076,0.51,0.5029
F_median_3d_1area,delta,norm3,XGBoost,0.6333,0.5781,0.5,0.5029
F_de_3d_C4,all,None,XGBoost,0.8,0.7286,0.54,0.5029
F_median_3d_1area,delta,norm2,XGBoost,0.6333,0.5781,0.5,0.5029
F_median_3d_1area,delta,None,Logistic Regression,0.5867,0.5467,0.53,0.5029
F_median_3d_1area,alpha,norm3,Linear SVM,0.5133,0.5,0.55,0.5029
F_peak_3d_C3,gamma,norm3,Linear SVM,0.5333,0.5038,0.49,0.5029
F_peak_3d_C3,theta,norm2,XGBoost,0.6667,0.581,0.55,0.5029
F_peak_3d_C3,beta,None,Random Forest,0.7067,0.6286,0.48,0.5029
F_peak_3d_10rm,beta,norm3,Logistic Regression,0.72,0.6924,0.48,0.5029
F_peak_3d_C3,beta,None,KNN,0.8667,0.7124,0.48,0.5029
F_median_3d_10rm,alpha,norm3,Ensemble (Majority Vote),0.8533,0.781,0.46,0.5029
F_peak_3d_10rm,beta,norm2,Random Forest,0.98,0.7886,0.5,0.5029
F_dasm_3d_10rm,all,norm2,Ensemble (Majority Vote),0.9267,0.8086,0.52,0.5029
F_de_3d_Fp1,alpha,norm2,Ensemble (Majority Vote),0.68,0.62,0.5,0.5029
F_de_3d_T8,alpha,norm3,Ensemble (Majority Vote),0.6933,0.6124,0.46,0.5029
F_de_3d_C3,all,None,Logistic Regression,0.7,0.6324,0.48,0.5029
F_peak_3d_8rm,alpha,norm2,Random Forest,0.9733,0.7838,0.54,0.5029
F_de_3d_8rm,theta,norm2,Linear SVM,0.4533,0.4857,0.52,0.5029
F_peak_3d_8rm,alpha,norm3,Linear SVM,0.6467,0.6419,0.49,0.5029
F_de_3d_8rm,gamma,norm2,Ensemble (Majority Vote),0.8933,0.7419,0.47,0.5029
F_de_3d_Fp2,all,norm3,Logistic Regression,0.62,0.6105,0.5,0.5029
F_dasm_3d_3area,beta,None,Linear SVM,0.56,0.5333,0.56,0.5029
F_peak_3d_10rm,alpha,norm2,Linear SVM,0.5267,0.5095,0.51,0.5029
F_mean_3d_C4,delta,norm2,Random Forest,0.72,0.6152,0.52,0.5029
F_de_3d_8rm,alpha,norm2,KNN,0.8667,0.6943,0.57,0.5029
F_peak_3d_10rm,all,None,XGBoost,1.0,0.9724,0.48,0.5029
F_de_3d_F8,theta,norm2,Linear SVM,0.5,0.4886,0.5,0.5029
F_peak_3d_T8,all,norm2,KNN,0.8733,0.699,0.5,0.5029
F_de_3d_F8,theta,norm3,Linear SVM,0.5,0.4886,0.5,0.5029
F_peak_3d_8rm,delta,norm2,Ensemble (Majority Vote),0.8867,0.7324,0.49,0.5029
F_de_3d_Fp2,all,norm2,KNN,0.8333,0.6924,0.51,0.5029
F_de_3d_Fp1,all,None,XGBoost,0.8533,0.7629,0.51,0.5029
F_de_3d_T8,gamma,norm3,Linear SVM,0.54,0.4971,0.5,0.5029
F_mean_3d_10rm,theta,norm2,Random Forest,0.9267,0.7638,0.43,0.5029
F_mean_3d_C4,delta,norm3,Random Forest,0.72,0.6152,0.52,0.5029
F_de_3d_Fp1,alpha,norm3,Ensemble (Majority Vote),0.68,0.62,0.5,0.5029
F_de_3d_3area,theta,None,Ensemble (Majority Vote),0.76,0.6829,0.51,0.5029
F_median_3d_1area,alpha,norm2,Linear SVM,0.5133,0.5,0.55,0.5029
F_mean_3d_T7,theta,None,XGBoost,0.62,0.599,0.5,0.5029
F_peak_3d_C3,theta,norm2,Random Forest,0.6867,0.6105,0.54,0.5029
F_median_3d_1area,alpha,None,KNN,0.7933,0.7038,0.5,0.5029
F_median_3d,all,norm2,Random Forest,1.0,0.8943,0.48,0.5029
F_peak_3d_C3,theta,None,KNN,0.8333,0.6943,0.49,0.5029
F_de_3d_C3,delta,norm3,Linear SVM,0.48,0.5076,0.51,0.5029
F_de_3d_C3,delta,norm3,KNN,0.8667,0.7029,0.49,0.5029
F_de_3d_3area,delta,norm2,Ensemble (Majority Vote),0.7867,0.6619,0.53,0.5029
F_de_3d_C3,delta,norm2,Linear SVM,0.48,0.5076,0.51,0.5029
F_median_3d_10rm,theta,norm2,Ensemble (Majority Vote),0.88,0.7438,0.5,0.5029
F_mean_3d_F4,all,None,KNN,0.92,0.7933,0.5,0.5029
F_de_3d_C3,delta,norm2,KNN,0.8667,0.7029,0.49,0.5029
F_peak_3d,beta,norm2,KNN,0.8333,0.6762,0.48,0.5029
F_median_3d_10rm,gamma,norm2,Linear SVM,0.52,0.5143,0.51,0.5029
F_peak_3d_C3,gamma,norm2,Linear SVM,0.5333,0.5038,0.49,0.5029
F_de_3d_F8,delta,norm2,Ensemble (Majority Vote),0.7,0.6152,0.49,0.5029
F_de_3d_T8,gamma,norm2,Linear SVM,0.54,0.4971,0.5,0.5029
F_peak_3d_T7,beta,norm2,Ensemble (Majority Vote),0.6533,0.6057,0.5,0.5029
F_peak_3d_T7,beta,norm2,Linear SVM,0.5,0.4981,0.5,0.5029
F_dasm_3d_10rm,all,norm3,XGBoost,0.9933,0.9324,0.53,0.5029
F_peak_3d_T7,beta,norm3,Ensemble (Majority Vote),0.6533,0.6057,0.5,0.5029
F_peak_3d_T7,beta,norm3,Linear SVM,0.5,0.4981,0.5,0.5029
F_peak_3d,delta,norm3,Ensemble (Majority Vote),0.8667,0.8019,0.56,0.5029
F_de_3d_F8,delta,norm3,Ensemble (Majority Vote),0.7,0.6152,0.49,0.5029
F_peak_3d_T8,beta,None,Random Forest,0.74,0.6295,0.56,0.5029
F_mean_3d_C4,beta,None,Ensemble (Majority Vote),0.7067,0.6286,0.5,0.5029
F_de_3d_T8,alpha,norm2,Ensemble (Majority Vote),0.6933,0.6124,0.46,0.5029
F_dasm_3d_3area,alpha,None,Logistic Regression,0.5333,0.5352,0.49,0.5029
F_peak_3d_T7,theta,None,Logistic Regression,0.5933,0.559,0.47,0.5029
F_median_3d_F4,beta,None,Linear SVM,0.6067,0.5857,0.5,0.5029
F_mean_3d_Fp2,all,norm2,Linear SVM,0.54,0.5086,0.52,0.5029
F_mean_3d_F7,delta,None,Ensemble (Majority Vote),0.6867,0.6286,0.48,0.5029
F_median_3d_T7,theta,None,Ensemble (Majority Vote),0.7133,0.6429,0.5,0.5029
F_median_3d_3area,theta,None,Random Forest,0.7533,0.6762,0.49,0.5029
F_mean_3d_Fp2,all,norm2,Ensemble (Majority Vote),0.78,0.6743,0.51,0.5029
F_mean_3d_3area,all,norm2,Random Forest,0.92,0.7981,0.55,0.5029
F_peak_3d_F3,beta,norm3,Ensemble (Majority Vote),0.6267,0.581,0.54,0.5029
F_de_3d_Fp2,theta,None,Ensemble (Majority Vote),0.6733,0.6219,0.49,0.5029
F_peak_3d_F3,beta,norm2,Ensemble (Majority Vote),0.6267,0.581,0.54,0.5029
F_peak_3d_F3,alpha,norm3,KNN,0.8667,0.68,0.5,0.5029
F_peak_3d_Fp2,gamma,norm2,KNN,0.8267,0.6924,0.53,0.5029
F_rasm_3d_3area,alpha,norm2,KNN,0.84,0.6914,0.49,0.5029
F_median_3d_3area,gamma,None,KNN,0.8733,0.7676,0.47,0.5029
F_median_3d_F8,delta,None,Random Forest,0.6867,0.6476,0.52,0.5029
F_peak_3d_F3,alpha,norm2,KNN,0.8667,0.68,0.5,0.5029
F_mean_3d_Fp2,gamma,None,XGBoost,0.6333,0.6038,0.5,0.5029
F_peak_3d_Fp1,gamma,norm2,Ensemble (Majority Vote),0.6333,0.5971,0.53,0.5029
F_peak_3d_Fp2,gamma,norm3,KNN,0.8267,0.6924,0.53,0.5029
F_de_3d_Cz,delta,norm2,Linear SVM,0.4867,0.499,0.52,0.5029
F_median_3d_C4,all,None,KNN,0.88,0.7676,0.5,0.5029
F_median_3d_C3,beta,None,KNN,0.88,0.7095,0.5,0.5029
F_peak_3d_F3,all,None,Random Forest,0.8,0.74,0.5,0.5029
F_rasm_3d_10rm,all,norm2,Ensemble (Majority Vote),0.9533,0.819,0.48,0.5029
F_peak_3d_F3,gamma,norm3,XGBoost,0.6333,0.5819,0.52,0.5029
F_mean_3d_F8,gamma,norm3,Random Forest,0.74,0.6152,0.49,0.5029
F_de_3d_F4,delta,norm2,KNN,0.8,0.6714,0.49,0.5029
F_median_3d_Fp2,all,norm2,Ensemble (Majority Vote),0.7667,0.681,0.5,0.5029
F_peak_3d_F3,delta,norm2,Linear SVM,0.4867,0.4933,0.51,0.5029
F_median_3d_F7,delta,None,XGBoost,0.6333,0.5867,0.46,0.5029
F_rasm_3d_3area,all,None,XGBoost,0.88,0.7314,0.47,0.5029
F_mean_3d_Fp2,theta,norm2,KNN,0.88,0.7162,0.54,0.5029
F_dasm_3d_10rm,gamma,norm3,Random Forest,0.7267,0.6971,0.53,0.5029
F_mean_3d_Fp2,theta,norm3,KNN,0.88,0.7162,0.54,0.5029
F_peak_3d_Fp1,all,norm3,Logistic Regression,0.64,0.6333,0.48,0.5029
F_rasm_3d_10rm,theta,None,Ensemble (Majority Vote),0.82,0.6876,0.54,0.5029
F_median_3d_8rm,beta,norm3,KNN,0.92,0.8286,0.49,0.5029
F_median_3d_C4,beta,None,Logistic Regression,0.5667,0.5476,0.48,0.5029
F_peak_3d_F3,gamma,norm3,Ensemble (Majority Vote),0.72,0.639,0.51,0.5029
F_peak_3d_F3,gamma,norm2,XGBoost,0.6333,0.5819,0.52,0.5029
F_rasm_3d_3area,theta,norm2,Random Forest,0.64,0.5971,0.46,0.5029
F_peak_3d_Fp1,gamma,norm3,Ensemble (Majority Vote),0.6333,0.5971,0.53,0.5029
F_median_3d_8rm,beta,norm2,Ensemble (Majority Vote),0.8867,0.7314,0.5,0.5029
F_mean_3d_2area,theta,norm2,Linear SVM,0.48,0.4943,0.46,0.5029
F_mean_3d_C3,all,norm2,Ensemble (Majority Vote),0.78,0.6743,0.45,0.5029
F_peak_3d_F3,gamma,norm2,Ensemble (Majority Vote),0.72,0.639,0.51,0.5029
F_peak_3d_F3,gamma,None,Linear SVM,0.54,0.5286,0.49,0.5029
F_rasm_3d,alpha,norm3,XGBoost,0.82,0.7495,0.5,0.5029
F_peak_3d_F3,delta,norm3,Linear SVM,0.4867,0.4933,0.51,0.5029
F_mean_3d_F8,gamma,norm2,Random Forest,0.74,0.6152,0.49,0.5029
F_de_3d_F7,beta,norm2,XGBoost,0.5733,0.5486,0.47,0.5029
F_median_3d_3area,beta,norm3,Random Forest,0.7467,0.6829,0.48,0.5029
F_de_3d_F4,delta,norm2,Ensemble (Majority Vote),0.68,0.6029,0.48,0.5029
F_median_3d_Cz,beta,norm2,XGBoost,0.56,0.5552,0.55,0.5029
F_de_3d,all,norm2,Random Forest,0.98,0.8848,0.47,0.5029
F_de_3d_T7,delta,norm2,XGBoost,0.6133,0.5743,0.49,0.5029
F_de_3d_Fp2,gamma,None,KNN,0.8267,0.6848,0.48,0.5029
F_median_3d_T7,alpha,norm2,Random Forest,0.7,0.5867,0.5,0.5029
F_median_3d_T7,alpha,norm3,Random Forest,0.7,0.5867,0.5,0.5029
F_mean_3d_3area,gamma,None,Ensemble (Majority Vote),0.7667,0.6971,0.54,0.5029
F_median_3d_Cz,beta,None,KNN,0.8333,0.6848,0.49,0.5029
F_mean_3d_2area,delta,norm2,Ensemble (Majority Vote),0.6867,0.64,0.5,0.5029
F_median_3d_Cz,beta,None,Logistic Regression,0.48,0.5286,0.47,0.5029
F_de_3d_Cz,delta,norm3,Linear SVM,0.4867,0.499,0.52,0.5029
F_mean_3d,all,norm3,Linear SVM,1.0,0.9657,0.46,0.5029
F_median_3d_F8,beta,None,Ensemble (Majority Vote),0.6733,0.6162,0.5,0.5029
F_mean_3d_Fz,gamma,norm2,KNN,0.8333,0.6886,0.51,0.5029
F_rasm_3d_8rm,all,None,Linear SVM,0.6133,0.5543,0.51,0.5029
F_median_3d_Cz,beta,norm3,XGBoost,0.56,0.5552,0.55,0.5029
F_median_3d_T7,delta,norm2,KNN,0.8333,0.6733,0.5,0.5029
F_median_3d_T7,delta,norm3,KNN,0.8333,0.6733,0.5,0.5029
F_de_3d,gamma,norm3,XGBoost,0.9733,0.8571,0.5,0.5029
F_de_3d_T7,delta,norm3,XGBoost,0.6133,0.5743,0.49,0.5029
F_mean_3d_Fz,gamma,norm3,KNN,0.8333,0.6886,0.51,0.5029
F_rasm_3d_3area,alpha,norm3,KNN,0.84,0.6914,0.49,0.5029
F_rasm_3d_3area,theta,norm3,Random Forest,0.64,0.5971,0.46,0.5029
F_mean_3d_F8,beta,norm3,KNN,0.8333,0.6838,0.48,0.5029
F_mean_3d,theta,None,Linear SVM,0.7667,0.7076,0.46,0.5029
F_peak_3d_Cz,beta,None,KNN,0.8667,0.7267,0.48,0.5029
F_mean_3d_F8,beta,norm2,KNN,0.8333,0.6838,0.48,0.5029
F_mean_3d_8rm,all,norm3,Linear SVM,0.9733,0.8743,0.46,0.5029
F_median_3d_F4,alpha,norm2,Linear SVM,0.5067,0.499,0.53,0.5029
F_mean_3d,gamma,None,Random Forest,0.8667,0.7857,0.5,0.5029
F_mean_3d,alpha,norm3,KNN,0.9467,0.8514,0.48,0.5029
F_mean_3d_8rm,gamma,None,Ensemble (Majority Vote),0.8733,0.7867,0.53,0.5029
F_mean_3d_3area,delta,norm3,KNN,0.8667,0.7429,0.46,0.5029
F_de_3d_F7,beta,norm3,XGBoost,0.5733,0.5486,0.47,0.5029
F_dasm_3d_8rm,theta,norm2,Random Forest,0.8867,0.701,0.52,0.5029
F_median_3d_F4,alpha,norm3,Linear SVM,0.5067,0.499,0.53,0.5029
F_de_3d_F4,delta,norm3,KNN,0.8,0.6714,0.49,0.5029
F_de_3d_F4,delta,norm3,Ensemble (Majority Vote),0.68,0.6029,0.48,0.5029
F_rasm_3d_8rm,theta,None,Logistic Regression,0.5133,0.5295,0.53,0.5029
F_median_3d_Cz,all,norm2,Random Forest,0.8667,0.7114,0.52,0.5029
F_median_3d_Fz,all,norm2,Ensemble (Majority Vote),0.8067,0.6952,0.5,0.5029
F_mean_3d_8rm,gamma,norm2,Random Forest,0.9333,0.7724,0.49,0.5029
F_de_3d_Fz,gamma,None,XGBoost,0.68,0.6267,0.48,0.5029
F_mean_3d19,delta,norm2,Linear SVM,0.5167,0.5036,0.4875,0.5018
F_rasm_3d19,delta,None,Random Forest,0.8417,0.7667,0.5125,0.5018
F_median_3d19,theta,None,Logistic Regression,0.775,0.744,0.4875,0.5018
F_median_3d19,alpha,norm2,Linear SVM,0.4667,0.4964,0.5375,0.5018
F_median_3d19,beta,None,Ensemble (Majority Vote),0.9417,0.8643,0.5,0.5018
F_peak_3d19,all,norm3,Random Forest,0.975,0.9381,0.5125,0.5018
F_median_3d19,beta,norm3,Linear SVM,0.7917,0.7464,0.4625,0.5018
F_rasm_3d19,delta,None,Logistic Regression,0.625,0.5345,0.4875,0.5018
F_peak_3d19,alpha,norm2,Linear SVM,0.525,0.5048,0.4625,0.5018
F_median_3d19,gamma,norm2,KNN,0.7917,0.6655,0.525,0.5018
F_peak_3d19,delta,norm2,Random Forest,0.925,0.7786,0.55,0.5018
F_rasm_3d19,theta,None,Ensemble (Majority Vote),0.9167,0.7536,0.4875,0.5018
F_dasm_3d19,beta,norm2,Ensemble (Majority Vote),0.8,0.7083,0.525,0.5018
F_rasm_3d19,delta,norm3,XGBoost,0.9083,0.8345,0.5,0.5018
F_de_3d19,theta,None,Linear SVM,0.8083,0.7607,0.4875,0.5018
F_de_3d19,delta,norm3,Ensemble (Majority Vote),0.9333,0.8786,0.525,0.5018
F_mean_3d19,all,norm2,XGBoost,0.9917,0.9679,0.525,0.5018
F_de_3d19,beta,norm2,Linear SVM,0.525,0.5036,0.4875,0.5018
F_de_3d19,all,norm3,KNN,1.0,0.9583,0.4875,0.5018
F_de_3d19,gamma,norm2,Linear SVM,0.5333,0.5,0.55,0.5018
F_rasm_3d19,gamma,norm3,KNN,0.8417,0.7452,0.5375,0.5018
F_median_3d19,all,norm2,KNN,0.75,0.6893,0.5,0.5018
F_peak_3d_F8,beta,norm2,Random Forest,0.7333,0.599,0.53,0.5014
F_de_3d_Fp1,delta,norm3,XGBoost,0.6467,0.5924,0.45,0.5014
F_peak_3d_F7,beta,None,Logistic Regression,0.62,0.5848,0.53,0.5014
F_peak_3d_3area,alpha,norm2,Linear SVM,0.48,0.5019,0.49,0.5014
F_median_3d_F4,beta,None,Logistic Regression,0.6133,0.5876,0.51,0.5014
F_de_3d_Fp1,gamma,None,Logistic Regression,0.5533,0.5429,0.5,0.5014
F_median_3d_C3,theta,norm3,Random Forest,0.7333,0.601,0.5,0.5014
F_median_3d_C3,theta,norm2,Random Forest,0.7333,0.601,0.5,0.5014
F_de_3d_F3,beta,norm2,Linear SVM,0.52,0.5095,0.53,0.5014
F_peak_3d_F8,beta,norm3,Random Forest,0.7333,0.599,0.53,0.5014
F_de_3d_Fp1,delta,norm2,XGBoost,0.6467,0.5924,0.45,0.5014
F_peak_3d_T8,delta,None,Random Forest,0.68,0.6238,0.43,0.5014
F_de_3d,alpha,None,XGBoost,0.9,0.8362,0.51,0.5014
F_dasm_3d_10rm,theta,norm2,Random Forest,0.8667,0.7095,0.5,0.5014
F_de_3d_3area,all,norm3,Random Forest,0.88,0.8086,0.48,0.5014
F_peak_3d_T8,alpha,norm2,Ensemble (Majority Vote),0.7267,0.6171,0.48,0.5014
F_rasm_3d_10rm,delta,norm3,Ensemble (Majority Vote),0.78,0.72,0.47,0.5014
F_peak_3d_T8,beta,norm3,KNN,0.8867,0.7057,0.5,0.5014
F_rasm_3d,beta,norm2,Linear SVM,0.5267,0.4971,0.51,0.5014
F_de_3d_Fp1,delta,None,Logistic Regression,0.6,0.5762,0.51,0.5014
F_median_3d_F7,gamma,None,Logistic Regression,0.54,0.5305,0.53,0.5014
F_median_3d_F7,gamma,None,Linear SVM,0.54,0.5314,0.53,0.5014
F_peak_3d_3area,theta,norm2,XGBoost,0.7333,0.6124,0.53,0.5014
F_dasm_3d_10rm,delta,None,XGBoost,0.8133,0.7238,0.52,0.5014
F_peak_3d_T8,alpha,norm3,Ensemble (Majority Vote),0.7267,0.6171,0.48,0.5014
F_peak_3d_10rm,delta,norm2,Ensemble (Majority Vote),0.84,0.7267,0.47,0.5014
F_peak_3d_10rm,alpha,norm3,Ensemble (Majority Vote),0.86,0.7771,0.52,0.5014
F_peak_3d_10rm,delta,norm3,Random Forest,0.86,0.78,0.51,0.5014
F_peak_3d_3area,delta,norm3,Ensemble (Majority Vote),0.76,0.6905,0.49,0.5014
F_peak_3d_T8,beta,norm2,KNN,0.8867,0.7057,0.5,0.5014
F_de_3d_Fp1,delta,None,Linear SVM,0.6,0.5762,0.51,0.5014
F_median_3d_C4,alpha,None,Logistic Regression,0.5733,0.5657,0.48,0.5014
F_de_3d_2area,beta,None,Random Forest,0.7467,0.66,0.49,0.5014
F_median_3d_F4,gamma,norm3,Linear SVM,0.5133,0.5124,0.52,0.5014
F_peak_3d_10rm,all,norm2,KNN,0.7733,0.6762,0.5,0.5014
F_peak_3d_F4,beta,norm3,Linear SVM,0.4733,0.5067,0.53,0.5014
F_median_3d_F4,gamma,norm2,Linear SVM,0.5133,0.5124,0.52,0.5014
F_peak_3d_F4,beta,norm2,Linear SVM,0.4733,0.5067,0.53,0.5014
F_median_3d_F4,delta,norm3,Ensemble (Majority Vote),0.7267,0.6333,0.55,0.5014
F_median_3d_F4,delta,norm2,Ensemble (Majority Vote),0.7267,0.6333,0.55,0.5014
F_median_3d_10rm,alpha,norm2,Linear SVM,0.5133,0.5124,0.51,0.5014
F_de_3d_Cz,delta,norm3,Ensemble (Majority Vote),0.7,0.6152,0.5,0.5014
F_peak_3d_Fp2,theta,norm3,Random Forest,0.6733,0.599,0.5,0.5014
F_peak_3d_Fz,gamma,norm2,XGBoost,0.6267,0.559,0.46,0.5014
F_peak_3d_Cz,delta,norm2,KNN,0.78,0.6714,0.5,0.5014
F_peak_3d_Cz,delta,norm3,KNN,0.78,0.6714,0.5,0.5014
F_de_3d_C4,theta,None,KNN,0.8467,0.6933,0.45,0.5014
F_peak_3d_Cz,gamma,norm2,KNN,0.8667,0.6838,0.46,0.5014
F_peak_3d_Cz,gamma,norm3,KNN,0.8667,0.6838,0.46,0.5014
F_peak_3d_Fz,gamma,norm3,XGBoost,0.6267,0.559,0.46,0.5014
F_rasm_3d_10rm,all,None,Logistic Regression,0.6533,0.5876,0.56,0.5014
F_peak_3d_Fp2,theta,norm2,Random Forest,0.6733,0.599,0.5,0.5014
F_peak_3d_Fp2,theta,norm2,Ensemble (Majority Vote),0.6867,0.6105,0.49,0.5014
F_dasm_3d_10rm,all,norm3,Random Forest,0.9267,0.8638,0.52,0.5014
F_de_3d_1area,all,norm3,Random Forest,0.8267,0.7219,0.49,0.5014
F_peak_3d_F3,alpha,None,KNN,0.82,0.6829,0.47,0.5014
F_dasm_3d_3area,gamma,norm3,Random Forest,0.6667,0.5933,0.53,0.5014
F_rasm_3d,delta,None,KNN,0.86,0.72,0.52,0.5014
F_dasm_3d_3area,all,norm2,Ensemble (Majority Vote),0.8,0.68,0.51,0.5014
F_peak_3d,alpha,norm2,Linear SVM,0.48,0.4962,0.46,0.5014
F_peak_3d_Fp2,theta,norm3,Ensemble (Majority Vote),0.6867,0.6105,0.49,0.5014
F_median_3d_Fz,beta,norm2,KNN,0.84,0.6895,0.54,0.5014
F_de_3d_10rm,all,norm2,KNN,0.72,0.68,0.51,0.5014
F_median_3d_Fz,beta,norm3,KNN,0.84,0.6895,0.54,0.5014
F_median_3d_2area,delta,norm2,KNN,0.8267,0.6952,0.51,0.5014
F_dasm_3d_8rm,all,norm2,Linear SVM,0.4933,0.4971,0.5,0.5014
F_median_3d_2area,alpha,norm2,Random Forest,0.78,0.6486,0.48,0.5014
F_median_3d_2area,gamma,norm2,Linear SVM,0.5133,0.4962,0.49,0.5014
F_dasm_3d_3area,theta,norm3,XGBoost,0.6133,0.5762,0.51,0.5014
F_dasm_3d_8rm,alpha,None,XGBoost,0.7733,0.6933,0.51,0.5014
F_median_3d_2area,alpha,None,KNN,0.8867,0.7352,0.46,0.5014
F_peak_3d_Fz,delta,norm2,Ensemble (Majority Vote),0.66,0.6067,0.5,0.5014
F_median_3d_2area,all,norm3,KNN,0.96,0.8476,0.51,0.5014
F_median_3d_Fz,gamma,norm3,Linear SVM,0.5067,0.5095,0.52,0.5014
F_median_3d_Fz,gamma,norm2,Linear SVM,0.5067,0.5095,0.52,0.5014
F_median_3d_1area,gamma,norm3,Random Forest,0.7133,0.6086,0.52,0.5014
F_median_3d_T8,alpha,norm2,XGBoost,0.5867,0.5562,0.52,0.5014
F_dasm_3d_3area,theta,norm2,XGBoost,0.6133,0.5762,0.51,0.5014
F_median_3d_1area,gamma,norm2,Random Forest,0.7133,0.6086,0.52,0.5014
F_median_3d_T8,alpha,norm3,XGBoost,0.5867,0.5562,0.52,0.5014
F_peak_3d_Fz,delta,norm3,Ensemble (Majority Vote),0.66,0.6067,0.5,0.5014
F_dasm_3d_3area,gamma,norm2,Random Forest,0.6667,0.5933,0.53,0.5014
F_median_3d_1area,all,None,KNN,0.9133,0.8019,0.52,0.5014
F_de_3d_Cz,all,norm2,Linear SVM,0.4667,0.499,0.5,0.5014
F_de_3d_10rm,alpha,norm3,Random Forest,0.7867,0.759,0.49,0.5014
F_peak_3d_Fp1,gamma,norm3,Random Forest,0.64,0.5895,0.56,0.5014
F_de_3d_10rm,alpha,norm3,Ensemble (Majority Vote),0.8333,0.7686,0.47,0.5014
F_peak_3d_T7,gamma,norm3,KNN,0.8133,0.6724,0.51,0.5014
F_peak_3d_Fp1,gamma,norm2,Random Forest,0.64,0.5895,0.56,0.5014
F_peak_3d_T7,theta,None,Linear SVM,0.6,0.561,0.47,0.5014
F_dasm_3d_3area,beta,norm2,Ensemble (Majority Vote),0.6067,0.601,0.46,0.5014
F_peak_3d_C3,alpha,None,Logistic Regression,0.5667,0.5514,0.48,0.5014
F_median_3d_10rm,all,norm3,Ensemble (Majority Vote),0.9867,0.9581,0.5,0.5014
F_de_3d_Cz,delta,norm2,Ensemble (Majority Vote),0.7,0.6152,0.5,0.5014
F_mean_3d_1area,all,norm3,Ensemble (Majority Vote),0.8267,0.7533,0.49,0.5014
F_median_3d_C3,beta,norm2,Linear SVM,0.54,0.5067,0.51,0.5014
F_peak_3d_T7,theta,norm2,XGBoost,0.6,0.5562,0.47,0.5014
F_median_3d_C3,beta,norm3,Linear SVM,0.54,0.5067,0.51,0.5014
F_de_3d_10rm,alpha,norm2,Linear SVM,0.4933,0.499,0.5,0.5014
F_de_3d_F8,theta,norm2,Ensemble (Majority Vote),0.68,0.639,0.52,0.5014
F_peak_3d_T7,theta,norm3,XGBoost,0.6,0.5562,0.47,0.5014
F_de_3d_F8,theta,norm3,Ensemble (Majority Vote),0.68,0.639,0.52,0.5014
F_peak_3d_T7,gamma,norm2,KNN,0.8133,0.6724,0.51,0.5014
F_median_3d_8rm,theta,norm2,XGBoost,0.9067,0.7295,0.51,0.5014
F_rasm_3d_10rm,alpha,norm3,Logistic Regression,0.5467,0.5562,0.49,0.5014
F_median_3d_Fp1,beta,None,Logistic Regression,0.5133,0.5229,0.45,0.5014
F_peak_3d_T7,all,norm2,Linear SVM,0.54,0.5029,0.44,0.5014
F_median_3d_8rm,all,None,Ensemble (Majority Vote),0.98,0.9324,0.51,0.5014
F_de_3d_F7,alpha,None,KNN,0.8133,0.6876,0.47,0.5014
F_de_3d_F7,all,norm3,Linear SVM,0.68,0.62,0.49,0.5014
F_peak_3d_T8,theta,norm2,Linear SVM,0.48,0.4905,0.48,0.5014
F_de_3d_C3,beta,norm3,XGBoost,0.5067,0.5286,0.51,0.5014
F_de_3d_C3,beta,norm2,XGBoost,0.5067,0.5286,0.51,0.5014
F_median_3d_Fp1,beta,None,Linear SVM,0.5,0.52,0.44,0.5014
F_peak_3d,theta,norm2,Random Forest,0.9333,0.7543,0.55,0.5014
F_de_3d_F8,delta,norm2,Random Forest,0.7133,0.599,0.53,0.5014
F_median_3d_8rm,delta,norm3,Ensemble (Majority Vote),0.8733,0.7829,0.46,0.5014
F_median_3d_8rm,delta,norm3,Logistic Regression,0.6933,0.6467,0.5,0.5014
F_dasm_3d_3area,beta,norm3,Ensemble (Majority Vote),0.6067,0.601,0.46,0.5014
F_peak_3d,theta,norm2,Linear SVM,0.4733,0.4867,0.48,0.5014
F_peak_3d_F3,theta,None,KNN,0.8467,0.7019,0.51,0.5014
F_de_3d_F8,delta,norm3,Random Forest,0.7133,0.599,0.53,0.5014
F_peak_3d_T8,theta,norm3,Linear SVM,0.48,0.4905,0.48,0.5014
F_de_3d_F3,beta,norm3,Linear SVM,0.52,0.5095,0.53,0.5014
F_mean_3d_T7,beta,None,Linear SVM,0.64,0.5829,0.5,0.5014
F_mean_3d_Fz,theta,norm2,XGBoost,0.5933,0.5467,0.5,0.5014
F_mean_3d_8rm,theta,norm2,KNN,0.86,0.6819,0.51,0.5014
F_mean_3d_T8,gamma,norm3,Linear SVM,0.5133,0.501,0.48,0.5014
F_mean_3d_Fp1,theta,norm3,Random Forest,0.72,0.6238,0.5,0.5014
F_mean_3d_Fp2,theta,None,KNN,0.82,0.701,0.48,0.5014
F_rasm_3d_8rm,alpha,norm2,Linear SVM,0.48,0.4943,0.5,0.5014
F_mean_3d_T8,alpha,norm2,Linear SVM,0.5,0.5057,0.5,0.5014
F_dasm_3d,beta,norm2,KNN,0.84,0.7095,0.5,0.5014
F_rasm_3d_8rm,gamma,None,XGBoost,0.6867,0.6486,0.54,0.5014
F_mean_3d_F3,gamma,norm3,Random Forest,0.7067,0.6238,0.57,0.5014
F_mean_3d_Fz,theta,norm3,XGBoost,0.5933,0.5467,0.5,0.5014
F_dasm_3d,alpha,norm2,Random Forest,0.9467,0.7381,0.47,0.5014
F_mean_3d_F7,alpha,norm2,KNN,0.8267,0.6724,0.48,0.5014
F_dasm_3d,gamma,norm2,Linear SVM,0.48,0.5048,0.5,0.5014
F_mean_3d_F3,gamma,norm2,Random Forest,0.7067,0.6238,0.57,0.5014
F_mean_3d_F4,all,norm3,XGBoost,0.7667,0.6952,0.49,0.5014
F_mean_3d_T8,alpha,norm3,Linear SVM,0.5,0.5057,0.5,0.5014
F_mean_3d_T7,beta,norm2,Ensemble (Majority Vote),0.5333,0.5876,0.49,0.5014
F_rasm_3d_8rm,beta,norm2,KNN,0.8267,0.6733,0.45,0.5014
F_mean_3d_T8,gamma,norm2,Linear SVM,0.5133,0.501,0.48,0.5014
F_mean_3d_10rm,delta,norm3,Ensemble (Majority Vote),0.8467,0.8048,0.52,0.5014
F_mean_3d_Cz,all,norm3,Linear SVM,0.6333,0.5829,0.53,0.5014
F_de_3d_Fp2,theta,norm2,Linear SVM,0.46,0.4876,0.52,0.5014
F_de_3d_T8,all,norm2,Random Forest,0.9,0.6914,0.52,0.5014
F_mean_3d_Fp1,theta,norm2,Random Forest,0.72,0.6238,0.5,0.5014
F_mean_3d_8rm,alpha,norm2,Ensemble (Majority Vote),0.9067,0.7362,0.51,0.5014
F_mean_3d_10rm,alpha,norm3,Logistic Regression,0.7,0.6657,0.5,0.5014
F_de_3d_Fp1,theta,norm3,Random Forest,0.6867,0.6019,0.51,0.5014
F_mean_3d_T7,beta,norm3,Ensemble (Majority Vote),0.5333,0.5876,0.49,0.5014
F_mean_3d_C4,alpha,None,KNN,0.8667,0.72,0.56,0.5014
F_mean_3d_Cz,theta,None,Ensemble (Majority Vote),0.6667,0.6124,0.49,0.5014
F_mean_3d_Fp1,theta,None,KNN,0.8467,0.7029,0.49,0.5014
F_mean_3d_F7,delta,norm3,KNN,0.8467,0.6819,0.52,0.5014
F_mean_3d_Fp2,alpha,norm2,Linear SVM,0.5267,0.5095,0.49,0.5014
F_mean_3d_F7,beta,None,KNN,0.8733,0.7105,0.47,0.5014
F_mean_3d_3area,delta,norm2,Ensemble (Majority Vote),0.7867,0.6771,0.54,0.5014
F_mean_3d_8rm,beta,norm2,Linear SVM,0.52,0.5114,0.51,0.5014
F_rasm_3d_8rm,beta,norm3,KNN,0.8533,0.699,0.46,0.5014
F_de_3d_Fp2,beta,norm2,Random Forest,0.6467,0.5924,0.55,0.5014
F_mean_3d_T7,alpha,None,Random Forest,0.7,0.6429,0.49,0.5014
F_de_3d_Fp2,beta,norm3,Random Forest,0.6467,0.5924,0.55,0.5014
F_de_3d_Fp2,theta,norm3,Linear SVM,0.46,0.4876,0.52,0.5014
F_mean_3d_F7,delta,norm2,KNN,0.8467,0.6819,0.52,0.5014
F_mean_3d_8rm,delta,norm2,KNN,0.8133,0.681,0.46,0.5014
F_mean_3d_F8,all,norm3,Logistic Regression,0.5867,0.6076,0.55,0.5014
F_mean_3d_8rm,beta,norm3,Logistic Regression,0.6733,0.6524,0.48,0.5014
F_de_3d_Fp1,theta,norm2,Random Forest,0.6867,0.6019,0.51,0.5014
F_mean_3d_F8,all,norm3,Linear SVM,0.6,0.6019,0.57,0.5014
F_rasm_3d_8rm,beta,norm3,Linear SVM,0.54,0.5467,0.48,0.5014
F_mean_3d_T8,all,None,KNN,0.9067,0.7857,0.49,0.5014
F_mean_3d_F7,alpha,norm3,KNN,0.8267,0.6724,0.48,0.5014
F_dasm_3d,delta,norm2,Linear SVM,0.5333,0.4981,0.53,0.5014
F_mean_3d_Fp2,alpha,norm3,Linear SVM,0.5267,0.5095,0.49,0.5014
F_median_3d_F7,theta,norm2,XGBoost,0.6333,0.5838,0.5,0.5
F_median_3d_F7,theta,norm3,Logistic Regression,0.5,0.5,0.5,0.5
F_median_3d_F8,beta,norm2,Logistic Regression,0.5,0.5,0.5,0.5
F_dasm_3d_10rm,theta,norm2,Logistic Regression,0.5,0.5,0.5,0.5
F_de_3d_T7,alpha,norm2,Logistic Regression,0.5,0.5,0.5,0.5
F_de_3d_Cz,delta,norm2,Logistic Regression,0.5,0.5,0.5,0.5
F_mean_3d_F8,all,norm2,Logistic Regression,0.5,0.5,0.5,0.5
F_median_3d_F8,beta,norm3,Logistic Regression,0.5,0.5,0.5,0.5
F_peak_3d_F7,theta,norm2,Logistic Regression,0.5,0.5,0.5,0.5
F_de_3d_Cz,delta,norm3,Logistic Regression,0.5,0.5,0.5,0.5
F_median_3d_F7,theta,norm3,XGBoost,0.6333,0.5838,0.5,0.5
F_median_3d_F8,all,norm2,Logistic Regression,0.5,0.5,0.5,0.5
F_median_3d_F8,alpha,norm2,Logistic Regression,0.5,0.5,0.5,0.5
F_peak_3d_F8,alpha,norm2,Ensemble (Majority Vote),0.5667,0.5743,0.47,0.5
F_mean_3d_3area,theta,norm2,Logistic Regression,0.5,0.5,0.5,0.5
F_de_3d19,all,norm2,Logistic Regression,0.5,0.5,0.5,0.5
F_median_3d_F8,all,norm3,KNN,0.8933,0.7533,0.51,0.5
F_peak_3d_F8,all,norm2,Logistic Regression,0.5,0.5,0.5,0.5
F_mean_3d_3area,theta,None,Random Forest,0.7533,0.6819,0.54,0.5
F_mean_3d_F8,alpha,norm3,Logistic Regression,0.5,0.5,0.5,0.5
F_rasm_3d_8rm,gamma,norm2,Logistic Regression,0.5,0.5,0.5,0.5
F_de_3d,theta,norm2,Logistic Regression,0.5,0.5,0.5,0.5
F_median_3d_F8,alpha,norm3,Logistic Regression,0.5,0.5,0.5,0.5
F_de_3d_Cz,gamma,norm2,Logistic Regression,0.5,0.5,0.5,0.5
F_peak_3d_F7,theta,norm3,Logistic Regression,0.5,0.5,0.5,0.5
F_mean_3d_F8,beta,norm2,Logistic Regression,0.5,0.5,0.5,0.5
F_mean_3d_F8,alpha,norm2,Logistic Regression,0.5,0.5,0.5,0.5
F_de_3d_T7,all,norm2,Logistic Regression,0.5,0.5,0.5,0.5
F_median_3d_F7,theta,norm2,Logistic Regression,0.5,0.5,0.5,0.5
F_median_3d,all,norm2,Logistic Regression,0.5,0.5,0.5,0.5
F_peak_3d_F8,alpha,norm2,Linear SVM,0.5067,0.5,0.52,0.5
F_peak_3d_F8,delta,None,XGBoost,0.6533,0.601,0.51,0.5
F_mean_3d_F8,gamma,norm2,Logistic Regression,0.5,0.5,0.5,0.5
F_median_3d_F7,beta,None,Random Forest,0.7,0.6248,0.48,0.5
F_peak_3d_F8,beta,norm3,Logistic Regression,0.5,0.5,0.5,0.5
F_mean_3d_F8,gamma,norm3,Logistic Regression,0.5,0.5,0.5,0.5
F_median_3d_F7,alpha,norm3,Logistic Regression,0.5,0.5,0.5,0.5
F_mean_3d_3area,delta,norm2,Random Forest,0.7867,0.661,0.51,0.5
F_median_3d_F7,alpha,norm2,Logistic Regression,0.5,0.5,0.5,0.5
F_de_3d_Cz,theta,norm2,Logistic Regression,0.5,0.5,0.5,0.5
F_rasm_3d_10rm,beta,norm2,Logistic Regression,0.5,0.5,0.5,0.5
F_median_3d_F7,gamma,norm3,Logistic Regression,0.5,0.5,0.5,0.5
F_peak_3d_F8,delta,norm2,Logistic Regression,0.5,0.5,0.5,0.5
F_rasm_3d_10rm,beta,norm3,KNN,0.8467,0.7162,0.52,0.5
F_de_3d,gamma,norm2,Logistic Regression,0.5,0.5,0.5,0.5
F_dasm_3d19,alpha,norm2,Logistic Regression,0.5,0.5,0.5,0.5
F_mean_3d_3area,delta,norm2,Logistic Regression,0.5,0.5,0.5,0.5
F_median_3d_F7,all,norm2,Logistic Regression,0.5,0.5,0.5,0.5
F_de_3d_Fz,gamma,norm3,Logistic Regression,0.5,0.5,0.5,0.5
F_de_3d_Cz,theta,norm3,Logistic Regression,0.5,0.5,0.5,0.5
F_median_3d_F7,beta,norm2,Logistic Regression,0.5,0.5,0.5,0.5
F_median_3d_F7,beta,norm3,Logistic Regression,0.5,0.5,0.5,0.5
F_de_3d_Fz,theta,norm2,Logistic Regression,0.5,0.5,0.5,0.5
F_de_3d_Cz,gamma,norm3,XGBoost,0.6067,0.5533,0.52,0.5
F_mean_3d_F8,beta,norm3,Logistic Regression,0.5,0.5,0.5,0.5
F_de_3d_Cz,gamma,norm2,XGBoost,0.6067,0.5533,0.52,0.5
F_peak_3d_F8,alpha,norm2,Logistic Regression,0.5,0.5,0.5,0.5
F_median_3d_F7,gamma,norm2,Logistic Regression,0.5,0.5,0.5,0.5
F_peak_3d_F8,alpha,norm3,Ensemble (Majority Vote),0.5667,0.5743,0.47,0.5
F_mean_3d_3area,gamma,norm2,Logistic Regression,0.5,0.5,0.5,0.5
F_de_3d_T7,alpha,norm3,Logistic Regression,0.5,0.5,0.5,0.5
F_peak_3d_F8,alpha,norm3,Linear SVM,0.5067,0.5,0.52,0.5
F_peak_3d_F8,alpha,norm3,Logistic Regression,0.5,0.5,0.5,0.5
F_mean_3d_F8,delta,norm2,Logistic Regression,0.5,0.5,0.5,0.5
F_mean_3d_F8,delta,norm2,XGBoost,0.6,0.5762,0.5,0.5
F_median_3d_F7,delta,norm3,Logistic Regression,0.5,0.5,0.5,0.5
F_mean_3d_F8,delta,norm3,Logistic Regression,0.5,0.5,0.5,0.5
F_median_3d_F7,delta,norm2,Logistic Regression,0.5,0.5,0.5,0.5
F_mean_3d_F8,delta,norm3,XGBoost,0.6,0.5762,0.5,0.5
F_de_3d_Cz,gamma,norm3,Logistic Regression,0.5,0.5,0.5,0.5
F_peak_3d_F8,beta,norm2,Logistic Regression,0.5,0.5,0.5,0.5
F_median_3d_F8,delta,norm2,Logistic Regression,0.5,0.5,0.5,0.5
F_dasm_3d19,delta,None,Random Forest,0.875,0.7929,0.525,0.5
F_median_3d_F8,delta,norm2,XGBoost,0.58,0.5476,0.49,0.5
F_median_3d_Fp2,all,norm2,Logistic Regression,0.5,0.5,0.5,0.5
F_mean_3d_F7,delta,norm3,Logistic Regression,0.5,0.5,0.5,0.5
F_median_3d_Fp1,theta,norm3,Logistic Regression,0.5,0.5,0.5,0.5
F_peak_3d_F4,theta,norm3,Logistic Regression,0.5,0.5,0.5,0.5
F_median_3d_Fp1,theta,norm2,Logistic Regression,0.5,0.5,0.5,0.5
F_de_3d19,gamma,norm2,Logistic Regression,0.5,0.5,0.5,0.5
F_mean_3d19,all,norm2,Logistic Regression,0.5,0.5,0.5,0.5
F_median_3d_Fp1,theta,None,Random Forest,0.6867,0.6324,0.52,0.5
F_mean_3d_8rm,alpha,norm3,Logistic Regression,0.6867,0.6648,0.51,0.5
F_peak_3d_F7,all,norm2,Logistic Regression,0.5,0.5,0.5,0.5
F_median_3d_Fp1,gamma,norm3,Logistic Regression,0.5,0.5,0.5,0.5
F_dasm_3d19,gamma,norm2,Logistic Regression,0.5,0.5,0.5,0.5
F_median_3d_Fp1,gamma,norm2,Logistic Regression,0.5,0.5,0.5,0.5
F_de_3d19,delta,norm2,Logistic Regression,0.5,0.5,0.5,0.5
F_dasm_3d,beta,norm2,Logistic Regression,0.5,0.5,0.5,0.5
F_mean_3d_F7,gamma,norm2,Logistic Regression,0.5,0.5,0.5,0.5
F_mean_3d_8rm,alpha,norm2,Logistic Regression,0.5,0.5,0.5,0.5
F_median_3d_Fp1,delta,norm3,Logistic Regression,0.5,0.5,0.5,0.5
F_median_3d_Fp1,delta,norm2,Logistic Regression,0.5,0.5,0.5,0.5
F_peak_3d_F7,alpha,norm2,Linear SVM,0.4933,0.4952,0.51,0.5
F_peak_3d_F4,theta,norm2,Logistic Regression,0.5,0.5,0.5,0.5
F_peak_3d_F4,theta,None,Ensemble (Majority Vote),0.7,0.6162,0.51,0.5
F_dasm_3d19,beta,norm2,Logistic Regression,0.5,0.5,0.5,0.5
F_median_3d_Fp2,all,norm3,Logistic Regression,0.5733,0.5829,0.54,0.5
F_dasm_3d19,theta,norm2,Logistic Regression,0.5,0.5,0.5,0.5
F_dasm_3d_10rm,gamma,norm2,Logistic Regression,0.5,0.5,0.5,0.5
F_de_3d19,theta,norm2,KNN,0.85,0.6917,0.5125,0.5
F_median_3d_Fp2,beta,norm3,Logistic Regression,0.5,0.5,0.5,0.5
F_peak_3d_F4,delta,norm2,Logistic Regression,0.5,0.5,0.5,0.5
F_peak_3d_F4,delta,norm3,Logistic Regression,0.5,0.5,0.5,0.5
F_median_3d_Fp2,beta,norm2,Logistic Regression,0.5,0.5,0.5,0.5
F_mean_3d_F7,beta,norm3,Logistic Regression,0.5,0.5,0.5,0.5
F_mean_3d,theta,norm2,Logistic Regression,0.5,0.5,0.5,0.5
F_mean_3d_8rm,beta,norm2,Logistic Regression,0.5,0.5,0.5,0.5
F_de_3d_T7,beta,norm2,XGBoost,0.5,0.5,0.5,0.5
F_median_3d_Fp2,alpha,norm3,Logistic Regression,0.5,0.5,0.5,0.5
F_peak_3d_F4,gamma,norm2,Logistic Regression,0.5,0.5,0.5,0.5
F_de_3d_T7,beta,norm2,Logistic Regression,0.5,0.5,0.5,0.5
F_median_3d_Fp2,alpha,norm2,Logistic Regression,0.5,0.5,0.5,0.5
F_median_3d_Fp2,alpha,None,Random Forest,0.6533,0.6029,0.5,0.5
F_peak_3d_F4,gamma,norm3,Logistic Regression,0.5,0.5,0.5,0.5
F_mean_3d_F7,delta,norm2,Logistic Regression,0.5,0.5,0.5,0.5
F_de_3d_Cz,all,norm2,Logistic Regression,0.5,0.5,0.5,0.5
F_de_3d_Cz,alpha,norm2,Logistic Regression,0.5,0.5,0.5,0.5
F_peak_3d_F7,alpha,norm2,Logistic Regression,0.5,0.5,0.5,0.5
F_median_3d_Fp1,beta,norm3,Logistic Regression,0.5,0.5,0.5,0.5
F_median_3d_Fp1,beta,norm3,Linear SVM,0.4867,0.5019,0.49,0.5
F_median_3d_F8,theta,norm3,Logistic Regression,0.5,0.5,0.5,0.5
F_peak_3d_F7,delta,norm2,Logistic Regression,0.5,0.5,0.5,0.5
F_mean_3d_F7,theta,norm2,XGBoost,0.5,0.5,0.5,0.5
F_mean_3d19,alpha,norm2,XGBoost,0.9583,0.8107,0.4625,0.5
F_median_3d_F4,theta,norm3,Logistic Regression,0.5,0.5,0.5,0.5
F_median_3d_F8,theta,norm2,Logistic Regression,0.5,0.5,0.5,0.5
F_peak_3d_F7,delta,norm3,Logistic Regression,0.5,0.5,0.5,0.5
F_de_3d_Cz,beta,norm2,Logistic Regression,0.5,0.5,0.5,0.5
F_mean_3d_F7,theta,norm3,Logistic Regression,0.5,0.5,0.5,0.5
F_median_3d_F8,gamma,norm3,Logistic Regression,0.5,0.5,0.5,0.5
F_mean_3d_F7,theta,norm3,XGBoost,0.5,0.5,0.5,0.5
F_median_3d_F8,gamma,norm2,Logistic Regression,0.5,0.5,0.5,0.5
F_peak_3d_F7,gamma,norm2,Logistic Regression,0.5,0.5,0.5,0.5
F_peak_3d_F7,gamma,norm3,Logistic Regression,0.5,0.5,0.5,0.5
F_de_3d_Cz,beta,norm3,Logistic Regression,0.5,0.5,0.5,0.5
F_de_3d19,alpha,norm2,Logistic Regression,0.5,0.5,0.5,0.5
F_median_3d_F8,delta,norm3,XGBoost,0.58,0.5476,0.49,0.5
F_rasm_3d,alpha,None,KNN,0.8933,0.7048,0.5,0.5
F_median_3d_F8,delta,norm3,Logistic Regression,0.5,0.5,0.5,0.5
F_rasm_3d,alpha,norm2,Logistic Regression,0.5,0.5,0.5,0.5
F_mean_3d_8rm,all,norm2,Linear SVM,0.58,0.5219,0.48,0.5
F_mean_3d_8rm,all,norm2,Logistic Regression,0.5,0.5,0.5,0.5
F_median_3d_Fp1,alpha,norm3,Logistic Regression,0.5,0.5,0.5,0.5
F_median_3d_Fp1,beta,norm3,Ensemble (Majority Vote),0.6733,0.6229,0.5,0.5
F_median_3d_Fp1,beta,norm2,Logistic Regression,0.5,0.5,0.5,0.5
F_median_3d_Fp1,beta,norm2,Linear SVM,0.4867,0.5019,0.49,0.5
F_median_3d_Fp1,beta,norm2,Ensemble (Majority Vote),0.6733,0.6229,0.5,0.5
F_mean_3d_F7,gamma,norm3,Logistic Regression,0.5,0.5,0.5,0.5
F_peak_3d_F7,alpha,norm3,Linear SVM,0.4933,0.4952,0.51,0.5
F_peak_3d_F7,alpha,norm3,Logistic Regression,0.5,0.5,0.5,0.5
F_mean_3d19,all,norm3,KNN,0.9917,0.9464,0.5875,0.5
F_de_3d19,beta,norm2,Logistic Regression,0.5,0.5,0.5,0.5
F_mean_3d19,alpha,norm2,Logistic Regression,0.5,0.5,0.5,0.5
F_median_3d_Fp1,alpha,norm2,Logistic Regression,0.5,0.5,0.5,0.5
F_rasm_3d_10rm,alpha,norm2,Logistic Regression,0.5,0.5,0.5,0.5
F_de_3d_Cz,alpha,norm3,Logistic Regression,0.5,0.5,0.5,0.5
F_peak_3d_F7,beta,norm2,Logistic Regression,0.5,0.5,0.5,0.5
F_dasm_3d19,delta,norm2,Logistic Regression,0.5,0.5,0.5,0.5
F_peak_3d_F7,beta,norm3,Logistic Regression,0.5,0.5,0.5,0.5
F_median_3d_Fp1,all,norm2,Logistic Regression,0.5,0.5,0.5,0.5
F_mean_3d_F7,theta,norm2,Logistic Regression,0.5,0.5,0.5,0.5
F_peak_3d_F8,delta,norm3,Logistic Regression,0.5,0.5,0.5,0.5
F_de_3d_F3,all,norm2,Logistic Regression,0.5,0.5,0.5,0.5
F_de_3d_Fz,gamma,norm3,Linear SVM,0.5067,0.4952,0.5,0.5
F_de_3d,delta,norm2,Logistic Regression,0.5,0.5,0.5,0.5
F_mean_3d_Fp1,theta,None,Ensemble (Majority Vote),0.6933,0.6467,0.47,0.5
F_median_3d_Cz,all,norm2,Logistic Regression,0.5,0.5,0.5,0.5
F_de_3d_F4,all,norm3,KNN,0.8467,0.7533,0.5,0.5
F_peak_3d_Fp1,gamma,norm3,Logistic Regression,0.5,0.5,0.5,0.5
F_median_3d_Cz,all,None,KNN,0.8867,0.7705,0.47,0.5
F_mean_3d_3area,all,norm2,Ensemble (Majority Vote),0.8867,0.7762,0.51,0.5
F_median_3d_C4,theta,norm3,Logistic Regression,0.5,0.5,0.5,0.5
F_median_3d_C4,theta,norm2,Logistic Regression,0.5,0.5,0.5,0.5
F_mean_3d_Fp1,theta,norm2,Logistic Regression,0.5,0.5,0.5,0.5
F_mean_3d_Fp1,theta,norm2,XGBoost,0.6533,0.5933,0.48,0.5
F_rasm_3d_10rm,gamma,norm2,Logistic Regression,0.5,0.5,0.5,0.5
F_median_3d_C4,gamma,norm3,Logistic Regression,0.5,0.5,0.5,0.5
F_de_3d_F4,alpha,norm2,Logistic Regression,0.5,0.5,0.5,0.5
F_median_3d_C4,gamma,norm2,Logistic Regression,0.5,0.5,0.5,0.5
F_median_3d_C4,gamma,None,XGBoost,0.62,0.6162,0.5,0.5
F_mean_3d_Fp1,theta,norm3,Logistic Regression,0.5,0.5,0.5,0.5
F_de_3d_F4,alpha,norm3,Logistic Regression,0.5,0.5,0.5,0.5
F_peak_3d_Fp1,theta,norm2,Logistic Regression,0.5,0.5,0.5,0.5
F_median_3d_C4,delta,norm3,Logistic Regression,0.5,0.5,0.5,0.5
F_mean_3d_Fp1,theta,norm3,XGBoost,0.6533,0.5933,0.48,0.5
F_de_3d_Fz,beta,norm2,Logistic Regression,0.5,0.5,0.5,0.5
F_mean_3d_Fp1,gamma,norm3,Random Forest,0.7267,0.6019,0.48,0.5
F_median_3d_Cz,all,norm3,XGBoost,0.8267,0.7286,0.44,0.5
F_mean_3d_3area,all,norm2,Logistic Regression,0.5,0.5,0.5,0.5
F_mean_3d_Fp1,gamma,norm2,Logistic Regression,0.5,0.5,0.5,0.5
F_peak_3d_Fp1,delta,norm2,Logistic Regression,0.5,0.5,0.5,0.5
F_peak_3d_Fp1,delta,norm3,Logistic Regression,0.5,0.5,0.5,0.5
F_median_3d_Cz,delta,norm3,Logistic Regression,0.5,0.5,0.5,0.5
F_median_3d_Cz,delta,norm2,Logistic Regression,0.5,0.5,0.5,0.5
F_de_3d_Fz,beta,norm3,Logistic Regression,0.5,0.5,0.5,0.5
F_mean_3d19,gamma,norm2,Logistic Regression,0.5,0.5,0.5,0.5
F_dasm_3d_8rm,theta,norm2,Logistic Regression,0.5,0.5,0.5,0.5
F_mean_3d_Fp1,gamma,norm2,KNN,0.8067,0.6648,0.49,0.5
F_median_3d_Cz,beta,norm3,Logistic Regression,0.5,0.5,0.5,0.5
F_median_3d_Cz,beta,norm2,Logistic Regression,0.5,0.5,0.5,0.5
F_mean_3d_Fp1,gamma,norm3,Logistic Regression,0.5,0.5,0.5,0.5
F_mean_3d_Fp1,gamma,norm2,Random Forest,0.7267,0.6019,0.48,0.5
F_de_3d_F3,theta,norm3,XGBoost,0.5733,0.559,0.47,0.5
F_median_3d_Cz,alpha,norm3,Logistic Regression,0.5,0.5,0.5,0.5
F_dasm_3d_3area,all,None,Logistic Regression,0.6467,0.6229,0.55,0.5
F_mean_3d_Fp1,gamma,norm3,KNN,0.8067,0.6648,0.49,0.5
F_de_3d_F4,all,norm2,Logistic Regression,0.5,0.5,0.5,0.5
F_median_3d_Cz,alpha,norm2,Logistic Regression,0.5,0.5,0.5,0.5
F_peak_3d_Fp1,gamma,norm2,Logistic Regression,0.5,0.5,0.5,0.5
F_median_3d_Cz,alpha,None,XGBoost,0.6533,0.6143,0.49,0.5
F_median_3d_C4,delta,norm2,Logistic Regression,0.5,0.5,0.5,0.5
F_de_3d_F4,beta,norm2,Linear SVM,0.5133,0.5057,0.51,0.5
F_peak_3d_Fp1,theta,norm3,Logistic Regression,0.5,0.5,0.5,0.5
F_peak_3d_Fp2,alpha,norm3,Logistic Regression,0.5,0.5,0.5,0.5
F_median_3d_C3,theta,norm2,Linear SVM,0.4933,0.4905,0.52,0.5
F_dasm_3d_8rm,gamma,norm2,Logistic Regression,0.5,0.5,0.5,0.5
F_de_3d_F4,delta,norm2,Logistic Regression,0.5,0.5,0.5,0.5
F_mean_3d_Fp2,beta,norm3,Logistic Regression,0.5,0.5,0.5,0.5
F_median_3d_C3,gamma,norm3,Logistic Regression,0.5,0.5,0.5,0.5
F_peak_3d_Fp2,alpha,norm2,Logistic Regression,0.5,0.5,0.5,0.5
F_rasm_3d_3area,theta,norm3,Logistic Regression,0.5,0.5,0.5,0.5
F_median_3d_C3,gamma,norm2,Logistic Regression,0.5,0.5,0.5,0.5
F_de_3d_F4,delta,norm3,Logistic Regression,0.5,0.5,0.5,0.5
F_median_3d_C3,delta,norm3,Logistic Regression,0.5,0.5,0.5,0.5
F_mean_3d_Fp2,beta,norm2,Logistic Regression,0.5,0.5,0.5,0.5
F_mean_3d_Fp2,delta,norm2,Linear SVM,0.4667,0.4943,0.53,0.5
F_mean_3d_Fp2,delta,norm2,Logistic Regression,0.5,0.5,0.5,0.5
F_median_3d_C3,delta,norm2,Logistic Regression,0.5,0.5,0.5,0.5
F_de_3d_Fz,alpha,norm2,Logistic Regression,0.5,0.5,0.5,0.5
F_de_3d_F4,gamma,norm2,Ensemble (Majority Vote),0.7,0.6029,0.5,0.5
F_mean_3d_2area,theta,norm2,Logistic Regression,0.5,0.5,0.5,0.5
F_median_3d_C3,beta,norm3,Logistic Regression,0.5,0.5,0.5,0.5
F_peak_3d_Fp2,beta,norm2,Logistic Regression,0.5,0.5,0.5,0.5
F_median_3d_C3,beta,norm2,Logistic Regression,0.5,0.5,0.5,0.5
F_median_3d_C3,theta,norm2,Logistic Regression,0.5,0.5,0.5,0.5
F_mean_3d19,theta,norm2,XGBoost,0.9083,0.8048,0.475,0.5
F_de_3d_F4,beta,norm2,Logistic Regression,0.5,0.5,0.5,0.5
F_mean_3d_Fp2,alpha,norm2,Logistic Regression,0.5,0.5,0.5,0.5
F_mean_3d_Fp2,all,norm2,Logistic Regression,0.5,0.5,0.5,0.5
F_de_3d_F4,beta,norm3,Linear SVM,0.5133,0.5057,0.51,0.5
F_de_3d_F4,beta,norm3,Logistic Regression,0.5,0.5,0.5,0.5
F_median_3d_C4,beta,norm3,Logistic Regression,0.5,0.5,0.5,0.5
F_median_3d_C4,beta,norm2,Logistic Regression,0.5,0.5,0.5,0.5
F_mean_3d19,gamma,norm3,KNN,1.0,0.9345,0.4625,0.5
F_mean_3d19,theta,norm2,Logistic Regression,0.5,0.5,0.5,0.5
F_median_3d_C4,beta,None,Linear SVM,0.5667,0.5476,0.48,0.5
F_median_3d_C4,beta,None,Ensemble (Majority Vote),0.68,0.6076,0.48,0.5
F_median_3d_C4,alpha,norm3,Logistic Regression,0.5,0.5,0.5,0.5
F_median_3d_C3,theta,norm3,Linear SVM,0.4933,0.4905,0.52,0.5
F_peak_3d_Fp2,all,None,XGBoost,0.7733,0.7276,0.53,0.5
F_median_3d_C4,alpha,norm2,Logistic Regression,0.5,0.5,0.5,0.5
F_median_3d_C4,alpha,None,Linear SVM,0.58,0.5657,0.48,0.5
F_peak_3d_Fp2,all,norm2,Logistic Regression,0.5,0.5,0.5,0.5
F_rasm_3d_10rm,theta,norm2,Logistic Regression,0.5,0.5,0.5,0.5
F_mean_3d_Fp2,alpha,norm3,Logistic Regression,0.5,0.5,0.5,0.5
F_median_3d_C4,all,norm2,Logistic Regression,0.5,0.5,0.5,0.5
F_de_3d_Fz,alpha,norm3,Logistic Regression,0.5,0.5,0.5,0.5
F_median_3d_C3,theta,norm3,Logistic Regression,0.5,0.5,0.5,0.5
F_mean_3d19,delta,norm3,Logistic Regression,0.8167,0.7655,0.525,0.5
F_mean_3d_Fp1,delta,norm3,Logistic Regression,0.5,0.5,0.5,0.5
F_median_3d_Cz,gamma,norm2,Logistic Regression,0.5,0.5,0.5,0.5
F_median_3d_F4,alpha,norm2,Logistic Regression,0.5,0.5,0.5,0.5
F_median_3d_F4,beta,norm2,Random Forest,0.76,0.6,0.53,0.5
F_median_3d_F4,beta,norm2,Logistic Regression,0.5,0.5,0.5,0.5
F_mean_3d_Fp1,all,norm2,Logistic Regression,0.5,0.5,0.5,0.5
F_median_3d_F4,beta,norm2,Ensemble (Majority Vote),0.7533,0.6162,0.5,0.5
F_rasm_3d_8rm,all,norm2,Logistic Regression,0.5,0.5,0.5,0.5
F_mean_3d_Fp1,all,norm3,KNN,0.92,0.8,0.55,0.5
F_de_3d_F3,alpha,norm2,Logistic Regression,0.5,0.5,0.5,0.5
F_peak_3d_F8,theta,norm3,Logistic Regression,0.5,0.5,0.5,0.5
F_median_3d_F4,alpha,norm3,Logistic Regression,0.5,0.5,0.5,0.5
F_rasm_3d_10rm,delta,norm2,Logistic Regression,0.5,0.5,0.5,0.5
F_peak_3d_F8,theta,norm2,Logistic Regression,0.5,0.5,0.5,0.5
F_de_3d_Fz,gamma,norm2,Linear SVM,0.5067,0.4952,0.5,0.5
F_median_3d_F4,all,norm3,Random Forest,0.7867,0.6971,0.52,0.5
F_de_3d_F3,alpha,norm3,Logistic Regression,0.5,0.5,0.5,0.5
F_median_3d_F4,all,norm2,Logistic Regression,0.5,0.5,0.5,0.5
F_peak_3d_Fp1,all,norm2,Logistic Regression,0.5,0.5,0.5,0.5
F_mean_3d_Fp1,alpha,norm2,Logistic Regression,0.5,0.5,0.5,0.5
F_de_3d_F3,beta,norm2,Logistic Regression,0.5,0.5,0.5,0.5
F_median_3d_F3,theta,norm3,Logistic Regression,0.5,0.5,0.5,0.5
F_median_3d_F3,theta,norm3,Linear SVM,0.5,0.4981,0.51,0.5
F_median_3d_F4,beta,norm3,Ensemble (Majority Vote),0.7533,0.6162,0.5,0.5
F_median_3d_F4,beta,norm3,Logistic Regression,0.5,0.5,0.5,0.5
F_de_3d_F3,beta,norm3,Logistic Regression,0.5,0.5,0.5,0.5
F_rasm_3d,beta,norm2,Logistic Regression,0.5,0.5,0.5,0.5
F_median_3d_F4,theta,norm2,Logistic Regression,0.5,0.5,0.5,0.5
F_de_3d_F3,all,norm2,Linear SVM,0.4933,0.5171,0.5,0.5
F_peak_3d_F8,gamma,norm2,Logistic Regression,0.5,0.5,0.5,0.5
F_median_3d_F4,gamma,norm3,Logistic Regression,0.5,0.5,0.5,0.5
F_peak_3d_F8,gamma,norm3,Logistic Regression,0.5,0.5,0.5,0.5
F_rasm_3d_10rm,delta,None,Logistic Regression,0.5333,0.5381,0.47,0.5
F_median_3d_F4,gamma,norm2,Logistic Regression,0.5,0.5,0.5,0.5
F_mean_3d_F8,theta,norm2,Logistic Regression,0.5,0.5,0.5,0.5
F_de_3d,beta,norm2,Logistic Regression,0.5,0.5,0.5,0.5
F_median_3d_F4,gamma,None,Linear SVM,0.54,0.5238,0.51,0.5
F_median_3d_F4,beta,norm3,Random Forest,0.76,0.6,0.53,0.5
F_mean_3d19,beta,norm2,Logistic Regression,0.5,0.5,0.5,0.5
F_median_3d_F4,delta,norm3,Logistic Regression,0.5,0.5,0.5,0.5
F_median_3d_F4,delta,norm3,Linear SVM,0.5067,0.5,0.46,0.5
F_mean_3d_F8,theta,norm3,Logistic Regression,0.5,0.5,0.5,0.5
F_median_3d_F4,delta,norm2,Logistic Regression,0.5,0.5,0.5,0.5
F_median_3d_F4,delta,norm2,Linear SVM,0.5067,0.5,0.46,0.5
F_mean_3d_Fp1,all,None,Ensemble (Majority Vote),0.8067,0.7238,0.49,0.5
F_dasm_3d,delta,norm2,Logistic Regression,0.5,0.5,0.5,0.5
F_de_3d_Fz,gamma,norm2,Logistic Regression,0.5,0.5,0.5,0.5
F_de_3d_Fz,delta,norm3,Logistic Regression,0.5,0.5,0.5,0.5
F_median_3d_F3,theta,norm2,Logistic Regression,0.5,0.5,0.5,0.5
F_mean_3d_3area,alpha,norm2,Logistic Regression,0.5,0.5,0.5,0.5
F_de_3d_F3,theta,norm2,Logistic Regression,0.5,0.5,0.5,0.5
F_median_3d_F3,alpha,norm2,Random Forest,0.7067,0.599,0.51,0.5
F_median_3d_F3,alpha,norm2,Logistic Regression,0.5,0.5,0.5,0.5
F_median_3d_F3,alpha,None,XGBoost,0.7067,0.621,0.55,0.5
F_de_3d_F3,gamma,norm3,Logistic Regression,0.5,0.5,0.5,0.5
F_de_3d,all,norm2,XGBoost,1.0,0.9486,0.51,0.5
F_mean_3d_Fp1,delta,norm2,Logistic Regression,0.5,0.5,0.5,0.5
F_rasm_3d,all,norm2,Logistic Regression,0.5,0.5,0.5,0.5
F_median_3d_F3,all,norm2,Logistic Regression,0.5,0.5,0.5,0.5
F_peak_3d_Fp1,beta,norm2,Linear SVM,0.5067,0.499,0.5,0.5
F_de_3d_F3,theta,norm2,XGBoost,0.5733,0.559,0.47,0.5
F_median_3d_F3,alpha,norm3,Logistic Regression,0.5,0.5,0.5,0.5
F_median_3d_Cz,theta,norm3,Logistic Regression,0.5,0.5,0.5,0.5
F_peak_3d_Fp1,beta,norm2,Logistic Regression,0.5,0.5,0.5,0.5
F_peak_3d_Fp1,beta,norm3,Linear SVM,0.5067,0.499,0.5,0.5
F_median_3d_Cz,theta,norm2,Logistic Regression,0.5,0.5,0.5,0.5
F_peak_3d_Fp1,beta,norm3,Logistic Regression,0.5,0.5,0.5,0.5
F_de_3d,all,norm2,Logistic Regression,0.5,0.5,0.5,0.5
F_de_3d_F3,theta,norm3,Logistic Regression,0.5,0.5,0.5,0.5
F_mean_3d_3area,alpha,norm2,XGBoost,0.76,0.6381,0.49,0.5
F_median_3d_Cz,gamma,norm3,Logistic Regression,0.5,0.5,0.5,0.5
F_mean_3d_3area,alpha,norm3,KNN,0.82,0.6971,0.52,0.5
F_median_3d_F3,alpha,norm3,Random Forest,0.7067,0.599,0.51,0.5
F_median_3d_F3,theta,norm2,Linear SVM,0.5,0.4981,0.51,0.5
F_peak_3d_Fp1,alpha,norm2,Logistic Regression,0.5,0.5,0.5,0.5
F_mean_3d_3area,beta,norm2,Logistic Regression,0.5,0.5,0.5,0.5
F_mean_3d_Fp1,alpha,norm3,Logistic Regression,0.5,0.5,0.5,0.5
F_de_3d_Fz,delta,norm2,Logistic Regression,0.5,0.5,0.5,0.5
F_de_3d_F3,delta,norm2,Logistic Regression,0.5,0.5,0.5,0.5
F_median_3d_F3,gamma,norm3,Logistic Regression,0.5,0.5,0.5,0.5
F_de_3d,alpha,norm2,XGBoost,0.9467,0.7867,0.46,0.5
F_median_3d_F3,gamma,norm2,Logistic Regression,0.5,0.5,0.5,0.5
F_de_3d,alpha,norm2,Logistic Regression,0.5,0.5,0.5,0.5
F_mean_3d_Fp1,beta,norm2,Logistic Regression,0.5,0.5,0.5,0.5
F_de_3d_F3,delta,norm3,Logistic Regression,0.5,0.5,0.5,0.5
F_de_3d_F3,gamma,norm3,Ensemble (Majority Vote),0.72,0.6314,0.52,0.5
F_median_3d_F3,delta,norm3,Logistic Regression,0.5,0.5,0.5,0.5
F_median_3d_F3,delta,norm2,Logistic Regression,0.5,0.5,0.5,0.5
F_de_3d_F3,gamma,norm2,Ensemble (Majority Vote),0.72,0.6314,0.52,0.5
F_mean_3d19,delta,norm2,Logistic Regression,0.5,0.5,0.5,0.5
F_median_3d_F3,beta,norm3,Logistic Regression,0.5,0.5,0.5,0.5
F_peak_3d_Fp1,alpha,norm3,Logistic Regression,0.5,0.5,0.5,0.5
F_median_3d_F3,beta,norm2,Logistic Regression,0.5,0.5,0.5,0.5
F_mean_3d_Fp1,beta,norm3,Logistic Regression,0.5,0.5,0.5,0.5
F_de_3d_F3,gamma,norm2,Logistic Regression,0.5,0.5,0.5,0.5
F_de_3d19,theta,norm2,Logistic Regression,0.5,0.5,0.5,0.5
F_de_3d19,theta,norm3,Logistic Regression,0.775,0.7202,0.5,0.5
F_peak_3d_F4,beta,norm3,Logistic Regression,0.5,0.5,0.5,0.5
F_mean_3d_C3,theta,norm2,Logistic Regression,0.5,0.5,0.5,0.5
F_peak_3d_C4,delta,norm3,KNN,0.8,0.6876,0.48,0.5
F_peak_3d_1area,beta,norm2,Logistic Regression,0.5,0.5,0.5,0.5
F_peak_3d_C4,delta,norm3,Linear SVM,0.5067,0.5067,0.54,0.5
F_de_3d_3area,delta,norm2,Logistic Regression,0.5,0.5,0.5,0.5
F_peak_3d_C4,delta,norm3,Logistic Regression,0.5,0.5,0.5,0.5
F_mean_3d_Cz,delta,None,Random Forest,0.68,0.6257,0.55,0.5
F_mean_3d_Cz,delta,norm2,Logistic Regression,0.5,0.5,0.5,0.5
F_peak_3d_1area,alpha,norm3,Logistic Regression,0.5,0.5,0.5,0.5
F_peak_3d_C4,delta,norm3,XGBoost,0.6133,0.5752,0.52,0.5
F_peak_3d_1area,alpha,norm2,Logistic Regression,0.5,0.5,0.5,0.5
F_peak_3d_1area,beta,norm3,Logistic Regression,0.5,0.5,0.5,0.5
F_mean_3d_Cz,delta,norm3,Logistic Regression,0.5,0.5,0.5,0.5
F_peak_3d_C4,gamma,norm2,Linear SVM,0.48,0.4895,0.51,0.5
F_peak_3d_C4,gamma,norm2,Logistic Regression,0.5,0.5,0.5,0.5
F_peak_3d_1area,all,norm2,Logistic Regression,0.5,0.5,0.5,0.5
F_peak_3d_C4,gamma,norm3,Linear SVM,0.48,0.4895,0.51,0.5
F_de_3d_3area,gamma,norm2,Logistic Regression,0.5,0.5,0.5,0.5
F_peak_3d_C4,gamma,norm3,Logistic Regression,0.5,0.5,0.5,0.5
F_dasm_3d_10rm,alpha,norm2,Logistic Regression,0.5,0.5,0.5,0.5
F_mean_3d,all,norm2,Logistic Regression,0.5,0.5,0.5,0.5
F_peak_3d_C4,delta,norm2,XGBoost,0.6133,0.5752,0.52,0.5
F_peak_3d_C4,delta,norm2,Logistic Regression,0.5,0.5,0.5,0.5
F_peak_3d_2area,all,norm2,Logistic Regression,0.5,0.5,0.5,0.5
F_peak_3d_1area,gamma,norm3,Linear SVM,0.4933,0.5029,0.5,0.5
F_mean_3d_Cz,beta,norm2,Logistic Regression,0.5,0.5,0.5,0.5
F_peak_3d_C4,alpha,norm3,Logistic Regression,0.5,0.5,0.5,0.5
F_peak_3d_1area,theta,norm3,Logistic Regression,0.5,0.5,0.5,0.5
F_mean_3d_C3,theta,norm3,XGBoost,0.56,0.5657,0.48,0.5
F_peak_3d_1area,theta,norm2,Logistic Regression,0.5,0.5,0.5,0.5
F_mean_3d_C3,theta,norm3,Logistic Regression,0.5,0.5,0.5,0.5
F_rasm_3d19,alpha,norm2,Logistic Regression,0.5,0.5,0.5,0.5
F_mean_3d_C3,theta,norm2,XGBoost,0.56,0.5657,0.48,0.5
F_peak_3d_1area,gamma,norm3,Logistic Regression,0.5,0.5,0.5,0.5
F_peak_3d_C4,beta,norm2,Logistic Regression,0.5,0.5,0.5,0.5
F_peak_3d_C4,delta,norm2,Linear SVM,0.5067,0.5067,0.54,0.5
F_peak_3d_1area,gamma,norm2,Logistic Regression,0.5,0.5,0.5,0.5
F_peak_3d_1area,gamma,norm2,Linear SVM,0.4933,0.5029,0.5,0.5
F_peak_3d_C4,beta,norm3,Logistic Regression,0.5,0.5,0.5,0.5
F_peak_3d_1area,delta,norm3,Logistic Regression,0.5,0.5,0.5,0.5
F_de_3d_3area,beta,norm2,Logistic Regression,0.5,0.5,0.5,0.5
F_mean_3d_Cz,beta,norm3,Logistic Regression,0.5,0.5,0.5,0.5
F_peak_3d_1area,delta,norm2,Logistic Regression,0.5,0.5,0.5,0.5
F_dasm_3d,alpha,norm2,Logistic Regression,0.5,0.5,0.5,0.5
F_peak_3d_C4,delta,norm2,KNN,0.8,0.6876,0.48,0.5
F_rasm_3d19,beta,norm2,Logistic Regression,0.5,0.5,0.5,0.5
F_mean_3d_Cz,gamma,norm2,Logistic Regression,0.5,0.5,0.5,0.5
F_peak_3d_10rm,theta,norm2,Logistic Regression,0.5,0.5,0.5,0.5
F_peak_3d_Cz,alpha,norm2,Logistic Regression,0.5,0.5,0.5,0.5
F_peak_3d_10rm,alpha,norm2,Logistic Regression,0.5,0.5,0.5,0.5
F_mean_3d,alpha,norm2,Linear SVM,0.52,0.5038,0.53,0.5
F_de_3d_8rm,alpha,norm2,Linear SVM,0.5267,0.5171,0.54,0.5
F_de_3d_8rm,alpha,norm2,Logistic Regression,0.5,0.5,0.5,0.5
F_mean_3d_F3,all,norm2,Logistic Regression,0.5,0.5,0.5,0.5
F_peak_3d_Cz,alpha,None,KNN,0.8333,0.7057,0.51,0.5
F_mean_3d_C3,delta,norm3,Logistic Regression,0.5,0.5,0.5,0.5
F_peak_3d_Cz,alpha,None,Random Forest,0.72,0.6514,0.5,0.5
F_peak_3d_10rm,all,norm2,Logistic Regression,0.5,0.5,0.5,0.5
F_mean_3d,alpha,norm2,Logistic Regression,0.5,0.5,0.5,0.5
F_mean_3d_C3,gamma,norm3,Logistic Regression,0.5,0.5,0.5,0.5
F_peak_3d_Cz,alpha,norm3,Logistic Regression,0.5,0.5,0.5,0.5
F_de_3d_8rm,beta,norm2,Logistic Regression,0.5,0.5,0.5,0.5
F_de_3d_T8,beta,norm3,Logistic Regression,0.5,0.5,0.5,0.5
F_de_3d_8rm,beta,norm2,XGBoost,0.8467,0.7048,0.5,0.5
F_peak_3d19,theta,norm2,Logistic Regression,0.5,0.5,0.5,0.5
F_de_3d_8rm,delta,norm2,Logistic Regression,0.5,0.5,0.5,0.5
F_de_3d_T8,beta,norm2,Logistic Regression,0.5,0.5,0.5,0.5
F_mean_3d_F3,alpha,norm2,Linear SVM,0.4867,0.499,0.52,0.5
F_mean_3d_F3,alpha,norm2,Logistic Regression,0.5,0.5,0.5,0.5
F_peak_3d_Cz,all,norm3,KNN,0.88,0.7448,0.5,0.5
F_de_3d_8rm,all,norm3,XGBoost,1.0,0.9733,0.5,0.5
F_mean_3d_Cz,theta,norm3,Logistic Regression,0.5,0.5,0.5,0.5
F_peak_3d_10rm,beta,norm2,Ensemble (Majority Vote),0.8467,0.7238,0.51,0.5
F_peak_3d_10rm,theta,None,XGBoost,0.8867,0.8048,0.48,0.5
F_peak_3d_10rm,theta,None,KNN,0.98,0.8695,0.51,0.5
F_mean_3d_Cz,gamma,norm3,Logistic Regression,0.5,0.5,0.5,0.5
F_de_3d_3area,theta,norm2,Logistic Regression,0.5,0.5,0.5,0.5
F_peak_3d_C4,theta,norm2,Logistic Regression,0.5,0.5,0.5,0.5
F_de_3d_10rm,theta,norm2,Random Forest,0.9267,0.7667,0.52,0.5
F_peak_3d_10rm,gamma,norm2,Logistic Regression,0.5,0.5,0.5,0.5
F_peak_3d_C4,theta,norm3,Logistic Regression,0.5,0.5,0.5,0.5
F_de_3d_10rm,theta,norm2,Logistic Regression,0.5,0.5,0.5,0.5
F_peak_3d_10rm,gamma,None,KNN,0.96,0.8676,0.52,0.5
F_mean_3d_C3,gamma,norm2,Logistic Regression,0.5,0.5,0.5,0.5
F_de_3d_T8,delta,norm3,Logistic Regression,0.5,0.5,0.5,0.5
F_peak_3d_10rm,delta,norm2,Random Forest,0.9267,0.7286,0.5,0.5
F_peak_3d_10rm,delta,norm2,Logistic Regression,0.5,0.5,0.5,0.5
F_mean_3d_Cz,theta,norm2,Logistic Regression,0.5,0.5,0.5,0.5
F_de_3d_T8,delta,norm2,Logistic Regression,0.5,0.5,0.5,0.5
F_de_3d_8rm,all,norm2,Logistic Regression,0.5,0.5,0.5,0.5
F_peak_3d_10rm,beta,norm2,Logistic Regression,0.5,0.5,0.5,0.5
F_peak_3d_Cz,all,norm2,Logistic Regression,0.5,0.5,0.5,0.5
F_de_3d_3area,alpha,norm2,Logistic Regression,0.5,0.5,0.5,0.5
F_peak_3d_C4,alpha,norm2,Logistic Regression,0.5,0.5,0.5,0.5
F_peak_3d19,gamma,norm2,Logistic Regression,0.5,0.5,0.5,0.5
F_peak_3d_C3,all,norm2,Logistic Regression,0.5,0.5,0.5,0.5
F_de_3d_1area,theta,norm2,Logistic Regression,0.5,0.5,0.5,0.5
F_de_3d_1area,theta,norm2,XGBoost,0.6067,0.5629,0.46,0.5
F_de_3d_1area,theta,norm3,Logistic Regression,0.5,0.5,0.5,0.5
F_mean_3d_C4,beta,norm3,Logistic Regression,0.5,0.5,0.5,0.5
F_de_3d_1area,theta,norm3,XGBoost,0.6067,0.5629,0.46,0.5
F_de_3d_1area,beta,norm2,Logistic Regression,0.5,0.5,0.5,0.5
F_peak_3d_8rm,all,norm2,Logistic Regression,0.5,0.5,0.5,0.5
F_peak_3d_8rm,all,norm2,KNN,0.8267,0.6886,0.49,0.5
F_de_3d_2area,all,norm2,Logistic Regression,0.5,0.5,0.5,0.5
F_mean_3d_C4,gamma,norm3,Linear SVM,0.5267,0.5038,0.48,0.5
F_peak_3d_8rm,alpha,norm2,Logistic Regression,0.5,0.5,0.5,0.5
F_mean_3d_C4,gamma,norm3,Logistic Regression,0.5,0.5,0.5,0.5
F_peak_3d_3area,theta,norm2,Logistic Regression,0.5,0.5,0.5,0.5
F_de_3d_2area,alpha,norm2,Logistic Regression,0.5,0.5,0.5,0.5
F_rasm_3d,theta,norm2,Logistic Regression,0.5,0.5,0.5,0.5
F_rasm_3d_8rm,beta,norm2,Random Forest,0.8333,0.68,0.47,0.5
F_mean_3d_C4,beta,norm2,Logistic Regression,0.5,0.5,0.5,0.5
F_peak_3d_3area,gamma,norm2,Logistic Regression,0.5,0.5,0.5,0.5
F_peak_3d_C3,alpha,norm2,Logistic Regression,0.5,0.5,0.5,0.5
F_peak_3d_C3,alpha,norm3,Logistic Regression,0.5,0.5,0.5,0.5
F_peak_3d_8rm,theta,norm2,Logistic Regression,0.5,0.5,0.5,0.5
F_mean_3d_C4,gamma,norm2,Logistic Regression,0.5,0.5,0.5,0.5
F_de_3d_1area,all,norm2,Linear SVM,0.5333,0.5124,0.5,0.5
F_de_3d_1area,delta,norm2,Logistic Regression,0.5,0.5,0.5,0.5
F_de_3d_1area,delta,norm3,Logistic Regression,0.5,0.5,0.5,0.5
F_peak_3d_8rm,gamma,norm2,Logistic Regression,0.5,0.5,0.5,0.5
F_de_3d_1area,gamma,None,Linear SVM,0.5133,0.5419,0.5,0.5
F_mean_3d_C4,delta,norm2,Logistic Regression,0.5,0.5,0.5,0.5
F_peak_3d_8rm,delta,norm2,Logistic Regression,0.5,0.5,0.5,0.5
F_peak_3d_8rm,delta,norm2,Linear SVM,0.4867,0.4924,0.51,0.5
F_peak_3d_8rm,delta,norm2,KNN,0.8467,0.7124,0.48,0.5
F_dasm_3d_10rm,delta,norm2,Logistic Regression,0.5,0.5,0.5,0.5
F_de_3d_1area,gamma,norm2,Logistic Regression,0.5,0.5,0.5,0.5
F_mean_3d_C4,delta,norm3,Logistic Regression,0.5,0.5,0.5,0.5
F_mean_3d_C4,gamma,norm2,Linear SVM,0.5267,0.5038,0.48,0.5
F_peak_3d_8rm,beta,norm3,Ensemble (Majority Vote),0.7867,0.7305,0.46,0.5
F_peak_3d_8rm,beta,norm2,Logistic Regression,0.5,0.5,0.5,0.5
F_mean_3d_C4,gamma,None,Ensemble (Majority Vote),0.6467,0.6219,0.5,0.5
F_de_3d_T8,gamma,norm3,Logistic Regression,0.5,0.5,0.5,0.5
F_rasm_3d,gamma,norm2,Logistic Regression,0.5,0.5,0.5,0.5
F_rasm_3d,theta,None,KNN,0.8733,0.7181,0.52,0.5
F_de_3d_1area,gamma,norm3,Logistic Regression,0.5,0.5,0.5,0.5
F_de_3d_T8,theta,norm2,Logistic Regression,0.5,0.5,0.5,0.5
F_de_3d_1area,beta,norm3,Logistic Regression,0.5,0.5,0.5,0.5
F_de_3d_1area,beta,None,KNN,0.8467,0.7171,0.46,0.5
F_mean_3d_C4,theta,norm2,Logistic Regression,0.5,0.5,0.5,0.5
F_peak_3d_3area,delta,norm2,Logistic Regression,0.5,0.5,0.5,0.5
F_rasm_3d_8rm,delta,norm2,Logistic Regression,0.5,0.5,0.5,0.5
F_peak_3d_2area,gamma,norm2,XGBoost,0.6733,0.5705,0.54,0.5
F_peak_3d_2area,gamma,norm2,Logistic Regression,0.5,0.5,0.5,0.5
F_peak_3d_C3,theta,norm2,Logistic Regression,0.5,0.5,0.5,0.5
F_rasm_3d19,all,norm2,Logistic Regression,0.5,0.5,0.5,0.5
F_de_3d_T8,theta,norm3,Logistic Regression,0.5,0.5,0.5,0.5
F_rasm_3d_8rm,delta,norm2,Ensemble (Majority Vote),0.7733,0.679,0.53,0.5
F_peak_3d_2area,delta,norm2,Logistic Regression,0.5,0.5,0.5,0.5
F_mean_3d_Cz,alpha,norm2,Logistic Regression,0.5,0.5,0.5,0.5
F_peak_3d_C3,theta,norm3,Logistic Regression,0.5,0.5,0.5,0.5
F_mean_3d_C4,all,norm2,Logistic Regression,0.5,0.5,0.5,0.5
F_peak_3d_C3,beta,norm2,Logistic Regression,0.5,0.5,0.5,0.5
F_peak_3d_C4,all,norm2,Ensemble (Majority Vote),0.8467,0.7114,0.51,0.5
F_peak_3d_C4,all,norm2,Linear SVM,0.52,0.5095,0.49,0.5
F_dasm_3d_10rm,beta,norm2,Logistic Regression,0.5,0.5,0.5,0.5
F_peak_3d_2area,beta,norm2,Logistic Regression,0.5,0.5,0.5,0.5
F_mean_3d_Cz,alpha,norm3,Logistic Regression,0.5,0.5,0.5,0.5
F_de_3d_3area,all,norm2,Logistic Regression,0.5,0.5,0.5,0.5
F_peak_3d_C4,all,norm2,Logistic Regression,0.5,0.5,0.5,0.5
F_de_3d_1area,all,norm2,Logistic Regression,0.5,0.5,0.5,0.5
F_peak_3d_2area,alpha,norm2,Logistic Regression,0.5,0.5,0.5,0.5
F_de_3d_1area,alpha,norm2,Logistic Regression,0.5,0.5,0.5,0.5
F_de_3d_2area,theta,norm2,Logistic Regression,0.5,0.5,0.5,0.5
F_peak_3d_2area,theta,norm2,Logistic Regression,0.5,0.5,0.5,0.5
F_peak_3d_C3,gamma,norm3,Logistic Regression,0.5,0.5,0.5,0.5
F_de_3d_2area,beta,norm2,Logistic Regression,0.5,0.5,0.5,0.5
F_mean_3d_C4,theta,norm3,Logistic Regression,0.5,0.5,0.5,0.5
F_peak_3d_3area,beta,norm2,Logistic Regression,0.5,0.5,0.5,0.5
F_peak_3d_C3,beta,norm3,Logistic Regression,0.5,0.5,0.5,0.5
F_rasm_3d_8rm,beta,norm2,Logistic Regression,0.5,0.5,0.5,0.5
F_de_3d_2area,beta,norm3,KNN,0.8667,0.6876,0.57,0.5
F_peak_3d_C3,delta,None,KNN,0.8533,0.7162,0.47,0.5
F_de_3d_1area,alpha,norm3,Logistic Regression,0.5,0.5,0.5,0.5
F_mean_3d_Cz,all,norm2,Logistic Regression,0.5,0.5,0.5,0.5
F_de_3d_T8,gamma,norm2,Logistic Regression,0.5,0.5,0.5,0.5
F_de_3d_2area,delta,norm2,Logistic Regression,0.5,0.5,0.5,0.5
F_peak_3d_3area,alpha,norm2,Logistic Regression,0.5,0.5,0.5,0.5
F_mean_3d_C4,alpha,norm3,Logistic Regression,0.5,0.5,0.5,0.5
F_peak_3d_C3,delta,norm2,Logistic Regression,0.5,0.5,0.5,0.5
F_de_3d_2area,gamma,norm2,Logistic Regression,0.5,0.5,0.5,0.5
F_peak_3d_3area,all,norm2,Logistic Regression,0.5,0.5,0.5,0.5
F_peak_3d_C3,delta,norm3,Logistic Regression,0.5,0.5,0.5,0.5
F_mean_3d_C4,alpha,norm2,Logistic Regression,0.5,0.5,0.5,0.5
F_peak_3d_C3,gamma,norm2,Logistic Regression,0.5,0.5,0.5,0.5
F_mean_3d_F3,alpha,norm3,Linear SVM,0.4867,0.499,0.52,0.5
F_peak_3d19,gamma,norm2,Linear SVM,0.5583,0.5179,0.4625,0.5
F_median_3d_Fp2,delta,norm2,Logistic Regression,0.5,0.5,0.5,0.5
F_de_3d_T7,delta,norm3,Logistic Regression,0.5,0.5,0.5,0.5
F_mean_3d_F4,theta,norm3,Logistic Regression,0.5,0.5,0.5,0.5
F_median_3d_T7,alpha,norm3,XGBoost,0.5733,0.5419,0.52,0.5
F_median_3d_T7,alpha,norm3,Logistic Regression,0.5,0.5,0.5,0.5
F_median_3d_T7,alpha,norm2,XGBoost,0.5733,0.5419,0.52,0.5
F_median_3d_T7,alpha,norm2,Logistic Regression,0.5,0.5,0.5,0.5
F_mean_3d_F7,all,None,Ensemble (Majority Vote),0.7867,0.7114,0.52,0.5
F_de_3d_C4,beta,norm3,Logistic Regression,0.5,0.5,0.5,0.5
F_mean_3d,beta,norm2,Logistic Regression,0.5,0.5,0.5,0.5
F_rasm_3d_8rm,alpha,norm2,Logistic Regression,0.5,0.5,0.5,0.5
F_median_3d_T7,all,norm2,Logistic Regression,0.5,0.5,0.5,0.5
F_peak_3d_F3,gamma,norm3,Logistic Regression,0.5,0.5,0.5,0.5
F_median_3d_T7,all,norm2,Linear SVM,0.4733,0.4905,0.52,0.5
F_median_3d_Fz,theta,norm3,Logistic Regression,0.5,0.5,0.5,0.5
F_median_3d_Fz,theta,norm3,Linear SVM,0.5133,0.499,0.48,0.5
F_median_3d_Fz,theta,norm3,KNN,0.8467,0.6905,0.49,0.5
F_peak_3d_F3,theta,norm2,Logistic Regression,0.5,0.5,0.5,0.5
F_median_3d_Fz,theta,norm2,Logistic Regression,0.5,0.5,0.5,0.5
F_median_3d_Fz,theta,norm2,Linear SVM,0.5133,0.499,0.48,0.5
F_median_3d_Fz,theta,norm2,KNN,0.8467,0.6905,0.49,0.5
F_mean_3d_8rm,theta,norm2,Logistic Regression,0.5,0.5,0.5,0.5
F_de_3d_C4,beta,norm2,Logistic Regression,0.5,0.5,0.5,0.5
F_median_3d_T7,beta,norm2,Logistic Regression,0.5,0.5,0.5,0.5
F_de_3d_T7,gamma,norm3,Logistic Regression,0.5,0.5,0.5,0.5
F_peak_3d_F3,delta,norm2,Logistic Regression,0.5,0.5,0.5,0.5
F_mean_3d_F4,delta,norm3,Logistic Regression,0.5,0.5,0.5,0.5
F_de_3d_T7,gamma,norm2,Logistic Regression,0.5,0.5,0.5,0.5
F_median_3d_T8,all,norm2,Logistic Regression,0.5,0.5,0.5,0.5
F_mean_3d_F4,gamma,norm2,Logistic Regression,0.5,0.5,0.5,0.5
F_peak_3d_F3,beta,norm3,Logistic Regression,0.5,0.5,0.5,0.5
F_de_3d_C4,alpha,norm2,Logistic Regression,0.5,0.5,0.5,0.5
F_median_3d_T7,theta,norm3,Logistic Regression,0.5,0.5,0.5,0.5
F_median_3d_T7,theta,norm2,Logistic Regression,0.5,0.5,0.5,0.5
F_median_3d_T7,theta,None,Linear SVM,0.52,0.5467,0.51,0.5
F_mean_3d_F4,gamma,norm3,Logistic Regression,0.5,0.5,0.5,0.5
F_median_3d_T7,beta,norm3,Logistic Regression,0.5,0.5,0.5,0.5
F_median_3d_T7,gamma,norm3,Logistic Regression,0.5,0.5,0.5,0.5
F_de_3d_C4,alpha,norm3,Logistic Regression,0.5,0.5,0.5,0.5
F_median_3d_T7,gamma,norm2,Logistic Regression,0.5,0.5,0.5,0.5
F_peak_3d_F3,delta,norm3,Logistic Regression,0.5,0.5,0.5,0.5
F_median_3d_T7,delta,norm3,Logistic Regression,0.5,0.5,0.5,0.5
F_mean_3d_F4,theta,norm2,Logistic Regression,0.5,0.5,0.5,0.5
F_median_3d_T7,delta,norm2,Logistic Regression,0.5,0.5,0.5,0.5
F_mean_3d_C3,all,norm2,Logistic Regression,0.5,0.5,0.5,0.5
F_peak_3d_F3,gamma,norm2,Logistic Regression,0.5,0.5,0.5,0.5
F_de_3d_C4,delta,norm2,Logistic Regression,0.5,0.5,0.5,0.5
F_median_3d_Fz,gamma,norm3,Logistic Regression,0.5,0.5,0.5,0.5
F_mean_3d_F7,all,norm2,Logistic Regression,0.5,0.5,0.5,0.5
F_mean_3d_Fp2,delta,norm3,Logistic Regression,0.5,0.5,0.5,0.5
F_median_3d_Fz,all,norm2,Logistic Regression,0.5,0.5,0.5,0.5
F_mean_3d_F7,alpha,norm3,Logistic Regression,0.5,0.5,0.5,0.5
F_de_3d_T7,beta,norm3,XGBoost,0.5,0.5,0.5,0.5
F_de_3d_C4,theta,norm3,Logistic Regression,0.5,0.5,0.5,0.5
F_de_3d_T7,beta,norm3,Logistic Regression,0.5,0.5,0.5,0.5
F_mean_3d,gamma,norm2,Logistic Regression,0.5,0.5,0.5,0.5
F_median_3d_Fp2,theta,norm3,Logistic Regression,0.5,0.5,0.5,0.5
F_peak_3d_F4,alpha,norm3,Logistic Regression,0.5,0.5,0.5,0.5
F_median_3d_Fp2,theta,norm2,Logistic Regression,0.5,0.5,0.5,0.5
F_mean_3d_8rm,delta,norm2,Logistic Regression,0.5,0.5,0.5,0.5
F_peak_3d_F3,theta,norm3,Logistic Regression,0.5,0.5,0.5,0.5
F_median_3d_Fp2,theta,None,Logistic Regression,0.52,0.5552,0.47,0.5
F_median_3d_Fp2,gamma,norm3,Logistic Regression,0.5,0.5,0.5,0.5
F_median_3d_Fp2,gamma,norm2,Logistic Regression,0.5,0.5,0.5,0.5
F_peak_3d_F4,beta,norm2,Logistic Regression,0.5,0.5,0.5,0.5
F_rasm_3d_10rm,all,norm2,Logistic Regression,0.5,0.5,0.5,0.5
F_mean_3d_F7,beta,norm2,Logistic Regression,0.5,0.5,0.5,0.5
F_median_3d_Fp2,delta,norm3,XGBoost,0.64,0.5714,0.52,0.5
F_median_3d_Fp2,delta,norm3,Logistic Regression,0.5,0.5,0.5,0.5
F_median_3d_Fp2,delta,norm2,XGBoost,0.64,0.5714,0.52,0.5
F_de_3d_C4,theta,norm2,Logistic Regression,0.5,0.5,0.5,0.5
F_rasm_3d_10rm,all,None,Linear SVM,0.6267,0.5752,0.49,0.5
F_peak_3d_F4,alpha,norm2,Logistic Regression,0.5,0.5,0.5,0.5
F_de_3d_C4,gamma,norm3,Logistic Regression,0.5,0.5,0.5,0.5
F_rasm_3d19,theta,norm2,Logistic Regression,0.5,0.5,0.5,0.5
F_median_3d_Fz,gamma,norm2,Logistic Regression,0.5,0.5,0.5,0.5
F_mean_3d,delta,norm2,Logistic Regression,0.5,0.5,0.5,0.5
F_de_3d_10rm,alpha,norm2,Logistic Regression,0.5,0.5,0.5,0.5
F_de_3d_C4,delta,norm3,Logistic Regression,0.5,0.5,0.5,0.5
F_median_3d_Fz,delta,norm3,Logistic Regression,0.5,0.5,0.5,0.5
F_median_3d_Fz,delta,norm2,Logistic Regression,0.5,0.5,0.5,0.5
F_mean_3d,delta,norm3,XGBoost,0.9733,0.8667,0.49,0.5
F_median_3d_Fz,beta,norm3,Logistic Regression,0.5,0.5,0.5,0.5
F_peak_3d_F4,all,norm2,Logistic Regression,0.5,0.5,0.5,0.5
F_median_3d_Fz,beta,norm2,Logistic Regression,0.5,0.5,0.5,0.5
F_mean_3d_8rm,gamma,norm2,Logistic Regression,0.5,0.5,0.5,0.5
F_de_3d_10rm,all,norm2,Logistic Regression,0.5,0.5,0.5,0.5
F_de_3d_C4,gamma,norm2,Logistic Regression,0.5,0.5,0.5,0.5
F_mean_3d_8rm,gamma,None,XGBoost,0.92,0.8,0.5,0.5
F_median_3d_Fz,alpha,norm3,Logistic Regression,0.5,0.5,0.5,0.5
F_median_3d_Fz,alpha,norm2,Logistic Regression,0.5,0.5,0.5,0.5
F_de_3d_T7,delta,norm2,Logistic Regression,0.5,0.5,0.5,0.5
F_mean_3d_F7,alpha,norm2,Logistic Regression,0.5,0.5,0.5,0.5
F_dasm_3d_10rm,all,norm2,KNN,0.8533,0.6781,0.52,0.5
F_mean_3d_F4,delta,norm2,Logistic Regression,0.5,0.5,0.5,0.5
F_mean_3d_F3,alpha,norm3,Logistic Regression,0.5,0.5,0.5,0.5
F_mean_3d_F3,gamma,norm2,Logistic Regression,0.5,0.5,0.5,0.5
F_mean_3d_F3,delta,norm3,Logistic Regression,0.5,0.5,0.5,0.5
F_peak_3d_Cz,gamma,norm2,Logistic Regression,0.5,0.5,0.5,0.5
F_mean_3d_C3,beta,norm2,Logistic Regression,0.5,0.5,0.5,0.5
F_peak_3d,theta,norm3,XGBoost,0.9067,0.8276,0.52,0.5
F_peak_3d_Cz,gamma,norm3,Logistic Regression,0.5,0.5,0.5,0.5
F_de_3d_C3,alpha,norm2,Logistic Regression,0.5,0.5,0.5,0.5
F_peak_3d,theta,norm2,Logistic Regression,0.5,0.5,0.5,0.5
F_peak_3d,theta,None,KNN,0.9733,0.8771,0.5,0.5
F_de_3d_C3,alpha,norm3,Logistic Regression,0.5,0.5,0.5,0.5
F_peak_3d,gamma,norm2,Logistic Regression,0.5,0.5,0.5,0.5
F_peak_3d_Cz,delta,norm3,Logistic Regression,0.5,0.5,0.5,0.5
F_peak_3d_Cz,theta,norm2,Logistic Regression,0.5,0.5,0.5,0.5
F_peak_3d_Cz,theta,norm2,XGBoost,0.5733,0.5581,0.51,0.5
F_de_3d_C3,beta,norm2,Logistic Regression,0.5,0.5,0.5,0.5
F_mean_3d_F3,gamma,norm3,Logistic Regression,0.5,0.5,0.5,0.5
F_peak_3d,delta,norm2,Logistic Regression,0.5,0.5,0.5,0.5
F_de_3d_10rm,gamma,norm2,Logistic Regression,0.5,0.5,0.5,0.5
F_peak_3d_Cz,theta,norm3,Logistic Regression,0.5,0.5,0.5,0.5
F_de_3d_C3,beta,norm3,Logistic Regression,0.5,0.5,0.5,0.5
F_peak_3d_Cz,theta,norm3,XGBoost,0.5733,0.5581,0.51,0.5
F_peak_3d19,all,norm2,Logistic Regression,0.5,0.5,0.5,0.5
F_mean_3d_F3,delta,norm2,Logistic Regression,0.5,0.5,0.5,0.5
F_median_3d_T8,alpha,norm2,Logistic Regression,0.5,0.5,0.5,0.5
F_mean_3d,alpha,norm2,XGBoost,0.9533,0.779,0.5,0.5
F_de_3d_T8,alpha,norm3,Logistic Regression,0.5,0.5,0.5,0.5
F_mean_3d_C3,delta,norm2,Logistic Regression,0.5,0.5,0.5,0.5
F_de_3d_8rm,gamma,norm2,Logistic Regression,0.5,0.5,0.5,0.5
F_peak_3d_Cz,beta,norm2,Logistic Regression,0.5,0.5,0.5,0.5
F_mean_3d_F3,beta,norm2,Logistic Regression,0.5,0.5,0.5,0.5
F_peak_3d19,delta,norm2,Logistic Regression,0.5,0.5,0.5,0.5
F_rasm_3d,delta,norm2,Logistic Regression,0.5,0.5,0.5,0.5
F_peak_3d_Cz,beta,norm3,Logistic Regression,0.5,0.5,0.5,0.5
F_de_3d_8rm,theta,norm2,Logistic Regression,0.5,0.5,0.5,0.5
F_mean_3d_F3,beta,norm3,Logistic Regression,0.5,0.5,0.5,0.5
F_rasm_3d19,delta,norm3,KNN,0.85,0.7333,0.475,0.5
F_peak_3d19,beta,norm2,Logistic Regression,0.5,0.5,0.5,0.5
F_de_3d_C3,all,norm2,Logistic Regression,0.5,0.5,0.5,0.5
F_de_3d_C3,all,norm2,Random Forest,0.86,0.6867,0.49,0.5
F_rasm_3d19,delta,norm2,Logistic Regression,0.5,0.5,0.5,0.5
F_de_3d_T8,alpha,norm2,Logistic Regression,0.5,0.5,0.5,0.5
F_peak_3d19,alpha,norm2,Logistic Regression,0.5,0.5,0.5,0.5
F_de_3d_10rm,gamma,norm3,Ensemble (Majority Vote),0.8533,0.78,0.5,0.5
F_peak_3d_Cz,delta,norm2,Logistic Regression,0.5,0.5,0.5,0.5
F_mean_3d_C3,beta,norm3,Logistic Regression,0.5,0.5,0.5,0.5
F_de_3d_C3,delta,None,Ensemble (Majority Vote),0.6733,0.6314,0.51,0.5
F_mean_3d_C3,beta,None,KNN,0.8533,0.7029,0.5,0.5
F_mean_3d_F3,theta,norm2,Logistic Regression,0.5,0.5,0.5,0.5
F_mean_3d_F4,beta,norm2,Linear SVM,0.4933,0.4895,0.49,0.5
F_median_3d_T8,gamma,norm3,Logistic Regression,0.5,0.5,0.5,0.5
F_median_3d_T8,gamma,norm2,Logistic Regression,0.5,0.5,0.5,0.5
F_de_3d_C3,theta,norm3,Logistic Regression,0.5,0.5,0.5,0.5
F_median_3d_T8,delta,norm3,Logistic Regression,0.5,0.5,0.5,0.5
F_dasm_3d_10rm,all,norm2,XGBoost,0.96,0.8343,0.47,0.5
F_median_3d_T8,delta,norm2,Logistic Regression,0.5,0.5,0.5,0.5
F_peak_3d_F3,alpha,norm3,Logistic Regression,0.5,0.5,0.5,0.5
F_de_3d_10rm,delta,norm2,Logistic Regression,0.5,0.5,0.5,0.5
F_de_3d_10rm,beta,norm2,Logistic Regression,0.5,0.5,0.5,0.5
F_median_3d_T8,beta,norm3,Logistic Regression,0.5,0.5,0.5,0.5
F_peak_3d,beta,norm2,Logistic Regression,0.5,0.5,0.5,0.5
F_mean_3d_F4,beta,norm2,Logistic Regression,0.5,0.5,0.5,0.5
F_median_3d_T8,beta,norm2,Logistic Regression,0.5,0.5,0.5,0.5
F_mean_3d_F4,beta,norm3,Linear SVM,0.4933,0.4895,0.49,0.5
F_de_3d_C4,all,norm2,Logistic Regression,0.5,0.5,0.5,0.5
F_rasm_3d19,gamma,norm2,Logistic Regression,0.5,0.5,0.5,0.5
F_dasm_3d_10rm,all,norm2,Logistic Regression,0.5,0.5,0.5,0.5
F_mean_3d_F4,beta,norm3,Logistic Regression,0.5,0.5,0.5,0.5
F_median_3d_T8,alpha,norm3,Logistic Regression,0.5,0.5,0.5,0.5
F_peak_3d_F3,beta,norm2,Logistic Regression,0.5,0.5,0.5,0.5
F_mean_3d_F4,alpha,norm3,Logistic Regression,0.5,0.5,0.5,0.5
F_median_3d_T8,theta,None,KNN,0.8667,0.7181,0.49,0.5
F_peak_3d_F3,alpha,norm2,Logistic Regression,0.5,0.5,0.5,0.5
F_mean_3d_C3,alpha,norm2,Logistic Regression,0.5,0.5,0.5,0.5
F_mean_3d_F3,theta,norm3,Logistic Regression,0.5,0.5,0.5,0.5
F_de_3d_T8,all,norm2,Logistic Regression,0.5,0.5,0.5,0.5
F_de_3d_C3,delta,norm2,Logistic Regression,0.5,0.5,0.5,0.5
F_peak_3d,beta,None,KNN,0.9733,0.8905,0.53,0.5
F_peak_3d_F3,all,norm2,Logistic Regression,0.5,0.5,0.5,0.5
F_de_3d_C3,delta,norm3,Logistic Regression,0.5,0.5,0.5,0.5
F_mean_3d_F4,all,norm2,Logistic Regression,0.5,0.5,0.5,0.5
F_peak_3d,alpha,norm2,Logistic Regression,0.5,0.5,0.5,0.5
F_de_3d_C3,gamma,norm2,Logistic Regression,0.5,0.5,0.5,0.5
F_mean_3d_C3,alpha,norm3,Logistic Regression,0.5,0.5,0.5,0.5
F_de_3d_T7,theta,norm3,Logistic Regression,0.5,0.5,0.5,0.5
F_de_3d_C3,gamma,norm3,Logistic Regression,0.5,0.5,0.5,0.5
F_peak_3d,all,norm2,Logistic Regression,0.5,0.5,0.5,0.5
F_de_3d_C3,theta,norm2,Logistic Regression,0.5,0.5,0.5,0.5
F_de_3d_T7,theta,norm2,Logistic Regression,0.5,0.5,0.5,0.5
F_median_3d_T8,theta,norm3,Logistic Regression,0.5,0.5,0.5,0.5
F_mean_3d_F4,alpha,None,XGBoost,0.66,0.6095,0.53,0.5
F_median_3d_T8,theta,norm2,Logistic Regression,0.5,0.5,0.5,0.5
F_mean_3d_F4,alpha,norm2,Logistic Regression,0.5,0.5,0.5,0.5
F_mean_3d_Fp2,delta,norm3,Linear SVM,0.4667,0.4943,0.53,0.5
F_de_3d_Fz,theta,norm3,Logistic Regression,0.5,0.5,0.5,0.5
F_de_3d_F7,alpha,norm3,Logistic Regression,0.5,0.5,0.5,0.5
F_rasm_3d_3area,delta,norm2,Ensemble (Majority Vote),0.6533,0.6381,0.51,0.5
F_rasm_3d_3area,gamma,norm3,Linear SVM,0.54,0.5171,0.49,0.5
F_dasm_3d_3area,theta,norm3,Logistic Regression,0.5,0.5,0.5,0.5
F_peak_3d_T7,delta,norm3,Logistic Regression,0.5,0.5,0.5,0.5
F_median_3d_8rm,beta,norm2,Logistic Regression,0.5,0.5,0.5,0.5
F_de_3d_Fp1,delta,None,Ensemble (Majority Vote),0.6667,0.6305,0.53,0.5
F_de_3d_F7,delta,norm2,Linear SVM,0.5,0.499,0.5,0.5
F_de_3d_F8,gamma,norm3,Logistic Regression,0.5,0.5,0.5,0.5
F_mean_3d_1area,beta,norm3,Logistic Regression,0.5,0.5,0.5,0.5
F_mean_3d_10rm,alpha,norm2,Logistic Regression,0.5,0.5,0.5,0.5
F_median_3d_3area,all,norm2,Logistic Regression,0.5,0.5,0.5,0.5
F_peak_3d_Fp2,theta,norm2,Logistic Regression,0.5,0.5,0.5,0.5
F_mean_3d_Fp2,theta,norm3,XGBoost,0.58,0.5838,0.55,0.5
F_median_3d,delta,norm3,KNN,0.98,0.8724,0.47,0.5
F_peak_3d_T8,alpha,norm2,Logistic Regression,0.5,0.5,0.5,0.5
F_mean_3d_T8,beta,norm3,Logistic Regression,0.5,0.5,0.5,0.5
F_median_3d_1area,delta,norm3,Logistic Regression,0.5,0.5,0.5,0.5
F_median_3d,delta,norm3,Ensemble (Majority Vote),0.9333,0.8457,0.51,0.5
F_mean_3d_10rm,beta,norm3,KNN,0.9533,0.8581,0.49,0.5
F_peak_3d_T8,alpha,norm3,Logistic Regression,0.5,0.5,0.5,0.5
F_mean_3d_Fz,beta,norm3,Logistic Regression,0.5,0.5,0.5,0.5
F_mean_3d_T8,gamma,norm2,Logistic Regression,0.5,0.5,0.5,0.5
F_median_3d19,alpha,norm2,Logistic Regression,0.5,0.5,0.5,0.5
F_median_3d,gamma,norm2,Logistic Regression,0.5,0.5,0.5,0.5
F_median_3d19,alpha,norm2,Ensemble (Majority Vote),0.9,0.7774,0.5125,0.5
F_median_3d_10rm,all,norm3,XGBoost,1.0,0.9686,0.52,0.5
F_median_3d_1area,all,norm2,Linear SVM,0.5133,0.499,0.46,0.5
F_rasm_3d_3area,gamma,norm3,Logistic Regression,0.5,0.5,0.5,0.5
F_de_3d_F8,delta,norm3,Logistic Regression,0.5,0.5,0.5,0.5
F_de_3d_Fp1,beta,norm3,Logistic Regression,0.5,0.5,0.5,0.5
F_de_3d_Fp2,alpha,norm2,Linear SVM,0.4933,0.4952,0.5,0.5
F_median_3d_3area,alpha,norm2,Logistic Regression,0.5,0.5,0.5,0.5
F_peak_3d_Fp2,theta,norm3,Logistic Regression,0.5,0.5,0.5,0.5
F_mean_3d_T7,alpha,norm2,Linear SVM,0.4933,0.4943,0.51,0.5
F_mean_3d_T7,gamma,norm3,Logistic Regression,0.5,0.5,0.5,0.5
F_de_3d_Fp2,beta,norm2,Logistic Regression,0.5,0.5,0.5,0.5
F_mean_3d_10rm,gamma,norm2,KNN,0.86,0.7,0.52,0.5
F_de_3d_F7,beta,norm3,Logistic Regression,0.5,0.5,0.5,0.5
F_de_3d_Fp2,theta,norm3,Logistic Regression,0.5,0.5,0.5,0.5
F_median_3d_10rm,all,norm3,Logistic Regression,0.9533,0.8848,0.49,0.5
F_median_3d_10rm,all,norm2,XGBoost,0.9933,0.939,0.43,0.5
F_rasm_3d_3area,delta,norm3,Logistic Regression,0.5,0.5,0.5,0.5
F_de_3d_Fp2,alpha,norm2,Logistic Regression,0.5,0.5,0.5,0.5
F_dasm_3d_3area,delta,norm2,Logistic Regression,0.5,0.5,0.5,0.5
F_median_3d_10rm,all,norm2,Logistic Regression,0.5,0.5,0.5,0.5
F_mean_3d_Fp2,theta,norm2,Logistic Regression,0.5,0.5,0.5,0.5
F_de_3d_Fp1,delta,norm2,Logistic Regression,0.5,0.5,0.5,0.5
F_de_3d_Fp2,beta,norm3,Logistic Regression,0.5,0.5,0.5,0.5
F_median_3d_2area,theta,norm2,Logistic Regression,0.5,0.5,0.5,0.5
F_median_3d_1area,gamma,norm2,Logistic Regression,0.5,0.5,0.5,0.5
F_mean_3d_T8,all,norm2,Logistic Regression,0.5,0.5,0.5,0.5
F_median_3d_10rm,all,norm2,KNN,0.7,0.6438,0.56,0.5
F_peak_3d_Fz,delta,norm3,Logistic Regression,0.5,0.5,0.5,0.5
F_mean_3d_T8,gamma,norm3,Logistic Regression,0.5,0.5,0.5,0.5
F_median_3d_8rm,gamma,None,Random Forest,0.82,0.759,0.54,0.5
F_de_3d_F4,theta,norm2,Logistic Regression,0.5,0.5,0.5,0.5
F_median_3d19,beta,norm2,Logistic Regression,0.5,0.5,0.5,0.5
F_mean_3d_Fz,delta,norm3,Logistic Regression,0.5,0.5,0.5,0.5
F_de_3d_F7,gamma,norm2,Logistic Regression,0.5,0.5,0.5,0.5
F_peak_3d_Fp2,gamma,norm3,Logistic Regression,0.5,0.5,0.5,0.5
F_de_3d_Fp2,beta,norm3,XGBoost,0.5867,0.5819,0.51,0.5
F_rasm_3d_8rm,theta,None,Ensemble (Majority Vote),0.7867,0.659,0.48,0.5
F_mean_3d_Fp2,theta,norm2,XGBoost,0.58,0.5838,0.55,0.5
F_mean_3d_Fz,delta,norm2,Logistic Regression,0.5,0.5,0.5,0.5
F_de_3d_F7,gamma,None,KNN,0.86,0.6981,0.49,0.5
F_peak_3d_T8,theta,norm2,Logistic Regression,0.5,0.5,0.5,0.5
F_median_3d,delta,norm2,Logistic Regression,0.5,0.5,0.5,0.5
F_de_3d_F4,theta,norm3,Logistic Regression,0.5,0.5,0.5,0.5
F_median_3d19,beta,None,Logistic Regression,0.725,0.7071,0.5125,0.5
F_mean_3d_10rm,alpha,None,XGBoost,0.9,0.8152,0.56,0.5
F_de_3d_Fp2,beta,norm2,XGBoost,0.5867,0.5819,0.51,0.5
F_de_3d_F7,delta,norm2,Logistic Regression,0.5,0.5,0.5,0.5
F_mean_3d_10rm,gamma,norm2,Logistic Regression,0.5,0.5,0.5,0.5
F_mean_3d_Fp2,theta,norm3,Logistic Regression,0.5,0.5,0.5,0.5
F_peak_3d_Fz,delta,norm2,Logistic Regression,0.5,0.5,0.5,0.5
F_de_3d_F8,alpha,norm2,Logistic Regression,0.5,0.5,0.5,0.5
F_de_3d_Fp2,alpha,norm3,Linear SVM,0.4933,0.4952,0.5,0.5
F_de_3d_F7,delta,norm3,Linear SVM,0.5,0.499,0.5,0.5
F_de_3d_Fp2,alpha,norm3,Logistic Regression,0.5,0.5,0.5,0.5
F_dasm_3d_8rm,beta,norm2,Logistic Regression,0.5,0.5,0.5,0.5
F_de_3d_F7,delta,norm3,Logistic Regression,0.5,0.5,0.5,0.5
F_mean_3d_T8,theta,None,Linear SVM,0.4867,0.521,0.53,0.5
F_de_3d_F8,beta,norm3,Logistic Regression,0.5,0.5,0.5,0.5
F_mean_3d_1area,beta,norm2,Logistic Regression,0.5,0.5,0.5,0.5
F_peak_3d_T8,theta,norm3,Logistic Regression,0.5,0.5,0.5,0.5
F_median_3d_1area,all,norm2,Logistic Regression,0.5,0.5,0.5,0.5
F_de_3d_Fp1,alpha,norm3,Logistic Regression,0.5,0.5,0.5,0.5
F_median_3d,theta,norm2,Ensemble (Majority Vote),0.8667,0.7495,0.49,0.5
F_de_3d_F7,beta,None,Random Forest,0.7133,0.6352,0.5,0.5
F_mean_3d_T7,alpha,norm3,Logistic Regression,0.5,0.5,0.5,0.5
F_de_3d_F7,alpha,norm2,Logistic Regression,0.5,0.5,0.5,0.5
F_de_3d_Fp2,theta,norm2,Logistic Regression,0.5,0.5,0.5,0.5
F_de_3d_Fp2,gamma,norm3,Logistic Regression,0.5,0.5,0.5,0.5
F_median_3d_3area,delta,norm3,XGBoost,0.7733,0.6714,0.51,0.5
F_median_3d_3area,delta,norm3,Random Forest,0.82,0.6971,0.51,0.5
F_de_3d_F4,gamma,norm2,Linear SVM,0.5,0.5067,0.5,0.5
F_dasm_3d_3area,alpha,None,Linear SVM,0.5267,0.5343,0.48,0.5
F_de_3d_Fp1,beta,norm2,Logistic Regression,0.5,0.5,0.5,0.5
F_dasm_3d_3area,beta,norm3,Logistic Regression,0.5,0.5,0.5,0.5
F_rasm_3d_3area,delta,norm2,Logistic Regression,0.5,0.5,0.5,0.5
F_dasm_3d_8rm,alpha,norm2,Logistic Regression,0.5,0.5,0.5,0.5
F_mean_3d_Fz,alpha,norm3,Logistic Regression,0.5,0.5,0.5,0.5
F_median_3d_3area,delta,norm2,Logistic Regression,0.5,0.5,0.5,0.5
F_mean_3d_T7,alpha,norm3,Linear SVM,0.4933,0.4943,0.51,0.5
F_dasm_3d_8rm,all,norm2,Logistic Regression,0.5,0.5,0.5,0.5
F_peak_3d_Fz,alpha,norm3,Logistic Regression,0.5,0.5,0.5,0.5
F_median_3d_3area,gamma,norm2,Logistic Regression,0.5,0.5,0.5,0.5
F_median_3d_1area,alpha,norm2,Logistic Regression,0.5,0.5,0.5,0.5
F_mean_3d_Fz,alpha,norm2,Logistic Regression,0.5,0.5,0.5,0.5
F_mean_3d_T8,delta,norm3,Logistic Regression,0.5,0.5,0.5,0.5
F_peak_3d_T7,beta,norm3,Logistic Regression,0.5,0.5,0.5,0.5
F_peak_3d_T8,beta,norm2,Logistic Regression,0.5,0.5,0.5,0.5
F_mean_3d_1area,theta,norm3,Logistic Regression,0.5,0.5,0.5,0.5
F_mean_3d_1area,alpha,norm3,Logistic Regression,0.5,0.5,0.5,0.5
F_peak_3d_Fz,alpha,norm2,Logistic Regression,0.5,0.5,0.5,0.5
F_peak_3d_T7,theta,norm2,Logistic Regression,0.5,0.5,0.5,0.5
F_median_3d,theta,norm3,Ensemble (Majority Vote),0.8533,0.7914,0.54,0.5
F_mean_3d_T7,theta,norm2,Logistic Regression,0.5,0.5,0.5,0.5
F_mean_3d_T7,beta,norm2,Logistic Regression,0.5,0.5,0.5,0.5
F_mean_3d_T8,gamma,None,KNN,0.8667,0.7229,0.5,0.5
F_median_3d_1area,alpha,norm3,Logistic Regression,0.5,0.5,0.5,0.5
F_median_3d,theta,norm2,Logistic Regression,0.5,0.5,0.5,0.5
F_median_3d_3area,theta,norm2,Linear SVM,0.5333,0.4971,0.52,0.5
F_mean_3d_T7,beta,norm2,Random Forest,0.6467,0.5895,0.48,0.5
F_median_3d_3area,theta,norm2,Logistic Regression,0.5,0.5,0.5,0.5
F_median_3d_1area,beta,norm2,Logistic Regression,0.5,0.5,0.5,0.5
F_median_3d_8rm,all,norm2,Logistic Regression,0.5,0.5,0.5,0.5
F_rasm_3d_3area,delta,norm3,Ensemble (Majority Vote),0.6533,0.6381,0.51,0.5
F_median_3d_1area,beta,norm3,Logistic Regression,0.5,0.5,0.5,0.5
F_mean_3d_1area,gamma,norm2,Logistic Regression,0.5,0.5,0.5,0.5
F_de_3d_F7,beta,norm2,Logistic Regression,0.5,0.5,0.5,0.5
F_de_3d_F8,gamma,norm2,Logistic Regression,0.5,0.5,0.5,0.5
F_mean_3d_T7,theta,norm3,Logistic Regression,0.5,0.5,0.5,0.5
F_mean_3d_1area,theta,norm2,Logistic Regression,0.5,0.5,0.5,0.5
F_peak_3d_T7,delta,norm2,Logistic Regression,0.5,0.5,0.5,0.5
F_rasm_3d_3area,theta,norm2,Logistic Regression,0.5,0.5,0.5,0.5
F_mean_3d_Fz,all,norm2,Logistic Regression,0.5,0.5,0.5,0.5
F_mean_3d_Fz,beta,norm2,Logistic Regression,0.5,0.5,0.5,0.5
F_peak_3d_T8,beta,norm3,Logistic Regression,0.5,0.5,0.5,0.5
F_rasm_3d_3area,all,norm2,Logistic Regression,0.5,0.5,0.5,0.5
F_median_3d_8rm,alpha,norm2,Logistic Regression,0.5,0.5,0.5,0.5
F_mean_3d_1area,alpha,norm2,Logistic Regression,0.5,0.5,0.5,0.5
F_de_3d_F7,all,norm2,Logistic Regression,0.5,0.5,0.5,0.5
F_peak_3d_Fz,beta,norm3,Logistic Regression,0.5,0.5,0.5,0.5
F_mean_3d_T7,alpha,norm2,Logistic Regression,0.5,0.5,0.5,0.5
F_mean_3d_2area,delta,norm2,Logistic Regression,0.5,0.5,0.5,0.5
F_median_3d_1area,delta,norm2,Logistic Regression,0.5,0.5,0.5,0.5
F_peak_3d_T7,beta,norm2,Logistic Regression,0.5,0.5,0.5,0.5
F_median_3d_10rm,beta,norm2,Logistic Regression,0.5,0.5,0.5,0.5
F_mean_3d_T7,beta,norm3,Logistic Regression,0.5,0.5,0.5,0.5
F_peak_3d_Fz,all,norm2,Logistic Regression,0.5,0.5,0.5,0.5
F_de_3d_Fp1,theta,norm2,Logistic Regression,0.5,0.5,0.5,0.5
F_median_3d_10rm,alpha,norm2,Logistic Regression,0.5,0.5,0.5,0.5
F_mean_3d_2area,beta,norm2,Logistic Regression,0.5,0.5,0.5,0.5
F_de_3d_F8,beta,norm2,Logistic Regression,0.5,0.5,0.5,0.5
F_mean_3d_T8,delta,norm2,Logistic Regression,0.5,0.5,0.5,0.5
F_mean_3d_10rm,beta,norm2,Logistic Regression,0.5,0.5,0.5,0.5
F_de_3d_F8,alpha,norm3,Logistic Regression,0.5,0.5,0.5,0.5
F_median_3d19,all,norm2,Logistic Regression,0.5,0.5,0.5,0.5
F_mean_3d_T7,beta,norm3,Random Forest,0.6467,0.5895,0.48,0.5
F_peak_3d_Fz,all,norm2,Random Forest,0.92,0.7352,0.49,0.5
F_median_3d,gamma,norm3,Logistic Regression,0.72,0.68,0.53,0.5
F_peak_3d_Fz,beta,norm2,Logistic Regression,0.5,0.5,0.5,0.5
F_de_3d_Fp2,gamma,norm2,Logistic Regression,0.5,0.5,0.5,0.5
F_rasm_3d_3area,alpha,norm2,Logistic Regression,0.5,0.5,0.5,0.5
F_median_3d_3area,beta,norm2,Logistic Regression,0.5,0.5,0.5,0.5
F_mean_3d_10rm,theta,None,Random Forest,0.8333,0.7514,0.5,0.5
F_de_3d_Fp1,alpha,norm2,Logistic Regression,0.5,0.5,0.5,0.5
F_median_3d_8rm,gamma,norm2,Logistic Regression,0.5,0.5,0.5,0.5
F_median_3d_8rm,delta,norm2,Logistic Regression,0.5,0.5,0.5,0.5
F_mean_3d_10rm,theta,norm2,Logistic Regression,0.5,0.5,0.5,0.5
F_median_3d19,gamma,norm2,Logistic Regression,0.5,0.5,0.5,0.5
F_de_3d_F8,all,norm2,Logistic Regression,0.5,0.5,0.5,0.5
F_de_3d_F4,gamma,norm3,Ensemble (Majority Vote),0.7,0.6029,0.5,0.5
F_median_3d_10rm,gamma,norm3,Random Forest,0.8667,0.7933,0.46,0.5
F_rasm_3d_8rm,theta,norm2,Logistic Regression,0.5,0.5,0.5,0.5
F_median_3d_2area,beta,norm2,Logistic Regression,0.5,0.5,0.5,0.5
F_mean_3d_T8,alpha,norm3,Logistic Regression,0.5,0.5,0.5,0.5
F_de_3d_F8,theta,norm3,Random Forest,0.7667,0.6105,0.53,0.5
F_de_3d_F8,theta,norm3,Logistic Regression,0.5,0.5,0.5,0.5
F_rasm_3d_3area,gamma,norm2,Linear SVM,0.54,0.5171,0.49,0.5
F_peak_3d_Fz,theta,norm3,Logistic Regression,0.5,0.5,0.5,0.5
F_rasm_3d_3area,beta,norm3,Logistic Regression,0.5,0.5,0.5,0.5
F_median_3d19,theta,norm2,Logistic Regression,0.5,0.5,0.5,0.5
F_peak_3d_Fp2,delta,norm2,Logistic Regression,0.5,0.5,0.5,0.5
F_dasm_3d_3area,delta,norm3,Logistic Regression,0.5,0.5,0.5,0.5
F_de_3d_Fp2,delta,norm2,Logistic Regression,0.5,0.5,0.5,0.5
F_median_3d,alpha,norm2,Logistic Regression,0.5,0.5,0.5,0.5
F_dasm_3d19,all,norm2,KNN,0.8583,0.6798,0.5375,0.5
F_peak_3d_Fp2,delta,norm3,Logistic Regression,0.5,0.5,0.5,0.5
F_median_3d_1area,gamma,norm3,Logistic Regression,0.5,0.5,0.5,0.5
F_dasm_3d_3area,gamma,norm3,Logistic Regression,0.5,0.5,0.5,0.5
F_de_3d_Fp1,theta,norm3,Logistic Regression,0.5,0.5,0.5,0.5
F_de_3d_F4,gamma,norm3,Logistic Regression,0.5,0.5,0.5,0.5
F_mean_3d_T8,theta,norm3,Logistic Regression,0.5,0.5,0.5,0.5
F_median_3d_1area,theta,norm2,Logistic Regression,0.5,0.5,0.5,0.5
F_dasm_3d_3area,theta,None,Ensemble (Majority Vote),0.6533,0.621,0.49,0.5
F_peak_3d_T7,alpha,norm2,Logistic Regression,0.5,0.5,0.5,0.5
F_mean_3d_Fp2,gamma,norm3,Logistic Regression,0.5,0.5,0.5,0.5
F_dasm_3d_3area,alpha,norm3,Logistic Regression,0.5,0.5,0.5,0.5
F_dasm_3d_3area,alpha,norm3,Linear SVM,0.5133,0.4971,0.49,0.5
F_peak_3d_T8,delta,norm3,Logistic Regression,0.5,0.5,0.5,0.5
F_de_3d_F4,gamma,norm3,Linear SVM,0.5,0.5067,0.5,0.5
F_mean_3d_10rm,all,norm2,Logistic Regression,0.5,0.5,0.5,0.5
F_peak_3d_Fz,theta,norm2,Logistic Regression,0.5,0.5,0.5,0.5
F_mean_3d_T7,delta,norm2,Logistic Regression,0.5,0.5,0.5,0.5
F_median_3d_1area,theta,norm3,Logistic Regression,0.5,0.5,0.5,0.5
F_median_3d_2area,beta,norm3,Random Forest,0.7533,0.6343,0.44,0.5
F_median_3d_C3,all,norm2,Logistic Regression,0.5,0.5,0.5,0.5
F_median_3d_10rm,delta,norm2,Logistic Regression,0.5,0.5,0.5,0.5
F_dasm_3d_3area,gamma,norm3,Ensemble (Majority Vote),0.5667,0.5657,0.51,0.5
F_de_3d_F7,gamma,norm3,Logistic Regression,0.5,0.5,0.5,0.5
F_mean_3d_1area,gamma,norm3,Logistic Regression,0.5,0.5,0.5,0.5
F_mean_3d_Fz,theta,norm2,Logistic Regression,0.5,0.5,0.5,0.5
F_de_3d_F8,theta,norm2,Random Forest,0.7667,0.6105,0.53,0.5
F_median_3d_2area,alpha,norm2,Logistic Regression,0.5,0.5,0.5,0.5
F_median_3d_2area,alpha,norm2,Linear SVM,0.4933,0.5029,0.49,0.5
F_median_3d_C3,alpha,norm3,Logistic Regression,0.5,0.5,0.5,0.5
F_peak_3d_T8,gamma,norm2,Logistic Regression,0.5,0.5,0.5,0.5
F_peak_3d_T7,all,norm2,Logistic Regression,0.5,0.5,0.5,0.5
F_peak_3d_Fp2,beta,norm3,Logistic Regression,0.5,0.5,0.5,0.5
F_dasm_3d_3area,gamma,norm2,Ensemble (Majority Vote),0.5667,0.5657,0.51,0.5
F_de_3d_F8,theta,norm2,Logistic Regression,0.5,0.5,0.5,0.5
F_de_3d_F7,theta,norm2,Logistic Regression,0.5,0.5,0.5,0.5
F_mean_3d_Fz,theta,norm3,Logistic Regression,0.5,0.5,0.5,0.5
F_peak_3d_T8,gamma,norm3,Logistic Regression,0.5,0.5,0.5,0.5
F_median_3d_2area,all,norm3,Ensemble (Majority Vote),0.86,0.7981,0.49,0.5
F_de_3d_F4,gamma,norm2,Logistic Regression,0.5,0.5,0.5,0.5
F_peak_3d_T8,all,norm2,Logistic Regression,0.5,0.5,0.5,0.5
F_de_3d_F7,theta,norm3,Logistic Regression,0.5,0.5,0.5,0.5
F_median_3d,all,norm3,Logistic Regression,0.9733,0.9257,0.51,0.5
F_mean_3d_2area,all,norm2,Logistic Regression,0.5,0.5,0.5,0.5
F_mean_3d_T7,delta,norm3,Logistic Regression,0.5,0.5,0.5,0.5
F_dasm_3d_8rm,delta,norm2,Logistic Regression,0.5,0.5,0.5,0.5
F_dasm_3d,gamma,norm2,Logistic Regression,0.5,0.5,0.5,0.5
F_mean_3d_Fp2,gamma,norm2,Logistic Regression,0.5,0.5,0.5,0.5
F_de_3d_Fp1,gamma,norm3,Logistic Regression,0.5,0.5,0.5,0.5
F_mean_3d_T8,alpha,norm2,Logistic Regression,0.5,0.5,0.5,0.5
F_median_3d_10rm,gamma,norm2,Logistic Regression,0.5,0.5,0.5,0.5
F_median_3d_2area,all,norm2,Logistic Regression,0.5,0.5,0.5,0.5
F_peak_3d_T7,gamma,norm3,Logistic Regression,0.5,0.5,0.5,0.5
F_dasm_3d_3area,gamma,norm2,Logistic Regression,0.5,0.5,0.5,0.5
F_dasm_3d_3area,all,norm2,Logistic Regression,0.5,0.5,0.5,0.5
F_median_3d_C3,alpha,norm2,Logistic Regression,0.5,0.5,0.5,0.5
F_de_3d_Fp1,gamma,norm2,Logistic Regression,0.5,0.5,0.5,0.5
F_de_3d_Fp2,all,norm2,Linear SVM,0.5267,0.52,0.55,0.5
F_de_3d_Fp2,all,norm2,Logistic Regression,0.5,0.5,0.5,0.5
F_dasm_3d19,all,norm2,Logistic Regression,0.5,0.5,0.5,0.5
F_rasm_3d_3area,gamma,norm2,Logistic Regression,0.5,0.5,0.5,0.5
F_dasm_3d_3area,beta,norm2,Logistic Regression,0.5,0.5,0.5,0.5
F_rasm_3d_3area,beta,norm2,Logistic Regression,0.5,0.5,0.5,0.5
F_mean_3d_T8,all,norm3,Logistic Regression,0.6,0.5848,0.5,0.5
F_median_3d_10rm,alpha,norm3,Random Forest,0.8467,0.7552,0.49,0.5
F_median_3d_10rm,theta,norm2,Logistic Regression,0.5,0.5,0.5,0.5
F_peak_3d_Fz,gamma,norm3,Random Forest,0.6667,0.5867,0.5,0.5
F_de_3d_Fp1,all,norm2,Linear SVM,0.5333,0.5057,0.47,0.5
F_dasm_3d_3area,alpha,norm2,Linear SVM,0.5133,0.4971,0.49,0.5
F_median_3d_2area,gamma,norm2,Logistic Regression,0.5,0.5,0.5,0.5
F_peak_3d_Fz,gamma,norm2,Random Forest,0.6667,0.5867,0.5,0.5
F_de_3d_Fp1,delta,norm3,Logistic Regression,0.5,0.5,0.5,0.5
F_mean_3d_Fz,gamma,norm3,Logistic Regression,0.5,0.5,0.5,0.5
F_mean_3d_Fz,gamma,norm2,Logistic Regression,0.5,0.5,0.5,0.5
F_rasm_3d_10rm,theta,norm3,Random Forest,0.78,0.701,0.52,0.5
F_peak_3d_T7,gamma,norm2,Logistic Regression,0.5,0.5,0.5,0.5
F_mean_3d_T7,gamma,norm2,Logistic Regression,0.5,0.5,0.5,0.5
F_de_3d_F8,delta,norm2,Logistic Regression,0.5,0.5,0.5,0.5
F_median_3d_8rm,theta,norm2,Logistic Regression,0.5,0.5,0.5,0.5
F_median_3d,beta,norm2,Logistic Regression,0.5,0.5,0.5,0.5
F_mean_3d_10rm,delta,norm2,Logistic Regression,0.5,0.5,0.5,0.5
F_dasm_3d,all,norm2,Logistic Regression,0.5,0.5,0.5,0.5
F_mean_3d_1area,delta,norm3,Logistic Regression,0.5,0.5,0.5,0.5
F_median_3d_10rm,theta,norm2,Linear SVM,0.5067,0.501,0.5,0.5
F_mean_3d_2area,alpha,norm2,Logistic Regression,0.5,0.5,0.5,0.5
F_peak_3d_Fp2,gamma,norm2,Logistic Regression,0.5,0.5,0.5,0.5
F_peak_3d_T7,theta,norm3,Logistic Regression,0.5,0.5,0.5,0.5
F_mean_3d_T8,beta,norm2,Logistic Regression,0.5,0.5,0.5,0.5
F_mean_3d_1area,delta,norm2,Logistic Regression,0.5,0.5,0.5,0.5
F_dasm_3d,theta,norm2,Logistic Regression,0.5,0.5,0.5,0.5
F_rasm_3d_3area,alpha,norm3,Logistic Regression,0.5,0.5,0.5,0.5
F_mean_3d_T7,all,norm2,Logistic Regression,0.5,0.5,0.5,0.5
F_peak_3d_T7,alpha,norm3,Logistic Regression,0.5,0.5,0.5,0.5
F_peak_3d_Fz,gamma,norm3,Logistic Regression,0.5,0.5,0.5,0.5
F_dasm_3d_3area,theta,norm2,Logistic Regression,0.5,0.5,0.5,0.5
F_mean_3d_1area,all,norm2,Logistic Regression,0.5,0.5,0.5,0.5
F_de_3d_Fz,all,norm2,Logistic Regression,0.5,0.5,0.5,0.5
F_median_3d_2area,delta,norm2,Logistic Regression,0.5,0.5,0.5,0.5
F_de_3d_Fp2,delta,norm3,Logistic Regression,0.5,0.5,0.5,0.5
F_mean_3d_T8,theta,norm2,Logistic Regression,0.5,0.5,0.5,0.5
F_mean_3d_2area,gamma,norm2,Logistic Regression,0.5,0.5,0.5,0.5
F_de_3d_Fp1,all,norm2,Logistic Regression,0.5,0.5,0.5,0.5
F_peak_3d_Fz,gamma,norm2,Logistic Regression,0.5,0.5,0.5,0.5
F_peak_3d_T8,delta,norm2,Logistic Regression,0.5,0.5,0.5,0.5
F_median_3d19,delta,norm2,Logistic Regression,0.5,0.5,0.5,0.5
F_dasm_3d_3area,alpha,norm2,Logistic Regression,0.5,0.5,0.5,0.5
F_de_3d_3area,delta,norm3,Linear SVM,0.58,0.5733,0.53,0.5
F_mean_3d_Fz,theta,norm2,Linear SVM,0.48,0.4962,0.5,0.4986
F_de_3d,delta,norm2,Linear SVM,0.5333,0.5067,0.48,0.4986
F_median_3d_Fz,delta,norm2,Random Forest,0.7333,0.5981,0.53,0.4986
F_median_3d_F8,alpha,norm2,KNN,0.8933,0.6895,0.46,0.4986
F_median_3d_F8,alpha,norm2,Linear SVM,0.4733,0.4857,0.47,0.4986
F_de_3d_T8,alpha,norm2,KNN,0.8467,0.6886,0.49,0.4986
F_mean_3d_F7,gamma,norm2,KNN,0.8533,0.679,0.51,0.4986
F_rasm_3d_10rm,delta,None,Random Forest,0.8267,0.72,0.49,0.4986
F_median_3d_F8,alpha,norm3,Linear SVM,0.4733,0.4857,0.47,0.4986
F_mean_3d_C3,delta,norm2,Ensemble (Majority Vote),0.6667,0.6171,0.46,0.4986
F_mean_3d_Fz,gamma,norm2,Random Forest,0.7467,0.6295,0.49,0.4986
F_median_3d_3area,delta,None,XGBoost,0.7533,0.6876,0.51,0.4986
F_peak_3d_1area,all,norm3,XGBoost,0.7933,0.7248,0.52,0.4986
F_mean_3d_F8,theta,norm2,Random Forest,0.7,0.6105,0.52,0.4986
F_peak_3d_C4,alpha,norm3,KNN,0.8067,0.6543,0.52,0.4986
F_peak_3d_10rm,theta,norm2,KNN,0.86,0.6771,0.48,0.4986
F_de_3d_3area,alpha,norm2,Random Forest,0.8267,0.6686,0.53,0.4986
F_median_3d_Fp1,gamma,norm2,KNN,0.8333,0.6895,0.49,0.4986
F_median_3d_F8,alpha,norm3,KNN,0.8933,0.6895,0.46,0.4986
F_mean_3d_2area,alpha,norm2,XGBoost,0.5867,0.561,0.49,0.4986
F_de_3d_Cz,all,norm3,XGBoost,0.78,0.7143,0.49,0.4986
F_dasm_3d,beta,norm2,Linear SVM,0.4867,0.4962,0.48,0.4986
F_peak_3d_F7,theta,norm2,Ensemble (Majority Vote),0.6267,0.5962,0.54,0.4986
F_de_3d_Cz,all,norm3,KNN,0.9267,0.7733,0.53,0.4986
F_de_3d_F7,beta,None,KNN,0.88,0.7067,0.5,0.4986
F_mean_3d,theta,norm3,Ensemble (Majority Vote),0.8733,0.8114,0.53,0.4986
F_de_3d_F3,alpha,norm2,Random Forest,0.7,0.6019,0.52,0.4986
F_peak_3d_10rm,all,norm2,Linear SVM,0.5133,0.4952,0.53,0.4986
F_de_3d_10rm,gamma,norm2,XGBoost,0.94,0.7667,0.48,0.4986
F_peak_3d_F8,theta,norm3,Linear SVM,0.4933,0.5,0.47,0.4986
F_rasm_3d_3area,delta,norm2,Linear SVM,0.5067,0.5,0.49,0.4986
F_mean_3d_F7,delta,norm3,Random Forest,0.76,0.6029,0.51,0.4986
F_peak_3d_Cz,alpha,None,XGBoost,0.6933,0.6352,0.46,0.4986
F_median_3d_Fp2,all,norm3,Linear SVM,0.62,0.5914,0.53,0.4986
F_de_3d_Fp2,delta,norm2,Ensemble (Majority Vote),0.66,0.6133,0.5,0.4986
F_peak_3d_Fz,alpha,norm3,Ensemble (Majority Vote),0.6733,0.6067,0.5,0.4986
F_rasm_3d_10rm,all,norm2,KNN,0.8333,0.6771,0.49,0.4986
F_mean_3d_Fz,theta,norm3,Linear SVM,0.48,0.4962,0.5,0.4986
F_median_3d_2area,gamma,norm3,Ensemble (Majority Vote),0.6733,0.6286,0.49,0.4986
F_median_3d_3area,gamma,norm2,Linear SVM,0.5067,0.5019,0.49,0.4986
F_peak_3d_C4,alpha,norm2,KNN,0.8067,0.6543,0.52,0.4986
F_peak_3d_F8,theta,norm2,Linear SVM,0.4933,0.5,0.47,0.4986
F_peak_3d_F7,theta,norm3,Ensemble (Majority Vote),0.6267,0.5962,0.54,0.4986
F_median_3d_Fz,delta,norm3,Random Forest,0.7333,0.5981,0.53,0.4986
F_peak_3d_F4,beta,norm2,Ensemble (Majority Vote),0.68,0.599,0.49,0.4986
F_de_3d_F7,beta,norm2,Ensemble (Majority Vote),0.6,0.5705,0.46,0.4986
F_peak_3d_Cz,gamma,norm3,XGBoost,0.5867,0.5505,0.46,0.4986
F_mean_3d_F8,theta,norm3,Random Forest,0.7,0.6105,0.52,0.4986
F_median_3d_Fp1,gamma,norm3,KNN,0.8333,0.6895,0.49,0.4986
F_mean_3d_F7,delta,norm2,Random Forest,0.76,0.6029,0.51,0.4986
F_median_3d_Fp1,all,None,Random Forest,0.7733,0.719,0.52,0.4986
F_rasm_3d_8rm,delta,norm3,Random Forest,0.7933,0.7105,0.47,0.4986
F_peak_3d_1area,alpha,norm3,Linear SVM,0.5067,0.5067,0.5,0.4986
F_peak_3d_C4,delta,None,KNN,0.8467,0.6933,0.48,0.4986
F_peak_3d_F4,alpha,norm2,Linear SVM,0.4867,0.4867,0.51,0.4986
F_peak_3d_F7,beta,None,Ensemble (Majority Vote),0.64,0.6086,0.49,0.4986
F_mean_3d_Fz,gamma,norm3,Random Forest,0.7467,0.6295,0.49,0.4986
F_peak_3d_Cz,delta,norm2,XGBoost,0.5667,0.5648,0.5,0.4986
F_median_3d_F7,theta,norm2,Random Forest,0.7333,0.6171,0.49,0.4986
F_median_3d_Fp1,alpha,norm3,Linear SVM,0.5467,0.5105,0.49,0.4986
F_de_3d_8rm,gamma,None,XGBoost,0.92,0.7943,0.55,0.4986
F_de_3d_Fz,theta,norm3,Ensemble (Majority Vote),0.6333,0.6124,0.55,0.4986
F_rasm_3d_8rm,theta,None,Random Forest,0.7467,0.6676,0.48,0.4986
F_de_3d_Fz,theta,norm3,KNN,0.8533,0.6914,0.49,0.4986
F_de_3d_T8,alpha,norm3,KNN,0.8467,0.6886,0.49,0.4986
F_mean_3d_C3,beta,norm3,Random Forest,0.64,0.5876,0.54,0.4986
F_median_3d_Fp1,alpha,norm2,Linear SVM,0.5467,0.5105,0.49,0.4986
F_mean_3d,alpha,norm3,XGBoost,0.9067,0.8267,0.51,0.4986
F_median_3d_F7,theta,norm3,Random Forest,0.7333,0.6171,0.49,0.4986
F_mean_3d_Cz,delta,None,XGBoost,0.66,0.5914,0.49,0.4986
F_de_3d_3area,delta,norm2,Linear SVM,0.4733,0.4962,0.51,0.4986
F_mean_3d_8rm,all,norm3,XGBoost,1.0,0.9686,0.52,0.4986
F_median_3d_2area,delta,norm2,XGBoost,0.68,0.6133,0.53,0.4986
F_mean_3d_C3,delta,None,Random Forest,0.7133,0.6276,0.52,0.4986
F_mean_3d_8rm,delta,norm3,XGBoost,0.94,0.7924,0.48,0.4986
F_median_3d_3area,all,norm3,Linear SVM,0.8,0.7352,0.53,0.4986
F_median_3d_3area,all,norm3,Logistic Regression,0.7733,0.7219,0.55,0.4986
F_de_3d_Fp2,delta,norm3,Ensemble (Majority Vote),0.66,0.6133,0.5,0.4986
F_rasm_3d_3area,gamma,norm3,KNN,0.8133,0.6981,0.48,0.4986
F_mean_3d_10rm,delta,norm2,Random Forest,0.8733,0.72,0.5,0.4986
F_de_3d_Fz,theta,norm3,Linear SVM,0.5,0.4981,0.5,0.4986
F_peak_3d_10rm,delta,norm3,Logistic Regression,0.68,0.6619,0.52,0.4986
F_de_3d_8rm,gamma,norm2,Linear SVM,0.5467,0.519,0.48,0.4986
F_de_3d_Fz,theta,norm2,Linear SVM,0.5,0.4981,0.5,0.4986
F_peak_3d_Cz,delta,norm3,XGBoost,0.5667,0.5648,0.5,0.4986
F_mean_3d_8rm,alpha,norm2,Linear SVM,0.5067,0.5067,0.51,0.4986
F_mean_3d_2area,all,norm3,XGBoost,0.9133,0.8229,0.49,0.4986
F_mean_3d_3area,delta,norm2,Linear SVM,0.4933,0.4952,0.52,0.4986
F_de_3d_Cz,gamma,None,KNN,0.84,0.6933,0.52,0.4986
F_median_3d_Fp2,alpha,norm2,Ensemble (Majority Vote),0.68,0.6095,0.51,0.4986
F_de_3d_10rm,gamma,norm3,Linear SVM,0.68,0.6419,0.49,0.4986
F_peak_3d_Cz,gamma,norm3,Linear SVM,0.5267,0.5124,0.54,0.4986
F_mean_3d_C3,theta,norm3,Linear SVM,0.56,0.5143,0.5,0.4986
F_rasm_3d_10rm,delta,norm2,Linear SVM,0.5,0.5076,0.5,0.4986
F_de_3d_T7,all,None,Random Forest,0.7867,0.7305,0.5,0.4986
F_median_3d_2area,delta,norm2,Linear SVM,0.46,0.4895,0.49,0.4986
F_peak_3d_F4,beta,norm3,Ensemble (Majority Vote),0.68,0.599,0.49,0.4986
F_mean_3d_2area,alpha,norm2,Random Forest,0.7667,0.6305,0.53,0.4986
F_peak_3d_Cz,gamma,norm2,XGBoost,0.5867,0.5505,0.46,0.4986
F_de_3d_Cz,theta,norm3,Ensemble (Majority Vote),0.74,0.6076,0.49,0.4986
F_de_3d_3area,theta,None,Random Forest,0.7533,0.6762,0.49,0.4986
F_de_3d_Fz,theta,norm2,Ensemble (Majority Vote),0.6333,0.6124,0.55,0.4986
F_rasm_3d_3area,gamma,norm2,KNN,0.8133,0.6981,0.48,0.4986
F_median_3d_Fp2,alpha,norm3,Ensemble (Majority Vote),0.68,0.6095,0.51,0.4986
F_median_3d_F8,theta,None,KNN,0.7933,0.6829,0.5,0.4986
F_mean_3d_C3,theta,norm2,Linear SVM,0.56,0.5143,0.5,0.4986
F_peak_3d_1area,alpha,norm2,Linear SVM,0.5067,0.5067,0.5,0.4986
F_mean_3d_F7,gamma,norm3,KNN,0.8533,0.679,0.51,0.4986
F_de_3d_8rm,alpha,norm2,Ensemble (Majority Vote),0.9067,0.7467,0.5,0.4986
F_de_3d_Fz,theta,norm2,KNN,0.8533,0.6914,0.49,0.4986
F_de_3d_8rm,alpha,None,XGBoost,0.8667,0.8019,0.51,0.4986
F_de_3d_8rm,alpha,None,Random Forest,0.78,0.7486,0.51,0.4986
F_peak_3d_Cz,gamma,norm2,Linear SVM,0.5267,0.5124,0.54,0.4986
F_mean_3d_C3,beta,norm2,Random Forest,0.64,0.5876,0.54,0.4986
F_mean_3d_10rm,delta,norm2,KNN,0.84,0.6943,0.56,0.4986
F_de_3d_F7,beta,norm3,Ensemble (Majority Vote),0.6,0.5705,0.46,0.4986
F_de_3d_Cz,theta,norm2,Ensemble (Majority Vote),0.74,0.6076,0.49,0.4986
F_peak_3d_F4,alpha,norm3,Linear SVM,0.4867,0.4867,0.51,0.4986
F_mean_3d_C3,delta,norm3,Ensemble (Majority Vote),0.6667,0.6171,0.46,0.4986
F_mean_3d_C4,alpha,None,XGBoost,0.6733,0.6229,0.45,0.4986
F_mean_3d_3area,alpha,None,KNN,0.8867,0.7467,0.49,0.4986
F_mean_3d_F4,theta,None,Random Forest,0.6867,0.6048,0.49,0.4986
F_mean_3d_T7,gamma,norm3,Linear SVM,0.52,0.4952,0.51,0.4986
F_median_3d,delta,norm2,Linear SVM,0.54,0.5171,0.49,0.4986
F_peak_3d_C3,gamma,norm3,XGBoost,0.5,0.5257,0.49,0.4986
F_peak_3d_2area,theta,norm2,Linear SVM,0.52,0.5019,0.52,0.4986
F_peak_3d,beta,norm3,Random Forest,0.86,0.7848,0.48,0.4986
F_de_3d_C4,beta,norm2,Random Forest,0.6733,0.5952,0.51,0.4986
F_peak_3d_F3,gamma,norm3,Random Forest,0.7067,0.6143,0.51,0.4986
F_peak_3d_2area,gamma,norm3,Logistic Regression,0.5267,0.5333,0.46,0.4986
F_mean_3d_C3,all,None,Logistic Regression,0.6667,0.6219,0.46,0.4986
F_median_3d_Cz,delta,None,XGBoost,0.6467,0.6067,0.48,0.4986
F_rasm_3d_3area,all,None,Logistic Regression,0.5667,0.54,0.54,0.4986
F_peak_3d_C3,gamma,norm2,XGBoost,0.5,0.5257,0.49,0.4986
F_peak_3d_T8,delta,norm3,Linear SVM,0.4933,0.4952,0.5,0.4986
F_mean_3d_Cz,all,None,KNN,0.9,0.7857,0.5,0.4986
F_mean_3d_Fp2,alpha,None,XGBoost,0.64,0.6048,0.53,0.4986
F_peak_3d_Fp1,alpha,norm3,Random Forest,0.7,0.5914,0.47,0.4986
F_peak_3d_Fp2,all,norm2,Ensemble (Majority Vote),0.8667,0.7029,0.51,0.4986
F_median_3d_T7,alpha,norm3,KNN,0.8733,0.6905,0.48,0.4986
F_peak_3d_C3,alpha,None,Linear SVM,0.5667,0.5495,0.48,0.4986
F_mean_3d_10rm,gamma,norm2,Random Forest,0.96,0.8019,0.54,0.4986
F_mean_3d_Fp1,theta,norm2,Ensemble (Majority Vote),0.7867,0.6448,0.45,0.4986
F_median_3d_T8,beta,norm2,Linear SVM,0.4933,0.499,0.49,0.4986
F_peak_3d_Fp2,all,norm3,Ensemble (Majority Vote),0.7667,0.7067,0.47,0.4986
F_peak_3d_F3,beta,norm2,Random Forest,0.6733,0.5857,0.5,0.4986
F_de_3d_C4,beta,norm3,Ensemble (Majority Vote),0.6533,0.6124,0.54,0.4986
F_peak_3d_Fp1,alpha,norm2,Random Forest,0.7,0.5914,0.47,0.4986
F_peak_3d_Fp2,all,norm2,XGBoost,0.88,0.6829,0.49,0.4986
F_dasm_3d,all,None,KNN,1.0,0.9571,0.51,0.4986
F_de_3d_F3,gamma,norm2,KNN,0.9133,0.7086,0.48,0.4986
F_peak_3d_F3,beta,norm3,Random Forest,0.6733,0.5857,0.5,0.4986
F_rasm_3d_8rm,beta,norm3,Logistic Regression,0.54,0.5495,0.46,0.4986
F_peak_3d_Fp1,alpha,norm3,Ensemble (Majority Vote),0.66,0.5971,0.51,0.4986
F_peak_3d_Fp2,all,norm2,KNN,0.86,0.6867,0.54,0.4986
F_median_3d_T7,alpha,norm2,KNN,0.8733,0.6905,0.48,0.4986
F_de_3d_F3,gamma,norm3,KNN,0.9133,0.7086,0.48,0.4986
F_median_3d_C4,beta,None,XGBoost,0.6467,0.5924,0.53,0.4986
F_peak_3d_F3,gamma,norm2,Random Forest,0.7067,0.6143,0.51,0.4986
F_dasm_3d_8rm,theta,norm3,KNN,0.84,0.719,0.49,0.4986
F_peak_3d,all,norm2,XGBoost,1.0,0.9581,0.5,0.4986
F_peak_3d_F3,gamma,None,KNN,0.8867,0.7314,0.45,0.4986
F_mean_3d_Fp1,delta,norm3,Ensemble (Majority Vote),0.6467,0.6143,0.5,0.4986
F_mean_3d_Cz,all,norm2,Ensemble (Majority Vote),0.8667,0.7171,0.5,0.4986
F_de_3d_F4,alpha,norm2,XGBoost,0.5933,0.5495,0.49,0.4986
F_rasm_3d_3area,delta,norm3,Linear SVM,0.5067,0.5,0.49,0.4986
F_peak_3d_3area,alpha,norm2,KNN,0.8133,0.6724,0.57,0.4986
F_median_3d_Cz,theta,None,KNN,0.86,0.7095,0.54,0.4986
F_mean_3d_Fp2,theta,None,Ensemble (Majority Vote),0.64,0.6286,0.49,0.4986
F_peak_3d_Fp1,delta,norm3,Linear SVM,0.4867,0.499,0.5,0.4986
F_mean_3d_F4,gamma,norm2,KNN,0.8733,0.6924,0.52,0.4986
F_peak_3d_Fp1,delta,norm2,Linear SVM,0.4867,0.499,0.5,0.4986
F_de_3d_F4,alpha,norm3,XGBoost,0.5933,0.5495,0.49,0.4986
F_peak_3d_T7,delta,norm3,XGBoost,0.6067,0.5619,0.51,0.4986
F_mean_3d_C3,alpha,norm3,Linear SVM,0.4533,0.4962,0.49,0.4986
F_peak_3d_F3,delta,norm3,XGBoost,0.5733,0.5714,0.51,0.4986
F_peak_3d_Fp1,theta,None,XGBoost,0.6667,0.6114,0.53,0.4986
F_median_3d_C4,beta,norm2,Random Forest,0.6733,0.5924,0.49,0.4986
F_de_3d_C4,beta,norm2,Ensemble (Majority Vote),0.6533,0.6124,0.54,0.4986
F_mean_3d_Fp1,delta,norm2,Ensemble (Majority Vote),0.6467,0.6143,0.5,0.4986
F_rasm_3d_10rm,theta,None,KNN,0.86,0.701,0.49,0.4986
F_peak_3d_T7,delta,norm2,XGBoost,0.6067,0.5619,0.51,0.4986
F_mean_3d_Fp1,theta,norm3,Ensemble (Majority Vote),0.7867,0.6448,0.45,0.4986
F_median_3d_8rm,alpha,norm3,Ensemble (Majority Vote),0.8467,0.7486,0.51,0.4986
F_mean_3d,beta,norm2,KNN,0.8467,0.7048,0.49,0.4986
F_mean_3d_Fp2,all,norm3,Ensemble (Majority Vote),0.8,0.7486,0.51,0.4986
F_de_3d_F7,all,norm2,Linear SVM,0.4733,0.4943,0.53,0.4986
F_median_3d_F3,all,norm2,Linear SVM,0.5333,0.5048,0.48,0.4986
F_median_3d_F3,all,norm2,KNN,0.8867,0.6933,0.55,0.4986
F_de_3d_C3,delta,None,XGBoost,0.6267,0.6076,0.49,0.4986
F_mean_3d_F4,delta,None,XGBoost,0.6333,0.5914,0.49,0.4986
F_median_3d_C4,beta,norm3,Random Forest,0.6733,0.5924,0.49,0.4986
F_mean_3d_2area,delta,norm2,Random Forest,0.6933,0.6257,0.51,0.4986
F_mean_3d_T7,gamma,norm2,Linear SVM,0.52,0.4952,0.51,0.4986
F_mean_3d_Fp1,beta,norm3,KNN,0.8533,0.6962,0.48,0.4986
F_peak_3d_T8,delta,norm2,Linear SVM,0.4933,0.4952,0.5,0.4986
F_median_3d_F3,delta,norm2,XGBoost,0.6467,0.579,0.55,0.4986
F_mean_3d_1area,all,norm3,KNN,0.9467,0.8029,0.5,0.4986
F_peak_3d_Fp1,alpha,None,Linear SVM,0.5467,0.5429,0.51,0.4986
F_mean_3d_C3,alpha,None,Ensemble (Majority Vote),0.6667,0.6229,0.5,0.4986
F_mean_3d_3area,beta,norm2,Linear SVM,0.5,0.5048,0.5,0.4986
F_mean_3d_F4,gamma,norm3,KNN,0.8733,0.6924,0.52,0.4986
F_median_3d_8rm,gamma,None,KNN,0.9667,0.8686,0.49,0.4986
F_rasm_3d_10rm,gamma,None,XGBoost,0.76,0.6743,0.52,0.4986
F_mean_3d_Fp1,beta,None,KNN,0.9067,0.7314,0.46,0.4986
F_de_3d_C4,delta,None,Linear SVM,0.5333,0.5295,0.46,0.4986
F_de_3d_T7,theta,None,Ensemble (Majority Vote),0.7067,0.639,0.54,0.4986
F_de_3d_C4,beta,norm3,Random Forest,0.6733,0.5952,0.51,0.4986
F_mean_3d_C4,delta,norm3,Linear SVM,0.5533,0.5114,0.49,0.4986
F_rasm_3d,theta,norm3,Random Forest,0.8133,0.7514,0.51,0.4986
F_peak_3d_Fz,alpha,norm2,Ensemble (Majority Vote),0.6733,0.6067,0.5,0.4986
F_mean_3d_2area,theta,norm3,KNN,0.88,0.7086,0.53,0.4986
F_mean_3d_Fp1,beta,None,Random Forest,0.7267,0.621,0.47,0.4986
F_de_3d_T7,theta,None,XGBoost,0.6133,0.6019,0.55,0.4986
F_de_3d_F3,alpha,norm3,Random Forest,0.7,0.6019,0.52,0.4986
F_dasm_3d_8rm,beta,norm2,XGBoost,0.74,0.6133,0.52,0.4986
F_median_3d_Fz,theta,norm3,Random Forest,0.7067,0.6057,0.45,0.4986
F_median_3d_T8,gamma,None,KNN,0.8467,0.7057,0.5,0.4986
F_mean_3d_C3,alpha,norm2,Linear SVM,0.4533,0.4962,0.49,0.4986
F_median_3d_3area,theta,norm2,XGBoost,0.7333,0.6295,0.53,0.4986
F_de_3d_Fz,gamma,None,Ensemble (Majority Vote),0.7133,0.6419,0.47,0.4986
F_median_3d_T7,theta,None,Logistic Regression,0.52,0.5476,0.5,0.4986
F_peak_3d_F3,alpha,norm2,Random Forest,0.6933,0.6133,0.51,0.4986
F_median_3d_Fz,theta,norm2,Random Forest,0.7067,0.6057,0.45,0.4986
F_mean_3d_C4,delta,norm2,Linear SVM,0.5533,0.5114,0.49,0.4986
F_dasm_3d_10rm,beta,norm2,XGBoost,0.7933,0.6476,0.5,0.4986
F_mean_3d_C3,beta,None,XGBoost,0.6333,0.6038,0.47,0.4986
F_de_3d_1area,beta,None,Random Forest,0.7067,0.639,0.51,0.4986
F_median_3d_T7,all,norm3,Ensemble (Majority Vote),0.8133,0.7276,0.53,0.4986
F_median_3d_T8,gamma,norm2,XGBoost,0.56,0.5448,0.48,0.4986
F_median_3d_F3,delta,norm3,XGBoost,0.6467,0.579,0.55,0.4986
F_peak_3d_F3,delta,norm2,XGBoost,0.5733,0.5714,0.51,0.4986
F_median_3d_T7,all,norm3,Random Forest,0.8533,0.7419,0.53,0.4986
F_median_3d_T8,beta,norm3,Linear SVM,0.4933,0.499,0.49,0.4986
F_peak_3d_F3,alpha,norm3,Random Forest,0.6933,0.6133,0.51,0.4986
F_peak_3d_Fp2,alpha,None,Ensemble (Majority Vote),0.7,0.6362,0.48,0.4986
F_median_3d_C4,all,None,XGBoost,0.84,0.7552,0.49,0.4986
F_median_3d_T8,beta,norm2,Random Forest,0.7333,0.5924,0.46,0.4986
F_median_3d_T8,beta,norm3,Random Forest,0.7333,0.5924,0.46,0.4986
F_median_3d_Cz,beta,None,Linear SVM,0.48,0.5286,0.46,0.4986
F_mean_3d_C4,gamma,None,KNN,0.8133,0.7095,0.48,0.4986
F_median_3d_C3,beta,None,Random Forest,0.68,0.621,0.48,0.4986
F_median_3d_F4,alpha,None,Random Forest,0.6933,0.6305,0.56,0.4986
F_mean_3d_1area,all,norm2,Linear SVM,0.52,0.501,0.45,0.4986
F_median_3d_T8,gamma,norm3,XGBoost,0.56,0.5448,0.48,0.4986
F_de_3d_10rm,gamma,None,Ensemble (Majority Vote),0.9133,0.8095,0.49,0.4986
F_peak_3d_Fp1,alpha,norm2,Ensemble (Majority Vote),0.66,0.5971,0.51,0.4986
F_mean_3d_T8,theta,None,Logistic Regression,0.4933,0.5219,0.53,0.4986
F_mean_3d_Fp1,beta,norm2,KNN,0.8533,0.6962,0.48,0.4986
F_peak_3d_Fp1,alpha,None,Logistic Regression,0.5467,0.5419,0.51,0.4986
F_peak_3d19,theta,None,KNN,0.9667,0.8905,0.5,0.4982
F_peak_3d19,theta,norm2,Linear SVM,0.5417,0.5107,0.525,0.4982
F_de_3d19,delta,norm2,Ensemble (Majority Vote),0.85,0.7607,0.5,0.4982
F_de_3d19,all,norm2,XGBoost,1.0,0.9726,0.5125,0.4982
F_peak_3d19,beta,norm2,Ensemble (Majority Vote),0.9,0.775,0.45,0.4982
F_median_3d19,theta,None,XGBoost,0.9833,0.9083,0.4625,0.4982
F_rasm_3d19,delta,norm3,Ensemble (Majority Vote),0.875,0.7536,0.5,0.4982
F_dasm_3d19,beta,norm2,Linear SVM,0.5,0.5012,0.55,0.4982
F_rasm_3d19,beta,None,KNN,0.8583,0.7012,0.4625,0.4982
F_de_3d19,delta,norm2,Linear SVM,0.5167,0.5036,0.5,0.4982
F_mean_3d_F3,beta,norm3,Linear SVM,0.5067,0.5019,0.52,0.4971
F_peak_3d_F3,beta,norm3,KNN,0.8533,0.6771,0.55,0.4971
F_median_3d,beta,norm2,XGBoost,0.9667,0.7886,0.47,0.4971
F_peak_3d_C3,alpha,norm2,Linear SVM,0.5067,0.5048,0.48,0.4971
F_peak_3d_F4,beta,norm2,KNN,0.8667,0.679,0.45,0.4971
F_median_3d_10rm,theta,norm3,Logistic Regression,0.72,0.6762,0.49,0.4971
F_peak_3d_F3,all,norm2,XGBoost,0.8333,0.6705,0.49,0.4971
F_de_3d_F8,gamma,norm3,XGBoost,0.6467,0.581,0.53,0.4971
F_median_3d_F8,beta,norm3,KNN,0.84,0.701,0.42,0.4971
F_median_3d_8rm,gamma,norm2,Random Forest,0.96,0.7752,0.51,0.4971
F_peak_3d_Fp1,gamma,norm3,XGBoost,0.5667,0.5457,0.52,0.4971
F_mean_3d,beta,norm2,Ensemble (Majority Vote),0.9133,0.7543,0.47,0.4971
F_rasm_3d,theta,norm2,XGBoost,0.8533,0.6952,0.53,0.4971
F_peak_3d_10rm,theta,norm3,KNN,0.92,0.8067,0.52,0.4971
F_de_3d_Cz,all,None,Linear SVM,0.5867,0.5962,0.48,0.4971
F_peak_3d_C3,alpha,None,KNN,0.82,0.7,0.52,0.4971
F_peak_3d_Fz,delta,norm3,XGBoost,0.5667,0.5533,0.49,0.4971
F_rasm_3d,gamma,norm2,Linear SVM,0.5067,0.5,0.49,0.4971
F_mean_3d_C3,gamma,norm3,XGBoost,0.5933,0.5514,0.5,0.4971
F_dasm_3d,delta,norm2,Ensemble (Majority Vote),0.82,0.6876,0.46,0.4971
F_rasm_3d_3area,gamma,None,Linear SVM,0.5133,0.5105,0.5,0.4971
F_mean_3d_T8,theta,norm2,Random Forest,0.68,0.5848,0.44,0.4971
F_de_3d_C4,alpha,norm2,Linear SVM,0.52,0.501,0.49,0.4971
F_median_3d_2area,theta,norm2,Ensemble (Majority Vote),0.7133,0.621,0.51,0.4971
F_peak_3d_Cz,beta,norm2,XGBoost,0.5533,0.5457,0.52,0.4971
F_de_3d_Fp2,theta,None,XGBoost,0.6133,0.601,0.49,0.4971
F_median_3d_T8,alpha,None,KNN,0.8067,0.6962,0.47,0.4971
F_de_3d_Fp1,gamma,norm3,Ensemble (Majority Vote),0.6667,0.6029,0.45,0.4971
F_dasm_3d_3area,all,norm2,Random Forest,0.8933,0.719,0.5,0.4971
F_de_3d_F4,delta,None,KNN,0.84,0.6924,0.48,0.4971
F_dasm_3d,alpha,norm2,XGBoost,0.84,0.6829,0.5,0.4971
F_mean_3d_F7,delta,None,Random Forest,0.68,0.6162,0.52,0.4971
F_peak_3d_Fp2,all,norm3,Logistic Regression,0.66,0.6133,0.49,0.4971
F_median_3d_10rm,gamma,norm3,KNN,0.9667,0.8638,0.51,0.4971
F_de_3d_Fp2,delta,None,Ensemble (Majority Vote),0.7333,0.6733,0.49,0.4971
F_median_3d_C3,alpha,None,KNN,0.8067,0.679,0.5,0.4971
F_median_3d_T8,theta,norm3,Linear SVM,0.46,0.499,0.5,0.4971
F_median_3d,all,norm2,KNN,0.7,0.659,0.51,0.4971
F_median_3d_C3,alpha,norm2,Linear SVM,0.5267,0.499,0.54,0.4971
F_dasm_3d_3area,beta,norm2,Linear SVM,0.4867,0.4914,0.51,0.4971
F_median_3d_T8,theta,norm2,Linear SVM,0.46,0.499,0.5,0.4971
F_median_3d_C3,alpha,norm3,Linear SVM,0.5267,0.499,0.54,0.4971
F_de_3d_F8,all,norm2,Linear SVM,0.5267,0.501,0.47,0.4971
F_median_3d_C3,delta,norm3,KNN,0.8933,0.7305,0.51,0.4971
F_median_3d_C3,delta,norm2,KNN,0.8933,0.7305,0.51,0.4971
F_de_3d_C4,all,None,Ensemble (Majority Vote),0.7667,0.7067,0.52,0.4971
F_de_3d_10rm,gamma,norm3,Logistic Regression,0.68,0.6467,0.51,0.4971
F_mean_3d_T8,alpha,None,Random Forest,0.74,0.6552,0.52,0.4971
F_peak_3d_8rm,delta,norm3,Random Forest,0.86,0.7581,0.47,0.4971
F_peak_3d_8rm,delta,norm3,XGBoost,0.8933,0.7829,0.5,0.4971
F_median_3d_T8,gamma,norm2,Ensemble (Majority Vote),0.6267,0.5981,0.49,0.4971
F_peak_3d_10rm,all,norm2,Random Forest,0.9867,0.9,0.44,0.4971
F_median_3d_T8,theta,None,Ensemble (Majority Vote),0.6933,0.6524,0.48,0.4971
F_de_3d_T8,beta,norm3,Linear SVM,0.5067,0.4962,0.51,0.4971
F_median_3d_T8,gamma,norm3,Ensemble (Majority Vote),0.6267,0.5981,0.49,0.4971
F_mean_3d,theta,norm2,XGBoost,0.8867,0.7362,0.47,0.4971
F_peak_3d_Fp2,all,norm3,KNN,0.92,0.7752,0.49,0.4971
F_mean_3d_F4,beta,norm2,XGBoost,0.5933,0.5714,0.45,0.4971
F_peak_3d_F4,beta,norm3,KNN,0.8667,0.679,0.45,0.4971
F_peak_3d_F3,beta,norm2,KNN,0.8533,0.6771,0.55,0.4971
F_mean_3d_F3,beta,norm2,Linear SVM,0.5067,0.5019,0.52,0.4971
F_median_3d_8rm,theta,norm2,Linear SVM,0.4733,0.4952,0.48,0.4971
F_median_3d_8rm,theta,norm3,Ensemble (Majority Vote),0.82,0.7419,0.51,0.4971
F_de_3d_Fp1,theta,norm3,Ensemble (Majority Vote),0.7467,0.6238,0.51,0.4971
F_median_3d,beta,norm2,Linear SVM,0.5,0.5076,0.51,0.4971
F_median_3d_T8,alpha,norm2,Linear SVM,0.5267,0.5076,0.47,0.4971
F_de_3d_F4,theta,None,Ensemble (Majority Vote),0.6867,0.6371,0.48,0.4971
F_median_3d_10rm,all,None,Ensemble (Majority Vote),0.9867,0.9524,0.48,0.4971
F_mean_3d_C3,gamma,norm2,XGBoost,0.5933,0.5514,0.5,0.4971
F_de_3d_F8,beta,norm3,XGBoost,0.5533,0.5505,0.51,0.4971
F_median_3d_T8,alpha,norm3,Linear SVM,0.5267,0.5076,0.47,0.4971
F_de_3d_8rm,gamma,norm2,KNN,0.8467,0.6971,0.47,0.4971
F_mean_3d_F4,beta,norm3,XGBoost,0.5933,0.5714,0.45,0.4971
F_median_3d_C3,all,None,XGBoost,0.8,0.7219,0.48,0.4971
F_de_3d_Fp1,gamma,norm2,Ensemble (Majority Vote),0.6667,0.6029,0.45,0.4971
F_peak_3d_3area,gamma,norm2,Ensemble (Majority Vote),0.7867,0.6514,0.47,0.4971
F_median_3d_C4,alpha,norm3,XGBoost,0.5467,0.5324,0.49,0.4971
F_mean_3d_F7,theta,None,Logistic Regression,0.5667,0.5533,0.49,0.4971
F_median_3d_C4,alpha,norm3,Linear SVM,0.5267,0.5105,0.45,0.4971
F_mean_3d_T8,theta,norm3,Random Forest,0.68,0.5848,0.44,0.4971
F_median_3d_C4,alpha,norm2,XGBoost,0.5467,0.5324,0.49,0.4971
F_dasm_3d_10rm,gamma,norm3,Ensemble (Majority Vote),0.7467,0.6962,0.48,0.4971
F_dasm_3d_10rm,alpha,norm2,Linear SVM,0.4867,0.4971,0.45,0.4971
F_median_3d_C4,alpha,norm2,Linear SVM,0.5267,0.5105,0.45,0.4971
F_mean_3d_F7,theta,None,Linear SVM,0.5667,0.5552,0.49,0.4971
F_median_3d_2area,beta,norm3,Linear SVM,0.56,0.5448,0.48,0.4971
F_de_3d_T8,beta,norm2,Linear SVM,0.5067,0.4962,0.51,0.4971
F_median_3d_Fp1,beta,None,XGBoost,0.6067,0.5895,0.46,0.4971
F_median_3d_F8,beta,norm2,KNN,0.84,0.701,0.42,0.4971
F_de_3d_1area,alpha,norm3,XGBoost,0.5733,0.5514,0.47,0.4971
F_peak_3d_F8,delta,None,Random Forest,0.6867,0.621,0.51,0.4971
F_rasm_3d,delta,None,Random Forest,0.8667,0.7333,0.51,0.4971
F_peak_3d_1area,theta,norm2,Linear SVM,0.52,0.5048,0.5,0.4971
F_de_3d_10rm,all,norm2,XGBoost,1.0,0.9505,0.51,0.4971
F_median_3d,gamma,norm3,Random Forest,0.9,0.82,0.48,0.4971
F_median_3d_F3,beta,norm3,XGBoost,0.5867,0.5543,0.55,0.4971
F_peak_3d_C4,beta,norm2,Ensemble (Majority Vote),0.6,0.5981,0.51,0.4971
F_mean_3d_T7,theta,None,Random Forest,0.66,0.6143,0.5,0.4971
F_median_3d_F3,beta,norm2,XGBoost,0.5867,0.5543,0.55,0.4971
F_de_3d_Cz,theta,norm2,XGBoost,0.6133,0.5838,0.48,0.4971
F_de_3d,gamma,norm3,Ensemble (Majority Vote),0.8733,0.8133,0.51,0.4971
F_median_3d_Cz,all,norm3,Logistic Regression,0.6333,0.5829,0.52,0.4971
F_dasm_3d_10rm,alpha,norm3,Random Forest,0.76,0.7067,0.48,0.4971
F_peak_3d_2area,theta,norm3,Ensemble (Majority Vote),0.6867,0.6343,0.51,0.4971
F_de_3d_F8,gamma,norm2,XGBoost,0.6467,0.581,0.53,0.4971
F_peak_3d_C4,beta,norm3,Ensemble (Majority Vote),0.6,0.5981,0.51,0.4971
F_peak_3d_Fp2,theta,norm3,Linear SVM,0.48,0.481,0.5,0.4971
F_de_3d_1area,alpha,norm2,XGBoost,0.5733,0.5514,0.47,0.4971
F_de_3d_2area,theta,norm2,Ensemble (Majority Vote),0.6867,0.62,0.49,0.4971
F_de_3d_C3,delta,None,Random Forest,0.6867,0.6314,0.53,0.4971
F_median_3d_1area,delta,norm2,Linear SVM,0.5267,0.5124,0.5,0.4971
F_mean_3d_3area,delta,norm3,Random Forest,0.7467,0.6886,0.46,0.4971
F_de_3d_Cz,theta,None,KNN,0.8133,0.6648,0.48,0.4971
F_de_3d_3area,beta,norm2,Linear SVM,0.4867,0.5076,0.51,0.4971
F_median_3d_F3,all,norm2,XGBoost,0.8533,0.6933,0.48,0.4971
F_de_3d_T7,delta,norm2,Linear SVM,0.5133,0.5029,0.51,0.4971
F_mean_3d_1area,alpha,norm2,Linear SVM,0.5467,0.4981,0.5,0.4971
F_de_3d_F3,theta,norm2,Random Forest,0.6933,0.5886,0.5,0.4971
F_rasm_3d_8rm,theta,None,Linear SVM,0.5,0.5105,0.5,0.4971
F_median_3d,gamma,norm2,Ensemble (Majority Vote),0.96,0.8019,0.51,0.4971
F_median_3d_F7,all,None,Ensemble (Majority Vote),0.8,0.741,0.5,0.4971
F_peak_3d_1area,theta,norm3,Linear SVM,0.52,0.5048,0.5,0.4971
F_de_3d_Cz,theta,norm3,XGBoost,0.6133,0.5838,0.48,0.4971
F_peak_3d_F8,gamma,norm2,KNN,0.86,0.699,0.5,0.4971
F_de_3d_Fp2,beta,norm2,Ensemble (Majority Vote),0.7,0.62,0.48,0.4971
F_peak_3d_2area,alpha,norm3,Linear SVM,0.5467,0.54,0.5,0.4971
F_mean_3d_T7,beta,norm2,KNN,0.8533,0.6829,0.49,0.4971
F_peak_3d_F3,theta,norm3,Linear SVM,0.52,0.5124,0.51,0.4971
F_de_3d_T7,delta,norm3,Linear SVM,0.5133,0.5029,0.51,0.4971
F_peak_3d_2area,beta,norm2,Random Forest,0.7667,0.619,0.5,0.4971
F_mean_3d_1area,alpha,norm3,Linear SVM,0.5467,0.4981,0.5,0.4971
F_rasm_3d_8rm,beta,None,Logistic Regression,0.5467,0.5305,0.54,0.4971
F_mean_3d_3area,beta,norm3,Logistic Regression,0.58,0.5848,0.5,0.4971
F_de_3d_Fp1,theta,norm2,Ensemble (Majority Vote),0.7467,0.6238,0.51,0.4971
F_peak_3d_Fp1,all,norm3,Linear SVM,0.6533,0.6343,0.47,0.4971
F_median_3d_Fz,gamma,None,KNN,0.88,0.7152,0.46,0.4971
F_mean_3d_T7,beta,norm3,KNN,0.8533,0.6829,0.49,0.4971
F_median_3d_Fz,delta,norm3,XGBoost,0.5533,0.54,0.49,0.4971
F_dasm_3d,theta,norm3,Random Forest,0.74,0.7171,0.5,0.4971
F_de_3d_3area,alpha,norm2,Ensemble (Majority Vote),0.86,0.6619,0.51,0.4971
F_peak_3d_F3,theta,norm2,Linear SVM,0.52,0.5124,0.51,0.4971
F_de_3d_C3,alpha,norm3,Linear SVM,0.5067,0.501,0.5,0.4971
F_peak_3d_2area,delta,norm2,Random Forest,0.7933,0.6467,0.46,0.4971
F_median_3d_Fz,delta,norm2,XGBoost,0.5533,0.54,0.49,0.4971
F_median_3d_3area,delta,norm3,Ensemble (Majority Vote),0.7933,0.7124,0.51,0.4971
F_dasm_3d_3area,beta,norm3,Linear SVM,0.4867,0.4914,0.51,0.4971
F_mean_3d_8rm,gamma,norm3,XGBoost,0.8933,0.779,0.51,0.4971
F_peak_3d_F8,gamma,norm3,KNN,0.86,0.699,0.5,0.4971
F_de_3d_C4,gamma,None,KNN,0.8533,0.7219,0.51,0.4971
F_peak_3d,theta,norm3,KNN,0.9933,0.8524,0.52,0.4971
F_de_3d_C3,alpha,norm2,Linear SVM,0.5067,0.501,0.5,0.4971
F_peak_3d_1area,delta,None,KNN,0.8267,0.699,0.53,0.4971
F_de_3d_F7,delta,norm3,Ensemble (Majority Vote),0.68,0.6029,0.5,0.4971
F_peak_3d_C3,beta,norm2,Random Forest,0.7467,0.6067,0.52,0.4971
F_median_3d_T7,delta,norm3,Random Forest,0.66,0.601,0.5,0.4971
F_median_3d_Cz,delta,norm3,Random Forest,0.6933,0.6105,0.47,0.4971
F_peak_3d_C3,alpha,norm3,Linear SVM,0.5067,0.5048,0.48,0.4971
F_peak_3d_F3,gamma,None,Ensemble (Majority Vote),0.74,0.6667,0.48,0.4971
F_median_3d_Cz,delta,norm3,Ensemble (Majority Vote),0.64,0.6086,0.47,0.4971
F_median_3d_Cz,delta,norm2,Random Forest,0.6933,0.6105,0.47,0.4971
F_peak_3d_8rm,gamma,norm2,KNN,0.88,0.7038,0.51,0.4971
F_de_3d,theta,norm2,Random Forest,0.9467,0.7733,0.52,0.4971
F_peak_3d,alpha,norm3,KNN,0.9533,0.8619,0.51,0.4971
F_peak_3d_Fp2,theta,norm2,Linear SVM,0.48,0.481,0.5,0.4971
F_peak_3d_T7,beta,None,KNN,0.82,0.6667,0.52,0.4971
F_median_3d_Cz,delta,norm2,Ensemble (Majority Vote),0.64,0.6086,0.47,0.4971
F_peak_3d_Cz,delta,None,KNN,0.8467,0.7019,0.5,0.4971
F_de_3d_C3,all,norm2,Linear SVM,0.4933,0.5019,0.52,0.4971
F_median_3d_8rm,delta,norm2,XGBoost,0.84,0.6943,0.53,0.4971
F_mean_3d_F4,all,norm2,Linear SVM,0.5267,0.5105,0.51,0.4971
F_de_3d_T7,gamma,None,Random Forest,0.7067,0.62,0.52,0.4971
F_median_3d,theta,norm3,Random Forest,0.8733,0.7848,0.49,0.4971
F_de_3d_C4,alpha,norm3,Linear SVM,0.52,0.501,0.49,0.4971
F_de_3d_Fp2,beta,norm3,Ensemble (Majority Vote),0.7,0.62,0.48,0.4971
F_peak_3d_Fz,delta,norm2,XGBoost,0.5667,0.5533,0.49,0.4971
F_peak_3d_1area,alpha,None,Random Forest,0.6867,0.6371,0.54,0.4971
F_median_3d_T7,delta,norm3,XGBoost,0.6133,0.5686,0.46,0.4971
F_peak_3d_C3,beta,norm3,Random Forest,0.7467,0.6067,0.52,0.4971
F_de_3d_F8,beta,norm2,XGBoost,0.5533,0.5505,0.51,0.4971
F_mean_3d_F4,all,norm2,Random Forest,0.9267,0.7152,0.52,0.4971
F_median_3d_T7,delta,norm2,Linear SVM,0.5333,0.5076,0.52,0.4971
F_median_3d_F7,gamma,None,KNN,0.86,0.6905,0.48,0.4971
F_de_3d_F7,delta,norm2,Ensemble (Majority Vote),0.68,0.6029,0.5,0.4971
F_peak_3d_Cz,beta,norm3,XGBoost,0.5533,0.5457,0.52,0.4971
F_de_3d_F3,theta,norm3,Random Forest,0.6933,0.5886,0.5,0.4971
F_peak_3d_Fp1,gamma,norm2,XGBoost,0.5667,0.5457,0.52,0.4971
F_median_3d_T7,delta,norm2,Random Forest,0.66,0.601,0.5,0.4971
F_median_3d_T7,delta,norm2,XGBoost,0.6133,0.5686,0.46,0.4971
F_mean_3d_Cz,gamma,None,Ensemble (Majority Vote),0.66,0.6219,0.51,0.4971
F_median_3d_8rm,beta,norm2,Random Forest,0.92,0.7533,0.52,0.4971
F_median_3d_1area,delta,norm3,Linear SVM,0.5267,0.5124,0.5,0.4971
F_median_3d_T7,delta,norm3,Linear SVM,0.5333,0.5076,0.52,0.4971
F_mean_3d_3area,alpha,norm2,Linear SVM,0.5,0.5076,0.47,0.4971
F_rasm_3d19,delta,norm3,Random Forest,0.8583,0.7619,0.4875,0.4964
F_rasm_3d19,all,norm3,Linear SVM,0.8167,0.6821,0.45,0.4964
F_peak_3d19,theta,norm2,KNN,0.8167,0.6821,0.425,0.4964
F_rasm_3d19,all,norm2,Linear SVM,0.4667,0.4881,0.475,0.4964
F_rasm_3d19,alpha,norm2,XGBoost,0.9417,0.7667,0.475,0.4964
F_mean_3d19,beta,None,KNN,0.975,0.944,0.5,0.4964
F_rasm_3d19,all,None,KNN,0.85,0.694,0.5,0.4964
F_median_3d19,theta,norm2,Ensemble (Majority Vote),0.95,0.7988,0.5125,0.4964
F_peak_3d19,theta,norm2,Ensemble (Majority Vote),0.925,0.7893,0.5,0.4964
F_rasm_3d19,theta,norm2,Ensemble (Majority Vote),0.8667,0.7464,0.475,0.4964
F_rasm_3d19,all,norm2,Ensemble (Majority Vote),0.9833,0.8643,0.475,0.4964
F_mean_3d19,delta,norm2,KNN,0.8083,0.6833,0.5125,0.4964
F_peak_3d19,alpha,None,Linear SVM,0.8167,0.7476,0.4375,0.4964
F_rasm_3d19,gamma,norm2,Linear SVM,0.5667,0.525,0.5625,0.4964
F_peak_3d19,all,None,KNN,0.9917,0.9702,0.5,0.4964
F_rasm_3d19,theta,norm2,Random Forest,0.9083,0.7381,0.4625,0.4964
F_rasm_3d19,beta,norm2,Random Forest,0.9,0.7464,0.5375,0.4964
F_de_3d_F8,delta,None,XGBoost,0.64,0.6029,0.49,0.4957
F_mean_3d_T7,gamma,norm3,KNN,0.8667,0.6857,0.48,0.4957
F_de_3d_F8,beta,norm3,Linear SVM,0.4933,0.4981,0.5,0.4957
F_de_3d_C4,delta,None,Logistic Regression,0.5333,0.5295,0.46,0.4957
F_mean_3d_T7,theta,norm2,KNN,0.8733,0.6876,0.45,0.4957
F_peak_3d,theta,None,XGBoost,0.9333,0.8343,0.48,0.4957
F_peak_3d_T7,gamma,norm3,Random Forest,0.66,0.5857,0.5,0.4957
F_median_3d_Fp2,theta,None,Linear SVM,0.5267,0.5571,0.46,0.4957
F_dasm_3d_3area,beta,norm3,Random Forest,0.6933,0.5924,0.45,0.4957
F_mean_3d_8rm,theta,norm2,Ensemble (Majority Vote),0.86,0.7257,0.49,0.4957
F_median_3d_1area,beta,norm2,XGBoost,0.6067,0.5752,0.5,0.4957
F_peak_3d,gamma,norm2,Ensemble (Majority Vote),0.86,0.7343,0.49,0.4957
F_median_3d_T8,gamma,norm2,KNN,0.8267,0.68,0.56,0.4957
F_rasm_3d_10rm,all,norm2,Linear SVM,0.6067,0.5257,0.48,0.4957
F_median_3d_1area,beta,norm2,Random Forest,0.72,0.6086,0.47,0.4957
F_de_3d_C3,gamma,norm2,Linear SVM,0.4867,0.5,0.49,0.4957
F_de_3d_C3,beta,None,Random Forest,0.6533,0.6219,0.53,0.4957
F_mean_3d_T7,delta,norm3,Random Forest,0.6733,0.599,0.42,0.4957
F_de_3d_10rm,gamma,norm2,Random Forest,0.9867,0.821,0.46,0.4957
F_de_3d_T7,theta,norm2,Linear SVM,0.5133,0.5076,0.51,0.4957
F_median_3d_Fp2,delta,norm2,Linear SVM,0.5,0.4981,0.47,0.4957
F_mean_3d_F3,gamma,norm2,Linear SVM,0.48,0.499,0.47,0.4957
F_dasm_3d_10rm,gamma,norm2,XGBoost,0.8133,0.6581,0.48,0.4957
F_mean_3d_10rm,gamma,None,KNN,0.98,0.879,0.51,0.4957
F_median_3d_Fp2,beta,None,XGBoost,0.6333,0.601,0.51,0.4957
F_median_3d_10rm,alpha,norm2,KNN,0.8533,0.681,0.52,0.4957
F_mean_3d_8rm,gamma,norm2,KNN,0.8067,0.6962,0.48,0.4957
F_mean_3d_T7,delta,norm2,Random Forest,0.6733,0.599,0.42,0.4957
F_mean_3d_T7,alpha,norm3,Ensemble (Majority Vote),0.6467,0.6,0.45,0.4957
F_mean_3d_F4,gamma,norm2,Linear SVM,0.4933,0.4971,0.48,0.4957
F_median_3d_Fp2,delta,norm3,Linear SVM,0.5,0.4981,0.47,0.4957
F_dasm_3d_3area,beta,norm2,Random Forest,0.6933,0.5924,0.45,0.4957
F_dasm_3d_3area,delta,norm2,XGBoost,0.6067,0.5476,0.5,0.4957
F_de_3d_T7,theta,norm3,Linear SVM,0.5133,0.5076,0.51,0.4957
F_de_3d_C3,gamma,norm3,Linear SVM,0.4867,0.5,0.49,0.4957
F_mean_3d_T7,delta,None,XGBoost,0.6533,0.6133,0.49,0.4957
F_peak_3d_T7,gamma,norm2,Random Forest,0.66,0.5857,0.5,0.4957
F_peak_3d_F4,beta,norm3,XGBoost,0.58,0.5533,0.49,0.4957
F_median_3d_T7,delta,None,XGBoost,0.6667,0.6095,0.47,0.4957
F_mean_3d_T7,alpha,norm2,Ensemble (Majority Vote),0.6467,0.6,0.45,0.4957
F_de_3d_Fp2,alpha,None,XGBoost,0.64,0.599,0.52,0.4957
F_median_3d_T7,all,norm2,KNN,0.8,0.679,0.47,0.4957
F_mean_3d_T7,theta,norm3,KNN,0.8733,0.6876,0.45,0.4957
F_mean_3d_F4,gamma,norm3,XGBoost,0.6267,0.559,0.52,0.4957
F_dasm_3d_3area,delta,norm3,XGBoost,0.6067,0.5476,0.5,0.4957
F_de_3d_10rm,delta,norm3,KNN,0.96,0.8457,0.5,0.4957
F_mean_3d_T7,gamma,norm2,KNN,0.8667,0.6857,0.48,0.4957
F_mean_3d_F3,gamma,None,KNN,0.8467,0.6886,0.49,0.4957
F_mean_3d_F3,gamma,norm3,Linear SVM,0.48,0.499,0.47,0.4957
F_mean_3d,gamma,norm3,KNN,0.9867,0.881,0.46,0.4957
F_peak_3d_F4,beta,norm2,XGBoost,0.58,0.5533,0.49,0.4957
F_median_3d_1area,beta,norm3,XGBoost,0.6067,0.5752,0.5,0.4957
F_mean_3d_F4,gamma,norm2,XGBoost,0.6267,0.559,0.52,0.4957
F_de_3d_C4,all,None,Random Forest,0.7667,0.7048,0.49,0.4957
F_de_3d_F8,beta,norm2,Linear SVM,0.4933,0.4981,0.5,0.4957
F_median_3d_1area,beta,norm3,Random Forest,0.72,0.6086,0.47,0.4957
F_peak_3d,delta,norm2,Linear SVM,0.4933,0.499,0.5,0.4957
F_rasm_3d_8rm,delta,norm3,XGBoost,0.8,0.7219,0.49,0.4957
F_de_3d_Cz,all,None,Logistic Regression,0.58,0.5714,0.5,0.4957
F_mean_3d_F4,gamma,norm3,Linear SVM,0.4933,0.4971,0.48,0.4957
F_median_3d_T8,gamma,norm3,KNN,0.8267,0.68,0.56,0.4957
F_median_3d_3area,all,norm3,KNN,0.9867,0.8619,0.5,0.4957
F_peak_3d_T8,delta,norm2,Ensemble (Majority Vote),0.68,0.6305,0.5,0.4957
F_mean_3d_3area,delta,norm3,XGBoost,0.76,0.6524,0.49,0.4957
F_median_3d_F7,delta,None,Random Forest,0.6333,0.6152,0.52,0.4957
F_median_3d_3area,alpha,norm3,Ensemble (Majority Vote),0.7133,0.6714,0.46,0.4957
F_mean_3d_T8,delta,None,KNN,0.88,0.7133,0.45,0.4957
F_mean_3d_C4,theta,None,Ensemble (Majority Vote),0.6267,0.6067,0.47,0.4957
F_peak_3d_C4,delta,None,Ensemble (Majority Vote),0.6467,0.5971,0.49,0.4957
F_peak_3d_F8,beta,norm2,XGBoost,0.6,0.5638,0.51,0.4957
F_peak_3d_F8,beta,norm3,XGBoost,0.6,0.5638,0.51,0.4957
F_mean_3d_Cz,delta,None,Ensemble (Majority Vote),0.68,0.6352,0.51,0.4957
F_dasm_3d_3area,alpha,None,Ensemble (Majority Vote),0.68,0.6286,0.47,0.4957
F_mean_3d_3area,all,norm3,KNN,0.98,0.859,0.5,0.4957
F_de_3d_T8,theta,norm3,Ensemble (Majority Vote),0.7333,0.6343,0.48,0.4957
F_de_3d_2area,alpha,norm3,Logistic Regression,0.5133,0.5343,0.5,0.4957
F_median_3d,delta,norm2,Ensemble (Majority Vote),0.8667,0.7257,0.48,0.4957
F_mean_3d_2area,beta,norm2,KNN,0.8333,0.6705,0.5,0.4957
F_mean_3d_F8,theta,norm2,Ensemble (Majority Vote),0.7267,0.6371,0.49,0.4957
F_mean_3d_3area,gamma,None,XGBoost,0.7933,0.6895,0.55,0.4957
F_rasm_3d,gamma,norm2,KNN,0.88,0.6981,0.46,0.4957
F_median_3d_8rm,beta,norm3,Ensemble (Majority Vote),0.8733,0.7667,0.54,0.4957
F_peak_3d_1area,alpha,norm2,Ensemble (Majority Vote),0.6533,0.6105,0.51,0.4957
F_mean_3d,all,norm2,Linear SVM,0.46,0.5,0.48,0.4957
F_de_3d_T7,all,norm2,Linear SVM,0.44,0.4943,0.47,0.4957
F_mean_3d_F8,alpha,norm2,Ensemble (Majority Vote),0.7267,0.6105,0.51,0.4957
F_peak_3d_Fz,delta,norm3,Linear SVM,0.5,0.501,0.51,0.4957
F_mean_3d_F8,alpha,norm3,Ensemble (Majority Vote),0.7267,0.6105,0.51,0.4957
F_de_3d_Cz,delta,norm3,Random Forest,0.68,0.6019,0.5,0.4957
F_de_3d_Fp2,gamma,None,Logistic Regression,0.5533,0.5371,0.51,0.4957
F_peak_3d_Fz,delta,norm2,Linear SVM,0.5,0.501,0.51,0.4957
F_mean_3d_F8,beta,norm3,XGBoost,0.64,0.5571,0.48,0.4957
F_mean_3d_F8,beta,norm2,XGBoost,0.64,0.5571,0.48,0.4957
F_peak_3d_3area,theta,norm3,KNN,0.8133,0.72,0.48,0.4957
F_median_3d_F7,theta,norm3,KNN,0.8533,0.6848,0.51,0.4957
F_peak_3d_1area,alpha,norm3,Ensemble (Majority Vote),0.6533,0.6105,0.51,0.4957
F_median_3d_F7,theta,norm2,KNN,0.8533,0.6848,0.51,0.4957
F_de_3d_3area,delta,norm2,KNN,0.86,0.6981,0.53,0.4957
F_peak_3d_2area,gamma,norm2,KNN,0.8667,0.7029,0.5,0.4957
F_mean_3d_Fp1,gamma,None,Ensemble (Majority Vote),0.6867,0.6305,0.5,0.4957
F_rasm_3d_10rm,delta,None,Linear SVM,0.4867,0.5114,0.46,0.4957
F_median_3d_F8,beta,norm2,Random Forest,0.68,0.5895,0.47,0.4957
F_de_3d_Fp1,theta,None,Logistic Regression,0.58,0.5638,0.47,0.4957
F_median_3d_F3,beta,norm3,KNN,0.8533,0.6762,0.52,0.4957
F_de_3d_F3,alpha,norm3,Linear SVM,0.5,0.499,0.49,0.4957
F_de_3d_F7,all,norm3,Logistic Regression,0.6733,0.6086,0.5,0.4957
F_peak_3d_C3,theta,None,Ensemble (Majority Vote),0.7,0.6381,0.5,0.4957
F_de_3d_F3,beta,norm2,KNN,0.8467,0.6886,0.49,0.4957
F_median_3d_F3,delta,norm2,Random Forest,0.7267,0.6105,0.51,0.4957
F_dasm_3d,alpha,None,Ensemble (Majority Vote),0.82,0.7295,0.46,0.4957
F_de_3d_F3,beta,norm3,KNN,0.8467,0.6886,0.49,0.4957
F_median_3d_F3,beta,norm2,KNN,0.8533,0.6762,0.52,0.4957
F_peak_3d_2area,delta,norm2,Linear SVM,0.5,0.4981,0.52,0.4957
F_peak_3d_2area,gamma,norm3,Linear SVM,0.5267,0.5333,0.46,0.4957
F_mean_3d_10rm,theta,norm3,Random Forest,0.8467,0.7648,0.48,0.4957
F_peak_3d_2area,delta,norm3,KNN,0.88,0.7114,0.5,0.4957
F_mean_3d_Cz,alpha,None,Random Forest,0.72,0.6267,0.46,0.4957
F_mean_3d_10rm,alpha,norm2,XGBoost,0.9467,0.7467,0.46,0.4957
F_median_3d_F3,delta,norm3,Random Forest,0.7267,0.6105,0.51,0.4957
F_peak_3d_2area,theta,None,Random Forest,0.7067,0.6429,0.5,0.4957
F_peak_3d_2area,beta,norm2,Linear SVM,0.52,0.5019,0.51,0.4957
F_median_3d_F4,gamma,None,Logistic Regression,0.54,0.5248,0.5,0.4957
F_median_3d_F3,all,norm2,Ensemble (Majority Vote),0.8667,0.72,0.46,0.4957
F_median_3d,gamma,None,XGBoost,0.9733,0.8581,0.51,0.4957
F_mean_3d_F8,theta,norm3,Ensemble (Majority Vote),0.7267,0.6371,0.49,0.4957
F_median_3d_Cz,theta,norm2,Random Forest,0.6667,0.6057,0.48,0.4957
F_median_3d_Cz,theta,norm3,Random Forest,0.6667,0.6057,0.48,0.4957
F_de_3d_F3,theta,norm3,Ensemble (Majority Vote),0.6733,0.6029,0.45,0.4957
F_mean_3d_Fz,all,norm2,KNN,0.8267,0.6752,0.51,0.4957
F_de_3d_F3,theta,norm2,Ensemble (Majority Vote),0.6733,0.6029,0.45,0.4957
F_rasm_3d_8rm,beta,norm2,Ensemble (Majority Vote),0.8067,0.681,0.48,0.4957
F_de_3d_F3,gamma,norm2,Random Forest,0.6867,0.6057,0.49,0.4957
F_de_3d_2area,gamma,norm3,Random Forest,0.7,0.6333,0.51,0.4957
F_de_3d_F3,gamma,norm3,Random Forest,0.6867,0.6057,0.49,0.4957
F_mean_3d_Fp1,all,norm2,Linear SVM,0.5,0.5048,0.51,0.4957
F_de_3d_F3,alpha,norm2,Linear SVM,0.5,0.499,0.49,0.4957
F_de_3d_F7,all,norm2,Random Forest,0.92,0.7276,0.48,0.4957
F_median_3d_F3,beta,None,Linear SVM,0.5467,0.5381,0.52,0.4957
F_mean_3d_Fp1,all,norm3,Random Forest,0.8133,0.741,0.51,0.4957
F_de_3d_T7,alpha,norm2,KNN,0.7933,0.6657,0.54,0.4957
F_peak_3d_2area,gamma,norm2,Linear SVM,0.5533,0.5114,0.51,0.4957
F_peak_3d_8rm,theta,norm2,Random Forest,0.96,0.761,0.5,0.4957
F_peak_3d_Fp2,beta,norm3,Linear SVM,0.52,0.4971,0.49,0.4957
F_de_3d_Fp1,gamma,norm3,KNN,0.7933,0.6638,0.54,0.4957
F_peak_3d_T8,delta,norm3,Ensemble (Majority Vote),0.68,0.6305,0.5,0.4957
F_peak_3d_F7,alpha,None,KNN,0.8667,0.7038,0.49,0.4957
F_mean_3d_F3,all,norm2,Linear SVM,0.5533,0.5048,0.46,0.4957
F_peak_3d_8rm,theta,norm3,KNN,0.9133,0.7933,0.5,0.4957
F_peak_3d_F7,beta,norm2,KNN,0.8667,0.7019,0.46,0.4957
F_peak_3d_Cz,all,norm3,Random Forest,0.8,0.7114,0.52,0.4957
F_peak_3d_10rm,alpha,norm2,KNN,0.84,0.6762,0.5,0.4957
F_mean_3d_C3,gamma,norm3,Ensemble (Majority Vote),0.5933,0.6029,0.5,0.4957
F_median_3d_2area,delta,norm2,Random Forest,0.68,0.641,0.49,0.4957
F_peak_3d_8rm,theta,norm2,KNN,0.8133,0.66,0.48,0.4957
F_rasm_3d_8rm,delta,norm2,XGBoost,0.74,0.6562,0.5,0.4957
F_peak_3d_Fp2,alpha,norm3,Ensemble (Majority Vote),0.7133,0.639,0.46,0.4957
F_de_3d_F7,theta,None,XGBoost,0.68,0.6362,0.48,0.4957
F_dasm_3d,theta,None,KNN,0.9333,0.801,0.47,0.4957
F_peak_3d_8rm,alpha,norm3,Logistic Regression,0.6733,0.6467,0.47,0.4957
F_peak_3d_8rm,beta,norm3,Random Forest,0.7867,0.7562,0.48,0.4957
F_peak_3d_F7,beta,norm3,KNN,0.8667,0.7019,0.46,0.4957
F_peak_3d_Fp2,alpha,norm2,XGBoost,0.7,0.5876,0.5,0.4957
F_peak_3d_Cz,all,norm2,XGBoost,0.8333,0.6648,0.51,0.4957
F_peak_3d_8rm,beta,norm2,Random Forest,0.9667,0.7667,0.48,0.4957
F_de_3d_Fp1,gamma,norm2,KNN,0.7933,0.6638,0.54,0.4957
F_de_3d_F4,delta,None,XGBoost,0.66,0.6029,0.53,0.4957
F_peak_3d_Fp2,alpha,norm2,Ensemble (Majority Vote),0.7133,0.639,0.46,0.4957
F_median_3d_2area,beta,norm3,Logistic Regression,0.54,0.541,0.48,0.4957
F_mean_3d_10rm,all,norm2,XGBoost,1.0,0.9305,0.48,0.4957
F_mean_3d_C3,gamma,norm2,Ensemble (Majority Vote),0.5933,0.6029,0.5,0.4957
F_peak_3d_Fp2,alpha,norm3,XGBoost,0.7,0.5876,0.5,0.4957
F_peak_3d_Fp1,theta,norm3,KNN,0.8533,0.679,0.53,0.4957
F_rasm_3d_8rm,gamma,norm3,Logistic Regression,0.5067,0.5105,0.52,0.4957
F_peak_3d_Fp1,theta,norm2,KNN,0.8533,0.679,0.53,0.4957
F_de_3d_T7,alpha,norm3,KNN,0.7933,0.6657,0.54,0.4957
F_de_3d_Cz,delta,None,XGBoost,0.6333,0.601,0.52,0.4957
F_de_3d_T8,theta,norm2,Ensemble (Majority Vote),0.7333,0.6343,0.48,0.4957
F_de_3d_8rm,alpha,norm3,Linear SVM,0.6867,0.6638,0.52,0.4957
F_median_3d_F8,delta,None,KNN,0.82,0.7038,0.47,0.4957
F_dasm_3d,theta,norm2,Ensemble (Majority Vote),0.78,0.6971,0.54,0.4957
F_median_3d_F8,beta,norm3,Random Forest,0.68,0.5895,0.47,0.4957
F_de_3d_2area,all,norm3,Ensemble (Majority Vote),0.8867,0.8038,0.45,0.4957
F_de_3d_Cz,delta,norm2,Random Forest,0.68,0.6019,0.5,0.4957
F_rasm_3d_8rm,gamma,None,Logistic Regression,0.54,0.5248,0.49,0.4957
F_peak_3d_Fp2,beta,norm2,Linear SVM,0.52,0.4971,0.49,0.4957
F_de_3d_F8,beta,None,Linear SVM,0.5333,0.5276,0.49,0.4957
F_de_3d_2area,all,norm2,Random Forest,0.9,0.7638,0.51,0.4957
F_de_3d_F8,beta,None,Logistic Regression,0.5333,0.5305,0.49,0.4957
F_peak_3d_8rm,delta,norm2,Random Forest,0.9133,0.7238,0.48,0.4957
F_rasm_3d19,theta,None,Logistic Regression,0.625,0.5381,0.4625,0.4946
F_rasm_3d19,alpha,norm2,Ensemble (Majority Vote),0.9167,0.7667,0.425,0.4946
F_peak_3d19,theta,norm3,Linear SVM,0.7833,0.7226,0.5125,0.4946
F_dasm_3d19,delta,norm2,Linear SVM,0.5167,0.5143,0.5,0.4946
F_rasm_3d19,all,None,Ensemble (Majority Vote),0.975,0.8738,0.525,0.4946
F_dasm_3d19,delta,None,XGBoost,0.9167,0.8321,0.4875,0.4946
F_de_3d19,all,norm3,XGBoost,1.0,0.9786,0.4875,0.4946
F_peak_3d19,delta,norm2,XGBoost,0.95,0.8119,0.4875,0.4946
F_median_3d19,theta,None,Ensemble (Majority Vote),0.9333,0.8667,0.5,0.4946
F_rasm_3d19,gamma,norm3,Random Forest,0.8083,0.7679,0.45,0.4946
F_dasm_3d19,all,None,KNN,1.0,0.9571,0.525,0.4946
F_mean_3d_F3,theta,norm2,Linear SVM,0.5,0.4981,0.53,0.4943
F_de_3d_2area,gamma,norm3,XGBoost,0.64,0.619,0.49,0.4943
F_dasm_3d_8rm,alpha,norm2,XGBoost,0.7867,0.64,0.53,0.4943
F_mean_3d_Fp2,beta,norm2,Ensemble (Majority Vote),0.6533,0.6219,0.49,0.4943
F_median_3d_T7,alpha,norm2,Ensemble (Majority Vote),0.6667,0.62,0.49,0.4943
F_de_3d_F7,alpha,None,Ensemble (Majority Vote),0.68,0.6181,0.48,0.4943
F_mean_3d_Fp2,gamma,None,Linear SVM,0.52,0.5181,0.48,0.4943
F_mean_3d_Fp2,beta,norm3,Ensemble (Majority Vote),0.6533,0.6219,0.49,0.4943
F_peak_3d_Cz,theta,norm3,Linear SVM,0.5067,0.5095,0.48,0.4943
F_peak_3d_T7,theta,norm2,Linear SVM,0.5133,0.5105,0.5,0.4943
F_de_3d_Fz,alpha,norm2,Linear SVM,0.5,0.4971,0.44,0.4943
F_mean_3d_F3,theta,norm3,Linear SVM,0.5,0.4981,0.53,0.4943
F_de_3d_T8,gamma,norm3,Random Forest,0.6867,0.5971,0.5,0.4943
F_median_3d_F3,beta,None,Logistic Regression,0.54,0.5381,0.53,0.4943
F_median_3d,all,norm2,XGBoost,1.0,0.9619,0.5,0.4943
F_peak_3d_2area,theta,norm2,Random Forest,0.7267,0.6352,0.52,0.4943
F_peak_3d_F3,all,None,XGBoost,0.8467,0.7562,0.47,0.4943
F_median_3d_T7,alpha,norm3,Ensemble (Majority Vote),0.6667,0.62,0.49,0.4943
F_de_3d_T7,theta,norm2,KNN,0.9067,0.7,0.43,0.4943
F_peak_3d_8rm,delta,norm2,XGBoost,0.92,0.7048,0.51,0.4943
F_mean_3d_C3,beta,None,Ensemble (Majority Vote),0.6533,0.6114,0.49,0.4943
F_de_3d_1area,gamma,norm2,Linear SVM,0.5067,0.499,0.51,0.4943
F_mean_3d_F4,theta,norm3,KNN,0.8867,0.6819,0.5,0.4943
F_dasm_3d_3area,all,None,XGBoost,0.8133,0.7495,0.52,0.4943
F_de_3d_2area,beta,norm2,KNN,0.8667,0.699,0.54,0.4943
F_de_3d_Fz,all,norm2,Ensemble (Majority Vote),0.8467,0.7105,0.52,0.4943
F_median_3d_8rm,theta,norm3,XGBoost,0.8867,0.779,0.49,0.4943
F_peak_3d_Fp2,all,norm2,Random Forest,0.8733,0.7276,0.53,0.4943
F_de_3d_Fz,alpha,norm3,XGBoost,0.5467,0.5486,0.47,0.4943
F_median_3d_C4,theta,norm3,XGBoost,0.6333,0.5581,0.48,0.4943
F_mean_3d_T8,theta,norm2,Linear SVM,0.4933,0.5029,0.49,0.4943
F_dasm_3d_8rm,gamma,norm3,KNN,0.84,0.7171,0.52,0.4943
F_peak_3d_C3,alpha,None,Random Forest,0.68,0.6362,0.5,0.4943
F_de_3d_C4,alpha,norm3,Ensemble (Majority Vote),0.54,0.5448,0.53,0.4943
F_median_3d_C4,theta,norm2,XGBoost,0.6333,0.5581,0.48,0.4943
F_mean_3d_T8,theta,norm3,Linear SVM,0.4933,0.5029,0.49,0.4943
F_mean_3d_Fp2,theta,None,Random Forest,0.6733,0.6162,0.51,0.4943
F_mean_3d_Fp2,all,norm3,Linear SVM,0.6333,0.6171,0.5,0.4943
F_median_3d,beta,norm2,Ensemble (Majority Vote),0.9133,0.7695,0.5,0.4943
F_de_3d_Fz,alpha,norm2,XGBoost,0.5467,0.5486,0.47,0.4943
F_rasm_3d_3area,all,None,Linear SVM,0.5933,0.5419,0.52,0.4943
F_peak_3d_3area,theta,norm3,Ensemble (Majority Vote),0.7267,0.679,0.55,0.4943
F_peak_3d_Fp1,theta,norm3,Ensemble (Majority Vote),0.7067,0.6314,0.47,0.4943
F_median_3d_8rm,theta,norm2,KNN,0.8133,0.6848,0.5,0.4943
F_median_3d_T8,all,norm2,Linear SVM,0.5,0.4962,0.49,0.4943
F_median_3d_10rm,delta,norm2,Ensemble (Majority Vote),0.84,0.7038,0.47,0.4943
F_de_3d_2area,all,norm3,Random Forest,0.8733,0.78,0.48,0.4943
F_peak_3d_Fp2,gamma,norm2,Random Forest,0.7133,0.5971,0.49,0.4943
F_rasm_3d_10rm,gamma,norm2,Random Forest,0.8133,0.701,0.51,0.4943
F_peak_3d_C3,all,norm2,XGBoost,0.8333,0.6552,0.46,0.4943
F_de_3d_C4,alpha,norm2,Ensemble (Majority Vote),0.54,0.5448,0.53,0.4943
F_mean_3d_3area,all,norm2,Linear SVM,0.4933,0.4943,0.53,0.4943
F_median_3d_10rm,delta,None,Logistic Regression,0.7333,0.6838,0.49,0.4943
F_peak_3d_Fp2,gamma,norm3,Random Forest,0.7133,0.5971,0.49,0.4943
F_peak_3d_C3,alpha,norm2,XGBoost,0.6133,0.559,0.48,0.4943
F_de_3d,all,norm2,KNN,0.7333,0.6705,0.48,0.4943
F_de_3d_1area,gamma,norm3,Linear SVM,0.5067,0.499,0.51,0.4943
F_de_3d_Fp1,delta,None,KNN,0.8333,0.6933,0.49,0.4943
F_de_3d_Fz,alpha,norm3,Linear SVM,0.5,0.4971,0.44,0.4943
F_rasm_3d_8rm,gamma,norm3,Linear SVM,0.5067,0.5105,0.51,0.4943
F_mean_3d_Cz,all,None,XGBoost,0.8133,0.7333,0.47,0.4943
F_median_3d_T7,gamma,None,KNN,0.8667,0.7086,0.51,0.4943
F_median_3d,alpha,norm2,Random Forest,0.9733,0.8143,0.52,0.4943
F_mean_3d_F4,theta,norm2,KNN,0.8867,0.6819,0.5,0.4943
F_de_3d_T7,theta,norm3,KNN,0.9067,0.7,0.43,0.4943
F_median_3d_Cz,beta,norm3,Linear SVM,0.48,0.4971,0.53,0.4943
F_peak_3d_Fp1,theta,norm2,Ensemble (Majority Vote),0.7067,0.6314,0.47,0.4943
F_de_3d_T8,gamma,norm2,Random Forest,0.6867,0.5971,0.5,0.4943
F_median_3d_T7,gamma,norm2,Random Forest,0.7,0.6019,0.46,0.4943
F_rasm_3d,theta,None,Logistic Regression,0.56,0.5505,0.49,0.4943
F_median_3d_Cz,beta,norm2,Linear SVM,0.48,0.4971,0.53,0.4943
F_median_3d_T7,gamma,norm3,Random Forest,0.7,0.6019,0.46,0.4943
F_peak_3d_3area,delta,norm2,Random Forest,0.76,0.6543,0.45,0.4943
F_median_3d_C3,all,norm3,KNN,0.8867,0.7781,0.43,0.4943
F_peak_3d_C3,alpha,norm3,XGBoost,0.6133,0.559,0.48,0.4943
F_rasm_3d_10rm,gamma,None,Linear SVM,0.54,0.5162,0.56,0.4943
F_peak_3d,alpha,norm2,XGBoost,0.9733,0.7867,0.49,0.4943
F_peak_3d_3area,gamma,None,KNN,0.92,0.7686,0.48,0.4943
F_de_3d_Fp2,delta,None,XGBoost,0.68,0.6257,0.5,0.4943
F_rasm_3d_8rm,gamma,norm3,Random Forest,0.7867,0.6819,0.47,0.4943
F_de_3d_F3,all,norm2,KNN,0.8533,0.68,0.47,0.4943
F_de_3d_Fp2,gamma,norm2,Linear SVM,0.5,0.5067,0.49,0.4943
F_de_3d_Fp1,theta,None,Linear SVM,0.5867,0.5619,0.47,0.4943
F_peak_3d_C4,beta,norm3,Random Forest,0.6933,0.5914,0.52,0.4943
F_peak_3d_T8,all,norm3,XGBoost,0.82,0.7171,0.51,0.4943
F_peak_3d_C4,beta,norm3,KNN,0.8867,0.6857,0.5,0.4943
F_median_3d_F7,alpha,norm3,Random Forest,0.72,0.5895,0.46,0.4943
F_peak_3d_C4,beta,norm2,Random Forest,0.6933,0.5914,0.52,0.4943
F_median_3d_F7,alpha,norm3,Linear SVM,0.5,0.4933,0.5,0.4943
F_mean_3d_T7,all,None,XGBoost,0.82,0.7438,0.49,0.4943
F_median_3d_F7,alpha,norm2,Random Forest,0.72,0.5895,0.46,0.4943
F_median_3d_F7,alpha,norm2,Linear SVM,0.5,0.4933,0.5,0.4943
F_peak_3d_C4,beta,norm2,KNN,0.8867,0.6857,0.5,0.4943
F_rasm_3d_3area,theta,None,Logistic Regression,0.5067,0.5114,0.46,0.4943
F_de_3d_Fp2,gamma,norm3,Linear SVM,0.5,0.5067,0.49,0.4943
F_peak_3d_1area,theta,norm2,XGBoost,0.5733,0.559,0.49,0.4943
F_dasm_3d_10rm,all,None,XGBoost,0.9867,0.9314,0.46,0.4943
F_mean_3d_C4,all,None,Ensemble (Majority Vote),0.74,0.7124,0.48,0.4943
F_peak_3d_1area,theta,norm3,XGBoost,0.5733,0.559,0.49,0.4943
F_peak_3d_F4,gamma,norm2,Ensemble (Majority Vote),0.6533,0.5962,0.48,0.4943
F_de_3d_3area,alpha,norm3,KNN,0.8467,0.7124,0.5,0.4943
F_median_3d_3area,delta,None,Random Forest,0.7467,0.6819,0.46,0.4943
F_peak_3d_F8,gamma,norm2,Linear SVM,0.52,0.5105,0.47,0.4943
F_peak_3d_F8,gamma,norm3,Linear SVM,0.52,0.5105,0.47,0.4943
F_de_3d_3area,alpha,norm2,XGBoost,0.7533,0.6305,0.48,0.4943
F_median_3d_3area,delta,norm2,Linear SVM,0.4333,0.48,0.51,0.4943
F_mean_3d_Cz,beta,norm3,KNN,0.8667,0.6914,0.55,0.4943
F_peak_3d_F7,beta,norm2,XGBoost,0.6,0.5533,0.5,0.4943
F_mean_3d_1area,delta,norm3,Ensemble (Majority Vote),0.7,0.6238,0.48,0.4943
F_rasm_3d_8rm,gamma,None,Linear SVM,0.5533,0.5324,0.47,0.4943
F_mean_3d_T8,beta,norm2,Linear SVM,0.54,0.5114,0.49,0.4943
F_mean_3d_Cz,gamma,norm3,Linear SVM,0.5,0.5029,0.5,0.4943
F_de_3d_8rm,gamma,norm3,XGBoost,0.8533,0.7771,0.52,0.4943
F_rasm_3d_8rm,all,norm3,Random Forest,0.8867,0.7943,0.48,0.4943
F_mean_3d_F8,all,None,KNN,0.8667,0.7448,0.49,0.4943
F_de_3d_8rm,gamma,norm3,Ensemble (Majority Vote),0.8133,0.759,0.53,0.4943
F_mean_3d_Cz,gamma,norm2,Linear SVM,0.5,0.5029,0.5,0.4943
F_peak_3d_Fz,gamma,None,KNN,0.8933,0.7267,0.48,0.4943
F_median_3d_10rm,all,None,XGBoost,1.0,0.981,0.53,0.4943
F_mean_3d_F8,all,norm3,Ensemble (Majority Vote),0.7067,0.6981,0.51,0.4943
F_de_3d_F8,alpha,None,KNN,0.8533,0.7305,0.46,0.4943
F_mean_3d_Fz,delta,norm3,Linear SVM,0.5,0.4962,0.5,0.4943
F_de_3d_Fp2,gamma,None,Linear SVM,0.5533,0.5371,0.51,0.4943
F_peak_3d_10rm,gamma,None,Random Forest,0.88,0.7857,0.45,0.4943
F_de_3d_3area,gamma,None,Ensemble (Majority Vote),0.7467,0.6943,0.49,0.4943
F_mean_3d_Fz,delta,norm2,Linear SVM,0.5,0.4962,0.5,0.4943
F_mean_3d_T8,beta,norm3,Linear SVM,0.54,0.5114,0.49,0.4943
F_de_3d_Fp2,alpha,None,Ensemble (Majority Vote),0.6267,0.6038,0.51,0.4943
F_mean_3d_1area,delta,norm2,Ensemble (Majority Vote),0.7,0.6238,0.48,0.4943
F_peak_3d_T7,theta,norm3,Linear SVM,0.5133,0.5105,0.5,0.4943
F_peak_3d_F7,beta,norm3,XGBoost,0.6,0.5533,0.5,0.4943
F_mean_3d_3area,gamma,None,Linear SVM,0.58,0.5933,0.52,0.4943
F_mean_3d,gamma,norm3,Random Forest,0.8733,0.8048,0.5,0.4943
F_dasm_3d,alpha,norm3,Random Forest,0.7733,0.7076,0.49,0.4943
F_dasm_3d_10rm,theta,None,XGBoost,0.8,0.7238,0.48,0.4943
F_peak_3d_2area,alpha,norm3,Ensemble (Majority Vote),0.64,0.6114,0.51,0.4943
F_dasm_3d_3area,gamma,None,Ensemble (Majority Vote),0.6667,0.6276,0.53,0.4943
F_median_3d_T7,all,None,Ensemble (Majority Vote),0.7733,0.7276,0.49,0.4943
F_dasm_3d_3area,gamma,None,Linear SVM,0.5067,0.5124,0.49,0.4943
F_mean_3d_Cz,beta,None,KNN,0.86,0.699,0.47,0.4943
F_peak_3d_2area,alpha,norm2,KNN,0.8467,0.6752,0.52,0.4943
F_peak_3d_F7,alpha,None,XGBoost,0.6333,0.5838,0.47,0.4943
F_peak_3d_F4,gamma,norm3,Ensemble (Majority Vote),0.6533,0.5962,0.48,0.4943
F_dasm_3d_10rm,alpha,norm2,Ensemble (Majority Vote),0.8667,0.7067,0.52,0.4943
F_median_3d_2area,all,norm2,Linear SVM,0.5133,0.4981,0.42,0.4943
F_median_3d_3area,theta,None,KNN,0.8867,0.7438,0.48,0.4943
F_peak_3d_2area,alpha,norm3,Logistic Regression,0.54,0.541,0.51,0.4943
F_peak_3d_2area,alpha,None,KNN,0.84,0.7133,0.49,0.4943
F_mean_3d_10rm,delta,norm3,Logistic Regression,0.7333,0.6895,0.49,0.4943
F_de_3d_3area,all,norm2,Linear SVM,0.5,0.4981,0.5,0.4943
F_peak_3d_F7,all,norm2,Random Forest,0.9,0.7248,0.51,0.4943
F_de_3d,beta,norm2,Ensemble (Majority Vote),0.92,0.78,0.47,0.4943
F_peak_3d_Cz,theta,norm2,Linear SVM,0.5067,0.5095,0.48,0.4943
F_de_3d_F7,alpha,norm3,Linear SVM,0.5267,0.5019,0.48,0.4943
F_de_3d_C4,delta,norm2,Linear SVM,0.4733,0.4819,0.5,0.4943
F_de_3d_C4,delta,norm2,Ensemble (Majority Vote),0.58,0.6057,0.49,0.4943
F_peak_3d_Fp1,all,norm2,Ensemble (Majority Vote),0.8333,0.6924,0.45,0.4943
F_de_3d_C4,delta,norm3,Ensemble (Majority Vote),0.58,0.6057,0.49,0.4943
F_de_3d_C3,beta,None,XGBoost,0.62,0.5924,0.51,0.4943
F_de_3d_C4,delta,norm3,Linear SVM,0.4733,0.4819,0.5,0.4943
F_peak_3d_F4,theta,None,Linear SVM,0.5933,0.5419,0.51,0.4943
F_dasm_3d_8rm,alpha,norm2,KNN,0.8533,0.6914,0.5,0.4943
F_mean_3d_F8,theta,norm2,XGBoost,0.6333,0.5752,0.5,0.4943
F_peak_3d_10rm,alpha,norm3,KNN,0.9267,0.8324,0.5,0.4943
F_mean_3d_F3,all,norm2,Ensemble (Majority Vote),0.86,0.7181,0.46,0.4943
F_mean_3d_F8,theta,norm3,XGBoost,0.6333,0.5752,0.5,0.4943
F_mean_3d_Cz,beta,norm2,KNN,0.8667,0.6914,0.55,0.4943
F_median_3d_3area,gamma,None,Random Forest,0.76,0.6952,0.49,0.4943
F_median_3d_3area,gamma,None,XGBoost,0.7733,0.7038,0.5,0.4943
F_dasm_3d_8rm,all,norm2,XGBoost,0.9867,0.8362,0.51,0.4943
F_median_3d_F4,all,norm2,Linear SVM,0.5667,0.519,0.45,0.4943
F_mean_3d_F3,alpha,None,Ensemble (Majority Vote),0.7067,0.641,0.48,0.4943
F_de_3d_C4,delta,None,Random Forest,0.68,0.6114,0.5,0.4943
F_de_3d_F7,alpha,norm2,Linear SVM,0.5267,0.5019,0.48,0.4943
F_rasm_3d_8rm,beta,None,Linear SVM,0.5,0.5124,0.52,0.4943
F_dasm_3d_10rm,gamma,norm2,Ensemble (Majority Vote),0.8333,0.6914,0.54,0.4943
F_mean_3d_1area,gamma,norm2,Ensemble (Majority Vote),0.6333,0.601,0.54,0.4943
F_median_3d_Fp2,theta,None,Random Forest,0.7133,0.641,0.5,0.4943
F_de_3d_Fp1,all,None,Linear SVM,0.6667,0.6505,0.51,0.4943
F_dasm_3d_3area,theta,None,Linear SVM,0.5133,0.5486,0.48,0.4943
F_mean_3d_T7,all,None,Random Forest,0.78,0.7286,0.48,0.4943
F_rasm_3d,gamma,None,Ensemble (Majority Vote),0.82,0.7,0.51,0.4943
F_peak_3d_Fp1,theta,norm2,XGBoost,0.6533,0.581,0.52,0.4943
F_mean_3d_1area,gamma,norm3,Ensemble (Majority Vote),0.6333,0.601,0.54,0.4943
F_peak_3d_Fp1,theta,norm3,XGBoost,0.6533,0.581,0.52,0.4943
F_peak_3d_8rm,gamma,norm2,Random Forest,0.9333,0.7495,0.55,0.4929
F_mean_3d,alpha,norm2,Random Forest,0.96,0.799,0.48,0.4929
F_peak_3d_8rm,gamma,norm2,Linear SVM,0.6,0.5314,0.48,0.4929
F_de_3d_C3,gamma,norm3,XGBoost,0.5667,0.5438,0.5,0.4929
F_de_3d_8rm,alpha,norm3,Logistic Regression,0.7,0.659,0.55,0.4929
F_de_3d_F8,delta,norm2,Linear SVM,0.5067,0.501,0.51,0.4929
F_median_3d19,gamma,norm2,Linear SVM,0.5083,0.519,0.5125,0.4929
F_peak_3d_T8,gamma,None,KNN,0.8067,0.6962,0.43,0.4929
F_de_3d_C3,theta,None,KNN,0.8333,0.6867,0.49,0.4929
F_peak_3d_8rm,beta,norm3,Linear SVM,0.66,0.6381,0.45,0.4929
F_de_3d_8rm,all,norm2,Random Forest,1.0,0.881,0.5,0.4929
F_peak_3d_10rm,gamma,norm2,Random Forest,0.9533,0.7771,0.53,0.4929
F_peak_3d_Cz,all,norm2,Linear SVM,0.4933,0.4971,0.51,0.4929
F_de_3d_8rm,all,norm2,Ensemble (Majority Vote),0.98,0.8514,0.45,0.4929
F_median_3d,all,norm2,Ensemble (Majority Vote),0.98,0.8714,0.48,0.4929
F_mean_3d,all,norm3,Random Forest,0.98,0.9152,0.51,0.4929
F_rasm_3d19,delta,None,Linear SVM,0.5333,0.5179,0.4875,0.4929
F_median_3d,alpha,norm2,Linear SVM,0.48,0.5067,0.51,0.4929
F_peak_3d_F3,alpha,norm2,Linear SVM,0.4867,0.5057,0.52,0.4929
F_peak_3d_10rm,alpha,norm2,Random Forest,0.98,0.8029,0.47,0.4929
F_peak_3d_T8,all,norm3,Ensemble (Majority Vote),0.7667,0.7048,0.54,0.4929
F_peak_3d_8rm,delta,norm3,Ensemble (Majority Vote),0.8333,0.7581,0.51,0.4929
F_de_3d_8rm,alpha,None,KNN,0.9267,0.8486,0.52,0.4929
F_dasm_3d,alpha,None,Linear SVM,0.6733,0.62,0.48,0.4929
F_peak_3d,delta,norm3,XGBoost,0.94,0.84,0.49,0.4929
F_dasm_3d_10rm,delta,None,KNN,0.9067,0.7695,0.5,0.4929
F_mean_3d_C3,alpha,norm3,KNN,0.8467,0.6848,0.5,0.4929
F_de_3d_F8,delta,norm3,Linear SVM,0.5067,0.501,0.51,0.4929
F_de_3d_1area,alpha,norm3,Linear SVM,0.54,0.5067,0.48,0.4929
F_de_3d_Fp1,alpha,norm3,Random Forest,0.6333,0.5943,0.49,0.4929
F_de_3d_1area,alpha,norm3,KNN,0.8133,0.6629,0.48,0.4929
F_de_3d_2area,gamma,norm2,KNN,0.8933,0.6952,0.48,0.4929
F_de_3d_Fp1,alpha,norm3,XGBoost,0.58,0.5657,0.48,0.4929
F_de_3d_2area,gamma,norm3,KNN,0.84,0.6981,0.56,0.4929
F_mean_3d_T7,theta,None,Linear SVM,0.5533,0.5495,0.5,0.4929
F_mean_3d_Cz,all,norm3,XGBoost,0.8,0.7286,0.5,0.4929
F_mean_3d_1area,beta,None,Ensemble (Majority Vote),0.7133,0.6371,0.48,0.4929
F_mean_3d_C4,all,norm2,Ensemble (Majority Vote),0.8267,0.72,0.53,0.4929
F_mean_3d_T8,gamma,norm2,Ensemble (Majority Vote),0.6667,0.5981,0.52,0.4929
F_mean_3d_T7,theta,None,Logistic Regression,0.5533,0.5495,0.5,0.4929
F_peak_3d_2area,alpha,norm3,KNN,0.7533,0.6495,0.49,0.4929
F_peak_3d_F3,all,None,KNN,0.9467,0.799,0.47,0.4929
F_peak_3d_2area,theta,norm2,Ensemble (Majority Vote),0.7333,0.6514,0.51,0.4929
F_de_3d_10rm,gamma,norm3,Random Forest,0.8333,0.7781,0.54,0.4929
F_median_3d,theta,norm2,Linear SVM,0.5067,0.4924,0.49,0.4929
F_dasm_3d,alpha,norm2,Ensemble (Majority Vote),0.88,0.72,0.54,0.4929
F_de_3d_1area,alpha,norm2,Linear SVM,0.54,0.5067,0.48,0.4929
F_de_3d_F8,gamma,None,KNN,0.8733,0.7343,0.52,0.4929
F_de_3d_1area,alpha,norm2,KNN,0.8133,0.6629,0.48,0.4929
F_mean_3d_T7,theta,norm2,Ensemble (Majority Vote),0.6467,0.56,0.5,0.4929
F_mean_3d_C4,all,norm3,XGBoost,0.8067,0.74,0.5,0.4929
F_mean_3d_T7,theta,norm3,Ensemble (Majority Vote),0.6467,0.56,0.5,0.4929
F_mean_3d_T8,gamma,norm2,XGBoost,0.6,0.5648,0.48,0.4929
F_mean_3d,all,norm2,Random Forest,1.0,0.8867,0.45,0.4929
F_mean_3d_T8,gamma,norm3,Ensemble (Majority Vote),0.6667,0.5981,0.52,0.4929
F_peak_3d_1area,all,norm2,Linear SVM,0.56,0.5105,0.49,0.4929
F_de_3d_8rm,theta,norm2,XGBoost,0.8733,0.719,0.51,0.4929
F_de_3d_C3,gamma,norm2,XGBoost,0.5667,0.5438,0.5,0.4929
F_median_3d19,beta,norm2,Ensemble (Majority Vote),0.9417,0.7798,0.475,0.4929
F_de_3d_3area,gamma,None,Random Forest,0.7733,0.6895,0.5,0.4929
F_de_3d_C3,all,norm2,Ensemble (Majority Vote),0.8067,0.68,0.45,0.4929
F_peak_3d_C4,delta,norm3,Ensemble (Majority Vote),0.7267,0.6181,0.51,0.4929
F_mean_3d_Cz,beta,norm3,XGBoost,0.6,0.5419,0.51,0.4929
F_mean_3d_1area,beta,norm3,KNN,0.8933,0.7038,0.46,0.4929
F_mean_3d_F4,all,norm3,KNN,0.88,0.7562,0.56,0.4929
F_median_3d_10rm,all,norm3,Random Forest,0.9733,0.899,0.5,0.4929
F_de_3d_3area,beta,norm3,Random Forest,0.7533,0.681,0.48,0.4929
F_peak_3d_C4,delta,norm2,Ensemble (Majority Vote),0.7267,0.6181,0.51,0.4929
F_peak_3d,alpha,norm2,KNN,0.8,0.6657,0.52,0.4929
F_peak_3d_Cz,gamma,None,KNN,0.88,0.6962,0.5,0.4929
F_median_3d19,all,norm3,XGBoost,1.0,0.9857,0.45,0.4929
F_peak_3d_T8,delta,None,XGBoost,0.6333,0.601,0.46,0.4929
F_de_3d_Fp1,alpha,norm2,Random Forest,0.6333,0.5943,0.49,0.4929
F_mean_3d_Cz,beta,norm2,XGBoost,0.6,0.5419,0.51,0.4929
F_de_3d_Fp1,alpha,norm2,XGBoost,0.58,0.5657,0.48,0.4929
F_mean_3d_1area,beta,norm2,KNN,0.8933,0.7038,0.46,0.4929
F_mean_3d_T8,gamma,norm3,XGBoost,0.6,0.5648,0.48,0.4929
F_peak_3d_F3,all,norm2,Linear SVM,0.5333,0.5029,0.52,0.4929
F_de_3d_1area,all,norm3,XGBoost,0.8467,0.7467,0.51,0.4929
F_peak_3d_8rm,gamma,norm2,Ensemble (Majority Vote),0.92,0.7476,0.49,0.4929
F_median_3d_3area,all,norm2,Linear SVM,0.5,0.4981,0.46,0.4929
F_mean_3d_Fz,alpha,norm2,Linear SVM,0.5333,0.5124,0.48,0.4929
F_mean_3d19,all,norm2,KNN,0.75,0.6786,0.525,0.4929
F_median_3d_Fp1,all,norm2,Random Forest,0.8733,0.6971,0.5,0.4929
F_median_3d_T7,all,norm2,Ensemble (Majority Vote),0.7733,0.6829,0.48,0.4929
F_peak_3d_Fz,alpha,norm3,Linear SVM,0.5,0.5029,0.51,0.4929
F_rasm_3d_10rm,alpha,norm3,KNN,0.8733,0.7314,0.48,0.4929
F_mean_3d_Fp1,all,norm2,Ensemble (Majority Vote),0.7933,0.6895,0.49,0.4929
F_de_3d_Fz,gamma,norm2,XGBoost,0.5733,0.5371,0.49,0.4929
F_median_3d_Cz,beta,norm2,Ensemble (Majority Vote),0.6733,0.619,0.46,0.4929
F_dasm_3d_3area,gamma,None,Logistic Regression,0.5133,0.5133,0.51,0.4929
F_peak_3d_F3,theta,None,Ensemble (Majority Vote),0.6733,0.6419,0.47,0.4929
F_median_3d_Cz,beta,norm2,Random Forest,0.6933,0.5981,0.49,0.4929
F_median_3d_8rm,theta,norm3,Random Forest,0.86,0.7562,0.52,0.4929
F_mean_3d_Fp2,all,norm3,Logistic Regression,0.6467,0.6286,0.51,0.4929
F_median_3d_Cz,beta,norm3,Ensemble (Majority Vote),0.6733,0.619,0.46,0.4929
F_mean_3d_Fz,alpha,norm3,Linear SVM,0.5333,0.5124,0.48,0.4929
F_median_3d_Cz,beta,norm3,Random Forest,0.6933,0.5981,0.49,0.4929
F_mean_3d_Fp1,gamma,None,XGBoost,0.62,0.5876,0.52,0.4929
F_de_3d,gamma,None,KNN,0.98,0.9086,0.45,0.4929
F_median_3d_2area,gamma,norm3,KNN,0.8667,0.7105,0.48,0.4929
F_mean_3d_Fp2,theta,norm3,Random Forest,0.6533,0.6029,0.47,0.4929
F_peak_3d_Fp2,all,norm2,Linear SVM,0.5533,0.5181,0.49,0.4929
F_mean_3d_3area,all,norm3,Linear SVM,0.8067,0.7295,0.56,0.4929
F_median_3d_F4,alpha,norm3,Ensemble (Majority Vote),0.6667,0.5924,0.49,0.4929
F_median_3d_C4,all,norm3,Linear SVM,0.64,0.6248,0.51,0.4929
F_mean_3d_3area,beta,norm2,XGBoost,0.7467,0.6352,0.5,0.4929
F_mean_3d_3area,beta,norm3,Linear SVM,0.58,0.5829,0.48,0.4929
F_de_3d_Fz,beta,norm2,Random Forest,0.6533,0.5962,0.51,0.4929
F_mean_3d_Fp2,theta,norm2,Random Forest,0.6533,0.6029,0.47,0.4929
F_mean_3d_Fp2,theta,norm3,Ensemble (Majority Vote),0.6467,0.6105,0.5,0.4929
F_median_3d_3area,theta,norm2,Ensemble (Majority Vote),0.68,0.62,0.48,0.4929
F_de_3d_10rm,alpha,None,KNN,0.9733,0.8695,0.43,0.4929
F_median_3d_Fp1,beta,norm3,Random Forest,0.7667,0.6057,0.45,0.4929
F_de_3d_F7,theta,None,Random Forest,0.6867,0.639,0.51,0.4929
F_rasm_3d_8rm,all,norm2,KNN,0.88,0.6895,0.49,0.4929
F_median_3d_Fz,delta,norm2,Ensemble (Majority Vote),0.6267,0.6124,0.49,0.4929
F_median_3d_Fz,delta,norm2,Linear SVM,0.4933,0.5029,0.47,0.4929
F_median_3d_Fp1,beta,norm2,Random Forest,0.7667,0.6057,0.45,0.4929
F_mean_3d_Fp2,theta,norm2,Ensemble (Majority Vote),0.6467,0.6105,0.5,0.4929
F_median_3d_Fz,delta,norm3,Ensemble (Majority Vote),0.6267,0.6124,0.49,0.4929
F_median_3d_Cz,all,None,Random Forest,0.8133,0.7305,0.49,0.4929
F_dasm_3d,theta,norm3,Logistic Regression,0.58,0.5838,0.5,0.4929
F_peak_3d_Fz,alpha,norm2,Linear SVM,0.5,0.5029,0.51,0.4929
F_de_3d_C4,gamma,norm3,Ensemble (Majority Vote),0.7,0.6429,0.53,0.4929
F_median_3d_Fz,delta,norm3,Linear SVM,0.4933,0.5029,0.47,0.4929
F_median_3d_F4,alpha,norm2,Ensemble (Majority Vote),0.6667,0.5924,0.49,0.4929
F_mean_3d_8rm,alpha,norm3,KNN,0.9267,0.8143,0.52,0.4929
F_peak_3d_Fp2,delta,norm3,Linear SVM,0.4933,0.4943,0.48,0.4929
F_mean_3d_C3,all,None,XGBoost,0.7867,0.7162,0.5,0.4929
F_median_3d_Fp2,theta,norm3,KNN,0.86,0.6962,0.46,0.4929
F_median_3d_1area,gamma,norm2,XGBoost,0.6533,0.5686,0.48,0.4929
F_de_3d_C4,alpha,None,KNN,0.86,0.7257,0.5,0.4929
F_mean_3d_Fp1,delta,None,Linear SVM,0.5867,0.5695,0.49,0.4929
F_de_3d_F4,delta,norm2,Linear SVM,0.5133,0.5038,0.48,0.4929
F_mean_3d_F4,delta,None,Ensemble (Majority Vote),0.6333,0.5971,0.47,0.4929
F_dasm_3d_8rm,delta,norm2,KNN,0.86,0.7,0.49,0.4929
F_median_3d_Cz,gamma,norm2,XGBoost,0.58,0.5438,0.51,0.4929
F_median_3d_C3,gamma,norm3,KNN,0.8733,0.6876,0.5,0.4929
F_mean_3d_3area,alpha,norm3,Random Forest,0.7533,0.679,0.5,0.4929
F_de_3d_Fz,gamma,norm3,XGBoost,0.5733,0.5371,0.49,0.4929
F_median_3d_Fp2,gamma,norm3,Linear SVM,0.5,0.5,0.51,0.4929
F_median_3d_C3,gamma,norm2,KNN,0.8733,0.6876,0.5,0.4929
F_median_3d_Fp2,gamma,norm2,Linear SVM,0.5,0.5,0.51,0.4929
F_de_3d_F4,delta,norm3,Linear SVM,0.5133,0.5038,0.48,0.4929
F_median_3d_T8,delta,None,Random Forest,0.7267,0.6371,0.47,0.4929
F_median_3d_Cz,gamma,norm3,XGBoost,0.58,0.5438,0.51,0.4929
F_median_3d_Fp2,alpha,norm3,Random Forest,0.6933,0.6105,0.57,0.4929
F_mean_3d_2area,all,norm2,Ensemble (Majority Vote),0.9133,0.7505,0.53,0.4929
F_mean_3d_3area,gamma,norm2,Random Forest,0.8,0.6524,0.51,0.4929
F_peak_3d_F3,alpha,norm3,Linear SVM,0.4867,0.5057,0.52,0.4929
F_mean_3d_C3,alpha,norm2,KNN,0.8467,0.6848,0.5,0.4929
F_de_3d_Fz,beta,norm3,Random Forest,0.6533,0.5962,0.51,0.4929
F_de_3d_Fz,theta,norm2,Random Forest,0.7067,0.6048,0.52,0.4929
F_de_3d_F3,theta,None,Random Forest,0.66,0.62,0.5,0.4929
F_median_3d_1area,gamma,norm3,XGBoost,0.6533,0.5686,0.48,0.4929
F_mean_3d,gamma,norm3,Logistic Regression,0.68,0.6657,0.51,0.4929
F_de_3d_Fz,theta,norm3,Random Forest,0.7067,0.6048,0.52,0.4929
F_median_3d_Fp2,alpha,norm2,Random Forest,0.6933,0.6105,0.57,0.4929
F_median_3d_Fp2,theta,norm2,KNN,0.86,0.6962,0.46,0.4929
F_peak_3d_Fp2,delta,norm2,Linear SVM,0.4933,0.4943,0.48,0.4929
F_median_3d_F3,beta,norm3,Ensemble (Majority Vote),0.6533,0.5886,0.54,0.4929
F_median_3d_C4,all,norm2,Ensemble (Majority Vote),0.8133,0.6971,0.5,0.4929
F_mean_3d_F8,alpha,norm2,KNN,0.84,0.679,0.45,0.4929
F_mean_3d_F8,alpha,norm3,KNN,0.84,0.679,0.45,0.4929
F_median_3d_F3,beta,norm2,Ensemble (Majority Vote),0.6533,0.5886,0.54,0.4929
F_de_3d_F7,gamma,None,Ensemble (Majority Vote),0.6667,0.6229,0.48,0.4929
F_median_3d_T8,all,norm2,KNN,0.7933,0.6857,0.45,0.4929
F_de_3d_C4,gamma,norm2,Ensemble (Majority Vote),0.7,0.6429,0.53,0.4929
F_de_3d19,theta,norm3,Random Forest,0.9167,0.8381,0.4875,0.4929
F_peak_3d19,alpha,None,Ensemble (Majority Vote),0.925,0.85,0.5125,0.4929
F_rasm_3d19,all,norm3,KNN,0.7917,0.675,0.45,0.4929
F_dasm_3d_3area,theta,None,Logistic Regression,0.5133,0.5495,0.48,0.4929
F_median_3d_T7,beta,norm2,Linear SVM,0.5133,0.499,0.51,0.4929
F_de_3d_C4,theta,None,Ensemble (Majority Vote),0.6667,0.619,0.47,0.4929
F_median_3d_T7,beta,norm3,Linear SVM,0.5133,0.499,0.51,0.4929
F_median_3d_3area,gamma,None,Linear SVM,0.6067,0.6038,0.46,0.4929
F_de_3d_Fp2,all,None,Linear SVM,0.6867,0.6181,0.48,0.4929
F_de_3d,all,norm3,Ensemble (Majority Vote),1.0,0.979,0.45,0.4929
F_peak_3d_C3,all,None,Linear SVM,0.64,0.619,0.48,0.4929
F_peak_3d_Fp2,theta,None,Random Forest,0.68,0.6257,0.46,0.4929
F_mean_3d_Cz,gamma,None,XGBoost,0.62,0.6086,0.48,0.4929
F_peak_3d_Fp2,all,norm3,Linear SVM,0.64,0.6143,0.48,0.4929
F_median_3d_Cz,theta,norm2,XGBoost,0.5733,0.5705,0.47,0.4929
F_peak_3d_10rm,all,norm2,Ensemble (Majority Vote),0.9267,0.839,0.48,0.4929
F_de_3d_F4,theta,None,XGBoost,0.6133,0.5867,0.49,0.4929
F_median_3d_Cz,theta,norm3,XGBoost,0.5733,0.5705,0.47,0.4929
F_rasm_3d,delta,norm3,Logistic Regression,0.6,0.5895,0.53,0.4929
F_median_3d,gamma,norm3,Linear SVM,0.7333,0.6781,0.54,0.4914
F_dasm_3d_3area,alpha,norm3,Random Forest,0.7467,0.5962,0.45,0.4914
F_peak_3d_F4,theta,None,KNN,0.8667,0.7143,0.48,0.4914
F_de_3d_1area,alpha,norm3,Ensemble (Majority Vote),0.6733,0.6295,0.51,0.4914
F_peak_3d_F4,theta,None,Logistic Regression,0.5933,0.5419,0.5,0.4914
F_de_3d_1area,alpha,norm2,Ensemble (Majority Vote),0.6733,0.6295,0.51,0.4914
F_de_3d_Fp1,theta,None,KNN,0.84,0.7038,0.46,0.4914
F_de_3d_Fp2,delta,None,Random Forest,0.7133,0.6562,0.45,0.4914
F_de_3d_F7,all,norm3,KNN,0.88,0.7419,0.47,0.4914
F_median_3d_8rm,all,norm3,XGBoost,1.0,0.96,0.52,0.4914
F_de_3d,alpha,norm3,KNN,0.9533,0.8371,0.52,0.4914
F_de_3d_Fp2,theta,norm3,KNN,0.84,0.6895,0.51,0.4914
F_mean_3d_Fp1,delta,None,Logistic Regression,0.5933,0.5705,0.49,0.4914
F_peak_3d_C3,theta,norm3,Linear SVM,0.46,0.4905,0.45,0.4914
F_mean_3d_8rm,alpha,norm2,Random Forest,0.9267,0.7533,0.47,0.4914
F_median_3d_Fp1,gamma,None,XGBoost,0.6333,0.5905,0.5,0.4914
F_peak_3d_Cz,alpha,None,Ensemble (Majority Vote),0.6867,0.6438,0.48,0.4914
F_mean_3d_2area,all,norm2,XGBoost,0.9,0.7448,0.51,0.4914
F_mean_3d_T8,gamma,norm2,KNN,0.8733,0.699,0.45,0.4914
F_de_3d_F7,all,norm3,XGBoost,0.8133,0.7238,0.49,0.4914
F_peak_3d_C3,theta,norm2,Linear SVM,0.46,0.4905,0.45,0.4914
F_de_3d_T8,theta,norm3,KNN,0.8867,0.7067,0.52,0.4914
F_de_3d_Fp2,theta,norm3,Ensemble (Majority Vote),0.7533,0.6429,0.5,0.4914
F_median_3d_Fp1,delta,None,Logistic Regression,0.5667,0.5638,0.49,0.4914
F_rasm_3d_3area,alpha,norm2,Ensemble (Majority Vote),0.6267,0.6219,0.49,0.4914
F_median_3d_Fp1,delta,None,Linear SVM,0.5667,0.5638,0.49,0.4914
F_peak_3d_Fz,beta,norm3,KNN,0.8,0.6771,0.5,0.4914
F_rasm_3d_8rm,theta,None,XGBoost,0.7267,0.6543,0.48,0.4914
F_rasm_3d,delta,norm3,Linear SVM,0.62,0.5895,0.51,0.4914
F_mean_3d_T8,beta,norm3,KNN,0.8733,0.7048,0.51,0.4914
F_peak_3d_F8,delta,norm3,Linear SVM,0.5133,0.4981,0.49,0.4914
F_peak_3d_T8,alpha,norm2,KNN,0.8533,0.6838,0.47,0.4914
F_peak_3d_Fz,beta,norm2,KNN,0.8,0.6771,0.5,0.4914
F_peak_3d_Fz,beta,norm2,Linear SVM,0.5,0.5,0.5,0.4914
F_median_3d_F7,all,norm2,XGBoost,0.8667,0.6848,0.48,0.4914
F_rasm_3d_3area,theta,None,Linear SVM,0.5,0.5048,0.47,0.4914
F_de_3d_Fz,theta,norm3,XGBoost,0.56,0.5533,0.49,0.4914
F_peak_3d_F8,delta,norm2,Linear SVM,0.5133,0.4981,0.49,0.4914
F_de_3d_Cz,gamma,norm2,Linear SVM,0.5267,0.5162,0.49,0.4914
F_de_3d_Fp1,theta,norm2,XGBoost,0.6467,0.5648,0.46,0.4914
F_mean_3d_T8,delta,None,XGBoost,0.6067,0.5829,0.5,0.4914
F_rasm_3d_3area,gamma,norm2,Ensemble (Majority Vote),0.7533,0.6505,0.45,0.4914
F_de_3d_Fp2,theta,norm2,KNN,0.84,0.6895,0.51,0.4914
F_peak_3d_Fz,beta,norm3,Linear SVM,0.5,0.5,0.5,0.4914
F_peak_3d_F8,alpha,None,Random Forest,0.64,0.6124,0.49,0.4914
F_peak_3d_C4,delta,norm3,Random Forest,0.66,0.5895,0.45,0.4914
F_median_3d_F7,theta,None,Linear SVM,0.5867,0.5667,0.45,0.4914
F_mean_3d_T8,beta,norm3,Random Forest,0.7067,0.6086,0.49,0.4914
F_mean_3d_3area,gamma,norm2,XGBoost,0.74,0.6295,0.48,0.4914
F_peak_3d_1area,delta,norm3,KNN,0.8533,0.6771,0.48,0.4914
F_peak_3d_F8,alpha,norm2,XGBoost,0.56,0.5314,0.49,0.4914
F_peak_3d_T8,alpha,norm3,KNN,0.8533,0.6838,0.47,0.4914
F_peak_3d_C4,delta,norm2,Random Forest,0.66,0.5895,0.45,0.4914
F_peak_3d_F8,alpha,norm3,XGBoost,0.56,0.5314,0.49,0.4914
F_de_3d_Fz,theta,norm2,XGBoost,0.56,0.5533,0.49,0.4914
F_peak_3d_1area,delta,norm2,KNN,0.8533,0.6771,0.48,0.4914
F_de_3d_Cz,gamma,norm3,Linear SVM,0.5267,0.5162,0.49,0.4914
F_rasm_3d_3area,alpha,norm2,XGBoost,0.6133,0.5886,0.51,0.4914
F_rasm_3d_3area,alpha,norm3,Ensemble (Majority Vote),0.6267,0.6219,0.49,0.4914
F_de_3d_Cz,beta,norm3,Random Forest,0.7,0.6,0.47,0.4914
F_mean_3d_T8,beta,norm2,Random Forest,0.7067,0.6086,0.49,0.4914
F_de_3d_Fp2,theta,norm2,Ensemble (Majority Vote),0.7533,0.6429,0.5,0.4914
F_rasm_3d_3area,beta,None,XGBoost,0.6133,0.5848,0.49,0.4914
F_median_3d_2area,beta,norm2,Linear SVM,0.4933,0.4981,0.49,0.4914
F_peak_3d_2area,beta,norm2,KNN,0.8733,0.6962,0.5,0.4914
F_peak_3d_10rm,beta,norm2,Linear SVM,0.54,0.5067,0.48,0.4914
F_mean_3d_Fp1,all,norm3,XGBoost,0.86,0.76,0.49,0.4914
F_mean_3d_Cz,theta,norm3,KNN,0.86,0.6924,0.46,0.4914
F_de_3d_Fp1,theta,norm3,XGBoost,0.6467,0.5648,0.46,0.4914
F_de_3d,beta,norm2,KNN,0.84,0.7029,0.49,0.4914
F_mean_3d_Cz,theta,norm2,KNN,0.86,0.6924,0.46,0.4914
F_de_3d_3area,all,norm3,Logistic Regression,0.76,0.7095,0.48,0.4914
F_peak_3d_T8,all,norm3,Random Forest,0.8,0.72,0.5,0.4914
F_mean_3d_Cz,beta,None,Linear SVM,0.5333,0.5124,0.47,0.4914
F_mean_3d_Cz,beta,None,Logistic Regression,0.54,0.5133,0.47,0.4914
F_mean_3d_F7,theta,norm2,KNN,0.8333,0.6733,0.43,0.4914
F_dasm_3d_3area,alpha,norm2,Random Forest,0.7467,0.5962,0.45,0.4914
F_rasm_3d_3area,alpha,norm3,XGBoost,0.6133,0.5886,0.51,0.4914
F_peak_3d_10rm,gamma,norm2,KNN,0.86,0.6905,0.45,0.4914
F_peak_3d_F7,delta,norm2,XGBoost,0.6,0.5505,0.49,0.4914
F_peak_3d_F7,delta,norm3,XGBoost,0.6,0.5505,0.49,0.4914
F_dasm_3d_10rm,beta,norm2,KNN,0.86,0.6971,0.5,0.4914
F_peak_3d_10rm,gamma,norm3,KNN,0.98,0.8524,0.49,0.4914
F_median_3d_3area,delta,norm3,Linear SVM,0.6333,0.6029,0.51,0.4914
F_mean_3d_T8,beta,norm2,KNN,0.8733,0.7048,0.51,0.4914
F_mean_3d_F7,theta,norm3,KNN,0.8333,0.6733,0.43,0.4914
F_de_3d_Cz,beta,norm2,Random Forest,0.7,0.6,0.47,0.4914
F_peak_3d_F7,gamma,None,Linear SVM,0.5733,0.5648,0.47,0.4914
F_peak_3d_F7,gamma,None,Logistic Regression,0.5733,0.5638,0.47,0.4914
F_mean_3d_3area,delta,norm2,KNN,0.8533,0.7181,0.49,0.4914
F_median_3d_Cz,theta,norm3,Ensemble (Majority Vote),0.6467,0.62,0.49,0.4914
F_median_3d_3area,alpha,norm2,Linear SVM,0.52,0.501,0.46,0.4914
F_median_3d_Cz,theta,norm2,Ensemble (Majority Vote),0.6467,0.62,0.49,0.4914
F_median_3d_C4,alpha,norm3,Ensemble (Majority Vote),0.6533,0.6095,0.54,0.4914
F_de_3d_Fp1,gamma,None,XGBoost,0.6333,0.6019,0.51,0.4914
F_mean_3d_1area,theta,norm2,Random Forest,0.7067,0.6057,0.5,0.4914
F_mean_3d_T7,delta,None,Ensemble (Majority Vote),0.6867,0.6495,0.47,0.4914
F_peak_3d_8rm,all,norm2,Random Forest,1.0,0.8981,0.51,0.4914
F_rasm_3d_10rm,gamma,norm3,Linear SVM,0.54,0.5238,0.49,0.4914
F_peak_3d_8rm,all,norm2,Linear SVM,0.4733,0.4924,0.48,0.4914
F_mean_3d_F3,gamma,norm3,XGBoost,0.68,0.6086,0.47,0.4914
F_de_3d_C4,beta,norm3,KNN,0.8467,0.6848,0.5,0.4914
F_de_3d_F8,beta,norm2,Ensemble (Majority Vote),0.66,0.5905,0.45,0.4914
F_median_3d_T7,all,norm3,KNN,0.8667,0.7552,0.5,0.4914
F_peak_3d_F3,theta,None,Random Forest,0.6867,0.6238,0.49,0.4914
F_median_3d_10rm,beta,None,KNN,0.9867,0.9114,0.46,0.4914
F_median_3d_C4,gamma,None,Random Forest,0.64,0.6219,0.51,0.4914
F_rasm_3d,theta,norm2,Linear SVM,0.5067,0.499,0.5,0.4914
F_mean_3d_Fp1,theta,norm3,KNN,0.82,0.6857,0.52,0.4914
F_rasm_3d_3area,gamma,norm3,Ensemble (Majority Vote),0.7533,0.6505,0.45,0.4914
F_median_3d_C4,theta,None,Linear SVM,0.52,0.5362,0.52,0.4914
F_mean_3d_F3,gamma,norm2,XGBoost,0.68,0.6086,0.47,0.4914
F_peak_3d,gamma,norm3,Linear SVM,0.78,0.6914,0.48,0.4914
F_de_3d_10rm,alpha,norm2,XGBoost,0.96,0.7752,0.49,0.4914
F_mean_3d_T7,theta,norm2,Random Forest,0.64,0.5743,0.49,0.4914
F_mean_3d_Fp1,theta,norm2,KNN,0.82,0.6857,0.52,0.4914
F_mean_3d_C3,beta,norm2,Linear SVM,0.4867,0.4905,0.45,0.4914
F_de_3d_C3,alpha,norm2,XGBoost,0.5933,0.5514,0.46,0.4914
F_peak_3d_Cz,gamma,norm3,Random Forest,0.6867,0.5924,0.48,0.4914
F_peak_3d_3area,gamma,norm2,KNN,0.8133,0.6952,0.52,0.4914
F_rasm_3d_10rm,gamma,None,Logistic Regression,0.5267,0.521,0.54,0.4914
F_de_3d_10rm,all,norm2,Random Forest,0.9933,0.881,0.48,0.4914
F_mean_3d_1area,theta,norm3,Random Forest,0.7067,0.6057,0.5,0.4914
F_peak_3d_F3,all,norm2,Ensemble (Majority Vote),0.8333,0.701,0.5,0.4914
F_de_3d_C4,beta,norm2,KNN,0.8467,0.6848,0.5,0.4914
F_de_3d_C4,gamma,norm2,XGBoost,0.62,0.5962,0.52,0.4914
F_median_3d_C4,alpha,norm2,Ensemble (Majority Vote),0.6533,0.6095,0.54,0.4914
F_de_3d_T8,theta,norm2,KNN,0.8867,0.7067,0.52,0.4914
F_de_3d_F8,delta,norm2,KNN,0.8333,0.6895,0.53,0.4914
F_peak_3d_Fp2,beta,norm2,Ensemble (Majority Vote),0.5467,0.5781,0.48,0.4914
F_peak_3d_Fp2,beta,norm3,Ensemble (Majority Vote),0.5467,0.5781,0.48,0.4914
F_de_3d_T7,theta,None,Random Forest,0.6733,0.6295,0.52,0.4914
F_dasm_3d_8rm,delta,norm2,Random Forest,0.8267,0.6838,0.47,0.4914
F_de_3d_F4,delta,norm3,Random Forest,0.7133,0.6086,0.46,0.4914
F_median_3d_T8,delta,norm3,KNN,0.9,0.7105,0.45,0.4914
F_rasm_3d,delta,None,Logistic Regression,0.5267,0.5362,0.5,0.4914
F_de_3d_T8,gamma,norm3,XGBoost,0.54,0.5533,0.48,0.4914
F_rasm_3d,gamma,norm3,Ensemble (Majority Vote),0.86,0.7324,0.48,0.4914
F_median_3d_T8,delta,norm2,KNN,0.9,0.7105,0.45,0.4914
F_mean_3d_F4,alpha,None,KNN,0.8867,0.7114,0.43,0.4914
F_median_3d_10rm,gamma,norm2,Random Forest,0.94,0.7905,0.45,0.4914
F_mean_3d_Fp2,delta,None,XGBoost,0.6733,0.6248,0.49,0.4914
F_peak_3d_8rm,beta,norm3,Logistic Regression,0.6667,0.641,0.44,0.4914
F_mean_3d_Fp2,delta,None,Ensemble (Majority Vote),0.78,0.659,0.45,0.4914
F_de_3d_F4,delta,norm2,Random Forest,0.7133,0.6086,0.46,0.4914
F_peak_3d,all,norm2,Random Forest,0.9867,0.8962,0.48,0.4914
F_de_3d_C3,gamma,norm3,Ensemble (Majority Vote),0.62,0.6152,0.52,0.4914
F_median_3d_T7,theta,norm3,XGBoost,0.5733,0.5429,0.5,0.4914
F_median_3d_T7,theta,norm2,XGBoost,0.5733,0.5429,0.5,0.4914
F_de_3d_C3,gamma,norm2,Ensemble (Majority Vote),0.62,0.6152,0.52,0.4914
F_median_3d,alpha,norm2,XGBoost,0.94,0.781,0.49,0.4914
F_peak_3d_F3,delta,norm2,Ensemble (Majority Vote),0.78,0.641,0.49,0.4914
F_peak_3d_F3,delta,norm3,Ensemble (Majority Vote),0.78,0.641,0.49,0.4914
F_peak_3d_F3,all,norm2,Random Forest,0.9267,0.72,0.49,0.4914
F_de_3d_F8,delta,norm3,KNN,0.8333,0.6895,0.53,0.4914
F_de_3d_F8,beta,norm3,Ensemble (Majority Vote),0.66,0.5905,0.45,0.4914
F_peak_3d_Cz,gamma,norm2,Random Forest,0.6867,0.5924,0.48,0.4914
F_de_3d_C3,alpha,norm3,XGBoost,0.5933,0.5514,0.46,0.4914
F_de_3d_T8,gamma,norm2,XGBoost,0.54,0.5533,0.48,0.4914
F_median_3d_Fp2,theta,norm3,Linear SVM,0.52,0.5019,0.52,0.4914
F_median_3d_Fz,alpha,None,XGBoost,0.7,0.5962,0.45,0.4914
F_mean_3d_C3,beta,norm3,Linear SVM,0.4867,0.4905,0.45,0.4914
F_de_3d_C4,gamma,norm3,XGBoost,0.62,0.5962,0.52,0.4914
F_de_3d_2area,delta,norm2,XGBoost,0.6733,0.6048,0.5,0.4914
F_de_3d_8rm,theta,None,XGBoost,0.84,0.7638,0.53,0.4914
F_peak_3d_Fp2,theta,norm2,KNN,0.9,0.7229,0.5,0.4914
F_peak_3d_3area,alpha,norm2,Random Forest,0.88,0.6752,0.51,0.4914
F_rasm_3d_8rm,theta,norm2,KNN,0.8733,0.7124,0.48,0.4914
F_peak_3d_Fp2,theta,norm3,KNN,0.9,0.7229,0.5,0.4914
F_mean_3d_Cz,all,norm2,KNN,0.8533,0.7114,0.47,0.4914
F_median_3d_8rm,beta,norm3,Linear SVM,0.6933,0.6467,0.48,0.4914
F_mean_3d_T7,theta,norm3,Random Forest,0.64,0.5743,0.49,0.4914
F_de_3d_2area,alpha,norm3,Ensemble (Majority Vote),0.6733,0.6257,0.53,0.4914
F_mean_3d_F3,delta,None,KNN,0.8467,0.7086,0.48,0.4914
F_median_3d_Fp2,theta,norm2,Linear SVM,0.52,0.5019,0.52,0.4914
F_median_3d_Fp2,theta,None,Ensemble (Majority Vote),0.6733,0.6324,0.49,0.4914
F_mean_3d_T8,gamma,norm3,KNN,0.8733,0.699,0.45,0.4914
F_median_3d_10rm,all,None,Linear SVM,0.9733,0.901,0.45,0.4914
F_median_3d_Cz,theta,None,XGBoost,0.6533,0.5971,0.49,0.4914
F_median_3d_Cz,beta,None,Ensemble (Majority Vote),0.7067,0.6352,0.43,0.4914
F_mean_3d_C3,alpha,None,Random Forest,0.6733,0.6257,0.51,0.4914
F_median_3d_2area,all,norm2,KNN,0.84,0.6867,0.46,0.4914
F_peak_3d_1area,theta,norm2,KNN,0.8533,0.681,0.51,0.4914
F_de_3d_F4,alpha,norm3,Ensemble (Majority Vote),0.68,0.6133,0.49,0.4914
F_peak_3d_1area,gamma,None,XGBoost,0.6133,0.5695,0.46,0.4914
F_median_3d_F7,all,None,Linear SVM,0.7133,0.6457,0.48,0.4914
F_de_3d_3area,theta,norm3,Linear SVM,0.58,0.5724,0.52,0.4914
F_rasm_3d,delta,norm3,KNN,0.8733,0.7371,0.48,0.4914
F_median_3d_Fz,all,norm2,XGBoost,0.7933,0.6771,0.44,0.4914
F_median_3d_8rm,theta,None,XGBoost,0.8667,0.7838,0.49,0.4914
F_peak_3d_1area,theta,norm3,KNN,0.8533,0.681,0.51,0.4914
F_dasm_3d_3area,theta,norm2,Random Forest,0.7133,0.5943,0.48,0.4914
F_dasm_3d_8rm,theta,None,KNN,0.8733,0.7429,0.5,0.4914
F_median_3d_T8,all,norm3,Random Forest,0.8067,0.7305,0.49,0.4914
F_de_3d,beta,norm2,Random Forest,0.9867,0.7981,0.45,0.4914
F_rasm_3d_3area,all,norm2,KNN,0.82,0.6981,0.43,0.4914
F_peak_3d_F7,alpha,norm2,KNN,0.8467,0.6914,0.46,0.4914
F_peak_3d_1area,all,norm2,XGBoost,0.82,0.6686,0.45,0.4914
F_de_3d_F4,alpha,norm2,Ensemble (Majority Vote),0.68,0.6133,0.49,0.4914
F_mean_3d_10rm,gamma,norm2,Linear SVM,0.5867,0.5219,0.45,0.4914
F_de_3d_8rm,all,norm2,Linear SVM,0.5133,0.5114,0.5,0.4914
F_dasm_3d_3area,theta,norm3,Random Forest,0.7133,0.5943,0.48,0.4914
F_peak_3d_T7,beta,norm2,XGBoost,0.64,0.5648,0.47,0.4914
F_median_3d_F4,alpha,None,XGBoost,0.68,0.6219,0.54,0.4914
F_median_3d_3area,all,norm3,Random Forest,0.9067,0.8219,0.47,0.4914
F_peak_3d_T7,beta,norm3,XGBoost,0.64,0.5648,0.47,0.4914
F_mean_3d_Fp2,theta,None,XGBoost,0.6333,0.6105,0.51,0.4914
F_median_3d_Fp1,beta,None,Ensemble (Majority Vote),0.66,0.6076,0.48,0.4914
F_peak_3d_F7,alpha,norm3,KNN,0.8467,0.6914,0.46,0.4914
F_de_3d_T8,theta,norm2,XGBoost,0.6933,0.5962,0.47,0.4914
F_mean_3d,gamma,norm3,Linear SVM,0.6933,0.6714,0.5,0.4914
F_de_3d_8rm,gamma,norm3,Logistic Regression,0.6267,0.6143,0.53,0.4914
F_de_3d_T8,theta,norm3,XGBoost,0.6933,0.5962,0.47,0.4914
F_mean_3d19,gamma,norm2,KNN,0.7417,0.6512,0.475,0.4911
F_rasm_3d19,beta,norm2,Linear SVM,0.5333,0.5167,0.475,0.4911
F_rasm_3d19,all,None,XGBoost,1.0,0.9643,0.55,0.4911
F_median_3d19,delta,norm3,XGBoost,0.975,0.8929,0.4625,0.4911
F_mean_3d19,alpha,norm3,Logistic Regression,0.8,0.7393,0.4625,0.4911
F_peak_3d19,theta,norm3,Random Forest,0.9083,0.8238,0.4625,0.4911
F_peak_3d19,delta,norm2,Ensemble (Majority Vote),0.925,0.7833,0.4625,0.4911
F_dasm_3d19,theta,norm2,KNN,0.8417,0.694,0.5375,0.4911
F_peak_3d19,theta,norm2,XGBoost,0.9833,0.8333,0.4875,0.4911
F_median_3d19,alpha,norm2,KNN,0.8333,0.6845,0.5125,0.4911
F_rasm_3d19,theta,None,XGBoost,0.925,0.7833,0.5,0.4911
F_median_3d19,beta,norm2,KNN,0.825,0.6702,0.5375,0.4911
F_mean_3d19,alpha,None,Linear SVM,0.8167,0.7417,0.5125,0.4911
F_rasm_3d19,delta,None,Ensemble (Majority Vote),0.8667,0.7369,0.4625,0.4911
F_median_3d_3area,alpha,norm3,Logistic Regression,0.5,0.5324,0.52,0.49
F_de_3d_Fz,alpha,norm2,Random Forest,0.68,0.5981,0.49,0.49
F_de_3d_Cz,theta,norm3,Linear SVM,0.5067,0.519,0.47,0.49
F_de_3d_1area,beta,norm3,Random Forest,0.6667,0.601,0.52,0.49
F_dasm_3d_3area,all,None,Linear SVM,0.6733,0.6429,0.53,0.49
F_de_3d_2area,gamma,norm2,Linear SVM,0.52,0.5067,0.49,0.49
F_de_3d_Cz,theta,norm2,Linear SVM,0.5067,0.519,0.47,0.49
F_dasm_3d_8rm,alpha,norm3,Random Forest,0.7467,0.6876,0.45,0.49
F_mean_3d_Fz,all,norm2,Linear SVM,0.5533,0.5152,0.46,0.49
F_mean_3d_Fp2,gamma,None,Logistic Regression,0.52,0.5171,0.47,0.49
F_de_3d_3area,beta,norm2,Ensemble (Majority Vote),0.7867,0.6676,0.48,0.49
F_de_3d_Fz,beta,norm3,XGBoost,0.5533,0.5505,0.5,0.49
F_median_3d_F3,alpha,norm3,Ensemble (Majority Vote),0.6067,0.5886,0.52,0.49
F_mean_3d_Fp1,delta,norm2,Linear SVM,0.54,0.5248,0.47,0.49
F_rasm_3d,all,None,Logistic Regression,0.72,0.62,0.53,0.49
F_mean_3d_Fp1,delta,norm3,Linear SVM,0.54,0.5248,0.47,0.49
F_peak_3d_Fz,beta,norm2,Random Forest,0.7,0.5943,0.45,0.49
F_peak_3d_Fz,beta,norm3,Random Forest,0.7,0.5943,0.45,0.49
F_rasm_3d_3area,gamma,norm3,XGBoost,0.6133,0.5943,0.45,0.49
F_peak_3d_Fp2,alpha,None,Random Forest,0.7067,0.6162,0.43,0.49
F_peak_3d_Fp2,delta,None,Random Forest,0.6933,0.6295,0.47,0.49
F_median_3d_F3,alpha,norm2,Ensemble (Majority Vote),0.6067,0.5886,0.52,0.49
F_de_3d_Fp1,theta,norm2,Linear SVM,0.5,0.4981,0.49,0.49
F_peak_3d_Fp2,delta,norm2,Random Forest,0.68,0.5952,0.51,0.49
F_de_3d_1area,beta,norm3,Linear SVM,0.4733,0.5076,0.47,0.49
F_rasm_3d_10rm,delta,norm2,XGBoost,0.8333,0.7019,0.52,0.49
F_median_3d_C4,theta,None,Logistic Regression,0.52,0.5343,0.51,0.49
F_median_3d_3area,gamma,norm3,Random Forest,0.7133,0.6695,0.49,0.49
F_peak_3d_3area,theta,norm2,KNN,0.8133,0.6867,0.52,0.49
F_median_3d_8rm,gamma,norm3,KNN,0.9333,0.8267,0.52,0.49
F_de_3d_1area,all,norm2,XGBoost,0.8467,0.6924,0.48,0.49
F_peak_3d_3area,delta,norm2,Linear SVM,0.5267,0.4981,0.46,0.49
F_dasm_3d_8rm,alpha,None,KNN,0.8933,0.7657,0.55,0.49
F_median_3d,theta,None,XGBoost,0.94,0.8448,0.45,0.49
F_mean_3d_Fp1,theta,None,Logistic Regression,0.5667,0.5667,0.48,0.49
F_mean_3d_1area,alpha,None,XGBoost,0.6467,0.6114,0.46,0.49
F_mean_3d_Fp1,theta,None,Linear SVM,0.5667,0.5667,0.48,0.49
F_mean_3d_Fp2,theta,norm2,Linear SVM,0.5333,0.5133,0.47,0.49
F_peak_3d_2area,delta,norm2,KNN,0.8267,0.6857,0.48,0.49
F_median_3d_8rm,gamma,None,Ensemble (Majority Vote),0.8667,0.7876,0.53,0.49
F_mean_3d_C4,beta,norm2,Linear SVM,0.5,0.5143,0.49,0.49
F_de_3d_Fz,beta,norm2,XGBoost,0.5533,0.5505,0.5,0.49
F_dasm_3d,theta,norm3,Linear SVM,0.5933,0.5867,0.49,0.49
F_mean_3d_Fp2,theta,norm3,Linear SVM,0.5333,0.5133,0.47,0.49
F_mean_3d_Fp1,beta,None,XGBoost,0.6133,0.6,0.48,0.49
F_mean_3d_Fp1,all,norm2,KNN,0.8133,0.679,0.46,0.49
F_median_3d_Cz,beta,norm2,KNN,0.82,0.6819,0.48,0.49
F_de_3d_F7,all,None,Ensemble (Majority Vote),0.8,0.7219,0.5,0.49
F_median_3d_F4,theta,norm3,Random Forest,0.7,0.5981,0.52,0.49
F_de_3d_Fz,alpha,norm3,Random Forest,0.68,0.5981,0.49,0.49
F_peak_3d_8rm,alpha,norm2,Ensemble (Majority Vote),0.8667,0.7486,0.52,0.49
F_median_3d_F4,theta,norm2,Random Forest,0.7,0.5981,0.52,0.49
F_peak_3d_Fp2,delta,norm3,Random Forest,0.68,0.5952,0.51,0.49
F_dasm_3d_3area,all,None,Ensemble (Majority Vote),0.8,0.7467,0.52,0.49
F_peak_3d_C3,beta,norm3,XGBoost,0.5933,0.5552,0.5,0.49
F_peak_3d_C4,alpha,norm3,Linear SVM,0.4933,0.4952,0.47,0.49
F_de_3d_1area,beta,norm2,Random Forest,0.6667,0.601,0.52,0.49
F_peak_3d_C4,alpha,norm2,Linear SVM,0.4933,0.4952,0.47,0.49
F_de_3d_F3,delta,norm3,XGBoost,0.58,0.561,0.47,0.49
F_median_3d_Cz,delta,None,Random Forest,0.6933,0.6171,0.46,0.49
F_de_3d_3area,alpha,norm2,KNN,0.88,0.7029,0.53,0.49
F_de_3d_1area,beta,norm2,Linear SVM,0.4733,0.5076,0.47,0.49
F_de_3d_F3,delta,norm2,XGBoost,0.58,0.561,0.47,0.49
F_median_3d_Cz,beta,norm3,KNN,0.82,0.6819,0.48,0.49
F_mean_3d_C4,beta,norm3,Linear SVM,0.5,0.5143,0.49,0.49
F_peak_3d_C3,beta,norm2,XGBoost,0.5933,0.5552,0.5,0.49
F_de_3d_2area,delta,norm3,XGBoost,0.7333,0.6562,0.49,0.49
F_median_3d_10rm,gamma,None,Linear SVM,0.68,0.6581,0.51,0.49
F_mean_3d_F7,beta,norm3,Ensemble (Majority Vote),0.6,0.6162,0.46,0.49
F_peak_3d_F4,theta,norm3,Ensemble (Majority Vote),0.68,0.6076,0.46,0.49
F_de_3d_C4,delta,norm3,Random Forest,0.6533,0.5914,0.49,0.49
F_rasm_3d_10rm,alpha,norm3,Linear SVM,0.56,0.559,0.48,0.49
F_rasm_3d_3area,gamma,norm2,XGBoost,0.6133,0.5943,0.45,0.49
F_peak_3d_10rm,gamma,norm2,XGBoost,0.9,0.741,0.54,0.49
F_de_3d_T8,alpha,norm2,Linear SVM,0.4933,0.5095,0.5,0.49
F_dasm_3d_3area,gamma,None,Random Forest,0.6533,0.621,0.51,0.49
F_mean_3d_1area,theta,norm3,XGBoost,0.62,0.5638,0.52,0.49
F_dasm_3d,theta,norm2,KNN,0.8067,0.681,0.53,0.49
F_mean_3d_T7,theta,None,KNN,0.8867,0.7124,0.5,0.49
F_mean_3d_8rm,all,norm2,KNN,0.68,0.6362,0.48,0.49
F_peak_3d_F4,theta,norm2,Ensemble (Majority Vote),0.68,0.6076,0.46,0.49
F_mean_3d_C3,all,norm2,Linear SVM,0.5,0.5,0.47,0.49
F_median_3d_T7,delta,norm2,Ensemble (Majority Vote),0.6467,0.5895,0.48,0.49
F_peak_3d_T8,all,norm2,Linear SVM,0.5333,0.52,0.52,0.49
F_median_3d_T7,delta,norm3,Ensemble (Majority Vote),0.6467,0.5895,0.48,0.49
F_median_3d_T7,theta,None,Random Forest,0.6667,0.6105,0.48,0.49
F_median_3d_T7,theta,norm2,Linear SVM,0.4933,0.5029,0.49,0.49
F_peak_3d_F3,theta,norm3,Ensemble (Majority Vote),0.7,0.6038,0.49,0.49
F_de_3d_Fp1,theta,norm3,Linear SVM,0.5,0.4981,0.49,0.49
F_mean_3d_1area,theta,norm2,XGBoost,0.62,0.5638,0.52,0.49
F_peak_3d_Fz,delta,norm3,Random Forest,0.6867,0.579,0.46,0.49
F_peak_3d,gamma,norm2,XGBoost,0.94,0.7743,0.55,0.49
F_rasm_3d_3area,beta,None,Random Forest,0.68,0.6162,0.49,0.49
F_de_3d_C4,delta,norm2,Random Forest,0.6533,0.5914,0.49,0.49
F_de_3d_F7,theta,None,Linear SVM,0.6333,0.599,0.48,0.49
F_mean_3d_Cz,theta,norm2,Linear SVM,0.5,0.5067,0.49,0.49
F_peak_3d_F3,theta,norm2,Ensemble (Majority Vote),0.7,0.6038,0.49,0.49
F_de_3d_8rm,gamma,norm2,Random Forest,0.9667,0.7762,0.44,0.49
F_peak_3d_Cz,all,norm2,KNN,0.8533,0.6743,0.44,0.49
F_de_3d_F7,theta,None,Logistic Regression,0.6267,0.5971,0.48,0.49
F_mean_3d_T7,theta,norm2,XGBoost,0.5667,0.541,0.51,0.49
F_median_3d_T7,alpha,norm3,Linear SVM,0.5,0.5019,0.45,0.49
F_de_3d_10rm,theta,None,XGBoost,0.8933,0.8067,0.49,0.49
F_median_3d_Fp1,delta,norm2,Ensemble (Majority Vote),0.64,0.6057,0.49,0.49
F_peak_3d_10rm,delta,norm2,Linear SVM,0.4733,0.5029,0.49,0.49
F_mean_3d,beta,norm2,Linear SVM,0.5467,0.5076,0.51,0.49
F_median_3d_T7,alpha,norm2,Linear SVM,0.5,0.5019,0.45,0.49
F_median_3d_Fp1,delta,norm3,Ensemble (Majority Vote),0.64,0.6057,0.49,0.49
F_dasm_3d_3area,beta,norm3,KNN,0.8333,0.6829,0.5,0.49
F_peak_3d,theta,norm2,Ensemble (Majority Vote),0.8933,0.7324,0.47,0.49
F_mean_3d_T7,theta,norm3,XGBoost,0.5667,0.541,0.51,0.49
F_mean_3d_Cz,theta,norm3,Linear SVM,0.5,0.5067,0.49,0.49
F_median_3d_F7,theta,norm2,Ensemble (Majority Vote),0.68,0.6248,0.47,0.49
F_rasm_3d_8rm,delta,norm3,KNN,0.8533,0.7181,0.49,0.49
F_peak_3d_T7,alpha,norm3,Linear SVM,0.5067,0.5019,0.45,0.49
F_peak_3d_1area,beta,norm3,Ensemble (Majority Vote),0.7467,0.6267,0.47,0.49
F_dasm_3d_3area,beta,norm2,KNN,0.8333,0.6829,0.5,0.49
F_mean_3d_T7,delta,norm3,Linear SVM,0.5133,0.501,0.46,0.49
F_de_3d_10rm,alpha,norm3,XGBoost,0.9067,0.8257,0.49,0.49
F_de_3d_F8,alpha,norm3,Ensemble (Majority Vote),0.7267,0.62,0.49,0.49
F_de_3d_T8,alpha,norm3,Linear SVM,0.4933,0.5095,0.5,0.49
F_median_3d_F7,theta,None,Logistic Regression,0.5867,0.5667,0.45,0.49
F_de_3d_C3,all,None,Ensemble (Majority Vote),0.8,0.7238,0.47,0.49
F_peak_3d_T7,alpha,norm2,Linear SVM,0.5067,0.5019,0.45,0.49
F_mean_3d_F7,beta,norm2,Ensemble (Majority Vote),0.6,0.6162,0.46,0.49
F_median_3d_3area,all,norm3,Ensemble (Majority Vote),0.9133,0.8457,0.5,0.49
F_peak_3d_Cz,beta,None,XGBoost,0.66,0.619,0.48,0.49
F_peak_3d_Cz,beta,norm3,Linear SVM,0.5267,0.499,0.45,0.49
F_de_3d_Cz,all,None,Random Forest,0.7933,0.721,0.51,0.49
F_mean_3d_8rm,beta,norm2,KNN,0.8467,0.6867,0.5,0.49
F_median_3d_F7,theta,norm3,Ensemble (Majority Vote),0.68,0.6248,0.47,0.49
F_de_3d_C4,all,None,Linear SVM,0.6333,0.6105,0.51,0.49
F_de_3d_C4,all,norm2,Ensemble (Majority Vote),0.8133,0.6886,0.49,0.49
F_de_3d_C4,theta,norm2,Ensemble (Majority Vote),0.6467,0.5971,0.44,0.49
F_de_3d_C4,theta,norm3,Ensemble (Majority Vote),0.6467,0.5971,0.44,0.49
F_median_3d_T7,theta,norm3,Linear SVM,0.4933,0.5029,0.49,0.49
F_peak_3d_Cz,beta,norm2,Linear SVM,0.5267,0.499,0.45,0.49
F_de_3d_F8,all,norm3,XGBoost,0.7867,0.7333,0.54,0.49
F_dasm_3d_10rm,gamma,None,KNN,0.9067,0.7838,0.49,0.49
F_median_3d_Fp2,all,norm2,Linear SVM,0.5067,0.5029,0.48,0.49
F_de_3d_F8,alpha,norm2,Ensemble (Majority Vote),0.7267,0.62,0.49,0.49
F_peak_3d_C4,gamma,None,Random Forest,0.6933,0.6162,0.49,0.49
F_mean_3d_3area,theta,norm2,XGBoost,0.7067,0.6238,0.48,0.49
F_peak_3d_Fz,delta,norm2,Random Forest,0.6867,0.579,0.46,0.49
F_de_3d_10rm,gamma,None,KNN,0.9933,0.8895,0.49,0.49
F_mean_3d_T7,delta,norm2,Linear SVM,0.5133,0.501,0.46,0.49
F_peak_3d_1area,beta,norm2,Ensemble (Majority Vote),0.7467,0.6267,0.47,0.49
F_peak_3d_C4,all,norm2,KNN,0.8733,0.7105,0.44,0.49
F_de_3d_2area,delta,norm3,KNN,0.8667,0.7143,0.46,0.49
F_de_3d_C4,theta,None,Random Forest,0.64,0.6076,0.49,0.49
F_peak_3d_F7,alpha,norm2,XGBoost,0.66,0.5676,0.52,0.49
F_median_3d_Cz,all,None,Linear SVM,0.6333,0.5943,0.5,0.49
F_mean_3d_C4,alpha,norm2,Linear SVM,0.5,0.499,0.44,0.49
F_mean_3d_F7,all,norm3,Linear SVM,0.6533,0.6343,0.54,0.49
F_mean_3d_F3,alpha,None,Random Forest,0.6733,0.6124,0.47,0.49
F_median_3d_Fp2,all,norm3,XGBoost,0.8267,0.7524,0.47,0.49
F_de_3d_C3,all,norm3,Ensemble (Majority Vote),0.7667,0.7276,0.47,0.49
F_mean_3d,gamma,norm2,Linear SVM,0.46,0.4905,0.45,0.49
F_median_3d_8rm,all,norm3,Ensemble (Majority Vote),0.9933,0.9429,0.52,0.49
F_rasm_3d_3area,gamma,norm2,Random Forest,0.68,0.6114,0.4,0.49
F_mean_3d_10rm,theta,norm2,KNN,0.8533,0.6781,0.52,0.49
F_mean_3d_C4,alpha,norm3,Linear SVM,0.5,0.499,0.44,0.49
F_mean_3d_8rm,theta,norm2,Random Forest,0.92,0.7533,0.45,0.49
F_de_3d_Fp2,theta,None,KNN,0.8667,0.7152,0.51,0.49
F_peak_3d_F8,beta,None,Ensemble (Majority Vote),0.6733,0.6314,0.52,0.49
F_mean_3d_T7,gamma,None,Random Forest,0.7067,0.6286,0.49,0.49
F_rasm_3d_3area,gamma,norm3,Random Forest,0.68,0.6114,0.4,0.49
F_mean_3d_F4,all,norm2,XGBoost,0.8067,0.6686,0.45,0.49
F_de_3d_3area,theta,norm2,Linear SVM,0.5,0.4981,0.48,0.49
F_median_3d_3area,delta,norm3,Logistic Regression,0.6267,0.6133,0.48,0.49
F_de_3d_3area,theta,norm3,Ensemble (Majority Vote),0.7267,0.6686,0.49,0.49
F_median_3d_10rm,beta,norm2,KNN,0.8333,0.6829,0.47,0.49
F_peak_3d_8rm,all,norm2,Ensemble (Majority Vote),0.9733,0.8238,0.48,0.49
F_de_3d_F7,theta,None,Ensemble (Majority Vote),0.7067,0.6438,0.46,0.49
F_peak_3d_F7,alpha,norm3,XGBoost,0.66,0.5676,0.52,0.49
F_mean_3d,beta,norm2,XGBoost,0.9733,0.7619,0.44,0.49
F_de_3d_F8,gamma,None,Random Forest,0.7067,0.6314,0.48,0.49
F_median_3d19,beta,None,Random Forest,0.9167,0.8381,0.55,0.4893
F_de_3d19,beta,norm2,XGBoost,0.9833,0.8333,0.5625,0.4893
F_median_3d19,beta,None,Linear SVM,0.8333,0.781,0.475,0.4893
F_de_3d19,alpha,norm2,XGBoost,0.975,0.819,0.4625,0.4893
F_dasm_3d19,gamma,norm2,XGBoost,0.925,0.75,0.4,0.4893
F_dasm_3d19,alpha,None,Random Forest,0.8333,0.7738,0.475,0.4893
F_mean_3d19,beta,norm2,XGBoost,0.975,0.8274,0.4875,0.4893
F_median_3d19,beta,norm2,Random Forest,0.9917,0.8333,0.4875,0.4893
F_median_3d19,alpha,norm3,Random Forest,0.925,0.825,0.45,0.4893
F_mean_3d19,beta,norm3,KNN,1.0,0.9071,0.5,0.4893
F_median_3d19,theta,norm2,Random Forest,0.9417,0.8262,0.5125,0.4893
F_peak_3d19,alpha,norm3,KNN,0.95,0.8821,0.525,0.4893
F_mean_3d19,all,norm2,Random Forest,0.975,0.8821,0.4625,0.4893
F_peak_3d19,delta,norm2,Linear SVM,0.4833,0.4917,0.5375,0.4893
F_median_3d_C3,delta,norm2,Linear SVM,0.4533,0.4752,0.42,0.4886
F_mean_3d_C3,alpha,norm3,Ensemble (Majority Vote),0.7333,0.6133,0.47,0.4886
F_median_3d_Cz,delta,norm2,XGBoost,0.6,0.5743,0.5,0.4886
F_mean_3d_C3,alpha,norm2,Ensemble (Majority Vote),0.7333,0.6133,0.47,0.4886
F_peak_3d_Fp2,beta,norm2,Random Forest,0.6333,0.5829,0.53,0.4886
F_median_3d_C3,beta,norm2,XGBoost,0.66,0.5819,0.48,0.4886
F_de_3d_8rm,gamma,norm3,Linear SVM,0.6333,0.6219,0.52,0.4886
F_median_3d_Cz,delta,norm3,XGBoost,0.6,0.5743,0.5,0.4886
F_median_3d_T8,gamma,norm2,Linear SVM,0.54,0.499,0.46,0.4886
F_median_3d_10rm,gamma,norm3,Ensemble (Majority Vote),0.8667,0.8038,0.46,0.4886
F_de_3d_C3,all,None,Linear SVM,0.6533,0.6333,0.48,0.4886
F_de_3d_T8,theta,None,Ensemble (Majority Vote),0.72,0.6505,0.47,0.4886
F_median_3d_C3,beta,norm3,XGBoost,0.66,0.5819,0.48,0.4886
F_mean_3d_8rm,theta,norm2,Linear SVM,0.44,0.4819,0.47,0.4886
F_peak_3d_Fp2,beta,norm3,Random Forest,0.6333,0.5829,0.53,0.4886
F_median_3d_C3,gamma,None,KNN,0.88,0.701,0.46,0.4886
F_mean_3d_T8,all,norm3,Ensemble (Majority Vote),0.7933,0.7248,0.48,0.4886
F_median_3d_1area,beta,norm2,KNN,0.84,0.6819,0.44,0.4886
F_median_3d_C3,delta,norm3,Linear SVM,0.4533,0.4752,0.42,0.4886
F_median_3d_8rm,beta,norm2,Linear SVM,0.52,0.5038,0.5,0.4886
F_de_3d_2area,alpha,norm2,Ensemble (Majority Vote),0.7267,0.64,0.49,0.4886
F_peak_3d,delta,norm2,Random Forest,0.88,0.7248,0.46,0.4886
F_mean_3d_F4,delta,norm2,Linear SVM,0.46,0.4924,0.46,0.4886
F_mean_3d_F4,delta,norm3,Linear SVM,0.46,0.4924,0.46,0.4886
F_mean_3d_Fp1,theta,norm2,Linear SVM,0.5267,0.5076,0.5,0.4886
F_peak_3d_Fp1,gamma,norm3,Linear SVM,0.4933,0.5067,0.5,0.4886
F_peak_3d_C3,all,None,Ensemble (Majority Vote),0.7933,0.7248,0.5,0.4886
F_median_3d_1area,beta,norm3,KNN,0.84,0.6819,0.44,0.4886
F_de_3d_T8,gamma,norm3,Ensemble (Majority Vote),0.62,0.6029,0.46,0.4886
F_mean_3d_10rm,all,norm2,Random Forest,1.0,0.8905,0.52,0.4886
F_mean_3d_Fp1,gamma,norm3,XGBoost,0.6267,0.5733,0.48,0.4886
F_mean_3d_C3,all,None,Ensemble (Majority Vote),0.76,0.7095,0.47,0.4886
F_rasm_3d_10rm,gamma,norm2,Ensemble (Majority Vote),0.8467,0.7095,0.44,0.4886
F_mean_3d_8rm,gamma,norm3,Random Forest,0.8333,0.7476,0.48,0.4886
F_median_3d_C3,all,None,Linear SVM,0.6533,0.6171,0.45,0.4886
F_mean_3d_F7,alpha,None,Ensemble (Majority Vote),0.6533,0.6143,0.48,0.4886
F_median_3d_T7,all,None,XGBoost,0.8067,0.7476,0.49,0.4886
F_peak_3d_Fp1,gamma,norm2,Linear SVM,0.4933,0.5067,0.5,0.4886
F_dasm_3d_8rm,beta,norm3,XGBoost,0.76,0.6648,0.51,0.4886
F_mean_3d_C3,all,None,Linear SVM,0.7,0.6352,0.48,0.4886
F_mean_3d_F7,alpha,None,XGBoost,0.62,0.601,0.52,0.4886
F_peak_3d_T7,gamma,None,Linear SVM,0.5733,0.5495,0.44,0.4886
F_mean_3d_Fp1,theta,norm3,Linear SVM,0.5267,0.5076,0.5,0.4886
F_median_3d_C4,all,norm2,Linear SVM,0.58,0.5133,0.47,0.4886
F_mean_3d_Fp1,gamma,norm2,XGBoost,0.6267,0.5733,0.48,0.4886
F_median_3d_Cz,beta,None,XGBoost,0.6533,0.5924,0.46,0.4886
F_peak_3d,alpha,norm2,Ensemble (Majority Vote),0.9267,0.7714,0.53,0.4886
F_median_3d_C4,all,None,Ensemble (Majority Vote),0.8,0.721,0.47,0.4886
F_median_3d_C3,alpha,None,Ensemble (Majority Vote),0.6333,0.6048,0.45,0.4886
F_peak_3d_T7,gamma,None,Logistic Regression,0.58,0.5543,0.44,0.4886
F_de_3d_F7,beta,norm3,Random Forest,0.72,0.5924,0.47,0.4886
F_median_3d_Fp1,beta,norm2,KNN,0.8467,0.6829,0.49,0.4886
F_de_3d_T8,gamma,norm2,Ensemble (Majority Vote),0.62,0.6029,0.46,0.4886
F_mean_3d_Fp1,alpha,norm2,Linear SVM,0.5133,0.5019,0.47,0.4886
F_mean_3d_Fz,all,norm2,XGBoost,0.82,0.6657,0.51,0.4886
F_median_3d_2area,all,norm2,XGBoost,0.9,0.7467,0.45,0.4886
F_de_3d_Fp1,all,norm2,Ensemble (Majority Vote),0.7667,0.6733,0.49,0.4886
F_median_3d_Fp2,all,norm2,KNN,0.7733,0.6533,0.45,0.4886
F_de_3d_F3,gamma,norm2,Linear SVM,0.52,0.4971,0.49,0.4886
F_mean_3d_3area,delta,norm2,XGBoost,0.7133,0.6286,0.5,0.4886
F_de_3d_F7,beta,norm2,Random Forest,0.72,0.5924,0.47,0.4886
F_mean_3d_C4,all,norm2,Random Forest,0.86,0.7152,0.55,0.4886
F_median_3d_T8,gamma,norm3,Linear SVM,0.54,0.499,0.46,0.4886
F_peak_3d_1area,alpha,None,XGBoost,0.6533,0.6152,0.49,0.4886
F_de_3d_F3,delta,norm3,Ensemble (Majority Vote),0.6333,0.6019,0.46,0.4886
F_dasm_3d_8rm,all,norm2,KNN,0.8333,0.6838,0.5,0.4886
F_median_3d_F3,delta,norm2,KNN,0.86,0.6914,0.48,0.4886
F_de_3d_3area,alpha,norm3,Random Forest,0.78,0.6743,0.49,0.4886
F_median_3d_8rm,all,norm3,Linear SVM,0.9733,0.8829,0.5,0.4886
F_de_3d_F3,alpha,None,KNN,0.8533,0.7048,0.48,0.4886
F_peak_3d_1area,all,norm3,KNN,0.9467,0.7895,0.47,0.4886
F_median_3d_F3,delta,norm3,KNN,0.86,0.6914,0.48,0.4886
F_de_3d,gamma,norm2,Linear SVM,0.4933,0.4905,0.46,0.4886
F_peak_3d_F8,theta,norm2,Random Forest,0.6467,0.6038,0.5,0.4886
F_mean_3d_Fp1,alpha,norm3,Linear SVM,0.5133,0.5019,0.47,0.4886
F_de_3d_Cz,delta,None,Ensemble (Majority Vote),0.6733,0.6162,0.52,0.4886
F_peak_3d_2area,alpha,norm2,Ensemble (Majority Vote),0.6933,0.6105,0.48,0.4886
F_mean_3d_F8,gamma,norm3,Ensemble (Majority Vote),0.6867,0.6133,0.45,0.4886
F_peak_3d_F7,gamma,norm3,KNN,0.8333,0.66,0.52,0.4886
F_mean_3d_10rm,gamma,None,Random Forest,0.8467,0.7771,0.48,0.4886
F_peak_3d_2area,alpha,norm3,Random Forest,0.74,0.6495,0.49,0.4886
F_median_3d_Fp1,beta,norm3,KNN,0.8467,0.6829,0.49,0.4886
F_rasm_3d,delta,norm3,Ensemble (Majority Vote),0.8067,0.7333,0.48,0.4886
F_peak_3d_F4,delta,norm2,XGBoost,0.6133,0.5667,0.48,0.4886
F_peak_3d_T8,alpha,norm3,XGBoost,0.5667,0.5495,0.46,0.4886
F_mean_3d_T8,beta,norm2,Ensemble (Majority Vote),0.6933,0.6295,0.48,0.4886
F_peak_3d_F4,delta,norm3,XGBoost,0.6133,0.5667,0.48,0.4886
F_dasm_3d,delta,norm2,Random Forest,0.8667,0.7219,0.5,0.4886
F_de_3d_F3,gamma,norm3,Linear SVM,0.52,0.4971,0.49,0.4886
F_median_3d_F3,alpha,norm2,Linear SVM,0.5133,0.5057,0.49,0.4886
F_peak_3d_T8,alpha,norm2,XGBoost,0.5667,0.5495,0.46,0.4886
F_median_3d_8rm,alpha,norm2,KNN,0.7933,0.6752,0.47,0.4886
F_peak_3d_F7,gamma,norm2,KNN,0.8333,0.66,0.52,0.4886
F_peak_3d_T8,all,norm2,Ensemble (Majority Vote),0.8467,0.699,0.5,0.4886
F_de_3d_F8,all,None,XGBoost,0.84,0.7476,0.51,0.4886
F_peak_3d_F8,theta,norm3,Random Forest,0.6467,0.6038,0.5,0.4886
F_median_3d_F3,alpha,norm3,Linear SVM,0.5133,0.5057,0.49,0.4886
F_peak_3d_Cz,beta,None,Random Forest,0.7,0.639,0.49,0.4886
F_mean_3d_F8,gamma,norm2,Ensemble (Majority Vote),0.6867,0.6133,0.45,0.4886
F_de_3d_F3,delta,norm2,Ensemble (Majority Vote),0.6333,0.6019,0.46,0.4886
F_mean_3d_T8,beta,norm3,Ensemble (Majority Vote),0.6933,0.6295,0.48,0.4886
F_de_3d_F8,beta,norm2,Random Forest,0.6933,0.6067,0.48,0.4886
F_de_3d_3area,theta,norm3,Logistic Regression,0.5733,0.5714,0.51,0.4886
F_de_3d_10rm,theta,norm2,Ensemble (Majority Vote),0.8467,0.7429,0.52,0.4886
F_peak_3d_Fz,theta,norm2,Linear SVM,0.4667,0.4781,0.54,0.4886
F_mean_3d_Fp2,gamma,norm3,XGBoost,0.6133,0.5581,0.45,0.4886
F_mean_3d_2area,beta,norm3,KNN,0.8533,0.7,0.54,0.4886
F_median_3d_F4,alpha,norm3,XGBoost,0.6,0.5514,0.47,0.4886
F_peak_3d,delta,norm3,Random Forest,0.8467,0.7705,0.5,0.4886
F_dasm_3d_3area,gamma,norm3,XGBoost,0.5133,0.521,0.5,0.4886
F_median_3d_F4,alpha,norm2,XGBoost,0.6,0.5514,0.47,0.4886
F_peak_3d_2area,all,norm2,KNN,0.8533,0.6943,0.47,0.4886
F_mean_3d_T7,delta,None,Random Forest,0.6733,0.6295,0.49,0.4886
F_dasm_3d_8rm,all,norm2,Random Forest,0.98,0.8286,0.44,0.4886
F_dasm_3d_3area,all,norm2,Linear SVM,0.44,0.4895,0.46,0.4886
F_median_3d_F7,delta,None,KNN,0.88,0.7048,0.5,0.4886
F_mean_3d_F4,alpha,norm3,Random Forest,0.66,0.5914,0.5,0.4886
F_mean_3d_3area,gamma,norm2,Ensemble (Majority Vote),0.7267,0.6457,0.48,0.4886
F_peak_3d_C4,delta,None,Linear SVM,0.5267,0.5295,0.47,0.4886
F_peak_3d_Fz,delta,None,Logistic Regression,0.52,0.5238,0.49,0.4886
F_de_3d_Cz,theta,None,Ensemble (Majority Vote),0.6267,0.6,0.5,0.4886
F_median_3d_C3,delta,norm2,XGBoost,0.6533,0.5895,0.53,0.4886
F_mean_3d_F4,alpha,norm2,Random Forest,0.66,0.5914,0.5,0.4886
F_median_3d_C3,delta,norm3,XGBoost,0.6533,0.5895,0.53,0.4886
F_de_3d,gamma,norm3,Random Forest,0.86,0.7952,0.49,0.4886
F_median_3d_F7,theta,None,XGBoost,0.72,0.641,0.47,0.4886
F_peak_3d_F3,gamma,None,Random Forest,0.6933,0.6257,0.5,0.4886
F_dasm_3d_10rm,alpha,norm3,KNN,0.84,0.7248,0.45,0.4886
F_de_3d_10rm,beta,norm2,XGBoost,0.92,0.7524,0.44,0.4886
F_de_3d_F8,beta,norm3,Random Forest,0.6933,0.6067,0.48,0.4886
F_peak_3d_Fz,theta,norm3,Linear SVM,0.4667,0.4781,0.54,0.4886
F_median_3d_F7,all,None,Random Forest,0.7933,0.7267,0.5,0.4886
F_mean_3d_F8,all,norm3,XGBoost,0.78,0.7229,0.49,0.4886
F_de_3d,gamma,norm2,Ensemble (Majority Vote),0.8667,0.7743,0.51,0.4886
F_mean_3d_Fp2,gamma,norm2,XGBoost,0.6133,0.5581,0.45,0.4886
F_mean_3d_C3,all,norm3,Linear SVM,0.66,0.6324,0.5,0.4886
F_rasm_3d_10rm,theta,None,Random Forest,0.82,0.6895,0.48,0.4886
F_de_3d_3area,all,norm3,Ensemble (Majority Vote),0.9133,0.8429,0.44,0.4886
F_median_3d_3area,alpha,norm3,KNN,0.8467,0.7162,0.48,0.4886
F_median_3d_Fz,delta,norm2,KNN,0.86,0.681,0.49,0.4886
F_de_3d_F4,all,norm3,Ensemble (Majority Vote),0.74,0.7086,0.51,0.4886
F_de_3d_2area,beta,norm2,Ensemble (Majority Vote),0.8067,0.6533,0.49,0.4886
F_dasm_3d_8rm,alpha,norm2,Ensemble (Majority Vote),0.8133,0.6867,0.52,0.4886
F_de_3d_C4,theta,norm3,XGBoost,0.62,0.5524,0.47,0.4886
F_rasm_3d_10rm,delta,norm3,Linear SVM,0.5933,0.5914,0.45,0.4886
F_de_3d_C4,theta,norm3,Random Forest,0.6933,0.5819,0.51,0.4886
F_mean_3d,theta,norm2,Random Forest,0.9133,0.761,0.47,0.4886
F_rasm_3d,alpha,norm3,Logistic Regression,0.5867,0.5648,0.47,0.4886
F_mean_3d_Cz,alpha,norm2,Ensemble (Majority Vote),0.6667,0.6333,0.44,0.4886
F_mean_3d_F7,alpha,None,Logistic Regression,0.6,0.5695,0.48,0.4886
F_dasm_3d_3area,delta,norm2,KNN,0.8133,0.6657,0.48,0.4886
F_median_3d_1area,delta,norm3,Random Forest,0.6733,0.601,0.46,0.4886
F_mean_3d_2area,delta,norm2,XGBoost,0.66,0.5962,0.47,0.4886
F_de_3d_2area,beta,norm2,Random Forest,0.7667,0.641,0.45,0.4886
F_de_3d_2area,theta,norm3,KNN,0.8533,0.6971,0.49,0.4886
F_median_3d_F3,delta,norm3,Ensemble (Majority Vote),0.74,0.641,0.47,0.4886
F_peak_3d_C3,beta,norm2,Linear SVM,0.5467,0.5048,0.44,0.4886
F_median_3d_1area,delta,norm2,Random Forest,0.6733,0.601,0.46,0.4886
F_peak_3d_C3,beta,norm3,Linear SVM,0.5467,0.5048,0.44,0.4886
F_median_3d_F3,delta,norm2,Ensemble (Majority Vote),0.74,0.641,0.47,0.4886
F_de_3d_C4,theta,norm2,Random Forest,0.6933,0.5819,0.51,0.4886
F_de_3d_C3,all,norm3,KNN,0.8667,0.78,0.51,0.4886
F_peak_3d_F4,all,norm2,Ensemble (Majority Vote),0.8867,0.7171,0.47,0.4886
F_de_3d_C4,theta,norm2,XGBoost,0.62,0.5524,0.47,0.4886
F_mean_3d,all,norm3,XGBoost,1.0,0.9781,0.47,0.4886
F_dasm_3d_3area,gamma,norm2,XGBoost,0.5133,0.521,0.5,0.4886
F_peak_3d_F7,alpha,norm3,Ensemble (Majority Vote),0.6733,0.6229,0.53,0.4886
F_peak_3d_F7,alpha,norm2,Ensemble (Majority Vote),0.6733,0.6229,0.53,0.4886
F_de_3d_2area,alpha,None,KNN,0.8333,0.7257,0.5,0.4886
F_dasm_3d_3area,delta,norm3,KNN,0.8133,0.6657,0.48,0.4886
F_mean_3d_T7,all,norm2,Random Forest,0.8667,0.7162,0.48,0.4886
F_median_3d_Fz,delta,norm3,KNN,0.86,0.681,0.49,0.4886
F_de_3d_2area,all,norm3,XGBoost,0.9533,0.8419,0.47,0.4886
F_median_3d_C4,theta,None,XGBoost,0.58,0.5838,0.49,0.4886
F_peak_3d_F7,all,norm2,KNN,0.8667,0.6857,0.53,0.4886
F_peak_3d_3area,theta,norm2,Linear SVM,0.54,0.5171,0.48,0.4886
F_peak_3d_2area,delta,norm2,XGBoost,0.6867,0.6086,0.5,0.4886
F_mean_3d_T7,all,norm2,Ensemble (Majority Vote),0.7933,0.6838,0.51,0.4886
F_mean_3d_Cz,alpha,norm3,Ensemble (Majority Vote),0.6667,0.6333,0.44,0.4886
F_dasm_3d19,theta,norm3,KNN,0.9417,0.8274,0.4125,0.4875
F_peak_3d19,alpha,norm3,XGBoost,0.9917,0.906,0.4375,0.4875
F_mean_3d19,all,norm2,Ensemble (Majority Vote),0.9583,0.8631,0.5,0.4875
F_median_3d19,theta,norm2,KNN,0.825,0.694,0.5,0.4875
F_mean_3d19,gamma,norm2,Linear SVM,0.525,0.5083,0.4625,0.4875
F_peak_3d19,all,None,XGBoost,0.9917,0.9786,0.4625,0.4875
F_de_3d19,gamma,norm2,Random Forest,0.975,0.844,0.5125,0.4875
F_median_3d19,theta,norm3,Logistic Regression,0.8333,0.7631,0.5125,0.4875
F_mean_3d19,theta,norm3,XGBoost,0.9833,0.9,0.5,0.4875
F_rasm_3d19,alpha,norm3,KNN,0.9,0.7286,0.425,0.4875
F_rasm_3d19,all,norm3,Ensemble (Majority Vote),0.9167,0.8429,0.4625,0.4875
F_mean_3d_C4,alpha,norm2,XGBoost,0.5933,0.5476,0.5,0.4871
F_rasm_3d,delta,norm3,XGBoost,0.8733,0.7829,0.49,0.4871
F_mean_3d_1area,delta,norm2,XGBoost,0.6733,0.5952,0.47,0.4871
F_peak_3d_F4,theta,None,Random Forest,0.7,0.6324,0.47,0.4871
F_mean_3d_C4,alpha,norm3,XGBoost,0.5933,0.5476,0.5,0.4871
F_mean_3d_1area,gamma,norm2,XGBoost,0.5667,0.5705,0.47,0.4871
F_peak_3d_Fp2,alpha,norm3,KNN,0.8667,0.6971,0.5,0.4871
F_dasm_3d_8rm,gamma,None,Random Forest,0.6867,0.6743,0.51,0.4871
F_peak_3d_Fp1,theta,None,Logistic Regression,0.5533,0.5371,0.48,0.4871
F_rasm_3d_8rm,gamma,norm2,Linear SVM,0.4933,0.4933,0.46,0.4871
F_peak_3d_C4,theta,norm3,Ensemble (Majority Vote),0.6467,0.5876,0.48,0.4871
F_peak_3d_Fp1,theta,None,Linear SVM,0.5533,0.5362,0.48,0.4871
F_peak_3d_F8,theta,norm3,Ensemble (Majority Vote),0.5533,0.581,0.5,0.4871
F_peak_3d_Fp1,theta,norm2,Random Forest,0.7133,0.6057,0.42,0.4871
F_peak_3d_Cz,theta,None,XGBoost,0.6467,0.5981,0.48,0.4871
F_mean_3d_C3,beta,None,Random Forest,0.6733,0.6181,0.45,0.4871
F_peak_3d_F7,beta,norm2,Random Forest,0.7,0.5962,0.47,0.4871
F_peak_3d_Fp1,theta,norm3,Random Forest,0.7133,0.6057,0.42,0.4871
F_peak_3d_F7,beta,norm3,Random Forest,0.7,0.5962,0.47,0.4871
F_peak_3d_F8,theta,norm2,Ensemble (Majority Vote),0.5533,0.581,0.5,0.4871
F_peak_3d_C4,theta,norm2,Ensemble (Majority Vote),0.6467,0.5876,0.48,0.4871
F_mean_3d_1area,gamma,norm3,XGBoost,0.5667,0.5705,0.47,0.4871
F_mean_3d_8rm,gamma,norm2,XGBoost,0.92,0.7324,0.48,0.4871
F_mean_3d_10rm,all,norm3,Linear SVM,0.98,0.92,0.47,0.4871
F_dasm_3d_10rm,theta,norm2,Linear SVM,0.5133,0.5038,0.48,0.4871
F_mean_3d_8rm,gamma,None,KNN,0.9933,0.881,0.52,0.4871
F_rasm_3d,beta,norm3,Random Forest,0.8267,0.7381,0.49,0.4871
F_peak_3d_F7,theta,norm2,Random Forest,0.74,0.6133,0.5,0.4871
F_mean_3d_1area,delta,norm3,XGBoost,0.6733,0.5952,0.47,0.4871
F_peak_3d_Fp2,alpha,norm2,KNN,0.8667,0.6971,0.5,0.4871
F_peak_3d_F7,theta,norm3,Random Forest,0.74,0.6133,0.5,0.4871
F_peak_3d_Cz,gamma,None,Ensemble (Majority Vote),0.6533,0.6238,0.45,0.4871
F_mean_3d_F4,alpha,norm2,Ensemble (Majority Vote),0.6333,0.5952,0.45,0.4871
F_median_3d_10rm,theta,norm3,XGBoost,0.9533,0.821,0.5,0.4871
F_dasm_3d,alpha,norm3,XGBoost,0.8533,0.7419,0.49,0.4871
F_de_3d_T7,delta,None,Random Forest,0.6733,0.6295,0.46,0.4871
F_median_3d_Fz,all,norm2,Linear SVM,0.52,0.5124,0.49,0.4871
F_mean_3d_F7,alpha,None,KNN,0.8733,0.7143,0.46,0.4871
F_de_3d_C4,alpha,norm3,XGBoost,0.5267,0.5286,0.5,0.4871
F_median_3d_T7,theta,None,KNN,0.8133,0.6857,0.47,0.4871
F_de_3d_C4,alpha,norm2,XGBoost,0.5267,0.5286,0.5,0.4871
F_de_3d_C3,theta,norm3,Linear SVM,0.4867,0.499,0.48,0.4871
F_mean_3d_F4,alpha,norm3,Ensemble (Majority Vote),0.6333,0.5952,0.45,0.4871
F_median_3d,all,norm2,Linear SVM,0.5867,0.5219,0.48,0.4871
F_de_3d_C3,theta,norm2,Linear SVM,0.4867,0.499,0.48,0.4871
F_dasm_3d,theta,norm2,Linear SVM,0.48,0.5057,0.49,0.4871
F_de_3d_C3,alpha,None,Ensemble (Majority Vote),0.6667,0.6324,0.49,0.4871
F_de_3d_8rm,beta,norm2,Linear SVM,0.52,0.5057,0.48,0.4871
F_de_3d_T8,delta,None,XGBoost,0.62,0.5924,0.47,0.4871
F_de_3d_3area,all,norm2,XGBoost,0.9867,0.8124,0.48,0.4871
F_mean_3d_T8,delta,norm2,Linear SVM,0.52,0.4962,0.45,0.4871
F_mean_3d_T8,delta,norm3,Linear SVM,0.52,0.4962,0.45,0.4871
F_de_3d_2area,theta,norm3,Linear SVM,0.56,0.5524,0.47,0.4871
F_peak_3d_2area,theta,norm3,KNN,0.82,0.699,0.46,0.4871
F_peak_3d_3area,alpha,norm2,Ensemble (Majority Vote),0.82,0.6667,0.55,0.4871
F_mean_3d_C4,theta,norm3,Linear SVM,0.5333,0.5133,0.48,0.4871
F_mean_3d_F7,beta,norm2,Linear SVM,0.48,0.4952,0.51,0.4871
F_mean_3d_F7,beta,norm3,Linear SVM,0.48,0.4952,0.51,0.4871
F_mean_3d_C4,theta,None,XGBoost,0.6,0.5962,0.49,0.4871
F_median_3d_Fp1,theta,norm3,Linear SVM,0.5133,0.5038,0.51,0.4871
F_median_3d_3area,alpha,norm3,Linear SVM,0.5067,0.5371,0.52,0.4871
F_de_3d_F7,gamma,norm2,Random Forest,0.6933,0.5848,0.52,0.4871
F_median_3d_8rm,beta,norm3,Logistic Regression,0.7067,0.6514,0.48,0.4871
F_median_3d_8rm,gamma,norm2,Linear SVM,0.5267,0.5238,0.46,0.4871
F_mean_3d_Fp2,delta,norm3,KNN,0.8467,0.6838,0.5,0.4871
F_mean_3d_Fp2,delta,norm2,KNN,0.8467,0.6838,0.5,0.4871
F_rasm_3d_3area,alpha,norm3,Random Forest,0.6467,0.5962,0.47,0.4871
F_median_3d_C4,all,norm3,Logistic Regression,0.6267,0.6152,0.51,0.4871
F_mean_3d_Fp2,all,None,Logistic Regression,0.6,0.5829,0.47,0.4871
F_de_3d_F7,gamma,norm3,Random Forest,0.6933,0.5848,0.52,0.4871
F_median_3d_2area,beta,norm3,XGBoost,0.6867,0.6162,0.51,0.4871
F_median_3d_Cz,beta,None,Random Forest,0.7133,0.6219,0.5,0.4871
F_median_3d_F4,theta,norm2,XGBoost,0.6133,0.5552,0.46,0.4871
F_median_3d_F4,theta,norm3,XGBoost,0.6133,0.5552,0.46,0.4871
F_median_3d_F7,all,None,KNN,0.9067,0.7876,0.48,0.4871
F_de_3d_Cz,theta,norm3,KNN,0.9,0.6971,0.46,0.4871
F_de_3d_Cz,theta,norm2,KNN,0.9,0.6971,0.46,0.4871
F_median_3d_F7,gamma,None,Ensemble (Majority Vote),0.6667,0.6067,0.51,0.4871
F_mean_3d_T7,beta,norm2,Linear SVM,0.4933,0.501,0.47,0.4871
F_mean_3d_T7,beta,norm3,Linear SVM,0.4933,0.501,0.47,0.4871
F_median_3d_Fp1,theta,norm2,Linear SVM,0.5133,0.5038,0.51,0.4871
F_mean_3d_C4,theta,norm2,Linear SVM,0.5333,0.5133,0.48,0.4871
F_rasm_3d_3area,alpha,norm2,Random Forest,0.6467,0.5962,0.47,0.4871
F_peak_3d_3area,theta,norm3,XGBoost,0.8133,0.6829,0.52,0.4871
F_rasm_3d_8rm,delta,None,Ensemble (Majority Vote),0.7467,0.6848,0.51,0.4871
F_de_3d_1area,delta,norm3,Linear SVM,0.4933,0.499,0.48,0.4871
F_de_3d_1area,delta,norm2,Linear SVM,0.4933,0.499,0.48,0.4871
F_de_3d_Cz,gamma,norm3,KNN,0.8333,0.6781,0.45,0.4871
F_median_3d_C3,delta,None,XGBoost,0.6133,0.5933,0.5,0.4871
F_de_3d_Cz,gamma,norm2,KNN,0.8333,0.6781,0.45,0.4871
F_mean_3d_Cz,alpha,norm3,Random Forest,0.64,0.6019,0.49,0.4871
F_de_3d_F7,gamma,norm2,XGBoost,0.62,0.5676,0.47,0.4871
F_median_3d_1area,gamma,norm2,Ensemble (Majority Vote),0.6467,0.599,0.47,0.4871
F_de_3d,theta,norm2,XGBoost,0.9267,0.7657,0.47,0.4871
F_de_3d_10rm,gamma,norm2,Linear SVM,0.5667,0.519,0.44,0.4871
F_mean_3d_Cz,alpha,norm2,Random Forest,0.64,0.6019,0.49,0.4871
F_de_3d_T8,all,norm2,Linear SVM,0.5,0.4933,0.44,0.4871
F_mean_3d_F8,all,norm2,Linear SVM,0.42,0.4819,0.43,0.4871
F_de_3d_2area,all,norm3,KNN,0.9533,0.8438,0.47,0.4871
F_mean_3d_3area,theta,norm3,Linear SVM,0.5867,0.5733,0.49,0.4871
F_mean_3d_3area,theta,norm3,Logistic Regression,0.5867,0.5733,0.49,0.4871
F_mean_3d_T7,alpha,norm2,XGBoost,0.54,0.5333,0.5,0.4871
F_de_3d_Cz,beta,norm3,KNN,0.8133,0.6686,0.54,0.4871
F_de_3d_Fp1,theta,None,Ensemble (Majority Vote),0.68,0.6343,0.49,0.4871
F_dasm_3d_10rm,theta,norm2,Ensemble (Majority Vote),0.76,0.6781,0.51,0.4871
F_mean_3d_1area,delta,norm3,Random Forest,0.66,0.6019,0.51,0.4871
F_mean_3d_T7,alpha,norm3,XGBoost,0.54,0.5333,0.5,0.4871
F_median_3d_T8,delta,None,KNN,0.88,0.7019,0.47,0.4871
F_median_3d_T8,delta,None,Ensemble (Majority Vote),0.6733,0.6314,0.46,0.4871
F_peak_3d_C3,gamma,norm3,Ensemble (Majority Vote),0.6533,0.6057,0.46,0.4871
F_dasm_3d_3area,beta,norm3,XGBoost,0.5533,0.5419,0.47,0.4871
F_median_3d_C3,gamma,None,Ensemble (Majority Vote),0.7067,0.6438,0.48,0.4871
F_peak_3d_C4,alpha,norm2,XGBoost,0.52,0.5238,0.5,0.4871
F_mean_3d_1area,delta,norm2,Random Forest,0.66,0.6019,0.51,0.4871
F_rasm_3d_3area,beta,norm2,KNN,0.86,0.7,0.45,0.4871
F_peak_3d_Fz,theta,norm2,XGBoost,0.5533,0.5543,0.47,0.4871
F_median_3d_Cz,gamma,None,KNN,0.8133,0.6924,0.48,0.4871
F_peak_3d_Fz,theta,norm3,XGBoost,0.5533,0.5543,0.47,0.4871
F_rasm_3d,all,norm2,KNN,0.86,0.6952,0.46,0.4871
F_de_3d,all,norm3,Random Forest,0.98,0.9238,0.47,0.4871
F_median_3d_F3,delta,None,KNN,0.82,0.679,0.53,0.4871
F_de_3d_8rm,all,norm2,KNN,0.74,0.6724,0.52,0.4871
F_peak_3d_1area,alpha,norm2,XGBoost,0.56,0.5333,0.47,0.4871
F_peak_3d_1area,alpha,norm3,XGBoost,0.56,0.5333,0.47,0.4871
F_de_3d_3area,delta,norm2,Random Forest,0.7733,0.661,0.51,0.4871
F_de_3d_F7,gamma,norm3,XGBoost,0.62,0.5676,0.47,0.4871
F_peak_3d_C4,delta,None,Logistic Regression,0.54,0.5314,0.46,0.4871
F_de_3d_Cz,beta,norm2,KNN,0.8133,0.6686,0.54,0.4871
F_mean_3d_F8,theta,norm3,KNN,0.8667,0.701,0.44,0.4871
F_mean_3d_F8,theta,norm2,KNN,0.8667,0.701,0.44,0.4871
F_de_3d,delta,norm2,XGBoost,0.9333,0.7448,0.49,0.4871
F_median_3d_F7,all,None,XGBoost,0.8533,0.7476,0.48,0.4871
F_median_3d_1area,gamma,norm3,Ensemble (Majority Vote),0.6467,0.599,0.47,0.4871
F_mean_3d_3area,delta,norm3,Ensemble (Majority Vote),0.7533,0.6924,0.47,0.4871
F_mean_3d_F8,gamma,norm3,Linear SVM,0.4867,0.5048,0.48,0.4871
F_peak_3d_C4,alpha,norm3,XGBoost,0.52,0.5238,0.5,0.4871
F_dasm_3d_10rm,alpha,None,Ensemble (Majority Vote),0.7933,0.7162,0.49,0.4871
F_mean_3d_F8,gamma,norm2,Linear SVM,0.4867,0.5048,0.48,0.4871
F_dasm_3d_3area,theta,None,Random Forest,0.6333,0.6086,0.48,0.4871
F_peak_3d_2area,theta,norm3,Random Forest,0.6933,0.6438,0.51,0.4871
F_mean_3d_3area,theta,None,XGBoost,0.74,0.6752,0.48,0.4871
F_peak_3d_C3,gamma,norm2,Ensemble (Majority Vote),0.6533,0.6057,0.46,0.4871
F_mean_3d_Fz,delta,None,Linear SVM,0.5333,0.5295,0.5,0.4871
F_median_3d_Fp2,beta,norm2,Random Forest,0.66,0.5905,0.44,0.4871
F_mean_3d,beta,norm2,Random Forest,0.9667,0.7829,0.49,0.4871
F_dasm_3d_3area,beta,norm2,XGBoost,0.5533,0.5419,0.47,0.4871
F_peak_3d_C3,all,None,KNN,0.9267,0.7781,0.48,0.4871
F_peak_3d_Fz,beta,norm3,XGBoost,0.5733,0.5733,0.46,0.4871
F_median_3d_Fp2,all,norm2,Random Forest,0.8467,0.701,0.49,0.4871
F_median_3d_8rm,all,norm3,Random Forest,0.96,0.8895,0.47,0.4871
F_median_3d_10rm,delta,norm3,Logistic Regression,0.7467,0.6943,0.47,0.4871
F_median_3d_Fp2,all,norm3,Ensemble (Majority Vote),0.8333,0.7467,0.54,0.4871
F_de_3d_2area,alpha,norm2,KNN,0.8133,0.6733,0.52,0.4871
F_median_3d_2area,gamma,norm3,XGBoost,0.68,0.62,0.43,0.4871
F_rasm_3d_3area,beta,norm3,KNN,0.86,0.7,0.45,0.4871
F_median_3d,beta,norm2,KNN,0.82,0.6762,0.48,0.4871
F_median_3d_Fp2,alpha,norm2,KNN,0.8667,0.6876,0.45,0.4871
F_median_3d_Fp2,alpha,norm3,KNN,0.8667,0.6876,0.45,0.4871
F_peak_3d_3area,delta,norm3,KNN,0.86,0.719,0.47,0.4871
F_peak_3d_Fz,beta,norm2,XGBoost,0.5733,0.5733,0.46,0.4871
F_de_3d_10rm,all,None,XGBoost,0.9933,0.9724,0.46,0.4871
F_median_3d_3area,beta,norm2,Ensemble (Majority Vote),0.7533,0.6524,0.48,0.4871
F_mean_3d_Fz,delta,None,Logistic Regression,0.5267,0.5286,0.5,0.4871
F_median_3d_Fp2,beta,norm3,Random Forest,0.66,0.5905,0.44,0.4871
F_de_3d_C4,theta,None,XGBoost,0.6267,0.5971,0.47,0.4871
F_median_3d_Fp1,gamma,norm3,Linear SVM,0.4933,0.4933,0.51,0.4871
F_median_3d_Fp1,gamma,norm2,Linear SVM,0.4933,0.4933,0.51,0.4871
F_mean_3d_2area,gamma,norm2,XGBoost,0.7267,0.6133,0.49,0.4871
F_peak_3d_C3,gamma,None,Linear SVM,0.6,0.5467,0.49,0.4871
F_rasm_3d_3area,gamma,None,KNN,0.8533,0.7019,0.51,0.4857
F_de_3d,alpha,norm3,XGBoost,0.9467,0.8419,0.49,0.4857
F_mean_3d_Cz,alpha,norm3,XGBoost,0.6733,0.5752,0.46,0.4857
F_median_3d_2area,all,norm3,XGBoost,0.9533,0.8419,0.47,0.4857
F_peak_3d_T8,beta,None,XGBoost,0.6667,0.5943,0.51,0.4857
F_de_3d_T8,theta,norm2,Random Forest,0.7267,0.6086,0.43,0.4857
F_mean_3d_F8,delta,norm3,KNN,0.8,0.6638,0.46,0.4857
F_mean_3d_C3,alpha,None,KNN,0.8667,0.6962,0.47,0.4857
F_peak_3d_Cz,delta,norm3,Random Forest,0.6533,0.5876,0.49,0.4857
F_de_3d_T7,beta,norm2,Linear SVM,0.5133,0.4971,0.46,0.4857
F_peak_3d_Cz,delta,norm2,Random Forest,0.6533,0.5876,0.49,0.4857
F_mean_3d_C4,beta,norm3,XGBoost,0.6467,0.5476,0.49,0.4857
F_dasm_3d_10rm,alpha,norm3,XGBoost,0.7867,0.701,0.47,0.4857
F_de_3d_T7,beta,norm3,Linear SVM,0.5133,0.4971,0.46,0.4857
F_median_3d_Fp1,all,norm2,XGBoost,0.82,0.6686,0.48,0.4857
F_rasm_3d_10rm,delta,None,KNN,0.8667,0.7124,0.47,0.4857
F_mean_3d_Fp2,all,None,Linear SVM,0.62,0.5971,0.47,0.4857
F_median_3d_Fp1,all,None,Ensemble (Majority Vote),0.7733,0.7219,0.54,0.4857
F_mean_3d_2area,alpha,norm2,KNN,0.8267,0.6714,0.5,0.4857
F_peak_3d_F3,alpha,norm3,Ensemble (Majority Vote),0.66,0.6019,0.5,0.4857
F_median_3d_F7,theta,None,Random Forest,0.7333,0.6533,0.48,0.4857
F_median_3d_3area,all,norm2,Random Forest,0.9267,0.779,0.5,0.4857
F_peak_3d_Fp2,theta,None,XGBoost,0.6467,0.6057,0.46,0.4857
F_de_3d_T8,theta,norm3,Random Forest,0.7267,0.6086,0.43,0.4857
F_mean_3d_Cz,alpha,norm2,XGBoost,0.6733,0.5752,0.46,0.4857
F_mean_3d_C4,beta,norm2,XGBoost,0.6467,0.5476,0.49,0.4857
F_median_3d_8rm,alpha,norm3,XGBoost,0.9,0.7752,0.51,0.4857
F_rasm_3d19,theta,None,Linear SVM,0.6167,0.5333,0.475,0.4857
F_peak_3d_Cz,theta,None,Logistic Regression,0.5533,0.5305,0.48,0.4857
F_peak_3d_Cz,theta,None,Linear SVM,0.5533,0.5305,0.48,0.4857
F_rasm_3d_10rm,delta,norm3,Random Forest,0.76,0.7238,0.47,0.4857
F_de_3d_2area,delta,norm3,Random Forest,0.7467,0.6619,0.43,0.4857
F_peak_3d_F3,alpha,norm2,Ensemble (Majority Vote),0.66,0.6019,0.5,0.4857
F_mean_3d_F8,delta,norm2,KNN,0.8,0.6638,0.46,0.4857
F_median_3d19,beta,norm3,KNN,0.975,0.8917,0.4625,0.4857
F_median_3d19,beta,norm2,Linear SVM,0.5417,0.5119,0.4625,0.4857
F_rasm_3d19,alpha,norm2,Random Forest,0.925,0.7702,0.5,0.4857
F_median_3d19,delta,norm2,Linear SVM,0.4917,0.494,0.4875,0.4857
F_dasm_3d19,theta,None,KNN,0.9833,0.8571,0.475,0.4857
F_rasm_3d19,theta,None,Random Forest,0.8833,0.7762,0.5125,0.4857
F_peak_3d19,alpha,norm2,KNN,0.7833,0.6774,0.4625,0.4857
F_mean_3d19,gamma,norm2,Ensemble (Majority Vote),0.9167,0.775,0.4625,0.4857
F_dasm_3d19,beta,None,KNN,0.9667,0.8464,0.4875,0.4857
F_rasm_3d19,theta,norm3,Linear SVM,0.5667,0.5476,0.475,0.4857
F_de_3d19,beta,norm2,Random Forest,0.9833,0.8131,0.425,0.4857
F_median_3d19,alpha,norm3,Ensemble (Majority Vote),0.9333,0.8536,0.4375,0.4857
F_peak_3d_F8,theta,norm3,XGBoost,0.54,0.5219,0.47,0.4857
F_median_3d_F4,alpha,norm2,Random Forest,0.7533,0.6029,0.5,0.4857
F_median_3d_F4,all,norm2,XGBoost,0.86,0.681,0.44,0.4857
F_median_3d_F4,alpha,norm3,Random Forest,0.7533,0.6029,0.5,0.4857
F_mean_3d_10rm,delta,norm3,XGBoost,0.94,0.8429,0.52,0.4857
F_median_3d_F4,delta,None,KNN,0.8467,0.6886,0.48,0.4857
F_mean_3d_8rm,gamma,norm2,Linear SVM,0.5,0.5038,0.51,0.4857
F_de_3d,alpha,norm2,Linear SVM,0.5333,0.5162,0.46,0.4857
F_mean_3d_F7,alpha,None,Linear SVM,0.6,0.5686,0.47,0.4857
F_dasm_3d_3area,gamma,None,KNN,0.8533,0.7143,0.47,0.4857
F_median_3d_Fz,delta,None,Linear SVM,0.5267,0.5343,0.47,0.4857
F_peak_3d19,delta,norm2,KNN,0.8333,0.6893,0.4375,0.4857
F_de_3d_F7,gamma,None,Random Forest,0.6867,0.619,0.47,0.4857
F_median_3d_Fp1,all,norm3,XGBoost,0.8533,0.7533,0.51,0.4857
F_mean_3d_F7,theta,norm3,Ensemble (Majority Vote),0.58,0.5676,0.5,0.4857
F_mean_3d_F7,theta,norm2,Ensemble (Majority Vote),0.58,0.5676,0.5,0.4857
F_de_3d_C4,all,None,KNN,0.9067,0.7819,0.54,0.4857
F_median_3d_Fp1,beta,None,KNN,0.8533,0.7095,0.43,0.4857
F_median_3d_10rm,beta,norm2,Random Forest,0.98,0.7867,0.45,0.4857
F_mean_3d_C4,beta,norm3,KNN,0.88,0.6971,0.49,0.4857
F_peak_3d_F7,theta,norm2,XGBoost,0.6,0.5514,0.49,0.4857
F_mean_3d_F8,alpha,norm2,XGBoost,0.5933,0.5686,0.5,0.4857
F_peak_3d_F7,theta,norm3,XGBoost,0.6,0.5514,0.49,0.4857
F_mean_3d_F8,alpha,norm3,XGBoost,0.5933,0.5686,0.5,0.4857
F_median_3d_F8,all,norm3,Random Forest,0.7733,0.7114,0.54,0.4857
F_mean_3d_Fp1,gamma,None,Random Forest,0.66,0.6133,0.49,0.4857
F_de_3d_C3,delta,None,Logistic Regression,0.58,0.5581,0.51,0.4857
F_dasm_3d,alpha,norm3,Ensemble (Majority Vote),0.7733,0.7019,0.49,0.4857
F_peak_3d_F4,theta,None,XGBoost,0.6333,0.599,0.47,0.4857
F_peak_3d_Cz,theta,None,Ensemble (Majority Vote),0.6867,0.619,0.52,0.4857
F_median_3d_Fz,gamma,norm3,XGBoost,0.6467,0.5733,0.49,0.4857
F_median_3d_Fz,gamma,norm2,XGBoost,0.6467,0.5733,0.49,0.4857
F_mean_3d_F8,delta,norm2,Random Forest,0.7333,0.6114,0.48,0.4857
F_peak_3d_F8,beta,None,XGBoost,0.5667,0.5819,0.47,0.4857
F_rasm_3d_8rm,delta,norm3,Linear SVM,0.5867,0.5924,0.46,0.4857
F_mean_3d_F8,delta,norm3,Random Forest,0.7333,0.6114,0.48,0.4857
F_mean_3d_T7,delta,norm3,KNN,0.8333,0.681,0.42,0.4857
F_peak_3d_T8,all,norm3,Logistic Regression,0.6133,0.6076,0.5,0.4857
F_mean_3d_T7,delta,norm2,KNN,0.8333,0.681,0.42,0.4857
F_peak_3d_F8,gamma,None,KNN,0.82,0.7,0.51,0.4857
F_mean_3d_Fp1,gamma,None,KNN,0.86,0.7143,0.47,0.4857
F_peak_3d_F8,theta,norm2,XGBoost,0.54,0.5219,0.47,0.4857
F_dasm_3d_8rm,delta,norm2,Ensemble (Majority Vote),0.7733,0.6743,0.48,0.4857
F_de_3d_3area,beta,norm2,Random Forest,0.8333,0.6667,0.53,0.4857
F_dasm_3d,gamma,norm2,XGBoost,0.9133,0.6981,0.46,0.4857
F_mean_3d_Fz,gamma,norm3,Ensemble (Majority Vote),0.6333,0.5943,0.46,0.4857
F_rasm_3d_10rm,gamma,norm3,Logistic Regression,0.5333,0.5219,0.48,0.4857
F_median_3d_C4,theta,None,Ensemble (Majority Vote),0.6267,0.601,0.49,0.4857
F_peak_3d_1area,delta,norm3,Linear SVM,0.54,0.5076,0.45,0.4857
F_median_3d_8rm,all,norm3,Logistic Regression,0.9467,0.8562,0.46,0.4857
F_peak_3d_1area,delta,norm2,Linear SVM,0.54,0.5076,0.45,0.4857
F_median_3d_C4,all,None,Linear SVM,0.66,0.6343,0.49,0.4857
F_de_3d_2area,gamma,norm2,Ensemble (Majority Vote),0.76,0.6362,0.52,0.4857
F_peak_3d_C3,delta,None,Logistic Regression,0.5667,0.559,0.48,0.4857
F_mean_3d_1area,beta,None,XGBoost,0.6667,0.5962,0.52,0.4857
F_dasm_3d_8rm,gamma,norm2,KNN,0.8133,0.6629,0.46,0.4857
F_peak_3d_C3,all,norm3,Linear SVM,0.6267,0.6105,0.51,0.4857
F_peak_3d_1area,theta,norm2,Ensemble (Majority Vote),0.6867,0.5952,0.48,0.4857
F_peak_3d_3area,all,norm2,KNN,0.84,0.6952,0.47,0.4857
F_mean_3d_Fp2,alpha,None,Ensemble (Majority Vote),0.68,0.619,0.5,0.4857
F_peak_3d_1area,theta,norm3,Ensemble (Majority Vote),0.6867,0.5952,0.48,0.4857
F_median_3d_C3,all,norm2,KNN,0.7933,0.6543,0.45,0.4857
F_mean_3d_C4,theta,None,KNN,0.86,0.7038,0.49,0.4857
F_peak_3d_1area,all,norm2,KNN,0.82,0.6895,0.49,0.4857
F_dasm_3d_10rm,beta,norm3,XGBoost,0.7533,0.6952,0.48,0.4857
F_peak_3d_1area,theta,None,KNN,0.8667,0.6962,0.47,0.4857
F_peak_3d_T8,theta,None,XGBoost,0.64,0.6086,0.46,0.4857
F_mean_3d_C4,beta,norm2,KNN,0.88,0.6971,0.49,0.4857
F_peak_3d_Fz,delta,None,Linear SVM,0.52,0.5248,0.49,0.4857
F_mean_3d_Fz,gamma,norm2,Ensemble (Majority Vote),0.6333,0.5943,0.46,0.4857
F_peak_3d_Fp2,delta,norm3,XGBoost,0.5333,0.5629,0.48,0.4843
F_mean_3d_3area,delta,norm3,Linear SVM,0.5733,0.58,0.43,0.4843
F_mean_3d_1area,theta,norm2,KNN,0.8133,0.6981,0.47,0.4843
F_rasm_3d_8rm,gamma,norm3,XGBoost,0.8267,0.6905,0.44,0.4843
F_median_3d_1area,gamma,norm3,KNN,0.88,0.6933,0.55,0.4843
F_mean_3d_Fp2,alpha,None,Linear SVM,0.6067,0.5733,0.45,0.4843
F_mean_3d_Fp2,alpha,norm2,KNN,0.88,0.701,0.48,0.4843
F_peak_3d_Fp2,alpha,None,XGBoost,0.6533,0.5943,0.45,0.4843
F_median_3d_Fp1,delta,norm2,Linear SVM,0.54,0.5124,0.51,0.4843
F_peak_3d_Fp2,delta,norm2,XGBoost,0.5333,0.5629,0.48,0.4843
F_mean_3d_1area,theta,norm3,KNN,0.8133,0.6981,0.47,0.4843
F_de_3d_Fz,all,norm2,Random Forest,0.9133,0.7229,0.48,0.4843
F_dasm_3d,alpha,norm2,Linear SVM,0.5467,0.5067,0.5,0.4843
F_median_3d_Fp1,delta,norm3,Linear SVM,0.54,0.5124,0.51,0.4843
F_de_3d_8rm,gamma,None,KNN,0.98,0.859,0.43,0.4843
F_median_3d_1area,gamma,norm2,KNN,0.88,0.6933,0.55,0.4843
F_de_3d_Fz,all,norm2,XGBoost,0.8,0.66,0.46,0.4843
F_peak_3d,gamma,norm2,Linear SVM,0.4867,0.5038,0.45,0.4843
F_de_3d_Cz,gamma,norm2,Ensemble (Majority Vote),0.5933,0.5895,0.48,0.4843
F_de_3d_3area,all,norm2,Ensemble (Majority Vote),0.9267,0.7857,0.47,0.4843
F_median_3d_Cz,gamma,norm2,Ensemble (Majority Vote),0.62,0.5981,0.48,0.4843
F_median_3d_Cz,gamma,norm3,Ensemble (Majority Vote),0.62,0.5981,0.48,0.4843
F_mean_3d_C4,theta,norm2,XGBoost,0.6067,0.5733,0.46,0.4843
F_mean_3d_F3,gamma,norm3,KNN,0.8733,0.6962,0.51,0.4843
F_mean_3d_8rm,gamma,norm3,KNN,0.9667,0.8343,0.49,0.4843
F_mean_3d_F7,delta,norm2,Ensemble (Majority Vote),0.6333,0.6095,0.48,0.4843
F_de_3d_Cz,gamma,norm3,Ensemble (Majority Vote),0.5933,0.5895,0.48,0.4843
F_peak_3d,gamma,norm2,Random Forest,0.9533,0.8057,0.5,0.4843
F_median_3d_F3,gamma,norm2,XGBoost,0.6733,0.5943,0.46,0.4843
F_median_3d_F3,gamma,norm3,XGBoost,0.6733,0.5943,0.46,0.4843
F_mean_3d_Fp2,alpha,norm3,KNN,0.88,0.701,0.48,0.4843
F_mean_3d_C4,theta,norm3,XGBoost,0.6067,0.5733,0.46,0.4843
F_mean_3d_F3,gamma,norm2,KNN,0.8733,0.6962,0.51,0.4843
F_peak_3d_3area,theta,norm2,Random Forest,0.76,0.6495,0.49,0.4843
F_de_3d_Fp1,theta,None,Random Forest,0.7067,0.6295,0.49,0.4843
F_mean_3d_F7,delta,norm3,Ensemble (Majority Vote),0.6333,0.6095,0.48,0.4843
F_median_3d_2area,all,norm2,Random Forest,0.9133,0.7524,0.57,0.4843
F_de_3d_2area,theta,norm3,Logistic Regression,0.54,0.5495,0.47,0.4843
F_de_3d_2area,theta,norm3,XGBoost,0.6733,0.6019,0.46,0.4843
F_de_3d_2area,theta,norm3,Random Forest,0.7,0.6505,0.49,0.4843
F_rasm_3d,alpha,norm2,Linear SVM,0.4933,0.4952,0.45,0.4843
F_median_3d_C3,alpha,None,Random Forest,0.6267,0.6124,0.5,0.4843
F_de_3d_Cz,gamma,None,Ensemble (Majority Vote),0.6467,0.6076,0.5,0.4843
F_median_3d_C3,all,norm3,Ensemble (Majority Vote),0.8,0.7295,0.48,0.4843
F_de_3d_T7,beta,None,KNN,0.8267,0.7029,0.51,0.4843
F_rasm_3d_3area,beta,norm2,Ensemble (Majority Vote),0.7733,0.6533,0.42,0.4843
F_peak_3d_Fp2,delta,norm3,KNN,0.7933,0.68,0.47,0.4843
F_peak_3d_Fz,gamma,norm3,Ensemble (Majority Vote),0.6667,0.6152,0.47,0.4843
F_dasm_3d_10rm,beta,norm3,KNN,0.84,0.7219,0.44,0.4843
F_rasm_3d,delta,None,Ensemble (Majority Vote),0.84,0.7305,0.49,0.4843
F_de_3d_F8,beta,None,KNN,0.88,0.7029,0.48,0.4843
F_peak_3d_F3,beta,None,Logistic Regression,0.5733,0.5562,0.46,0.4843
F_median_3d_T8,delta,None,XGBoost,0.6467,0.6086,0.48,0.4843
F_dasm_3d_8rm,delta,norm2,Linear SVM,0.4533,0.4914,0.48,0.4843
F_mean_3d_3area,theta,norm3,XGBoost,0.72,0.6562,0.5,0.4843
F_peak_3d_Fp2,delta,norm2,KNN,0.7933,0.68,0.47,0.4843
F_peak_3d_8rm,all,norm2,XGBoost,1.0,0.9114,0.45,0.4843
F_rasm_3d_3area,beta,norm3,Ensemble (Majority Vote),0.7733,0.6533,0.42,0.4843
F_peak_3d_2area,theta,norm3,Logistic Regression,0.5333,0.5267,0.48,0.4843
F_median_3d_T7,all,norm2,XGBoost,0.8,0.6657,0.49,0.4843
F_median_3d_T7,all,norm2,Random Forest,0.8733,0.7238,0.45,0.4843
F_peak_3d_Fz,gamma,norm2,Ensemble (Majority Vote),0.6667,0.6152,0.47,0.4843
F_de_3d_C4,delta,norm2,KNN,0.8,0.6819,0.5,0.4843
F_median_3d_8rm,alpha,norm3,KNN,0.94,0.7962,0.52,0.4843
F_peak_3d_T7,delta,norm3,Random Forest,0.6467,0.6019,0.49,0.4843
F_de_3d_C4,delta,norm3,KNN,0.8,0.6819,0.5,0.4843
F_median_3d_Fz,delta,None,Logistic Regression,0.52,0.5333,0.47,0.4843
F_dasm_3d_8rm,alpha,None,Ensemble (Majority Vote),0.7733,0.7048,0.49,0.4843
F_peak_3d_C3,beta,norm3,Ensemble (Majority Vote),0.6733,0.62,0.49,0.4843
F_dasm_3d,theta,norm3,Ensemble (Majority Vote),0.7333,0.7114,0.51,0.4843
F_peak_3d_C3,beta,norm2,Ensemble (Majority Vote),0.6733,0.62,0.49,0.4843
F_mean_3d_T7,delta,None,KNN,0.86,0.7257,0.43,0.4843
F_dasm_3d_10rm,gamma,norm3,KNN,0.86,0.741,0.5,0.4843
F_median_3d_3area,beta,norm2,KNN,0.8467,0.6895,0.47,0.4843
F_de_3d_C4,gamma,norm2,Random Forest,0.72,0.6057,0.46,0.4843
F_de_3d_C4,gamma,norm3,Random Forest,0.72,0.6057,0.46,0.4843
F_de_3d_F7,gamma,None,XGBoost,0.64,0.5848,0.5,0.4843
F_mean_3d_10rm,gamma,norm3,Linear SVM,0.6733,0.6371,0.46,0.4843
F_de_3d_F7,all,None,Random Forest,0.7933,0.7219,0.49,0.4843
F_median_3d_Fp1,theta,norm3,XGBoost,0.6333,0.5838,0.52,0.4843
F_de_3d_C4,beta,norm3,Linear SVM,0.5067,0.4981,0.52,0.4843
F_de_3d_C3,delta,None,Linear SVM,0.58,0.5581,0.51,0.4843
F_de_3d_C4,alpha,norm2,KNN,0.8133,0.6686,0.51,0.4843
F_peak_3d_C3,all,None,Random Forest,0.82,0.7371,0.46,0.4843
F_peak_3d_C3,gamma,None,Logistic Regression,0.6,0.5486,0.49,0.4843
F_de_3d_T7,beta,None,XGBoost,0.62,0.6095,0.49,0.4843
F_dasm_3d,all,norm2,Ensemble (Majority Vote),0.9467,0.8305,0.43,0.4843
F_peak_3d_F7,alpha,norm3,Random Forest,0.6867,0.5952,0.51,0.4843
F_median_3d,all,norm3,XGBoost,1.0,0.9781,0.53,0.4843
F_de_3d_C4,alpha,norm3,KNN,0.8133,0.6686,0.51,0.4843
F_peak_3d_F7,alpha,norm2,Random Forest,0.6867,0.5952,0.51,0.4843
F_rasm_3d,theta,norm2,Ensemble (Majority Vote),0.8333,0.7019,0.45,0.4843
F_mean_3d_8rm,alpha,norm2,XGBoost,0.9267,0.719,0.46,0.4843
F_mean_3d_C3,all,norm3,Ensemble (Majority Vote),0.8067,0.7324,0.48,0.4843
F_peak_3d_F3,gamma,None,XGBoost,0.6667,0.6143,0.44,0.4843
F_peak_3d_T7,delta,norm2,Random Forest,0.6467,0.6019,0.49,0.4843
F_mean_3d_T7,gamma,None,XGBoost,0.5867,0.5752,0.47,0.4843
F_rasm_3d_8rm,theta,norm2,Random Forest,0.8267,0.6876,0.47,0.4843
F_median_3d_Fp1,theta,norm2,XGBoost,0.6333,0.5838,0.52,0.4843
F_de_3d_C4,beta,norm2,Linear SVM,0.5067,0.4981,0.52,0.4843
F_median_3d_C3,beta,norm2,Ensemble (Majority Vote),0.7067,0.6276,0.47,0.4843
F_median_3d_Cz,delta,None,Ensemble (Majority Vote),0.7,0.6333,0.42,0.4843
F_median_3d_F8,all,norm3,Linear SVM,0.64,0.6257,0.5,0.4843
F_dasm_3d,all,norm2,XGBoost,1.0,0.8867,0.46,0.4843
F_mean_3d_Fp2,beta,norm3,XGBoost,0.6,0.5448,0.49,0.4843
F_peak_3d_10rm,all,norm3,XGBoost,1.0,0.9876,0.44,0.4843
F_peak_3d_1area,beta,norm3,Random Forest,0.7333,0.6114,0.46,0.4843
F_de_3d_Fz,gamma,None,Random Forest,0.7,0.6276,0.47,0.4843
F_mean_3d_2area,theta,norm3,Linear SVM,0.5867,0.5686,0.45,0.4843
F_peak_3d_F8,beta,None,KNN,0.8733,0.7124,0.45,0.4843
F_mean_3d_Fz,gamma,norm3,XGBoost,0.5733,0.5505,0.46,0.4843
F_mean_3d_Fp2,beta,norm2,XGBoost,0.6,0.5448,0.49,0.4843
F_de_3d_Fp2,all,norm2,XGBoost,0.8533,0.679,0.46,0.4843
F_de_3d_Fz,alpha,norm3,KNN,0.8467,0.6829,0.47,0.4843
F_peak_3d_T8,all,norm3,KNN,0.9067,0.78,0.44,0.4843
F_mean_3d_Fp1,all,norm2,XGBoost,0.8533,0.6848,0.45,0.4843
F_peak_3d_F8,theta,norm3,KNN,0.8533,0.7067,0.5,0.4843
F_mean_3d_C3,theta,norm3,Random Forest,0.7,0.5924,0.43,0.4843
F_peak_3d_T8,all,norm3,Linear SVM,0.62,0.6152,0.51,0.4843
F_mean_3d_C3,theta,norm3,Ensemble (Majority Vote),0.62,0.5981,0.48,0.4843
F_peak_3d_F8,theta,norm2,KNN,0.8533,0.7067,0.5,0.4843
F_peak_3d_F8,all,norm2,Random Forest,0.8867,0.7181,0.51,0.4843
F_median_3d,all,norm3,Random Forest,0.9733,0.9181,0.42,0.4843
F_median_3d_F4,theta,norm2,Ensemble (Majority Vote),0.6933,0.5933,0.5,0.4843
F_mean_3d_C3,theta,norm2,Random Forest,0.7,0.5924,0.43,0.4843
F_median_3d_2area,all,norm2,Ensemble (Majority Vote),0.8067,0.7362,0.52,0.4843
F_peak_3d_C4,all,norm3,Linear SVM,0.6467,0.5981,0.54,0.4843
F_peak_3d_1area,beta,norm2,Random Forest,0.7333,0.6114,0.46,0.4843
F_peak_3d_10rm,delta,norm3,XGBoost,0.9467,0.8257,0.44,0.4843
F_de_3d_C3,beta,norm3,Linear SVM,0.5333,0.5076,0.49,0.4843
F_peak_3d_F8,all,norm2,XGBoost,0.78,0.6438,0.49,0.4843
F_median_3d_C3,beta,norm3,Ensemble (Majority Vote),0.7067,0.6276,0.47,0.4843
F_peak_3d_C4,gamma,norm3,Ensemble (Majority Vote),0.6333,0.6162,0.49,0.4843
F_de_3d_C3,beta,norm2,Linear SVM,0.5333,0.5076,0.49,0.4843
F_peak_3d_Fp1,delta,norm3,KNN,0.8267,0.681,0.47,0.4843
F_peak_3d_Fp1,delta,norm2,KNN,0.8267,0.681,0.47,0.4843
F_median_3d_2area,alpha,norm3,XGBoost,0.6733,0.6057,0.49,0.4843
F_median_3d_F3,alpha,norm2,XGBoost,0.5333,0.5495,0.44,0.4843
F_rasm_3d_10rm,gamma,norm2,KNN,0.8667,0.6886,0.47,0.4843
F_median_3d_F3,alpha,norm3,XGBoost,0.5333,0.5495,0.44,0.4843
F_peak_3d_C4,gamma,norm2,Ensemble (Majority Vote),0.6333,0.6162,0.49,0.4843
F_mean_3d_C3,theta,norm2,Ensemble (Majority Vote),0.62,0.5981,0.48,0.4843
F_dasm_3d,gamma,None,KNN,0.8933,0.8019,0.5,0.4843
F_de_3d_3area,gamma,None,Logistic Regression,0.5333,0.5495,0.52,0.4843
F_peak_3d_1area,alpha,norm2,KNN,0.86,0.679,0.46,0.4843
F_de_3d_Fz,alpha,norm2,KNN,0.8467,0.6829,0.47,0.4843
F_peak_3d_1area,alpha,norm3,KNN,0.86,0.679,0.46,0.4843
F_mean_3d_Fz,gamma,norm2,XGBoost,0.5733,0.5505,0.46,0.4843
F_median_3d_F4,theta,norm3,Ensemble (Majority Vote),0.6933,0.5933,0.5,0.4843
F_mean_3d19,theta,None,KNN,0.9833,0.8988,0.5375,0.4839
F_rasm_3d19,all,None,Random Forest,0.9917,0.8905,0.4625,0.4839
F_rasm_3d19,beta,norm2,Ensemble (Majority Vote),0.85,0.7214,0.45,0.4839
F_dasm_3d19,alpha,norm2,Linear SVM,0.5083,0.4988,0.5125,0.4839
F_rasm_3d19,theta,norm3,KNN,0.8917,0.731,0.4375,0.4839
F_de_3d19,theta,norm3,Ensemble (Majority Vote),0.9417,0.8452,0.475,0.4839
F_median_3d19,theta,norm3,Linear SVM,0.8833,0.7702,0.525,0.4839
F_mean_3d19,beta,norm2,Ensemble (Majority Vote),0.925,0.7845,0.475,0.4839
F_peak_3d19,theta,norm3,Logistic Regression,0.7833,0.7071,0.5,0.4839
F_peak_3d19,all,norm3,XGBoost,1.0,0.9833,0.5125,0.4839
F_peak_3d_3area,theta,norm2,Ensemble (Majority Vote),0.74,0.6448,0.43,0.4829
F_mean_3d_F4,theta,norm3,Linear SVM,0.4933,0.4971,0.5,0.4829
F_mean_3d_T8,beta,norm2,XGBoost,0.6267,0.5762,0.49,0.4829
F_peak_3d_Fz,gamma,None,Random Forest,0.6667,0.6124,0.46,0.4829
F_de_3d_2area,all,norm2,XGBoost,0.92,0.739,0.48,0.4829
F_peak_3d_F7,theta,norm2,Linear SVM,0.4933,0.4981,0.47,0.4829
F_peak_3d_C4,delta,None,XGBoost,0.5933,0.561,0.49,0.4829
F_peak_3d_C4,theta,norm3,Linear SVM,0.5067,0.4962,0.5,0.4829
F_median_3d_F8,beta,None,XGBoost,0.6333,0.5924,0.5,0.4829
F_peak_3d_C4,theta,norm2,Linear SVM,0.5067,0.4962,0.5,0.4829
F_peak_3d_F7,theta,norm3,Linear SVM,0.4933,0.4981,0.47,0.4829
F_de_3d_F4,gamma,norm2,Random Forest,0.76,0.6105,0.47,0.4829
F_peak_3d_T8,alpha,None,Random Forest,0.7,0.6324,0.47,0.4829
F_mean_3d_T8,beta,norm3,XGBoost,0.6267,0.5762,0.49,0.4829
F_mean_3d_F4,theta,norm2,Linear SVM,0.4933,0.4971,0.5,0.4829
F_de_3d_F4,gamma,norm3,Random Forest,0.76,0.6105,0.47,0.4829
F_peak_3d_1area,gamma,None,Ensemble (Majority Vote),0.6133,0.5952,0.47,0.4829
F_de_3d_Cz,theta,norm3,Random Forest,0.7133,0.6057,0.43,0.4829
F_median_3d_Cz,all,None,Ensemble (Majority Vote),0.78,0.7229,0.53,0.4829
F_median_3d_C3,alpha,norm3,XGBoost,0.6133,0.5676,0.5,0.4829
F_de_3d,gamma,norm2,Random Forest,0.9667,0.8038,0.43,0.4829
F_de_3d_T7,beta,norm3,Ensemble (Majority Vote),0.54,0.5867,0.49,0.4829
F_mean_3d_F8,all,norm3,Random Forest,0.78,0.719,0.5,0.4829
F_mean_3d_Fp2,alpha,None,Logistic Regression,0.5933,0.5724,0.46,0.4829
F_peak_3d_Fz,gamma,norm2,KNN,0.8467,0.681,0.43,0.4829
F_de_3d_Fp2,delta,norm3,XGBoost,0.6,0.559,0.45,0.4829
F_median_3d_Fp1,beta,norm2,XGBoost,0.6333,0.5733,0.46,0.4829
F_median_3d_3area,beta,norm3,XGBoost,0.7333,0.6676,0.45,0.4829
F_de_3d_F7,beta,norm2,KNN,0.8533,0.6743,0.47,0.4829
F_de_3d,alpha,None,KNN,0.9733,0.8648,0.44,0.4829
F_de_3d_Cz,theta,norm2,Random Forest,0.7133,0.6057,0.43,0.4829
F_mean_3d_F8,all,norm3,KNN,0.8667,0.7533,0.49,0.4829
F_peak_3d_Fz,gamma,norm3,KNN,0.8467,0.681,0.43,0.4829
F_de_3d_F7,beta,norm3,KNN,0.8533,0.6743,0.47,0.4829
F_median_3d_F7,all,None,Logistic Regression,0.6533,0.6229,0.47,0.4829
F_rasm_3d_3area,beta,None,KNN,0.8333,0.6848,0.49,0.4829
F_mean_3d_10rm,gamma,norm3,KNN,0.9467,0.841,0.46,0.4829
F_de_3d_T7,all,None,KNN,0.9267,0.8095,0.5,0.4829
F_median_3d_Fp2,theta,None,KNN,0.9,0.7219,0.44,0.4829
F_de_3d_T7,beta,norm3,KNN,0.8067,0.6571,0.48,0.4829
F_median_3d_2area,beta,norm3,KNN,0.86,0.6933,0.46,0.4829
F_median_3d_Fp2,gamma,norm3,KNN,0.8467,0.6905,0.46,0.4829
F_median_3d_Fp2,gamma,norm2,KNN,0.8467,0.6905,0.46,0.4829
F_mean_3d,theta,None,XGBoost,0.9333,0.8219,0.51,0.4829
F_median_3d_C4,theta,None,Random Forest,0.6467,0.6133,0.46,0.4829
F_median_3d_10rm,theta,norm3,Linear SVM,0.72,0.68,0.49,0.4829
F_de_3d_T7,beta,norm2,Ensemble (Majority Vote),0.54,0.5867,0.49,0.4829
F_mean_3d_2area,gamma,norm3,Ensemble (Majority Vote),0.6333,0.6362,0.5,0.4829
F_mean_3d_3area,all,norm2,KNN,0.82,0.6914,0.49,0.4829
F_median_3d_Fp1,alpha,norm3,XGBoost,0.68,0.5819,0.41,0.4829
F_median_3d_3area,all,norm2,KNN,0.76,0.6867,0.45,0.4829
F_median_3d_C3,alpha,norm2,XGBoost,0.6133,0.5676,0.5,0.4829
F_peak_3d_Fz,gamma,norm3,Linear SVM,0.48,0.5019,0.52,0.4829
F_mean_3d_2area,gamma,norm3,XGBoost,0.7,0.6229,0.48,0.4829
F_peak_3d_F4,theta,norm3,XGBoost,0.5867,0.5695,0.45,0.4829
F_rasm_3d_10rm,gamma,norm2,XGBoost,0.8267,0.6771,0.48,0.4829
F_de_3d_Fp2,delta,norm2,XGBoost,0.6,0.559,0.45,0.4829
F_mean_3d_1area,theta,norm3,Linear SVM,0.5067,0.5019,0.5,0.4829
F_peak_3d_F8,gamma,norm2,XGBoost,0.5867,0.5629,0.46,0.4829
F_mean_3d_2area,theta,norm3,Logistic Regression,0.5733,0.5619,0.45,0.4829
F_median_3d_C4,all,norm3,XGBoost,0.8467,0.7305,0.49,0.4829
F_mean_3d_1area,theta,norm2,Linear SVM,0.5067,0.5019,0.5,0.4829
F_median_3d_F7,alpha,norm2,XGBoost,0.5267,0.54,0.49,0.4829
F_median_3d_Fp2,theta,None,XGBoost,0.6667,0.6152,0.48,0.4829
F_median_3d_F7,alpha,norm3,XGBoost,0.5267,0.54,0.49,0.4829
F_rasm_3d,alpha,norm3,Linear SVM,0.5867,0.5667,0.47,0.4829
F_dasm_3d_3area,delta,norm3,Ensemble (Majority Vote),0.6933,0.62,0.49,0.4829
F_median_3d_8rm,delta,norm3,KNN,0.9733,0.8352,0.47,0.4829
F_peak_3d_F8,gamma,norm3,XGBoost,0.5867,0.5629,0.46,0.4829
F_dasm_3d_3area,delta,norm2,Ensemble (Majority Vote),0.6933,0.62,0.49,0.4829
F_peak_3d_8rm,alpha,norm2,KNN,0.8333,0.681,0.44,0.4829
F_de_3d_F4,gamma,norm2,XGBoost,0.6333,0.5676,0.47,0.4829
F_median_3d_C4,gamma,None,KNN,0.8733,0.7267,0.47,0.4829
F_peak_3d_F4,theta,norm2,XGBoost,0.5867,0.5695,0.45,0.4829
F_de_3d_T7,beta,norm2,KNN,0.8067,0.6571,0.48,0.4829
F_mean_3d_Fz,all,norm2,Ensemble (Majority Vote),0.8267,0.6933,0.45,0.4829
F_median_3d_F4,all,norm2,Random Forest,0.9,0.7295,0.49,0.4829
F_median_3d_Fp1,alpha,norm2,XGBoost,0.68,0.5819,0.41,0.4829
F_dasm_3d_3area,delta,norm3,Random Forest,0.7133,0.5914,0.51,0.4829
F_mean_3d_F8,delta,None,Random Forest,0.6867,0.6324,0.48,0.4829
F_dasm_3d_3area,delta,norm2,Random Forest,0.7133,0.5914,0.51,0.4829
F_median_3d_8rm,alpha,norm2,XGBoost,0.9067,0.7314,0.45,0.4829
F_dasm_3d_8rm,gamma,norm2,Ensemble (Majority Vote),0.78,0.659,0.43,0.4829
F_median_3d_Fp1,beta,norm3,XGBoost,0.6333,0.5733,0.46,0.4829
F_de_3d_Cz,all,norm2,XGBoost,0.9,0.7048,0.5,0.4829
F_de_3d_F4,gamma,norm3,XGBoost,0.6333,0.5676,0.47,0.4829
F_peak_3d_Fz,gamma,norm2,Linear SVM,0.48,0.5019,0.52,0.4829
F_peak_3d_3area,gamma,norm3,XGBoost,0.7067,0.6543,0.5,0.4829
F_mean_3d_F4,all,norm2,Ensemble (Majority Vote),0.7933,0.6886,0.49,0.4829
F_mean_3d_T8,delta,None,Random Forest,0.68,0.6181,0.49,0.4829
F_mean_3d_Cz,beta,norm3,Ensemble (Majority Vote),0.62,0.6152,0.48,0.4829
F_mean_3d_F3,beta,norm3,XGBoost,0.6267,0.5648,0.47,0.4829
F_de_3d_8rm,gamma,norm3,Random Forest,0.8267,0.7571,0.51,0.4829
F_de_3d_C4,gamma,norm2,Linear SVM,0.5533,0.5095,0.45,0.4829
F_mean_3d_C4,theta,norm3,Random Forest,0.6667,0.6086,0.48,0.4829
F_mean_3d_F3,beta,norm2,XGBoost,0.6267,0.5648,0.47,0.4829
F_de_3d_2area,alpha,None,XGBoost,0.72,0.6362,0.46,0.4829
F_peak_3d_C4,all,norm2,Random Forest,0.8933,0.7048,0.43,0.4829
F_mean_3d_F7,all,norm3,XGBoost,0.82,0.739,0.46,0.4829
F_peak_3d_C3,all,norm3,KNN,0.9067,0.7638,0.47,0.4829
F_de_3d_Fp1,alpha,None,KNN,0.8467,0.7076,0.44,0.4829
F_mean_3d_F3,beta,norm3,KNN,0.8467,0.6848,0.42,0.4829
F_mean_3d_1area,beta,norm3,Linear SVM,0.5,0.5029,0.44,0.4829
F_mean_3d_F3,theta,norm3,KNN,0.8467,0.6695,0.46,0.4829
F_mean_3d_F3,theta,norm2,Ensemble (Majority Vote),0.6,0.579,0.46,0.4829
F_peak_3d_1area,all,norm2,Ensemble (Majority Vote),0.8333,0.6981,0.47,0.4829
F_median_3d_10rm,delta,norm3,XGBoost,0.9533,0.8514,0.42,0.4829
F_mean_3d_F3,theta,norm2,KNN,0.8467,0.6695,0.46,0.4829
F_mean_3d_F3,theta,norm3,Ensemble (Majority Vote),0.6,0.579,0.46,0.4829
F_peak_3d_C4,all,norm3,KNN,0.8733,0.7638,0.5,0.4829
F_mean_3d_F7,all,norm3,Logistic Regression,0.6333,0.6248,0.49,0.4829
F_mean_3d_C4,theta,norm2,Random Forest,0.6667,0.6086,0.48,0.4829
F_mean_3d_F3,beta,norm2,KNN,0.8467,0.6848,0.42,0.4829
F_de_3d_3area,gamma,norm2,Random Forest,0.7733,0.6648,0.47,0.4829
F_de_3d_C4,gamma,norm3,Linear SVM,0.5533,0.5095,0.45,0.4829
F_median_3d_T8,all,norm2,Random Forest,0.8467,0.6962,0.43,0.4829
F_de_3d_3area,theta,norm2,XGBoost,0.7267,0.6238,0.5,0.4829
F_de_3d_1area,all,norm2,Ensemble (Majority Vote),0.8,0.6981,0.45,0.4829
F_peak_3d_C4,gamma,None,KNN,0.8333,0.7038,0.45,0.4829
F_peak_3d_C3,gamma,norm2,KNN,0.8867,0.68,0.45,0.4829
F_mean_3d_F4,delta,None,KNN,0.84,0.6857,0.47,0.4829
F_peak_3d_C3,gamma,norm3,KNN,0.8867,0.68,0.45,0.4829
F_rasm_3d_8rm,theta,norm3,Random Forest,0.8,0.7105,0.5,0.4829
F_peak_3d_F3,beta,None,Linear SVM,0.5667,0.5552,0.46,0.4829
F_de_3d_8rm,alpha,norm3,Ensemble (Majority Vote),0.8267,0.7571,0.51,0.4829
F_mean_3d_1area,beta,norm2,Linear SVM,0.5,0.5029,0.44,0.4829
F_peak_3d_C3,delta,None,Linear SVM,0.56,0.5562,0.48,0.4829
F_mean_3d_Cz,beta,norm2,Ensemble (Majority Vote),0.62,0.6152,0.48,0.4829
F_peak_3d_2area,gamma,None,XGBoost,0.7067,0.6362,0.49,0.4829
F_de_3d_C3,alpha,None,XGBoost,0.6533,0.6333,0.48,0.4829
F_median_3d_T7,delta,None,Ensemble (Majority Vote),0.74,0.6533,0.51,0.4829
F_mean_3d_C4,beta,None,KNN,0.8733,0.7152,0.44,0.4829
F_mean_3d_Cz,all,None,Logistic Regression,0.6067,0.5657,0.52,0.4829
F_peak_3d_C4,all,norm2,XGBoost,0.8533,0.6705,0.47,0.4829
F_peak_3d19,theta,norm3,Ensemble (Majority Vote),0.9167,0.8464,0.4375,0.4821
F_dasm_3d19,beta,norm2,Random Forest,0.975,0.7655,0.4375,0.4821
F_median_3d19,theta,norm3,XGBoost,0.9833,0.9131,0.4375,0.4821
F_dasm_3d19,gamma,norm2,Ensemble (Majority Vote),0.8583,0.7321,0.45,0.4821
F_median_3d19,delta,norm3,Linear SVM,0.8417,0.7679,0.45,0.4821
F_de_3d19,theta,None,Random Forest,0.8417,0.8,0.45,0.4821
F_de_3d19,alpha,None,Linear SVM,0.8417,0.7619,0.4875,0.4821
F_rasm_3d19,theta,norm3,Logistic Regression,0.575,0.5512,0.4625,0.4821
F_median_3d19,delta,norm3,Ensemble (Majority Vote),0.9417,0.8619,0.4625,0.4821
F_rasm_3d19,all,norm2,KNN,0.8,0.6738,0.425,0.4821
F_de_3d_Fp2,alpha,None,Linear SVM,0.5467,0.5438,0.44,0.4814
F_median_3d_Fp1,theta,None,Logistic Regression,0.6133,0.58,0.43,0.4814
F_median_3d_Fp1,theta,None,Linear SVM,0.6133,0.581,0.43,0.4814
F_median_3d_Cz,gamma,None,Random Forest,0.6933,0.621,0.47,0.4814
F_peak_3d_Cz,gamma,norm3,Ensemble (Majority Vote),0.72,0.6114,0.41,0.4814
F_rasm_3d_3area,all,norm2,Random Forest,0.8333,0.7114,0.51,0.4814
F_median_3d_F3,all,norm2,Random Forest,0.9133,0.7352,0.45,0.4814
F_rasm_3d_3area,all,norm2,Ensemble (Majority Vote),0.8467,0.7257,0.44,0.4814
F_peak_3d_Cz,gamma,norm2,Ensemble (Majority Vote),0.72,0.6114,0.41,0.4814
F_de_3d_3area,theta,norm2,Random Forest,0.76,0.639,0.46,0.4814
F_de_3d_Fp2,alpha,None,Logistic Regression,0.5467,0.5419,0.44,0.4814
F_peak_3d_Fp1,theta,None,Ensemble (Majority Vote),0.6667,0.6305,0.49,0.4814
F_mean_3d_Fp2,all,norm2,KNN,0.84,0.6867,0.44,0.4814
F_de_3d,gamma,norm3,KNN,0.96,0.8819,0.45,0.4814
F_rasm_3d,gamma,None,Random Forest,0.8133,0.6962,0.53,0.4814
F_de_3d_3area,beta,norm2,XGBoost,0.76,0.6333,0.42,0.4814
F_mean_3d_F3,delta,norm3,Ensemble (Majority Vote),0.66,0.6,0.42,0.4814
F_de_3d_10rm,beta,norm2,Random Forest,0.9533,0.761,0.47,0.4814
F_peak_3d_2area,theta,None,XGBoost,0.7333,0.6476,0.49,0.4814
F_mean_3d_1area,theta,norm3,Ensemble (Majority Vote),0.6933,0.6057,0.5,0.4814
F_mean_3d_F3,beta,norm3,Ensemble (Majority Vote),0.6733,0.6095,0.45,0.4814
F_peak_3d_Fp2,delta,norm3,Ensemble (Majority Vote),0.6467,0.6181,0.44,0.4814
F_median_3d_1area,delta,norm3,KNN,0.88,0.6733,0.44,0.4814
F_mean_3d_Fp2,gamma,norm3,Ensemble (Majority Vote),0.6733,0.6019,0.41,0.4814
F_peak_3d_2area,all,norm2,Ensemble (Majority Vote),0.86,0.7333,0.45,0.4814
F_de_3d_F8,beta,None,XGBoost,0.6267,0.5867,0.48,0.4814
F_peak_3d_F8,beta,None,Random Forest,0.68,0.6067,0.43,0.4814
F_dasm_3d_10rm,gamma,norm3,XGBoost,0.7667,0.6933,0.45,0.4814
F_median_3d_T8,all,norm3,XGBoost,0.8067,0.7295,0.45,0.4814
F_median_3d_1area,delta,norm2,KNN,0.88,0.6733,0.44,0.4814
F_de_3d_C4,alpha,None,XGBoost,0.6867,0.6162,0.46,0.4814
F_mean_3d_T8,alpha,None,KNN,0.8467,0.7305,0.46,0.4814
F_mean_3d_3area,delta,norm3,Logistic Regression,0.58,0.5838,0.42,0.4814
F_median_3d_C3,theta,norm2,KNN,0.8733,0.6867,0.48,0.4814
F_peak_3d_Fp1,theta,None,KNN,0.8133,0.7057,0.45,0.4814
F_peak_3d_Fp2,delta,norm2,Ensemble (Majority Vote),0.6467,0.6181,0.44,0.4814
F_peak_3d_2area,theta,norm3,XGBoost,0.7,0.6276,0.49,0.4814
F_mean_3d_F3,delta,norm2,Ensemble (Majority Vote),0.66,0.6,0.42,0.4814
F_mean_3d_T8,all,norm3,KNN,0.8933,0.7667,0.52,0.4814
F_median_3d_C4,alpha,None,XGBoost,0.6867,0.6171,0.46,0.4814
F_median_3d_F7,gamma,norm3,Random Forest,0.7,0.6057,0.46,0.4814
F_mean_3d_Fp1,delta,norm3,KNN,0.8533,0.68,0.44,0.4814
F_de_3d_T7,beta,None,Ensemble (Majority Vote),0.6533,0.6133,0.47,0.4814
F_peak_3d_1area,gamma,None,Random Forest,0.68,0.6057,0.49,0.4814
F_peak_3d_C4,beta,norm2,XGBoost,0.54,0.5467,0.46,0.4814
F_median_3d_C3,gamma,None,XGBoost,0.6733,0.6257,0.47,0.4814
F_median_3d_F7,gamma,norm2,Random Forest,0.7,0.6057,0.46,0.4814
F_de_3d_C3,alpha,norm2,Ensemble (Majority Vote),0.6733,0.5971,0.48,0.4814
F_peak_3d_T8,all,None,KNN,0.9067,0.8029,0.47,0.4814
F_peak_3d_C4,beta,norm3,XGBoost,0.54,0.5467,0.46,0.4814
F_median_3d_F4,theta,None,KNN,0.8267,0.6838,0.45,0.4814
F_median_3d_F4,theta,None,Ensemble (Majority Vote),0.6533,0.6133,0.43,0.4814
F_rasm_3d_8rm,delta,norm3,Ensemble (Majority Vote),0.7667,0.6971,0.42,0.4814
F_mean_3d_F3,beta,norm2,Ensemble (Majority Vote),0.6733,0.6095,0.45,0.4814
F_de_3d_3area,beta,norm2,KNN,0.7933,0.6905,0.48,0.4814
F_mean_3d_Fp2,gamma,norm2,Ensemble (Majority Vote),0.6733,0.6019,0.41,0.4814
F_rasm_3d_10rm,delta,None,Ensemble (Majority Vote),0.8,0.7162,0.48,0.4814
F_peak_3d_2area,alpha,norm2,XGBoost,0.64,0.5762,0.48,0.4814
F_de_3d_C3,alpha,norm3,Ensemble (Majority Vote),0.6733,0.5971,0.48,0.4814
F_median_3d_F8,all,norm3,Logistic Regression,0.64,0.6171,0.51,0.4814
F_median_3d_Fp2,all,None,Linear SVM,0.6067,0.6067,0.46,0.4814
F_median_3d,gamma,norm2,Linear SVM,0.5467,0.5029,0.41,0.4814
F_median_3d_T7,delta,None,Random Forest,0.72,0.641,0.49,0.4814
F_mean_3d_Cz,theta,None,XGBoost,0.5933,0.5952,0.5,0.4814
F_median_3d_3area,delta,norm2,KNN,0.8267,0.701,0.51,0.4814
F_dasm_3d,delta,norm2,XGBoost,0.8333,0.6571,0.42,0.4814
F_median_3d_Fz,beta,norm3,Linear SVM,0.4867,0.501,0.51,0.4814
F_de_3d_2area,beta,None,KNN,0.8333,0.7295,0.47,0.4814
F_median_3d_3area,gamma,norm2,KNN,0.8333,0.6876,0.49,0.4814
F_rasm_3d_3area,beta,None,Logistic Regression,0.46,0.4971,0.5,0.4814
F_median_3d_3area,gamma,norm3,KNN,0.8533,0.7105,0.49,0.4814
F_mean_3d_10rm,beta,norm2,KNN,0.84,0.7067,0.43,0.4814
F_median_3d_Fp2,all,None,Logistic Regression,0.5867,0.5886,0.48,0.4814
F_median_3d_3area,theta,norm3,KNN,0.8667,0.7219,0.48,0.4814
F_mean_3d_2area,alpha,norm3,Ensemble (Majority Vote),0.6533,0.6286,0.49,0.4814
F_median_3d_T7,beta,norm2,KNN,0.8533,0.6933,0.43,0.4814
F_median_3d_8rm,all,norm2,KNN,0.7667,0.6714,0.51,0.4814
F_median_3d_T7,beta,norm3,KNN,0.8533,0.6933,0.43,0.4814
F_median_3d_8rm,alpha,None,KNN,1.0,0.8638,0.48,0.4814
F_de_3d_2area,delta,norm2,Ensemble (Majority Vote),0.78,0.6505,0.46,0.4814
F_mean_3d_1area,theta,norm2,Ensemble (Majority Vote),0.6933,0.6057,0.5,0.4814
F_mean_3d_Cz,theta,None,Random Forest,0.72,0.6438,0.47,0.4814
F_median_3d_Fz,beta,norm2,Linear SVM,0.4867,0.501,0.51,0.4814
F_mean_3d_Fp1,delta,norm2,KNN,0.8533,0.68,0.44,0.4814
F_mean_3d_10rm,delta,norm3,KNN,0.9533,0.839,0.48,0.4814
F_peak_3d_3area,gamma,None,Linear SVM,0.56,0.58,0.47,0.4814
F_median_3d_10rm,theta,None,XGBoost,0.9333,0.841,0.43,0.4814
F_mean_3d_F7,beta,norm2,KNN,0.8467,0.7067,0.48,0.4814
F_mean_3d_Fp1,delta,norm2,XGBoost,0.64,0.5838,0.52,0.4814
F_mean_3d_T8,theta,norm3,XGBoost,0.5467,0.5505,0.43,0.4814
F_mean_3d_Fp1,delta,norm2,Random Forest,0.6733,0.6076,0.49,0.4814
F_mean_3d_F7,beta,norm3,KNN,0.8467,0.7067,0.48,0.4814
F_median_3d_3area,beta,norm3,Logistic Regression,0.6267,0.6067,0.47,0.4814
F_median_3d_10rm,theta,norm2,XGBoost,0.9267,0.7457,0.45,0.4814
F_mean_3d_Fp1,delta,norm3,Random Forest,0.6733,0.6076,0.49,0.4814
F_median_3d_10rm,theta,norm3,KNN,0.94,0.819,0.48,0.4814
F_mean_3d_Fp1,delta,norm3,XGBoost,0.64,0.5838,0.52,0.4814
F_mean_3d_1area,alpha,None,KNN,0.8067,0.6867,0.45,0.4814
F_peak_3d_10rm,delta,norm3,Linear SVM,0.7133,0.6819,0.45,0.4814
F_median_3d_3area,beta,norm3,Linear SVM,0.6267,0.6038,0.46,0.4814
F_de_3d_F8,all,None,Random Forest,0.7867,0.7248,0.48,0.4814
F_median_3d_C3,theta,norm3,KNN,0.8733,0.6867,0.48,0.4814
F_rasm_3d_8rm,delta,norm3,Logistic Regression,0.6133,0.599,0.46,0.4814
F_median_3d_1area,all,norm2,XGBoost,0.7533,0.6495,0.52,0.4814
F_mean_3d_C3,all,norm3,Logistic Regression,0.66,0.6305,0.49,0.4814
F_mean_3d_F7,gamma,None,Random Forest,0.7133,0.6267,0.46,0.4814
F_mean_3d_F7,gamma,norm3,Ensemble (Majority Vote),0.66,0.6124,0.52,0.4814
F_median_3d_10rm,beta,norm2,Ensemble (Majority Vote),0.8667,0.7429,0.47,0.4814
F_dasm_3d_10rm,alpha,norm2,KNN,0.8667,0.6686,0.41,0.4814
F_median_3d_Cz,all,None,XGBoost,0.8267,0.7467,0.52,0.4814
F_de_3d_F4,theta,norm3,XGBoost,0.5933,0.5676,0.46,0.4814
F_peak_3d_C4,gamma,norm3,KNN,0.84,0.6848,0.43,0.4814
F_rasm_3d_3area,all,norm2,Linear SVM,0.52,0.5067,0.47,0.4814
F_rasm_3d_3area,gamma,None,Logistic Regression,0.5267,0.5143,0.49,0.4814
F_de_3d_F7,all,None,XGBoost,0.8,0.7362,0.52,0.4814
F_de_3d_F4,theta,norm2,XGBoost,0.5933,0.5676,0.46,0.4814
F_dasm_3d_8rm,alpha,norm3,XGBoost,0.76,0.6886,0.51,0.4814
F_mean_3d_T8,theta,norm2,XGBoost,0.5467,0.5505,0.43,0.4814
F_mean_3d_F7,gamma,norm2,Ensemble (Majority Vote),0.66,0.6124,0.52,0.4814
F_peak_3d_C4,gamma,norm2,KNN,0.84,0.6848,0.43,0.4814
F_median_3d_8rm,alpha,norm3,Random Forest,0.8333,0.7467,0.52,0.4814
F_peak_3d_3area,alpha,norm2,XGBoost,0.7267,0.6029,0.51,0.4814
F_de_3d19,alpha,norm3,Linear SVM,0.825,0.7476,0.425,0.4804
F_mean_3d19,all,norm2,Linear SVM,0.5,0.5083,0.375,0.4804
F_dasm_3d19,theta,norm2,Linear SVM,0.4583,0.5024,0.425,0.4804
F_median_3d19,theta,norm3,KNN,0.9667,0.8667,0.4,0.4804
F_peak_3d19,theta,norm3,XGBoost,0.975,0.8833,0.425,0.4804
F_mean_3d19,beta,norm2,KNN,0.7833,0.6667,0.4625,0.4804
F_de_3d19,alpha,norm3,XGBoost,0.975,0.9095,0.45,0.4804
F_peak_3d_2area,theta,norm2,KNN,0.84,0.6867,0.47,0.48
F_mean_3d_Cz,gamma,norm2,XGBoost,0.5533,0.5562,0.49,0.48
F_mean_3d_Fp1,beta,norm3,Linear SVM,0.5,0.499,0.48,0.48
F_mean_3d_Fz,theta,norm3,KNN,0.8667,0.6857,0.46,0.48
F_mean_3d_Cz,gamma,None,Logistic Regression,0.5267,0.5381,0.49,0.48
F_de_3d_Fz,alpha,norm3,Ensemble (Majority Vote),0.6467,0.6086,0.48,0.48
F_mean_3d_Cz,gamma,norm3,XGBoost,0.5533,0.5562,0.49,0.48
F_median_3d_1area,theta,norm3,Ensemble (Majority Vote),0.7,0.6133,0.51,0.48
F_mean_3d_C3,delta,norm3,Linear SVM,0.4267,0.479,0.41,0.48
F_mean_3d_Cz,gamma,None,Linear SVM,0.5467,0.5448,0.48,0.48
F_mean_3d_Cz,theta,None,KNN,0.8467,0.6848,0.47,0.48
F_dasm_3d_8rm,theta,norm2,KNN,0.86,0.6933,0.44,0.48
F_de_3d_3area,gamma,norm2,Ensemble (Majority Vote),0.7667,0.679,0.49,0.48
F_de_3d_10rm,theta,norm2,XGBoost,0.92,0.7457,0.5,0.48
F_de_3d_3area,alpha,norm3,Ensemble (Majority Vote),0.7333,0.661,0.42,0.48
F_de_3d_F8,alpha,norm2,Linear SVM,0.4933,0.4914,0.47,0.48
F_de_3d_8rm,alpha,norm3,Random Forest,0.84,0.7505,0.5,0.48
F_peak_3d_10rm,delta,norm3,KNN,0.9333,0.8248,0.47,0.48
F_peak_3d_Fp1,theta,norm3,Linear SVM,0.5133,0.501,0.51,0.48
F_de_3d_F3,beta,norm2,Ensemble (Majority Vote),0.6467,0.6076,0.49,0.48
F_mean_3d_T8,delta,None,Ensemble (Majority Vote),0.6667,0.6171,0.44,0.48
F_peak_3d_Fp1,all,norm2,XGBoost,0.8333,0.6781,0.49,0.48
F_mean_3d_F3,all,norm2,Random Forest,0.8867,0.7248,0.47,0.48
F_median_3d_Cz,all,norm3,Random Forest,0.8067,0.739,0.49,0.48
F_mean_3d_C3,delta,norm2,Linear SVM,0.4267,0.479,0.41,0.48
F_de_3d_F3,beta,norm3,Ensemble (Majority Vote),0.6467,0.6076,0.49,0.48
F_de_3d_1area,beta,norm3,XGBoost,0.6067,0.5743,0.48,0.48
F_median_3d_1area,theta,norm2,Ensemble (Majority Vote),0.7,0.6133,0.51,0.48
F_peak_3d_Fp1,theta,norm2,Linear SVM,0.5133,0.501,0.51,0.48
F_mean_3d_3area,beta,norm3,XGBoost,0.7267,0.6657,0.48,0.48
F_mean_3d_Cz,delta,None,Linear SVM,0.5533,0.5276,0.48,0.48
F_rasm_3d_10rm,delta,norm3,Logistic Regression,0.6133,0.5876,0.45,0.48
F_de_3d_Fp1,all,norm2,Random Forest,0.86,0.699,0.48,0.48
F_de_3d_10rm,gamma,norm3,XGBoost,0.9133,0.8076,0.44,0.48
F_rasm_3d_10rm,theta,None,Logistic Regression,0.54,0.5267,0.47,0.48
F_mean_3d_Fp1,beta,norm2,Linear SVM,0.5,0.499,0.48,0.48
F_mean_3d_Fz,theta,norm2,KNN,0.8667,0.6857,0.46,0.48
F_peak_3d_T8,theta,norm3,KNN,0.86,0.6981,0.43,0.48
F_de_3d_T7,all,norm3,XGBoost,0.8533,0.739,0.46,0.48
F_peak_3d_T8,all,norm2,XGBoost,0.88,0.7067,0.5,0.48
F_rasm_3d_10rm,theta,norm3,XGBoost,0.82,0.7352,0.47,0.48
F_rasm_3d,all,None,Linear SVM,0.6667,0.5981,0.49,0.48
F_median_3d_Fp1,all,norm3,Random Forest,0.8,0.741,0.5,0.48
F_median_3d_Fp1,all,norm3,KNN,0.9,0.7867,0.51,0.48
F_median_3d_Fp1,all,norm2,KNN,0.8133,0.6933,0.47,0.48
F_de_3d_1area,beta,norm2,XGBoost,0.6067,0.5743,0.48,0.48
F_dasm_3d_3area,all,norm3,Linear SVM,0.72,0.6638,0.47,0.48
F_mean_3d_Fz,gamma,norm2,Linear SVM,0.52,0.5086,0.44,0.48
F_peak_3d_T8,gamma,norm2,Ensemble (Majority Vote),0.72,0.6362,0.44,0.48
F_mean_3d_10rm,theta,None,XGBoost,0.9133,0.8076,0.48,0.48
F_de_3d_Fp1,beta,norm3,KNN,0.8133,0.6743,0.42,0.48
F_dasm_3d_10rm,gamma,norm2,KNN,0.8667,0.6914,0.44,0.48
F_de_3d_T8,theta,norm3,Linear SVM,0.4733,0.4867,0.45,0.48
F_de_3d_1area,alpha,norm2,Random Forest,0.68,0.5857,0.49,0.48
F_peak_3d_F4,alpha,norm2,XGBoost,0.6333,0.5667,0.48,0.48
F_peak_3d_Fz,alpha,norm3,KNN,0.8,0.6733,0.48,0.48
F_median_3d_Fp2,beta,norm3,Ensemble (Majority Vote),0.6133,0.5952,0.48,0.48
F_de_3d_10rm,beta,norm2,KNN,0.8467,0.6676,0.42,0.48
F_median_3d_Fp2,delta,None,Linear SVM,0.5933,0.56,0.43,0.48
F_de_3d_1area,alpha,norm3,Random Forest,0.68,0.5857,0.49,0.48
F_peak_3d_T8,gamma,norm3,Ensemble (Majority Vote),0.72,0.6362,0.44,0.48
F_mean_3d_10rm,beta,norm2,Linear SVM,0.5,0.5124,0.45,0.48
F_mean_3d_F7,all,None,Random Forest,0.7933,0.719,0.53,0.48
F_peak_3d_Fz,alpha,norm2,KNN,0.8,0.6733,0.48,0.48
F_dasm_3d_8rm,alpha,None,Linear SVM,0.64,0.6095,0.49,0.48
F_de_3d_F7,beta,None,XGBoost,0.64,0.6057,0.47,0.48
F_mean_3d_2area,delta,norm2,KNN,0.84,0.6876,0.46,0.48
F_dasm_3d_8rm,alpha,norm3,KNN,0.8533,0.7267,0.46,0.48
F_de_3d_2area,alpha,norm3,XGBoost,0.6667,0.6133,0.42,0.48
F_de_3d_Fp2,gamma,norm3,Ensemble (Majority Vote),0.6933,0.6105,0.46,0.48
F_median_3d_Fp2,beta,norm2,Ensemble (Majority Vote),0.6133,0.5952,0.48,0.48
F_median_3d_8rm,delta,norm2,Linear SVM,0.5133,0.5048,0.42,0.48
F_mean_3d_2area,gamma,norm2,KNN,0.8867,0.7133,0.51,0.48
F_median_3d_3area,beta,norm3,KNN,0.9,0.7305,0.4,0.48
F_de_3d_T8,theta,norm2,Linear SVM,0.4733,0.4867,0.45,0.48
F_peak_3d_F7,gamma,norm2,Linear SVM,0.4933,0.4971,0.5,0.48
F_de_3d_Fp1,beta,norm2,KNN,0.8133,0.6743,0.42,0.48
F_peak_3d_C3,all,None,XGBoost,0.8067,0.7295,0.45,0.48
F_dasm_3d_8rm,gamma,None,XGBoost,0.74,0.6676,0.45,0.48
F_median_3d_F7,gamma,norm2,XGBoost,0.6,0.5543,0.45,0.48
F_median_3d_F7,gamma,norm3,XGBoost,0.6,0.5543,0.45,0.48
F_median_3d_F7,theta,None,Ensemble (Majority Vote),0.7333,0.6619,0.46,0.48
F_peak_3d_F4,alpha,norm3,XGBoost,0.6333,0.5667,0.48,0.48
F_dasm_3d_10rm,theta,norm3,KNN,0.8867,0.7457,0.47,0.48
F_mean_3d_Fz,gamma,norm3,Linear SVM,0.52,0.5086,0.44,0.48
F_de_3d_3area,all,norm3,XGBoost,0.9867,0.8905,0.4,0.48
F_de_3d_C3,alpha,None,Random Forest,0.6933,0.6343,0.48,0.48
F_peak_3d_F7,gamma,norm3,Linear SVM,0.4933,0.4971,0.5,0.48
F_de_3d_C3,beta,norm2,Ensemble (Majority Vote),0.6067,0.5981,0.5,0.48
F_peak_3d_C4,all,norm3,Logistic Regression,0.64,0.5952,0.52,0.48
F_de_3d_C3,beta,norm3,Ensemble (Majority Vote),0.6067,0.5981,0.5,0.48
F_peak_3d_T8,theta,norm2,KNN,0.86,0.6981,0.43,0.48
F_de_3d_Fp2,gamma,norm2,Ensemble (Majority Vote),0.6933,0.6105,0.46,0.48
F_median_3d_2area,theta,norm2,XGBoost,0.6733,0.6143,0.46,0.48
F_de_3d_T8,theta,None,Random Forest,0.7333,0.6362,0.48,0.48
F_dasm_3d_10rm,theta,norm2,KNN,0.82,0.6933,0.45,0.48
F_de_3d_F8,alpha,norm3,Linear SVM,0.4933,0.4914,0.47,0.48
F_median_3d_Fp2,delta,None,Random Forest,0.7,0.6381,0.45,0.48
F_de_3d_Fz,alpha,norm2,Ensemble (Majority Vote),0.6467,0.6086,0.48,0.48
F_de_3d_2area,all,norm2,Ensemble (Majority Vote),0.8867,0.7581,0.47,0.48
F_peak_3d,all,norm2,Linear SVM,0.5667,0.5152,0.45,0.48
F_de_3d_Fp1,theta,None,XGBoost,0.64,0.6048,0.46,0.48
F_peak_3d_2area,beta,norm3,XGBoost,0.68,0.6124,0.46,0.48
F_median_3d_3area,all,norm2,XGBoost,0.9533,0.8181,0.49,0.48
F_peak_3d_10rm,alpha,norm2,Ensemble (Majority Vote),0.88,0.7667,0.43,0.4786
F_de_3d_Fp2,gamma,norm3,KNN,0.8,0.6752,0.48,0.4786
F_de_3d_Fp2,gamma,norm2,KNN,0.8,0.6752,0.48,0.4786
F_dasm_3d19,alpha,norm3,KNN,0.9417,0.8143,0.4,0.4786
F_median_3d19,theta,norm3,Random Forest,0.9667,0.8643,0.475,0.4786
F_median_3d_Cz,gamma,norm3,KNN,0.8133,0.6657,0.42,0.4786
F_de_3d_Fp1,gamma,None,Random Forest,0.66,0.6371,0.47,0.4786
F_median_3d_Cz,gamma,norm2,KNN,0.8133,0.6657,0.42,0.4786
F_dasm_3d_10rm,alpha,norm2,Random Forest,0.92,0.7276,0.44,0.4786
F_de_3d_Fp1,all,norm3,Ensemble (Majority Vote),0.78,0.74,0.48,0.4786
F_median_3d_3area,all,norm3,XGBoost,0.98,0.8962,0.46,0.4786
F_median_3d_Cz,gamma,None,XGBoost,0.6733,0.6219,0.46,0.4786
F_de_3d,all,None,XGBoost,0.9867,0.9771,0.46,0.4786
F_mean_3d_C4,beta,None,Random Forest,0.72,0.6152,0.41,0.4786
F_median_3d_3area,gamma,norm2,Ensemble (Majority Vote),0.74,0.66,0.49,0.4786
F_de_3d_F4,theta,None,Random Forest,0.7333,0.6276,0.42,0.4786
F_median_3d_Cz,alpha,norm3,KNN,0.8667,0.6971,0.48,0.4786
F_peak_3d_T8,theta,None,Random Forest,0.6467,0.6,0.47,0.4786
F_mean_3d_C4,all,None,Random Forest,0.8,0.7248,0.52,0.4786
F_de_3d_F4,delta,None,Random Forest,0.68,0.6181,0.47,0.4786
F_rasm_3d_3area,beta,None,Ensemble (Majority Vote),0.76,0.6524,0.49,0.4786
F_median_3d_C4,all,norm3,Ensemble (Majority Vote),0.76,0.7105,0.48,0.4786
F_rasm_3d_10rm,theta,norm2,KNN,0.8667,0.6924,0.49,0.4786
F_mean_3d_C4,all,None,XGBoost,0.84,0.7543,0.47,0.4786
F_de_3d_3area,all,norm3,Linear SVM,0.7667,0.7276,0.47,0.4786
F_rasm_3d_10rm,theta,None,Linear SVM,0.4867,0.5057,0.47,0.4786
F_de_3d_3area,beta,None,KNN,0.9133,0.7943,0.49,0.4786
F_peak_3d_C3,all,norm3,Logistic Regression,0.62,0.6114,0.49,0.4786
F_median_3d19,alpha,None,Random Forest,0.8917,0.8214,0.475,0.4786
F_mean_3d_C4,all,norm2,XGBoost,0.78,0.6857,0.47,0.4786
F_peak_3d_2area,gamma,None,Ensemble (Majority Vote),0.7533,0.6514,0.5,0.4786
F_mean_3d_Cz,alpha,None,XGBoost,0.68,0.6133,0.43,0.4786
F_mean_3d_Fp2,gamma,norm2,KNN,0.7933,0.6552,0.43,0.4786
F_median_3d_Cz,alpha,norm2,KNN,0.8667,0.6971,0.48,0.4786
F_de_3d_3area,beta,norm3,KNN,0.8333,0.7286,0.51,0.4786
F_de_3d_3area,beta,norm3,XGBoost,0.7067,0.6562,0.47,0.4786
F_mean_3d_Cz,delta,None,Logistic Regression,0.5467,0.5286,0.47,0.4786
F_mean_3d_Fp2,gamma,norm3,KNN,0.7933,0.6552,0.43,0.4786
F_de_3d_2area,gamma,norm2,XGBoost,0.7267,0.6143,0.49,0.4786
F_mean_3d19,theta,norm3,KNN,0.9583,0.8714,0.4625,0.4786
F_mean_3d_2area,gamma,norm2,Random Forest,0.7333,0.6448,0.44,0.4786
F_de_3d_F4,theta,norm2,Linear SVM,0.5467,0.5133,0.44,0.4786
F_de_3d_1area,beta,norm2,Ensemble (Majority Vote),0.7133,0.6295,0.45,0.4786
F_de_3d_F4,theta,norm3,Linear SVM,0.5467,0.5133,0.44,0.4786
F_mean_3d_2area,delta,norm3,Random Forest,0.7533,0.6638,0.53,0.4786
F_median_3d_8rm,beta,norm2,KNN,0.84,0.6867,0.42,0.4786
F_dasm_3d,gamma,norm2,Random Forest,0.9067,0.7181,0.48,0.4786
F_mean_3d_Cz,all,None,Linear SVM,0.6333,0.6048,0.49,0.4786
F_mean_3d_C3,gamma,norm3,Linear SVM,0.5267,0.5019,0.46,0.4786
F_de_3d_8rm,beta,norm2,Ensemble (Majority Vote),0.8733,0.7343,0.46,0.4786
F_de_3d_Cz,beta,norm3,Ensemble (Majority Vote),0.6533,0.5771,0.46,0.4786
F_mean_3d_F8,delta,norm3,Ensemble (Majority Vote),0.6733,0.6171,0.49,0.4786
F_de_3d_C3,all,norm3,Random Forest,0.7867,0.741,0.48,0.4786
F_mean_3d_F7,gamma,norm3,Random Forest,0.66,0.5933,0.47,0.4786
F_de_3d_C3,all,norm3,Logistic Regression,0.6267,0.6248,0.46,0.4786
F_median_3d_Fp1,delta,norm2,KNN,0.8267,0.6771,0.45,0.4786
F_median_3d19,delta,norm2,XGBoost,0.9333,0.7905,0.4375,0.4786
F_peak_3d19,beta,norm2,Linear SVM,0.5,0.5083,0.45,0.4786
F_mean_3d_F3,beta,norm3,Random Forest,0.7133,0.5886,0.43,0.4786
F_peak_3d_F7,alpha,None,Random Forest,0.7267,0.62,0.45,0.4786
F_median_3d_Fp1,delta,norm3,KNN,0.8267,0.6771,0.45,0.4786
F_de_3d_1area,beta,norm3,KNN,0.86,0.6981,0.49,0.4786
F_median_3d_T7,gamma,None,Ensemble (Majority Vote),0.72,0.6581,0.47,0.4786
F_mean_3d_F7,gamma,norm2,Random Forest,0.66,0.5933,0.47,0.4786
F_mean_3d_F4,theta,norm2,XGBoost,0.5533,0.5381,0.48,0.4786
F_de_3d_Cz,all,norm3,Logistic Regression,0.5867,0.581,0.43,0.4786
F_de_3d_1area,beta,norm3,Ensemble (Majority Vote),0.7133,0.6295,0.45,0.4786
F_mean_3d_F7,delta,norm3,XGBoost,0.58,0.5524,0.47,0.4786
F_peak_3d_F4,theta,norm3,Linear SVM,0.4867,0.4933,0.44,0.4786
F_de_3d_1area,beta,norm2,KNN,0.86,0.6981,0.49,0.4786
F_mean_3d_F8,delta,norm2,Ensemble (Majority Vote),0.6733,0.6171,0.49,0.4786
F_mean_3d_F4,theta,norm3,XGBoost,0.5533,0.5381,0.48,0.4786
F_median_3d_F7,theta,None,KNN,0.8867,0.7181,0.42,0.4786
F_mean_3d_T7,alpha,norm3,Random Forest,0.7,0.5886,0.51,0.4786
F_de_3d_F8,gamma,norm3,KNN,0.8667,0.681,0.46,0.4786
F_median_3d_2area,alpha,norm3,Random Forest,0.7067,0.6333,0.47,0.4786
F_de_3d_F8,gamma,norm2,KNN,0.8667,0.681,0.46,0.4786
F_rasm_3d_8rm,delta,None,Linear SVM,0.48,0.5067,0.43,0.4786
F_de_3d_C3,gamma,norm3,Random Forest,0.7067,0.6086,0.48,0.4786
F_de_3d_C3,gamma,norm2,Random Forest,0.7067,0.6086,0.48,0.4786
F_peak_3d_F3,beta,norm2,Linear SVM,0.4933,0.499,0.49,0.4786
F_mean_3d_T7,alpha,norm2,Random Forest,0.7,0.5886,0.51,0.4786
F_dasm_3d_10rm,theta,None,KNN,0.9067,0.7743,0.45,0.4786
F_peak_3d_F3,all,norm2,KNN,0.88,0.7171,0.48,0.4786
F_rasm_3d_3area,beta,norm2,XGBoost,0.7067,0.6057,0.47,0.4786
F_peak_3d_F3,beta,norm3,Linear SVM,0.4933,0.499,0.49,0.4786
F_de_3d_Cz,beta,norm2,Ensemble (Majority Vote),0.6533,0.5771,0.46,0.4786
F_peak_3d_Cz,theta,None,KNN,0.8733,0.701,0.48,0.4786
F_rasm_3d_3area,beta,norm3,XGBoost,0.7067,0.6057,0.47,0.4786
F_median_3d_1area,all,norm3,Ensemble (Majority Vote),0.8333,0.739,0.48,0.4786
F_peak_3d_Cz,alpha,norm3,XGBoost,0.68,0.6,0.47,0.4786
F_mean_3d_F3,beta,norm2,Random Forest,0.7133,0.5886,0.43,0.4786
F_de_3d_8rm,beta,norm2,KNN,0.7933,0.6676,0.47,0.4786
F_mean_3d,delta,norm3,KNN,0.9867,0.8743,0.48,0.4786
F_rasm_3d,all,norm2,Linear SVM,0.5333,0.5152,0.45,0.4786
F_median_3d_2area,alpha,norm3,Ensemble (Majority Vote),0.6533,0.6229,0.47,0.4786
F_de_3d_F3,theta,None,KNN,0.8733,0.7057,0.39,0.4786
F_median_3d_2area,alpha,norm2,KNN,0.8067,0.6705,0.41,0.4786
F_de_3d_3area,theta,norm3,KNN,0.8533,0.7305,0.49,0.4786
F_median_3d_2area,all,norm3,Random Forest,0.84,0.7695,0.5,0.4786
F_median_3d_10rm,theta,norm3,Random Forest,0.8733,0.7638,0.47,0.4786
F_mean_3d_C3,gamma,norm2,Linear SVM,0.5267,0.5019,0.46,0.4786
F_de_3d_8rm,all,None,XGBoost,0.9867,0.9552,0.46,0.4786
F_de_3d_F3,beta,norm3,XGBoost,0.6133,0.5724,0.48,0.4786
F_mean_3d_F7,delta,norm2,XGBoost,0.58,0.5524,0.47,0.4786
F_de_3d_F3,beta,norm2,XGBoost,0.6133,0.5724,0.48,0.4786
F_peak_3d_Cz,all,norm3,XGBoost,0.8067,0.7305,0.4,0.4786
F_mean_3d_Fp1,alpha,None,KNN,0.8133,0.7143,0.51,0.4786
F_rasm_3d_8rm,delta,None,KNN,0.84,0.7086,0.44,0.4786
F_rasm_3d19,beta,norm3,Linear SVM,0.6333,0.5631,0.45,0.4786
F_peak_3d_Cz,alpha,norm2,XGBoost,0.68,0.6,0.47,0.4786
F_median_3d_T7,all,norm3,XGBoost,0.8467,0.7362,0.47,0.4786
F_median_3d_T7,all,None,Random Forest,0.7733,0.7286,0.47,0.4786
F_peak_3d_F4,theta,norm2,Linear SVM,0.4867,0.4933,0.44,0.4786
F_median_3d_F8,theta,norm3,Linear SVM,0.4933,0.5029,0.42,0.4771
F_peak_3d_C3,gamma,None,XGBoost,0.6533,0.5876,0.46,0.4771
F_dasm_3d_8rm,alpha,norm2,Random Forest,0.88,0.7019,0.46,0.4771
F_median_3d_Fp1,all,norm2,Ensemble (Majority Vote),0.82,0.6895,0.47,0.4771
F_dasm_3d_10rm,gamma,norm2,Random Forest,0.9,0.7095,0.43,0.4771
F_median_3d_Fp1,all,None,Logistic Regression,0.6,0.6171,0.47,0.4771
F_mean_3d_C4,beta,norm2,Ensemble (Majority Vote),0.6467,0.601,0.47,0.4771
F_mean_3d_C4,alpha,norm2,Ensemble (Majority Vote),0.6467,0.5914,0.5,0.4771
F_median_3d_10rm,delta,norm3,Ensemble (Majority Vote),0.88,0.8238,0.47,0.4771
F_de_3d_1area,theta,norm3,Linear SVM,0.52,0.5019,0.49,0.4771
F_peak_3d_C3,gamma,None,Ensemble (Majority Vote),0.6533,0.5895,0.5,0.4771
F_rasm_3d,gamma,norm2,Ensemble (Majority Vote),0.84,0.7286,0.46,0.4771
F_mean_3d_C4,beta,norm3,Ensemble (Majority Vote),0.6467,0.601,0.47,0.4771
F_mean_3d_T7,delta,norm2,Ensemble (Majority Vote),0.6867,0.6048,0.42,0.4771
F_peak_3d_T8,gamma,norm3,XGBoost,0.5933,0.5819,0.46,0.4771
F_median_3d_F8,theta,norm2,Linear SVM,0.4933,0.5029,0.42,0.4771
F_rasm_3d_8rm,delta,None,Logistic Regression,0.5533,0.5381,0.44,0.4771
F_de_3d_F8,beta,None,Ensemble (Majority Vote),0.6733,0.6229,0.45,0.4771
F_mean_3d_2area,alpha,norm3,XGBoost,0.6667,0.6124,0.47,0.4771
F_mean_3d_8rm,delta,norm2,Linear SVM,0.4733,0.5057,0.45,0.4771
F_mean_3d_C3,all,None,Random Forest,0.7667,0.7048,0.49,0.4771
F_peak_3d_F7,all,norm2,Ensemble (Majority Vote),0.8533,0.6971,0.42,0.4771
F_peak_3d_Fz,beta,norm3,Ensemble (Majority Vote),0.6867,0.6162,0.49,0.4771
F_median_3d_Fp1,delta,norm3,XGBoost,0.5867,0.5619,0.5,0.4771
F_dasm_3d_10rm,all,norm2,Random Forest,0.9933,0.8648,0.41,0.4771
F_peak_3d_F4,gamma,norm3,XGBoost,0.58,0.56,0.5,0.4771
F_mean_3d_F7,all,norm3,Ensemble (Majority Vote),0.74,0.6962,0.5,0.4771
F_median_3d_Fp1,delta,norm2,XGBoost,0.5867,0.5619,0.5,0.4771
F_peak_3d_F3,delta,norm3,Random Forest,0.72,0.6057,0.46,0.4771
F_de_3d_Fz,all,norm2,Linear SVM,0.48,0.4981,0.42,0.4771
F_peak_3d_F4,gamma,norm3,KNN,0.88,0.6876,0.5,0.4771
F_peak_3d_F3,delta,norm2,Random Forest,0.72,0.6057,0.46,0.4771
F_de_3d_2area,delta,norm2,KNN,0.8933,0.7067,0.48,0.4771
F_peak_3d_F4,gamma,norm2,XGBoost,0.58,0.56,0.5,0.4771
F_mean_3d_T7,delta,norm3,Ensemble (Majority Vote),0.6867,0.6048,0.42,0.4771
F_mean_3d_C3,all,norm3,Random Forest,0.78,0.7324,0.43,0.4771
F_mean_3d_C4,alpha,norm3,Ensemble (Majority Vote),0.6467,0.5914,0.5,0.4771
F_median_3d_8rm,gamma,None,Linear SVM,0.6333,0.6467,0.5,0.4771
F_rasm_3d_3area,all,norm2,XGBoost,0.8867,0.7324,0.42,0.4771
F_peak_3d_Fz,all,norm2,KNN,0.84,0.6724,0.42,0.4771
F_median_3d_Fp1,alpha,norm3,Ensemble (Majority Vote),0.7,0.6257,0.41,0.4771
F_peak_3d_F4,gamma,norm2,KNN,0.88,0.6876,0.5,0.4771
F_median_3d_Fp1,alpha,norm2,Ensemble (Majority Vote),0.7,0.6257,0.41,0.4771
F_peak_3d_Fz,beta,norm2,Ensemble (Majority Vote),0.6867,0.6162,0.49,0.4771
F_median_3d_T7,theta,norm3,Ensemble (Majority Vote),0.6467,0.5895,0.47,0.4771
F_median_3d_T7,theta,norm2,Ensemble (Majority Vote),0.6467,0.5895,0.47,0.4771
F_peak_3d_Fp1,beta,norm3,XGBoost,0.5467,0.5362,0.47,0.4771
F_peak_3d_Cz,beta,norm2,Ensemble (Majority Vote),0.5933,0.6105,0.47,0.4771
F_peak_3d_Cz,alpha,norm3,KNN,0.8133,0.6838,0.4,0.4771
F_dasm_3d,alpha,norm2,KNN,0.8467,0.679,0.48,0.4771
F_de_3d_C3,alpha,None,KNN,0.8333,0.6905,0.46,0.4771
F_de_3d_Fp1,all,norm3,Random Forest,0.8067,0.7333,0.48,0.4771
F_mean_3d_F4,alpha,norm3,KNN,0.7933,0.6724,0.4,0.4771
F_mean_3d_3area,alpha,norm3,Ensemble (Majority Vote),0.7,0.6619,0.47,0.4771
F_peak_3d_10rm,delta,norm3,Ensemble (Majority Vote),0.8467,0.7895,0.5,0.4771
F_mean_3d_T7,all,norm2,KNN,0.8467,0.6895,0.48,0.4771
F_peak_3d_Cz,delta,norm3,Linear SVM,0.5267,0.5143,0.46,0.4771
F_peak_3d_F8,gamma,norm3,Ensemble (Majority Vote),0.6533,0.6314,0.48,0.4771
F_peak_3d_Cz,delta,norm2,Linear SVM,0.5267,0.5143,0.46,0.4771
F_peak_3d_Cz,beta,norm3,Ensemble (Majority Vote),0.5933,0.6105,0.47,0.4771
F_peak_3d_Cz,alpha,norm2,KNN,0.8133,0.6838,0.4,0.4771
F_de_3d_T8,delta,None,Linear SVM,0.6067,0.5619,0.46,0.4771
F_median_3d_C4,all,norm2,Random Forest,0.8733,0.6981,0.46,0.4771
F_mean_3d_3area,alpha,norm3,XGBoost,0.7333,0.6543,0.5,0.4771
F_median_3d_F4,gamma,norm2,KNN,0.88,0.7048,0.45,0.4771
F_rasm_3d_3area,gamma,None,Ensemble (Majority Vote),0.78,0.6695,0.42,0.4771
F_mean_3d_Cz,gamma,norm2,Random Forest,0.7133,0.6076,0.4,0.4771
F_de_3d_T8,delta,None,Logistic Regression,0.6067,0.5629,0.46,0.4771
F_de_3d_Fz,beta,norm3,Linear SVM,0.4867,0.5019,0.45,0.4771
F_median_3d_F4,gamma,norm3,KNN,0.88,0.7048,0.45,0.4771
F_de_3d_1area,theta,norm2,Linear SVM,0.52,0.5019,0.49,0.4771
F_de_3d_C3,alpha,norm2,KNN,0.8867,0.6924,0.46,0.4771
F_mean_3d_Fp1,all,norm3,Linear SVM,0.6867,0.6486,0.51,0.4771
F_mean_3d_3area,gamma,norm3,XGBoost,0.68,0.6276,0.55,0.4771
F_median_3d_Cz,theta,norm2,KNN,0.8533,0.6771,0.45,0.4771
F_median_3d_Cz,theta,norm3,KNN,0.8533,0.6771,0.45,0.4771
F_mean_3d_C3,alpha,norm2,XGBoost,0.5867,0.5648,0.52,0.4771
F_median_3d_2area,alpha,norm3,Linear SVM,0.56,0.5381,0.46,0.4771
F_peak_3d_2area,delta,norm3,XGBoost,0.68,0.6343,0.44,0.4771
F_mean_3d_F4,alpha,norm2,KNN,0.7933,0.6724,0.4,0.4771
F_mean_3d_Cz,gamma,norm3,Random Forest,0.7133,0.6076,0.4,0.4771
F_peak_3d_2area,delta,norm3,Random Forest,0.7067,0.659,0.42,0.4771
F_de_3d_Fz,beta,norm2,Linear SVM,0.4867,0.5019,0.45,0.4771
F_median_3d_C3,beta,norm2,Random Forest,0.7333,0.6067,0.44,0.4771
F_peak_3d_T8,gamma,norm2,XGBoost,0.5933,0.5819,0.46,0.4771
F_median_3d_C3,beta,norm3,Random Forest,0.7333,0.6067,0.44,0.4771
F_dasm_3d_10rm,beta,norm3,Ensemble (Majority Vote),0.7533,0.6838,0.49,0.4771
F_mean_3d_F8,alpha,norm2,Random Forest,0.72,0.5981,0.44,0.4771
F_mean_3d_F8,alpha,norm3,Random Forest,0.72,0.5981,0.44,0.4771
F_mean_3d_C3,alpha,norm3,XGBoost,0.5867,0.5648,0.52,0.4771
F_mean_3d_F8,beta,None,Linear SVM,0.5267,0.539,0.5,0.4771
F_peak_3d_F8,gamma,norm2,Ensemble (Majority Vote),0.6533,0.6314,0.48,0.4771
F_peak_3d_Fp1,beta,norm2,XGBoost,0.5467,0.5362,0.47,0.4771
F_de_3d_C3,alpha,norm3,KNN,0.8867,0.6924,0.46,0.4771
F_rasm_3d,theta,None,Linear SVM,0.5333,0.5171,0.47,0.4771
F_median_3d_Fp2,delta,None,Logistic Regression,0.56,0.5495,0.43,0.4771
F_mean_3d_2area,delta,norm3,XGBoost,0.7,0.6352,0.49,0.4771
F_de_3d_10rm,beta,norm2,Ensemble (Majority Vote),0.9,0.7562,0.42,0.4771
F_de_3d19,theta,norm2,XGBoost,0.9333,0.8119,0.45,0.4768
F_dasm_3d19,alpha,norm2,XGBoost,0.9417,0.725,0.45,0.4768
F_dasm_3d19,theta,norm2,XGBoost,0.9333,0.7405,0.45,0.4768
F_de_3d_T8,beta,norm3,XGBoost,0.58,0.5476,0.44,0.4757
F_median_3d_10rm,gamma,norm3,Logistic Regression,0.68,0.6581,0.47,0.4757
F_mean_3d_3area,beta,norm3,Ensemble (Majority Vote),0.7,0.6695,0.47,0.4757
F_median_3d_10rm,delta,norm3,Linear SVM,0.74,0.6971,0.45,0.4757
F_mean_3d_F7,all,None,XGBoost,0.82,0.7324,0.44,0.4757
F_median_3d_F8,gamma,norm2,KNN,0.86,0.6867,0.46,0.4757
F_de_3d_Fp1,all,norm3,KNN,0.8933,0.8086,0.51,0.4757
F_mean_3d_8rm,gamma,norm3,Ensemble (Majority Vote),0.84,0.7533,0.44,0.4757
F_mean_3d_F7,beta,norm2,XGBoost,0.5867,0.5648,0.47,0.4757
F_peak_3d_3area,gamma,None,Logistic Regression,0.6133,0.5686,0.45,0.4757
F_median_3d_3area,all,norm2,Ensemble (Majority Vote),0.92,0.78,0.53,0.4757
F_peak_3d_C4,theta,norm2,KNN,0.8467,0.6657,0.46,0.4757
F_mean_3d_10rm,gamma,norm3,Logistic Regression,0.6667,0.6352,0.47,0.4757
F_mean_3d_10rm,beta,norm2,Random Forest,0.9667,0.7819,0.4,0.4757
F_de_3d_1area,theta,norm3,Random Forest,0.6867,0.6,0.45,0.4757
F_peak_3d_C4,theta,norm3,KNN,0.8467,0.6657,0.46,0.4757
F_peak_3d_C3,beta,norm2,KNN,0.8733,0.6924,0.44,0.4757
F_peak_3d_F4,delta,norm2,Ensemble (Majority Vote),0.6867,0.6067,0.48,0.4757
F_median_3d_Fp2,beta,norm3,KNN,0.86,0.679,0.46,0.4757
F_peak_3d_F4,delta,norm3,Ensemble (Majority Vote),0.6867,0.6067,0.48,0.4757
F_median_3d_Fp2,beta,norm2,KNN,0.86,0.679,0.46,0.4757
F_mean_3d_F7,beta,norm3,XGBoost,0.5867,0.5648,0.47,0.4757
F_mean_3d_F7,all,norm3,Random Forest,0.7867,0.701,0.5,0.4757
F_median_3d_Fz,theta,norm2,XGBoost,0.6267,0.58,0.45,0.4757
F_median_3d_1area,all,norm2,Random Forest,0.86,0.7038,0.49,0.4757
F_median_3d_Fz,theta,norm3,XGBoost,0.6267,0.58,0.45,0.4757
F_mean_3d_F7,gamma,norm2,XGBoost,0.6333,0.5848,0.48,0.4757
F_mean_3d_F4,theta,norm2,Ensemble (Majority Vote),0.5933,0.5695,0.51,0.4757
F_median_3d_F7,alpha,norm3,Ensemble (Majority Vote),0.6733,0.6,0.43,0.4757
F_mean_3d_F7,gamma,norm3,XGBoost,0.6333,0.5848,0.48,0.4757
F_median_3d_T7,theta,None,XGBoost,0.64,0.6038,0.44,0.4757
F_de_3d_Cz,gamma,norm3,Random Forest,0.7267,0.6,0.48,0.4757
F_peak_3d_Cz,gamma,None,Logistic Regression,0.5067,0.519,0.51,0.4757
F_mean_3d_C4,all,None,Linear SVM,0.6333,0.6152,0.47,0.4757
F_de_3d_F4,theta,norm2,KNN,0.8467,0.6867,0.44,0.4757
F_de_3d_C3,alpha,norm2,Random Forest,0.6533,0.5867,0.47,0.4757
F_de_3d_Cz,gamma,norm2,Random Forest,0.7267,0.6,0.48,0.4757
F_peak_3d_C3,gamma,None,Random Forest,0.7067,0.6105,0.46,0.4757
F_de_3d_C3,alpha,norm3,Random Forest,0.6533,0.5867,0.47,0.4757
F_peak_3d_2area,theta,norm2,XGBoost,0.6333,0.581,0.48,0.4757
F_de_3d_1area,theta,norm2,Random Forest,0.6867,0.6,0.45,0.4757
F_median_3d_T8,delta,None,Linear SVM,0.56,0.5533,0.49,0.4757
F_rasm_3d,beta,norm3,XGBoost,0.8933,0.7667,0.45,0.4757
F_median_3d_F8,gamma,norm3,KNN,0.86,0.6867,0.46,0.4757
F_de_3d_F4,theta,norm3,KNN,0.8467,0.6867,0.44,0.4757
F_rasm_3d,gamma,norm2,Random Forest,0.86,0.721,0.4,0.4757
F_peak_3d_T8,theta,norm2,Ensemble (Majority Vote),0.6533,0.6095,0.47,0.4757
F_peak_3d_T8,theta,norm3,Ensemble (Majority Vote),0.6533,0.6095,0.47,0.4757
F_peak_3d_C3,beta,norm3,KNN,0.8733,0.6924,0.44,0.4757
F_de_3d_F3,alpha,None,Random Forest,0.66,0.6181,0.5,0.4757
F_mean_3d_10rm,beta,norm2,Ensemble (Majority Vote),0.88,0.7571,0.47,0.4757
F_median_3d_F4,gamma,norm2,Ensemble (Majority Vote),0.7533,0.6419,0.49,0.4757
F_mean_3d_F4,theta,norm3,Random Forest,0.6933,0.5933,0.49,0.4757
F_mean_3d_F4,theta,norm3,Ensemble (Majority Vote),0.5933,0.5695,0.51,0.4757
F_median_3d_F4,gamma,norm3,Ensemble (Majority Vote),0.7533,0.6419,0.49,0.4757
F_de_3d_T8,beta,norm2,XGBoost,0.58,0.5476,0.44,0.4757
F_dasm_3d_8rm,alpha,norm3,Ensemble (Majority Vote),0.7067,0.6695,0.45,0.4757
F_mean_3d_F4,theta,norm2,Random Forest,0.6933,0.5933,0.49,0.4757
F_median_3d_F4,theta,None,XGBoost,0.6533,0.5981,0.43,0.4757
F_mean_3d_C4,gamma,None,XGBoost,0.6133,0.6038,0.47,0.4757
F_median_3d_Fp1,delta,norm3,Random Forest,0.6867,0.6,0.47,0.4757
F_mean_3d_2area,delta,norm3,Ensemble (Majority Vote),0.7,0.6676,0.53,0.4757
F_median_3d_F7,alpha,norm2,Ensemble (Majority Vote),0.6733,0.6,0.43,0.4757
F_median_3d_Fp1,delta,norm2,Random Forest,0.6867,0.6,0.47,0.4757
F_mean_3d,gamma,norm2,XGBoost,0.9667,0.8019,0.48,0.4757
F_peak_3d_T8,gamma,norm2,KNN,0.8667,0.6952,0.42,0.4757
F_peak_3d_T8,gamma,norm3,KNN,0.8667,0.6952,0.42,0.4757
F_mean_3d_C3,all,norm3,XGBoost,0.8267,0.7276,0.46,0.4757
F_rasm_3d_8rm,delta,norm2,Random Forest,0.8,0.6952,0.47,0.4757
F_peak_3d_1area,gamma,None,Logistic Regression,0.5733,0.5467,0.47,0.4757
F_mean_3d_C4,all,norm3,Linear SVM,0.6,0.5895,0.45,0.4757
F_peak_3d_1area,gamma,None,Linear SVM,0.56,0.5429,0.47,0.4757
F_de_3d19,theta,None,Ensemble (Majority Vote),0.9,0.85,0.45,0.475
F_peak_3d19,all,norm2,Random Forest,1.0,0.9083,0.525,0.475
F_mean_3d19,alpha,norm3,Ensemble (Majority Vote),0.925,0.8345,0.45,0.475
F_peak_3d19,alpha,None,Random Forest,0.8833,0.8202,0.475,0.475
F_dasm_3d19,alpha,norm3,Random Forest,0.7917,0.7571,0.4375,0.475
F_dasm_3d19,gamma,norm2,Random Forest,0.95,0.7679,0.4,0.475
F_median_3d_F8,theta,norm2,XGBoost,0.5933,0.5733,0.46,0.4743
F_de_3d_T7,beta,None,Random Forest,0.6267,0.6238,0.49,0.4743
F_median_3d_F8,theta,norm3,XGBoost,0.5933,0.5733,0.46,0.4743
F_de_3d_Cz,beta,norm2,XGBoost,0.5733,0.5314,0.46,0.4743
F_peak_3d_2area,theta,norm3,Linear SVM,0.5467,0.5305,0.45,0.4743
F_median_3d_1area,all,norm3,Random Forest,0.82,0.7305,0.47,0.4743
F_median_3d_Fp1,theta,None,Ensemble (Majority Vote),0.6467,0.6314,0.48,0.4743
F_median_3d_F8,gamma,norm3,Random Forest,0.74,0.6105,0.38,0.4743
F_peak_3d_F7,gamma,norm2,XGBoost,0.5867,0.5467,0.45,0.4743
F_de_3d_Cz,beta,norm3,XGBoost,0.5733,0.5314,0.46,0.4743
F_mean_3d_1area,beta,norm3,XGBoost,0.5933,0.5867,0.44,0.4743
F_median_3d_F8,gamma,norm2,Random Forest,0.74,0.6105,0.38,0.4743
F_peak_3d_F7,gamma,norm3,XGBoost,0.5867,0.5467,0.45,0.4743
F_mean_3d_3area,theta,norm3,Ensemble (Majority Vote),0.68,0.66,0.48,0.4743
F_median_3d,gamma,norm2,Random Forest,0.9733,0.8229,0.48,0.4743
F_median_3d_F8,all,norm3,Ensemble (Majority Vote),0.7733,0.7086,0.49,0.4743
F_mean_3d_F8,beta,None,Logistic Regression,0.5333,0.5352,0.49,0.4743
F_mean_3d_C4,alpha,norm2,Random Forest,0.6733,0.5914,0.5,0.4743
F_mean_3d_3area,gamma,norm2,KNN,0.8667,0.6867,0.47,0.4743
F_peak_3d_F8,delta,None,KNN,0.84,0.6962,0.42,0.4743
F_de_3d,gamma,norm2,KNN,0.8333,0.6905,0.45,0.4743
F_mean_3d_C4,alpha,norm3,Random Forest,0.6733,0.5914,0.5,0.4743
F_median_3d_Fp2,beta,None,Ensemble (Majority Vote),0.6333,0.599,0.5,0.4743
F_median_3d_Fp2,delta,None,KNN,0.9,0.7086,0.48,0.4743
F_mean_3d_8rm,beta,norm2,Random Forest,0.9333,0.7505,0.4,0.4743
F_median_3d_Fp2,beta,norm2,XGBoost,0.6133,0.5676,0.41,0.4743
F_peak_3d_10rm,beta,norm2,KNN,0.7733,0.6676,0.45,0.4743
F_peak_3d_Cz,all,norm2,Random Forest,0.8733,0.7086,0.44,0.4743
F_peak_3d_10rm,alpha,norm2,XGBoost,0.9333,0.7638,0.43,0.4743
F_peak_3d_Cz,alpha,norm2,Random Forest,0.7333,0.6152,0.44,0.4743
F_mean_3d_F3,all,norm2,XGBoost,0.8667,0.6876,0.46,0.4743
F_peak_3d_Cz,alpha,norm3,Random Forest,0.7333,0.6152,0.44,0.4743
F_de_3d_10rm,gamma,norm3,KNN,0.9333,0.8505,0.49,0.4743
F_mean_3d_Cz,gamma,norm2,Ensemble (Majority Vote),0.6467,0.6067,0.46,0.4743
F_rasm_3d_3area,delta,None,Logistic Regression,0.4933,0.501,0.46,0.4743
F_mean_3d_1area,beta,norm2,XGBoost,0.5933,0.5867,0.44,0.4743
F_dasm_3d_10rm,alpha,norm3,Ensemble (Majority Vote),0.7467,0.6752,0.47,0.4743
F_median_3d_T8,delta,norm3,Ensemble (Majority Vote),0.7333,0.6476,0.45,0.4743
F_median_3d_T8,delta,norm2,Ensemble (Majority Vote),0.7333,0.6476,0.45,0.4743
F_median_3d_T8,delta,None,Logistic Regression,0.56,0.5543,0.49,0.4743
F_de_3d_3area,alpha,None,KNN,0.8467,0.7476,0.41,0.4743
F_de_3d_3area,all,norm2,KNN,0.82,0.7048,0.45,0.4743
F_mean_3d_F7,all,norm2,Random Forest,0.9067,0.7152,0.44,0.4743
F_peak_3d_F4,all,norm3,KNN,0.9,0.7714,0.46,0.4743
F_peak_3d_F4,all,norm3,XGBoost,0.7867,0.7067,0.48,0.4743
F_median_3d_Fp2,theta,norm3,Random Forest,0.6733,0.599,0.53,0.4743
F_median_3d_Fp2,theta,norm2,Random Forest,0.6733,0.599,0.53,0.4743
F_median_3d_F4,beta,norm2,KNN,0.86,0.6771,0.46,0.4743
F_median_3d_Fp2,beta,norm3,XGBoost,0.6133,0.5676,0.41,0.4743
F_median_3d_F4,beta,norm3,KNN,0.86,0.6771,0.46,0.4743
F_mean_3d_Cz,gamma,norm3,Ensemble (Majority Vote),0.6467,0.6067,0.46,0.4743
F_de_3d_F4,alpha,norm2,KNN,0.86,0.6876,0.49,0.4743
F_de_3d_F3,delta,norm3,Random Forest,0.7067,0.6038,0.47,0.4743
F_median_3d_2area,gamma,None,KNN,0.86,0.7371,0.47,0.4743
F_median_3d_Cz,gamma,norm2,Random Forest,0.7133,0.5867,0.47,0.4743
F_de_3d_2area,alpha,norm2,XGBoost,0.6333,0.581,0.47,0.4743
F_de_3d_F4,all,norm2,Ensemble (Majority Vote),0.8667,0.6962,0.44,0.4743
F_median_3d_Cz,gamma,norm3,Random Forest,0.7133,0.5867,0.47,0.4743
F_mean_3d_C4,theta,norm2,Ensemble (Majority Vote),0.64,0.6114,0.48,0.4743
F_median_3d_2area,alpha,norm3,Logistic Regression,0.56,0.541,0.46,0.4743
F_mean_3d_Fp2,beta,norm3,Random Forest,0.68,0.5952,0.42,0.4743
F_mean_3d_Fp2,beta,norm2,Random Forest,0.68,0.5952,0.42,0.4743
F_dasm_3d,alpha,None,Logistic Regression,0.6467,0.6162,0.49,0.4743
F_mean_3d_2area,all,norm2,KNN,0.86,0.7,0.43,0.4743
F_de_3d_2area,all,norm2,KNN,0.8933,0.719,0.44,0.4743
F_de_3d_F4,alpha,norm3,KNN,0.86,0.6876,0.49,0.4743
F_mean_3d_C4,theta,norm3,Ensemble (Majority Vote),0.64,0.6114,0.48,0.4743
F_dasm_3d_3area,all,norm2,KNN,0.8733,0.6657,0.44,0.4743
F_de_3d_F3,delta,norm2,Random Forest,0.7067,0.6038,0.47,0.4743
F_de_3d_F7,alpha,None,XGBoost,0.64,0.5857,0.47,0.4743
F_mean_3d_3area,beta,norm2,Random Forest,0.7867,0.6619,0.47,0.4743
F_de_3d_F3,beta,norm3,Random Forest,0.7133,0.6086,0.48,0.4743
F_de_3d_1area,gamma,norm2,Random Forest,0.74,0.6124,0.47,0.4743
F_median_3d_2area,gamma,norm3,Random Forest,0.7067,0.6343,0.44,0.4743
F_mean_3d_3area,beta,norm3,KNN,0.86,0.7219,0.44,0.4743
F_de_3d_1area,gamma,norm3,Random Forest,0.74,0.6124,0.47,0.4743
F_de_3d_F3,beta,norm2,Random Forest,0.7133,0.6086,0.48,0.4743
F_median_3d_Fp2,all,norm3,KNN,0.9333,0.7933,0.46,0.4743
F_mean_3d_8rm,beta,norm2,Ensemble (Majority Vote),0.8667,0.7162,0.46,0.4743
F_median_3d_Cz,theta,None,Random Forest,0.6867,0.6238,0.51,0.4743
F_de_3d_Fp1,all,norm3,Linear SVM,0.6733,0.6429,0.45,0.4743
F_rasm_3d19,delta,norm2,Random Forest,0.9167,0.7476,0.3875,0.4732
F_rasm_3d19,alpha,None,KNN,0.825,0.7071,0.5,0.4732
F_dasm_3d19,alpha,None,Logistic Regression,0.6917,0.6488,0.4625,0.4732
F_mean_3d19,beta,norm2,Linear SVM,0.5,0.5036,0.4375,0.4732
F_mean_3d19,theta,norm2,Random Forest,0.925,0.8012,0.4375,0.4732
F_mean_3d19,alpha,None,Ensemble (Majority Vote),0.95,0.8536,0.475,0.4732
F_dasm_3d19,alpha,None,KNN,0.9667,0.844,0.4625,0.4732
F_mean_3d19,alpha,norm3,KNN,0.9667,0.8643,0.475,0.4732
F_rasm_3d_3area,beta,norm3,Random Forest,0.7133,0.6229,0.46,0.4729
F_median_3d_10rm,delta,norm3,KNN,0.9667,0.8533,0.5,0.4729
F_median_3d_C3,gamma,None,Random Forest,0.7133,0.6448,0.45,0.4729
F_median_3d_C3,delta,None,Random Forest,0.6667,0.6267,0.46,0.4729
F_median_3d_C4,all,None,Random Forest,0.8,0.7248,0.47,0.4729
F_mean_3d_Cz,all,norm3,Ensemble (Majority Vote),0.7533,0.7038,0.53,0.4729
F_de_3d_Fp1,gamma,norm3,XGBoost,0.6533,0.5752,0.46,0.4729
F_peak_3d_1area,beta,norm3,KNN,0.8867,0.7019,0.39,0.4729
F_de_3d_3area,theta,None,XGBoost,0.78,0.6914,0.48,0.4729
F_peak_3d_8rm,gamma,norm2,XGBoost,0.8933,0.7143,0.44,0.4729
F_peak_3d_8rm,alpha,norm2,XGBoost,0.92,0.7286,0.44,0.4729
F_de_3d_Fp1,all,norm3,Logistic Regression,0.6733,0.6505,0.45,0.4729
F_de_3d_F4,gamma,norm3,KNN,0.8533,0.6943,0.43,0.4729
F_peak_3d_1area,beta,norm2,KNN,0.8867,0.7019,0.39,0.4729
F_peak_3d_Cz,gamma,None,Linear SVM,0.4933,0.5152,0.5,0.4729
F_de_3d_Fp1,gamma,norm2,XGBoost,0.6533,0.5752,0.46,0.4729
F_de_3d_F4,gamma,norm2,KNN,0.8533,0.6943,0.43,0.4729
F_median_3d_C3,alpha,norm2,Ensemble (Majority Vote),0.6733,0.6029,0.42,0.4729
F_median_3d_Fz,beta,norm3,XGBoost,0.5933,0.5743,0.45,0.4729
F_median_3d_C3,alpha,norm3,Ensemble (Majority Vote),0.6733,0.6029,0.42,0.4729
F_de_3d_T8,all,norm3,KNN,0.8733,0.7695,0.46,0.4729
F_mean_3d_F4,all,norm2,KNN,0.82,0.6676,0.51,0.4729
F_de_3d_C3,gamma,norm2,KNN,0.8533,0.6895,0.44,0.4729
F_de_3d_C3,gamma,norm3,KNN,0.8533,0.6895,0.44,0.4729
F_mean_3d_Cz,alpha,None,Logistic Regression,0.5933,0.5552,0.44,0.4729
F_median_3d_Fp2,theta,norm2,Ensemble (Majority Vote),0.6867,0.6143,0.5,0.4729
F_median_3d_Fz,beta,norm2,XGBoost,0.5933,0.5743,0.45,0.4729
F_mean_3d_Cz,alpha,None,KNN,0.8533,0.7029,0.37,0.4729
F_median_3d_F8,theta,norm3,Ensemble (Majority Vote),0.6533,0.619,0.48,0.4729
F_mean_3d_1area,all,norm2,Random Forest,0.8867,0.7152,0.45,0.4729
F_de_3d_F7,theta,norm2,Linear SVM,0.5067,0.5038,0.43,0.4729
F_peak_3d_T8,delta,norm2,Random Forest,0.6867,0.6143,0.42,0.4729
F_median_3d_1area,all,norm3,KNN,0.9067,0.78,0.49,0.4729
F_dasm_3d_3area,gamma,None,XGBoost,0.62,0.5914,0.48,0.4729
F_de_3d_2area,theta,norm2,Random Forest,0.7867,0.6352,0.47,0.4729
F_median_3d_Fp1,theta,None,XGBoost,0.6533,0.621,0.46,0.4729
F_mean_3d_3area,theta,norm2,Linear SVM,0.5,0.501,0.46,0.4729
F_de_3d_F7,theta,norm3,Linear SVM,0.5067,0.5038,0.43,0.4729
F_mean_3d_2area,all,norm2,Random Forest,0.9,0.7524,0.49,0.4729
F_median_3d_1area,all,norm2,KNN,0.8733,0.6933,0.45,0.4729
F_peak_3d_Fp1,beta,norm3,KNN,0.8933,0.6943,0.44,0.4729
F_de_3d_Fz,gamma,norm3,Random Forest,0.7067,0.599,0.49,0.4729
F_rasm_3d_3area,beta,norm2,Random Forest,0.7133,0.6229,0.46,0.4729
F_de_3d_2area,gamma,norm2,Random Forest,0.78,0.6657,0.47,0.4729
F_peak_3d_Fp1,beta,norm2,KNN,0.8933,0.6943,0.44,0.4729
F_median_3d_Cz,all,norm3,Ensemble (Majority Vote),0.8067,0.7162,0.47,0.4729
F_peak_3d_T8,delta,norm3,Random Forest,0.6867,0.6143,0.42,0.4729
F_median_3d_F4,all,norm2,Ensemble (Majority Vote),0.86,0.7162,0.49,0.4729
F_peak_3d_C3,theta,None,Random Forest,0.6667,0.6152,0.46,0.4729
F_de_3d_Fz,gamma,norm2,Random Forest,0.7067,0.599,0.49,0.4729
F_mean_3d_3area,beta,norm3,Random Forest,0.7667,0.6771,0.44,0.4729
F_median_3d_Fp2,theta,norm3,Ensemble (Majority Vote),0.6867,0.6143,0.5,0.4729
F_median_3d_F8,theta,norm2,Ensemble (Majority Vote),0.6533,0.619,0.48,0.4729
F_de_3d_1area,delta,None,KNN,0.8267,0.7086,0.43,0.4729
F_mean_3d_F3,delta,norm2,XGBoost,0.5933,0.5771,0.46,0.4729
F_median_3d,all,norm3,Ensemble (Majority Vote),0.9933,0.979,0.43,0.4729
F_peak_3d_F7,gamma,norm3,Ensemble (Majority Vote),0.66,0.6276,0.46,0.4729
F_mean_3d_F3,delta,norm3,XGBoost,0.5933,0.5771,0.46,0.4729
F_peak_3d_1area,theta,norm2,Random Forest,0.66,0.5933,0.43,0.4729
F_peak_3d_1area,theta,norm3,Random Forest,0.66,0.5933,0.43,0.4729
F_median_3d_Cz,gamma,None,Ensemble (Majority Vote),0.6733,0.6305,0.46,0.4729
F_median_3d_T7,theta,norm3,Random Forest,0.6733,0.6,0.45,0.4729
F_median_3d_T7,theta,norm2,Random Forest,0.6733,0.6,0.45,0.4729
F_peak_3d_F7,gamma,norm2,Ensemble (Majority Vote),0.66,0.6276,0.46,0.4729
F_mean_3d_T8,theta,norm3,Ensemble (Majority Vote),0.6467,0.5819,0.45,0.4714
F_mean_3d_T8,theta,norm3,KNN,0.8133,0.6733,0.42,0.4714
F_dasm_3d_3area,all,norm3,Logistic Regression,0.7133,0.661,0.47,0.4714
F_peak_3d_2area,theta,None,KNN,0.82,0.7219,0.46,0.4714
F_de_3d_2area,alpha,norm2,Random Forest,0.76,0.6229,0.46,0.4714
F_rasm_3d,gamma,None,Logistic Regression,0.5533,0.5276,0.48,0.4714
F_peak_3d_C4,all,norm3,Ensemble (Majority Vote),0.78,0.7019,0.45,0.4714
F_peak_3d_C3,theta,None,XGBoost,0.62,0.6143,0.45,0.4714
F_mean_3d_T8,theta,norm2,Ensemble (Majority Vote),0.6467,0.5819,0.45,0.4714
F_mean_3d_T8,theta,norm2,KNN,0.8133,0.6733,0.42,0.4714
F_de_3d_F7,delta,norm3,KNN,0.8467,0.6838,0.43,0.4714
F_mean_3d_F3,alpha,None,KNN,0.84,0.6962,0.44,0.4714
F_peak_3d_F8,all,norm2,Linear SVM,0.5267,0.5095,0.46,0.4714
F_peak_3d_F8,gamma,norm2,Random Forest,0.74,0.6181,0.43,0.4714
F_peak_3d_F8,gamma,norm3,Random Forest,0.74,0.6181,0.43,0.4714
F_median_3d_1area,theta,norm2,Random Forest,0.6867,0.6019,0.44,0.4714
F_median_3d_1area,theta,norm3,Random Forest,0.6867,0.6019,0.44,0.4714
F_median_3d_F3,beta,norm3,Random Forest,0.72,0.5943,0.45,0.4714
F_median_3d_F3,beta,norm2,Random Forest,0.72,0.5943,0.45,0.4714
F_mean_3d_3area,alpha,norm3,Linear SVM,0.5533,0.5314,0.44,0.4714
F_mean_3d19,delta,norm3,KNN,0.9833,0.8643,0.425,0.4714
F_mean_3d_2area,all,norm3,Random Forest,0.86,0.7848,0.43,0.4714
F_mean_3d19,gamma,norm2,Random Forest,0.9917,0.8274,0.4375,0.4714
F_dasm_3d19,alpha,None,Linear SVM,0.7,0.6655,0.4625,0.4714
F_median_3d_Cz,all,None,Logistic Regression,0.6133,0.5857,0.49,0.4714
F_dasm_3d19,alpha,None,Ensemble (Majority Vote),0.8333,0.7714,0.45,0.4714
F_mean_3d_2area,theta,norm2,XGBoost,0.64,0.599,0.47,0.4714
F_mean_3d_2area,theta,norm2,Random Forest,0.7533,0.6352,0.44,0.4714
F_median_3d_2area,gamma,norm2,Ensemble (Majority Vote),0.6867,0.639,0.46,0.4714
F_dasm_3d19,all,norm2,Ensemble (Majority Vote),0.9833,0.869,0.4375,0.4714
F_dasm_3d_8rm,beta,norm3,Logistic Regression,0.6133,0.5638,0.43,0.4714
F_rasm_3d_3area,all,norm3,Ensemble (Majority Vote),0.82,0.7238,0.43,0.4714
F_mean_3d_2area,alpha,norm3,Linear SVM,0.54,0.5448,0.45,0.4714
F_median_3d_3area,gamma,norm2,XGBoost,0.7267,0.6381,0.46,0.4714
F_peak_3d19,alpha,norm3,Linear SVM,0.825,0.7393,0.45,0.4714
F_median_3d_Fp2,delta,None,XGBoost,0.68,0.6124,0.47,0.4714
F_mean_3d_F4,alpha,norm3,XGBoost,0.5933,0.5476,0.5,0.4714
F_dasm_3d19,theta,norm2,Random Forest,0.9917,0.7774,0.475,0.4714
F_mean_3d_F3,delta,norm3,Random Forest,0.6933,0.5886,0.44,0.4714
F_mean_3d_T8,all,norm3,Random Forest,0.8467,0.7505,0.47,0.4714
F_peak_3d_Cz,gamma,None,Random Forest,0.6333,0.6143,0.49,0.4714
F_median_3d_T7,beta,norm3,XGBoost,0.6267,0.561,0.45,0.4714
F_median_3d_T7,beta,norm2,XGBoost,0.6267,0.561,0.45,0.4714
F_de_3d_10rm,alpha,norm3,KNN,0.9467,0.8324,0.43,0.4714
F_peak_3d_T8,all,norm2,Random Forest,0.8667,0.7067,0.47,0.4714
F_mean_3d_F3,delta,norm2,Random Forest,0.6933,0.5886,0.44,0.4714
F_de_3d_F7,delta,norm2,KNN,0.8467,0.6838,0.43,0.4714
F_dasm_3d19,theta,norm2,Ensemble (Majority Vote),0.8333,0.7238,0.4375,0.4714
F_median_3d_Fp1,theta,None,KNN,0.8133,0.701,0.49,0.4714
F_mean_3d19,alpha,None,Random Forest,0.8833,0.8131,0.45,0.4714
F_peak_3d19,alpha,None,XGBoost,0.9583,0.894,0.4375,0.4714
F_mean_3d_F4,alpha,norm2,XGBoost,0.5933,0.5476,0.5,0.4714
F_mean_3d_C4,theta,None,Random Forest,0.66,0.6267,0.45,0.4714
F_peak_3d_T8,theta,norm3,Random Forest,0.6533,0.6076,0.46,0.4714
F_peak_3d_C3,all,norm2,KNN,0.8533,0.6933,0.49,0.4714
F_median_3d_Fp1,all,None,Linear SVM,0.6867,0.6552,0.46,0.4714
F_mean_3d_T8,all,norm2,Random Forest,0.8533,0.7114,0.46,0.4714
F_peak_3d_T8,theta,norm2,Random Forest,0.6533,0.6076,0.46,0.4714
F_mean_3d_F4,beta,norm2,Random Forest,0.6467,0.5924,0.41,0.4714
F_mean_3d_F4,beta,norm3,Random Forest,0.6467,0.5924,0.41,0.4714
F_median_3d_Fz,gamma,norm3,Random Forest,0.76,0.6143,0.47,0.4714
F_median_3d_Fz,gamma,norm2,Random Forest,0.76,0.6143,0.47,0.4714
F_de_3d_F8,all,norm3,Ensemble (Majority Vote),0.7333,0.7162,0.51,0.4714
F_rasm_3d_3area,gamma,None,Random Forest,0.7467,0.6333,0.46,0.4714
F_rasm_3d,delta,None,Linear SVM,0.4867,0.5219,0.42,0.47
F_peak_3d_T8,theta,norm3,XGBoost,0.64,0.5886,0.47,0.47
F_rasm_3d_3area,all,norm3,KNN,0.8733,0.7486,0.42,0.47
F_peak_3d_T8,theta,norm2,XGBoost,0.64,0.5886,0.47,0.47
F_rasm_3d_8rm,theta,norm3,XGBoost,0.8467,0.7114,0.45,0.47
F_de_3d_Fp2,theta,norm2,XGBoost,0.62,0.5848,0.47,0.47
F_peak_3d_1area,gamma,norm3,KNN,0.8733,0.7,0.48,0.47
F_peak_3d_Fp1,gamma,norm3,KNN,0.8933,0.6714,0.5,0.47
F_peak_3d_Fp1,gamma,norm2,KNN,0.8933,0.6714,0.5,0.47
F_median_3d_1area,theta,norm3,XGBoost,0.6267,0.5762,0.43,0.47
F_mean_3d_3area,theta,norm3,KNN,0.8533,0.7371,0.45,0.47
F_de_3d_C3,beta,norm3,Random Forest,0.7467,0.5981,0.46,0.47
F_de_3d_C3,beta,norm2,Random Forest,0.7467,0.5981,0.46,0.47
F_median_3d_1area,all,norm2,Ensemble (Majority Vote),0.7867,0.681,0.44,0.47
F_peak_3d_3area,theta,norm3,Random Forest,0.8133,0.6943,0.45,0.47
F_mean_3d_T8,theta,None,Ensemble (Majority Vote),0.76,0.6676,0.48,0.47
F_de_3d_1area,all,norm2,Random Forest,0.86,0.7076,0.45,0.47
F_peak_3d_1area,gamma,norm2,KNN,0.8733,0.7,0.48,0.47
F_de_3d_3area,gamma,None,Linear SVM,0.58,0.5829,0.43,0.47
F_de_3d_8rm,gamma,norm3,KNN,0.96,0.8362,0.46,0.47
F_mean_3d_Cz,all,None,Ensemble (Majority Vote),0.7867,0.719,0.47,0.47
F_dasm_3d_8rm,beta,norm3,KNN,0.86,0.7305,0.44,0.47
F_median_3d_1area,theta,norm2,XGBoost,0.6267,0.5762,0.43,0.47
F_de_3d_Fp2,gamma,norm2,Random Forest,0.7133,0.6114,0.43,0.47
F_mean_3d_Fp2,gamma,norm2,Random Forest,0.6933,0.601,0.44,0.47
F_de_3d_Fp2,theta,norm3,XGBoost,0.62,0.5848,0.47,0.47
F_de_3d_C4,all,norm2,XGBoost,0.82,0.6848,0.44,0.47
F_median_3d_T8,all,norm2,Ensemble (Majority Vote),0.8533,0.7,0.44,0.47
F_mean_3d_Fp2,gamma,norm3,Random Forest,0.6933,0.601,0.44,0.47
F_median_3d_F4,alpha,norm3,KNN,0.8267,0.6743,0.42,0.47
F_de_3d_Fp2,gamma,norm3,Random Forest,0.7133,0.6114,0.43,0.47
F_median_3d_F4,alpha,norm2,KNN,0.8267,0.6743,0.42,0.47
F_median_3d_F8,all,norm3,XGBoost,0.8067,0.741,0.49,0.47
F_de_3d_F8,all,norm3,Random Forest,0.7733,0.7229,0.53,0.47
F_rasm_3d,gamma,None,Linear SVM,0.5867,0.5324,0.44,0.47
F_median_3d_T7,beta,norm2,Random Forest,0.7333,0.6048,0.43,0.47
F_de_3d_Cz,all,norm3,Ensemble (Majority Vote),0.76,0.7086,0.45,0.47
F_peak_3d_F7,gamma,norm2,Random Forest,0.64,0.5905,0.45,0.47
F_peak_3d_F7,gamma,norm3,Random Forest,0.64,0.5905,0.45,0.47
F_mean_3d_F3,theta,None,Random Forest,0.6867,0.6152,0.45,0.47
F_de_3d_F7,theta,None,KNN,0.8733,0.7181,0.47,0.47
F_median_3d_T7,beta,norm3,Random Forest,0.7333,0.6048,0.43,0.47
F_median_3d_Fp2,beta,None,Random Forest,0.6533,0.6219,0.47,0.47
F_rasm_3d,gamma,norm2,XGBoost,0.86,0.7352,0.48,0.47
F_median_3d_3area,beta,norm2,Random Forest,0.8133,0.6486,0.41,0.47
F_mean_3d_Fp1,all,None,Linear SVM,0.6933,0.6457,0.45,0.47
F_de_3d_2area,alpha,norm3,KNN,0.82,0.6657,0.38,0.47
F_peak_3d_F3,delta,None,KNN,0.8667,0.7114,0.45,0.47
F_peak_3d_F4,all,norm2,XGBoost,0.84,0.6571,0.44,0.47
F_rasm_3d19,delta,None,KNN,0.85,0.6988,0.4,0.4696
F_median_3d19,delta,norm3,Logistic Regression,0.825,0.7464,0.4375,0.4696
F_rasm_3d19,gamma,None,KNN,0.9083,0.7143,0.4625,0.4696
F_peak_3d19,theta,norm3,KNN,0.9417,0.8786,0.475,0.4696
F_dasm_3d19,all,norm2,XGBoost,1.0,0.9452,0.45,0.4696
F_dasm_3d19,all,norm2,Random Forest,1.0,0.9286,0.4125,0.4696
F_median_3d_Fz,gamma,norm3,KNN,0.8933,0.6867,0.45,0.4686
F_mean_3d_Cz,beta,None,XGBoost,0.66,0.6019,0.45,0.4686
F_de_3d_Fp1,all,norm2,XGBoost,0.7933,0.6762,0.47,0.4686
F_de_3d_1area,delta,norm3,KNN,0.8267,0.6819,0.43,0.4686
F_median_3d_Fz,gamma,norm2,KNN,0.8933,0.6867,0.45,0.4686
F_de_3d_Fp2,gamma,norm2,XGBoost,0.6333,0.5714,0.46,0.4686
F_peak_3d_C4,all,norm3,Random Forest,0.8,0.719,0.43,0.4686
F_median_3d_Fp1,theta,norm2,Ensemble (Majority Vote),0.7667,0.64,0.45,0.4686
F_de_3d_1area,delta,norm2,KNN,0.8267,0.6819,0.43,0.4686
F_de_3d_2area,delta,norm3,Ensemble (Majority Vote),0.7,0.6705,0.4,0.4686
F_peak_3d_3area,beta,norm2,KNN,0.8867,0.699,0.46,0.4686
F_median_3d_Fp1,theta,norm3,Ensemble (Majority Vote),0.7667,0.64,0.45,0.4686
F_mean_3d_Fp1,all,None,Logistic Regression,0.6267,0.6162,0.45,0.4686
F_de_3d_Fp2,all,norm2,Ensemble (Majority Vote),0.8733,0.7076,0.42,0.4686
F_mean_3d_Fp1,all,norm3,Ensemble (Majority Vote),0.8333,0.7524,0.47,0.4686
F_median_3d_Fp2,delta,None,Ensemble (Majority Vote),0.6867,0.6333,0.47,0.4686
F_median_3d_Fp1,theta,norm3,KNN,0.86,0.7057,0.45,0.4686
F_de_3d_Fp2,gamma,norm3,XGBoost,0.6333,0.5714,0.46,0.4686
F_median_3d_Fp1,theta,norm2,KNN,0.86,0.7057,0.45,0.4686
F_dasm_3d_3area,alpha,norm3,KNN,0.8467,0.6857,0.37,0.4686
F_dasm_3d_8rm,beta,norm3,Linear SVM,0.62,0.5619,0.41,0.4686
F_mean_3d_2area,gamma,norm3,Random Forest,0.6733,0.6286,0.47,0.4686
F_peak_3d_F4,delta,norm2,KNN,0.8867,0.6867,0.44,0.4686
F_peak_3d_F4,delta,norm3,KNN,0.8867,0.6867,0.44,0.4686
F_de_3d_F4,beta,norm3,KNN,0.86,0.6829,0.45,0.4686
F_de_3d_F4,beta,norm2,KNN,0.86,0.6829,0.45,0.4686
F_peak_3d_F4,theta,norm3,KNN,0.8667,0.6848,0.38,0.4686
F_median_3d_2area,delta,norm3,Random Forest,0.8,0.6695,0.42,0.4686
F_peak_3d_F4,theta,norm2,KNN,0.8667,0.6848,0.38,0.4686
F_median_3d_F7,all,norm3,Random Forest,0.76,0.7048,0.43,0.4686
F_dasm_3d_3area,alpha,norm2,KNN,0.8467,0.6857,0.37,0.4686
F_mean_3d_3area,gamma,norm3,KNN,0.84,0.6971,0.47,0.4686
F_mean_3d_2area,alpha,norm3,Logistic Regression,0.5333,0.5419,0.44,0.4686
F_de_3d_F4,beta,norm3,XGBoost,0.5933,0.5733,0.5,0.4686
F_mean_3d_Cz,all,norm3,Random Forest,0.8,0.719,0.5,0.4686
F_mean_3d_Cz,alpha,None,Linear SVM,0.5867,0.5533,0.43,0.4686
F_median_3d_F7,all,norm3,KNN,0.88,0.7581,0.43,0.4686
F_de_3d_Fp1,gamma,norm3,Random Forest,0.6933,0.599,0.47,0.4686
F_mean_3d_3area,alpha,norm3,Logistic Regression,0.5533,0.5305,0.44,0.4686
F_rasm_3d,theta,norm2,KNN,0.82,0.6857,0.43,0.4686
F_de_3d_F4,beta,norm2,XGBoost,0.5933,0.5733,0.5,0.4686
F_median_3d_C3,all,norm3,Random Forest,0.78,0.7267,0.43,0.4686
F_median_3d_8rm,gamma,norm3,Random Forest,0.84,0.7571,0.48,0.4686
F_peak_3d_2area,all,norm3,KNN,0.9467,0.8362,0.44,0.4686
F_peak_3d_2area,beta,norm3,KNN,0.8733,0.7048,0.41,0.4686
F_mean_3d_2area,gamma,norm2,Ensemble (Majority Vote),0.68,0.6362,0.43,0.4686
F_de_3d_2area,alpha,norm3,Random Forest,0.7,0.6362,0.44,0.4686
F_de_3d_3area,gamma,norm3,KNN,0.8667,0.7048,0.45,0.4686
F_de_3d_1area,all,norm2,KNN,0.8533,0.7,0.44,0.4686
F_de_3d_Fp1,gamma,norm2,Random Forest,0.6933,0.599,0.47,0.4686
F_median_3d_Fp1,all,norm3,Ensemble (Majority Vote),0.7733,0.7295,0.47,0.4686
F_median_3d_Fp1,alpha,norm3,Random Forest,0.68,0.5952,0.37,0.4686
F_median_3d_10rm,gamma,norm3,Linear SVM,0.7,0.6648,0.46,0.4686
F_median_3d_Fp1,alpha,norm2,Random Forest,0.68,0.5952,0.37,0.4686
F_mean_3d_C4,gamma,None,Random Forest,0.6667,0.6276,0.41,0.4686
F_rasm_3d19,theta,norm3,Ensemble (Majority Vote),0.85,0.7429,0.4375,0.4679
F_mean_3d19,alpha,norm3,Random Forest,0.8833,0.806,0.4375,0.4679
F_rasm_3d19,beta,norm3,Logistic Regression,0.6,0.5524,0.4375,0.4679
F_median_3d19,theta,norm3,Ensemble (Majority Vote),0.95,0.8762,0.475,0.4679
F_mean_3d19,alpha,None,KNN,1.0,0.8964,0.45,0.4679
F_median_3d_3area,theta,norm3,Linear SVM,0.6,0.5752,0.49,0.4671
F_median_3d_Fp2,gamma,norm2,Ensemble (Majority Vote),0.6533,0.5971,0.45,0.4671
F_median_3d_T8,delta,norm2,Random Forest,0.6867,0.6162,0.36,0.4671
F_mean_3d_Cz,gamma,norm3,KNN,0.8533,0.68,0.45,0.4671
F_median_3d_T7,beta,norm2,Ensemble (Majority Vote),0.6733,0.6257,0.44,0.4671
F_median_3d_T8,delta,norm3,Random Forest,0.6867,0.6162,0.36,0.4671
F_mean_3d_Cz,gamma,norm2,KNN,0.8533,0.68,0.45,0.4671
F_median_3d_Cz,all,norm3,KNN,0.9,0.7724,0.46,0.4671
F_peak_3d_F7,delta,norm2,KNN,0.8667,0.6962,0.49,0.4671
F_de_3d_F4,all,norm3,Random Forest,0.76,0.7095,0.49,0.4671
F_peak_3d_F7,delta,norm3,Ensemble (Majority Vote),0.7067,0.6295,0.42,0.4671
F_median_3d_Fp2,gamma,norm3,Ensemble (Majority Vote),0.6533,0.5971,0.45,0.4671
F_dasm_3d,theta,norm3,KNN,0.8867,0.7619,0.44,0.4671
F_mean_3d_3area,gamma,norm3,Linear SVM,0.5733,0.5733,0.5,0.4671
F_median_3d_10rm,beta,norm2,Linear SVM,0.4467,0.5029,0.41,0.4671
F_median_3d_T7,beta,norm3,Ensemble (Majority Vote),0.6733,0.6257,0.44,0.4671
F_mean_3d_F7,theta,norm3,Random Forest,0.6533,0.5952,0.48,0.4671
F_peak_3d_F7,delta,norm2,Ensemble (Majority Vote),0.7067,0.6295,0.42,0.4671
F_peak_3d_F7,delta,norm3,KNN,0.8667,0.6962,0.49,0.4671
F_mean_3d_F7,theta,norm2,Random Forest,0.6533,0.5952,0.48,0.4671
F_de_3d_C4,theta,norm2,KNN,0.8333,0.6762,0.46,0.4671
F_peak_3d_10rm,all,norm2,XGBoost,1.0,0.9248,0.4,0.4671
F_median_3d_Fz,gamma,norm2,Ensemble (Majority Vote),0.7,0.6171,0.49,0.4671
F_de_3d_Fp2,all,norm2,Random Forest,0.86,0.7095,0.48,0.4671
F_de_3d_C3,all,norm3,Linear SVM,0.62,0.6248,0.46,0.4671
F_peak_3d_1area,gamma,norm2,Ensemble (Majority Vote),0.6733,0.6152,0.46,0.4671
F_median_3d_Fz,gamma,norm3,Ensemble (Majority Vote),0.7,0.6171,0.49,0.4671
F_de_3d_Fp1,beta,norm3,Ensemble (Majority Vote),0.6867,0.6314,0.41,0.4671
F_de_3d_Fp1,beta,norm2,Ensemble (Majority Vote),0.6867,0.6314,0.41,0.4671
F_de_3d_3area,theta,norm3,Random Forest,0.8067,0.6867,0.45,0.4671
F_peak_3d_1area,gamma,norm3,Ensemble (Majority Vote),0.6733,0.6152,0.46,0.4671
F_mean_3d_T8,all,norm3,XGBoost,0.8333,0.7371,0.5,0.4671
F_de_3d_C4,theta,norm3,KNN,0.8333,0.6762,0.46,0.4671
F_dasm_3d_8rm,beta,norm3,Random Forest,0.7133,0.6524,0.44,0.4671
F_mean_3d_Cz,alpha,None,Ensemble (Majority Vote),0.74,0.6448,0.4,0.4671
F_mean_3d_C4,alpha,norm3,KNN,0.78,0.6476,0.43,0.4671
F_median_3d_Fp1,all,None,KNN,0.9467,0.801,0.46,0.4671
F_peak_3d_Cz,gamma,None,XGBoost,0.5933,0.5905,0.44,0.4671
F_peak_3d_Cz,beta,norm3,Random Forest,0.6133,0.6,0.43,0.4671
F_peak_3d_Cz,beta,norm2,Random Forest,0.6133,0.6,0.43,0.4671
F_mean_3d_C4,alpha,norm2,KNN,0.78,0.6476,0.43,0.4671
F_median_3d_C4,alpha,None,Ensemble (Majority Vote),0.6933,0.6476,0.44,0.4671
F_de_3d_Cz,theta,None,Random Forest,0.68,0.6229,0.47,0.4671
F_de_3d_Cz,all,norm3,Random Forest,0.7867,0.7276,0.45,0.4671
F_median_3d_F7,all,norm3,Logistic Regression,0.6667,0.6267,0.5,0.4671
F_mean_3d_2area,gamma,norm2,Linear SVM,0.5133,0.501,0.42,0.4671
F_de_3d_Cz,all,norm3,Linear SVM,0.6,0.5762,0.47,0.4671
F_median_3d_Fp2,gamma,norm3,Random Forest,0.6733,0.5924,0.4,0.4671
F_median_3d_Fp2,gamma,norm2,Random Forest,0.6733,0.5924,0.4,0.4671
F_de_3d_2area,delta,norm3,Logistic Regression,0.5667,0.5724,0.43,0.4671
F_de_3d_F3,alpha,None,Ensemble (Majority Vote),0.7333,0.6429,0.43,0.4671
F_mean_3d_2area,alpha,norm3,Random Forest,0.6867,0.6419,0.48,0.4671
F_peak_3d19,gamma,norm2,Ensemble (Majority Vote),0.8917,0.7881,0.425,0.4661
F_de_3d19,theta,norm2,Random Forest,0.9167,0.781,0.4,0.4661
F_peak_3d19,gamma,norm2,Random Forest,0.975,0.8536,0.45,0.4661
F_de_3d_1area,gamma,norm2,KNN,0.8533,0.6714,0.44,0.4657
F_peak_3d_F8,alpha,norm3,Random Forest,0.6867,0.5819,0.43,0.4657
F_peak_3d_F8,alpha,norm2,Random Forest,0.6867,0.5819,0.43,0.4657
F_median_3d_3area,theta,norm3,Logistic Regression,0.6067,0.5771,0.5,0.4657
F_de_3d_1area,gamma,norm3,KNN,0.8533,0.6714,0.44,0.4657
F_median_3d_F8,theta,norm2,Random Forest,0.6267,0.5886,0.42,0.4657
F_dasm_3d_8rm,alpha,None,Logistic Regression,0.64,0.601,0.47,0.4657
F_median_3d_F4,gamma,norm2,XGBoost,0.6067,0.5657,0.43,0.4657
F_de_3d_F8,gamma,None,XGBoost,0.6733,0.6105,0.43,0.4657
F_de_3d_C3,all,None,Random Forest,0.7867,0.7229,0.47,0.4657
F_peak_3d_F7,all,norm2,XGBoost,0.8133,0.6667,0.46,0.4657
F_median_3d_10rm,theta,norm3,Ensemble (Majority Vote),0.8667,0.7705,0.47,0.4657
F_median_3d_F4,gamma,norm3,XGBoost,0.6067,0.5657,0.43,0.4657
F_peak_3d_F4,delta,norm2,Random Forest,0.7267,0.6057,0.41,0.4657
F_median_3d_F7,all,norm3,Linear SVM,0.6533,0.6267,0.46,0.4657
F_peak_3d_F4,delta,norm3,Random Forest,0.7267,0.6057,0.41,0.4657
F_rasm_3d_3area,delta,None,Linear SVM,0.4933,0.4962,0.44,0.4657
F_de_3d_C4,all,norm3,XGBoost,0.8533,0.7276,0.47,0.4657
F_rasm_3d_3area,all,norm3,Random Forest,0.8067,0.7343,0.47,0.4657
F_de_3d_T7,beta,None,Logistic Regression,0.58,0.5524,0.41,0.4657
F_rasm_3d_3area,gamma,None,XGBoost,0.7267,0.621,0.44,0.4657
F_peak_3d_C3,gamma,None,KNN,0.82,0.6943,0.43,0.4657
F_de_3d_3area,alpha,norm3,Linear SVM,0.5,0.5305,0.43,0.4657
F_de_3d_F4,theta,norm2,Random Forest,0.72,0.6048,0.45,0.4657
F_de_3d_3area,all,norm2,Random Forest,0.9467,0.7952,0.45,0.4657
F_peak_3d_C4,delta,None,Random Forest,0.6933,0.6181,0.44,0.4657
F_mean_3d_F7,gamma,None,Linear SVM,0.5333,0.5343,0.45,0.4657
F_peak_3d_Cz,alpha,norm2,Ensemble (Majority Vote),0.6533,0.621,0.42,0.4657
F_median_3d_Fp1,theta,norm2,Random Forest,0.7133,0.6114,0.45,0.4657
F_peak_3d_3area,gamma,None,Ensemble (Majority Vote),0.7667,0.7076,0.44,0.4657
F_peak_3d_Cz,alpha,norm3,Ensemble (Majority Vote),0.6533,0.621,0.42,0.4657
F_peak_3d_Cz,beta,norm2,KNN,0.8533,0.6924,0.41,0.4657
F_median_3d,delta,norm2,XGBoost,0.8667,0.7476,0.45,0.4657
F_peak_3d_Cz,beta,norm3,KNN,0.8533,0.6924,0.41,0.4657
F_de_3d_F4,theta,norm3,Random Forest,0.72,0.6048,0.45,0.4657
F_median_3d_F8,theta,norm3,Random Forest,0.6267,0.5886,0.42,0.4657
F_median_3d_Fp1,theta,norm3,Random Forest,0.7133,0.6114,0.45,0.4657
F_median_3d_T8,all,norm2,XGBoost,0.78,0.6486,0.38,0.4643
F_mean_3d_8rm,gamma,norm3,Logistic Regression,0.6533,0.6029,0.43,0.4643
F_peak_3d19,theta,norm2,Random Forest,0.9,0.7869,0.4875,0.4643
F_de_3d19,alpha,None,Random Forest,0.8667,0.8167,0.45,0.4643
F_de_3d_F7,alpha,None,Random Forest,0.6533,0.6067,0.47,0.4643
F_dasm_3d19,alpha,norm3,Ensemble (Majority Vote),0.8167,0.7655,0.4375,0.4643
F_median_3d_T7,theta,norm2,KNN,0.8533,0.6952,0.45,0.4643
F_median_3d_T7,theta,norm3,KNN,0.8533,0.6952,0.45,0.4643
F_peak_3d_T8,gamma,norm3,Random Forest,0.6867,0.6038,0.45,0.4643
F_median_3d_Fp1,alpha,norm3,KNN,0.86,0.6952,0.44,0.4643
F_median_3d_F8,theta,norm2,KNN,0.8333,0.679,0.4,0.4643
F_median_3d_Fp1,alpha,norm2,KNN,0.86,0.6952,0.44,0.4643
F_median_3d_F8,theta,norm3,KNN,0.8333,0.679,0.4,0.4643
F_peak_3d_T8,gamma,norm2,Random Forest,0.6867,0.6038,0.45,0.4643
F_median_3d_2area,theta,norm2,Random Forest,0.72,0.6219,0.44,0.4643
F_mean_3d_3area,gamma,norm3,Logistic Regression,0.5733,0.5724,0.49,0.4643
F_mean_3d_Cz,beta,norm3,Random Forest,0.7,0.6019,0.49,0.4643
F_mean_3d_Fp1,beta,norm2,Ensemble (Majority Vote),0.6733,0.6143,0.42,0.4643
F_mean_3d_Cz,beta,norm2,Random Forest,0.7,0.6019,0.49,0.4643
F_mean_3d_Fp1,beta,norm3,Ensemble (Majority Vote),0.6733,0.6143,0.42,0.4643
F_peak_3d_3area,gamma,norm3,Ensemble (Majority Vote),0.6733,0.6362,0.43,0.4643
F_dasm_3d_10rm,beta,norm3,Random Forest,0.74,0.6876,0.48,0.4643
F_dasm_3d_10rm,beta,norm3,Logistic Regression,0.6067,0.5838,0.47,0.4643
F_mean_3d_Cz,beta,None,Random Forest,0.7,0.6257,0.44,0.4643
F_dasm_3d_10rm,beta,norm3,Linear SVM,0.62,0.5867,0.46,0.4643
F_peak_3d_2area,delta,norm3,Linear SVM,0.5733,0.5743,0.4,0.4643
F_peak_3d_2area,delta,norm3,Ensemble (Majority Vote),0.6667,0.6524,0.4,0.4643
F_peak_3d_2area,beta,norm3,Random Forest,0.7333,0.6486,0.47,0.4643
F_mean_3d_C3,alpha,norm3,Random Forest,0.7,0.5876,0.41,0.4643
F_peak_3d_8rm,beta,norm2,KNN,0.8267,0.6762,0.42,0.4643
F_mean_3d_C3,alpha,norm2,Random Forest,0.7,0.5876,0.41,0.4643
F_rasm_3d,gamma,norm3,Linear SVM,0.64,0.5733,0.4,0.4643
F_median_3d_2area,beta,norm2,XGBoost,0.7067,0.5933,0.47,0.4643
F_mean_3d_3area,alpha,None,XGBoost,0.7333,0.6952,0.46,0.4643
F_mean_3d_10rm,gamma,norm2,Ensemble (Majority Vote),0.9,0.7771,0.42,0.4643
F_median_3d_F4,gamma,norm2,Random Forest,0.68,0.601,0.47,0.4629
F_median_3d_F3,gamma,norm3,Ensemble (Majority Vote),0.7733,0.6448,0.43,0.4629
F_median_3d_Cz,delta,None,Logistic Regression,0.5333,0.5162,0.45,0.4629
F_median_3d_F3,gamma,norm3,Random Forest,0.7133,0.6076,0.48,0.4629
F_peak_3d_F3,alpha,None,Random Forest,0.72,0.6381,0.45,0.4629
F_median_3d_Cz,delta,None,Linear SVM,0.5333,0.5162,0.45,0.4629
F_mean_3d_1area,all,norm2,Ensemble (Majority Vote),0.8267,0.6924,0.49,0.4629
F_peak_3d_F8,gamma,None,XGBoost,0.6267,0.5848,0.42,0.4629
F_mean_3d_C3,alpha,None,XGBoost,0.6133,0.5895,0.47,0.4629
F_mean_3d_C4,beta,norm2,Random Forest,0.7267,0.5943,0.43,0.4629
F_mean_3d_C4,all,norm3,Logistic Regression,0.6,0.5876,0.43,0.4629
F_mean_3d_C4,all,norm3,KNN,0.8467,0.7419,0.43,0.4629
F_mean_3d_10rm,beta,norm2,XGBoost,0.9067,0.7371,0.43,0.4629
F_median_3d_F4,gamma,norm3,Random Forest,0.68,0.601,0.47,0.4629
F_mean_3d_2area,theta,norm2,Ensemble (Majority Vote),0.7067,0.6343,0.46,0.4629
F_dasm_3d_8rm,alpha,norm3,Linear SVM,0.6133,0.599,0.42,0.4629
F_rasm_3d_8rm,gamma,norm3,Ensemble (Majority Vote),0.7733,0.6686,0.38,0.4629
F_mean_3d_C4,beta,norm3,Random Forest,0.7267,0.5943,0.43,0.4629
F_median_3d_F3,gamma,norm2,Random Forest,0.7133,0.6076,0.48,0.4629
F_de_3d_1area,theta,norm2,Ensemble (Majority Vote),0.6467,0.5952,0.39,0.4629
F_de_3d_F7,all,None,KNN,0.9133,0.7886,0.45,0.4629
F_rasm_3d_3area,beta,None,Linear SVM,0.5067,0.5162,0.47,0.4629
F_median_3d_2area,beta,norm2,KNN,0.8867,0.6962,0.47,0.4629
F_median_3d_3area,theta,norm2,Random Forest,0.7533,0.639,0.46,0.4629
F_median_3d_1area,all,norm3,XGBoost,0.8667,0.7667,0.44,0.4629
F_median_3d,all,norm3,Linear SVM,1.0,0.9714,0.47,0.4629
F_de_3d_1area,theta,norm3,Ensemble (Majority Vote),0.6467,0.5952,0.39,0.4629
F_median_3d_F3,gamma,norm2,Ensemble (Majority Vote),0.7733,0.6448,0.43,0.4629
F_rasm_3d_3area,all,norm3,XGBoost,0.8467,0.7467,0.48,0.4629
F_mean_3d_Fp1,beta,norm2,XGBoost,0.56,0.5343,0.43,0.4629
F_mean_3d_Fp1,beta,norm3,XGBoost,0.56,0.5343,0.43,0.4629
F_peak_3d_3area,gamma,None,Random Forest,0.8133,0.7076,0.42,0.4629
F_de_3d_2area,beta,norm2,XGBoost,0.7267,0.6229,0.43,0.4629
F_de_3d_2area,theta,norm2,XGBoost,0.6267,0.5724,0.44,0.4629
F_median_3d19,beta,norm2,XGBoost,0.9833,0.8179,0.4,0.4625
F_de_3d19,alpha,None,Ensemble (Majority Vote),0.9417,0.8607,0.4625,0.4625
F_dasm_3d19,alpha,norm2,Ensemble (Majority Vote),0.8833,0.7345,0.425,0.4625
F_rasm_3d19,theta,norm2,XGBoost,0.9,0.7845,0.4125,0.4625
F_peak_3d19,alpha,norm3,Logistic Regression,0.7917,0.7393,0.4625,0.4625
F_peak_3d19,gamma,norm2,XGBoost,0.9583,0.8107,0.4375,0.4625
F_median_3d_T8,theta,None,Random Forest,0.6533,0.6181,0.43,0.4614
F_peak_3d_C4,all,norm3,XGBoost,0.8333,0.7295,0.4,0.4614
F_mean_3d_8rm,gamma,norm3,Linear SVM,0.6533,0.6019,0.43,0.4614
F_mean_3d_Fz,all,norm2,Random Forest,0.9067,0.7162,0.4,0.4614
F_mean_3d_F7,beta,norm2,Random Forest,0.6733,0.5943,0.37,0.4614
F_mean_3d_10rm,gamma,norm2,XGBoost,0.96,0.7724,0.44,0.4614
F_mean_3d_1area,beta,norm3,Random Forest,0.7267,0.6048,0.4,0.4614
F_rasm_3d_3area,delta,norm3,Random Forest,0.64,0.6124,0.42,0.4614
F_mean_3d_1area,beta,norm2,Random Forest,0.7267,0.6048,0.4,0.4614
F_median_3d_2area,gamma,norm2,XGBoost,0.6667,0.6162,0.45,0.4614
F_mean_3d_F7,gamma,None,Logistic Regression,0.54,0.5343,0.45,0.4614
F_de_3d_Fz,gamma,norm2,KNN,0.8533,0.6752,0.44,0.4614
F_rasm_3d_3area,delta,norm2,Random Forest,0.64,0.6124,0.42,0.4614
F_de_3d_T8,all,norm2,XGBoost,0.8467,0.6733,0.44,0.4614
F_de_3d_F4,beta,norm2,Ensemble (Majority Vote),0.68,0.6152,0.5,0.4614
F_mean_3d_C3,gamma,norm3,Random Forest,0.6733,0.6029,0.5,0.4614
F_mean_3d_T8,delta,None,Linear SVM,0.56,0.539,0.43,0.4614
F_median_3d_C3,all,norm3,XGBoost,0.7933,0.7352,0.42,0.4614
F_mean_3d_T7,beta,norm3,XGBoost,0.6067,0.539,0.42,0.4614
F_mean_3d_8rm,beta,norm2,XGBoost,0.9,0.7048,0.45,0.4614
F_de_3d_F4,beta,norm3,Ensemble (Majority Vote),0.68,0.6152,0.5,0.4614
F_de_3d_Fz,gamma,norm3,KNN,0.8533,0.6752,0.44,0.4614
F_mean_3d_C3,all,norm3,KNN,0.8933,0.7743,0.4,0.4614
F_median_3d_C3,alpha,None,XGBoost,0.6267,0.5905,0.46,0.4614
F_mean_3d_T7,beta,norm2,XGBoost,0.6067,0.539,0.42,0.4614
F_rasm_3d_3area,all,norm3,Logistic Regression,0.62,0.559,0.42,0.4614
F_median_3d_C4,alpha,None,Random Forest,0.7,0.6314,0.46,0.4614
F_mean_3d_C3,gamma,norm2,Random Forest,0.6733,0.6029,0.5,0.4614
F_mean_3d_F7,beta,norm3,Random Forest,0.6733,0.5943,0.37,0.4614
F_mean_3d_1area,all,norm2,XGBoost,0.8333,0.6695,0.47,0.4614
F_peak_3d_1area,all,norm2,Random Forest,0.88,0.7,0.42,0.4614
F_de_3d_2area,theta,norm3,Ensemble (Majority Vote),0.7067,0.6457,0.45,0.4614
F_peak_3d_C4,gamma,norm3,Random Forest,0.72,0.6095,0.43,0.4614
F_de_3d_1area,gamma,norm2,Ensemble (Majority Vote),0.7067,0.6352,0.47,0.4614
F_peak_3d_C4,gamma,norm3,XGBoost,0.62,0.5838,0.45,0.4614
F_de_3d_1area,gamma,norm3,Ensemble (Majority Vote),0.7067,0.6352,0.47,0.4614
F_median_3d_Fp2,gamma,norm3,XGBoost,0.62,0.5657,0.39,0.4614
F_median_3d_Fp2,gamma,norm2,XGBoost,0.62,0.5657,0.39,0.4614
F_de_3d_1area,theta,norm2,KNN,0.8333,0.6686,0.4,0.4614
F_de_3d_1area,theta,norm3,KNN,0.8333,0.6686,0.4,0.4614
F_peak_3d_F4,gamma,norm2,Random Forest,0.7067,0.5943,0.45,0.4614
F_peak_3d_F4,gamma,norm3,Random Forest,0.7067,0.5943,0.45,0.4614
F_median_3d_T8,delta,norm2,XGBoost,0.6533,0.5914,0.43,0.4614
F_median_3d_T8,delta,norm3,XGBoost,0.6533,0.5914,0.43,0.4614
F_peak_3d_C4,gamma,norm2,Random Forest,0.72,0.6095,0.43,0.4614
F_de_3d_2area,delta,norm3,Linear SVM,0.5733,0.5762,0.42,0.4614
F_peak_3d_C4,gamma,norm2,XGBoost,0.62,0.5838,0.45,0.4614
F_median_3d_F4,theta,None,Random Forest,0.6733,0.6095,0.42,0.4614
F_de_3d_C3,all,None,XGBoost,0.7933,0.7267,0.45,0.4614
F_peak_3d_T8,theta,None,Ensemble (Majority Vote),0.7067,0.6305,0.44,0.4614
F_de_3d_F3,alpha,None,XGBoost,0.66,0.6057,0.47,0.4614
F_peak_3d_2area,delta,norm3,Logistic Regression,0.58,0.5724,0.39,0.4614
F_de_3d_8rm,alpha,norm3,KNN,0.94,0.8124,0.46,0.4614
F_de_3d_F4,theta,norm2,Ensemble (Majority Vote),0.6867,0.6162,0.38,0.46
F_de_3d_Fz,gamma,norm2,Ensemble (Majority Vote),0.6267,0.6,0.46,0.46
F_de_3d_C4,all,norm3,KNN,0.8733,0.7514,0.39,0.46
F_de_3d_F4,theta,norm3,Ensemble (Majority Vote),0.6867,0.6162,0.38,0.46
F_median_3d_Cz,alpha,None,Ensemble (Majority Vote),0.72,0.64,0.48,0.46
F_mean_3d_1area,beta,norm3,Ensemble (Majority Vote),0.66,0.621,0.44,0.46
F_peak_3d_1area,gamma,norm2,XGBoost,0.62,0.5857,0.42,0.46
F_median_3d_8rm,gamma,norm3,XGBoost,0.8933,0.7962,0.44,0.46
F_de_3d_Fz,gamma,norm3,Ensemble (Majority Vote),0.6267,0.6,0.46,0.46
F_peak_3d_Cz,delta,None,Linear SVM,0.5333,0.5343,0.46,0.46
F_de_3d_3area,gamma,norm2,XGBoost,0.7333,0.641,0.39,0.46
F_median_3d_3area,beta,norm3,Ensemble (Majority Vote),0.74,0.6705,0.41,0.46
F_de_3d_T7,beta,None,Linear SVM,0.5667,0.5476,0.4,0.46
F_mean_3d_1area,beta,norm2,Ensemble (Majority Vote),0.66,0.621,0.44,0.46
F_peak_3d_1area,gamma,norm3,XGBoost,0.62,0.5857,0.42,0.46
F_median_3d_2area,beta,norm2,Ensemble (Majority Vote),0.6933,0.6362,0.41,0.46
F_peak_3d_T7,alpha,None,KNN,0.8667,0.7029,0.42,0.46
F_de_3d_C3,beta,norm3,KNN,0.8667,0.6952,0.39,0.46
F_peak_3d_Fp1,beta,norm3,Random Forest,0.6733,0.5952,0.36,0.46
F_de_3d_C3,beta,norm2,KNN,0.8667,0.6952,0.39,0.46
F_de_3d_Cz,gamma,None,Logistic Regression,0.5533,0.5381,0.45,0.46
F_peak_3d_Fp1,beta,norm2,Random Forest,0.6733,0.5952,0.36,0.46
F_de_3d_Cz,gamma,None,Linear SVM,0.5533,0.5381,0.45,0.46
F_peak_3d19,alpha,norm3,Random Forest,0.9,0.8155,0.4375,0.4589
F_de_3d19,alpha,None,KNN,0.9917,0.9131,0.4375,0.4589
F_mean_3d19,alpha,None,XGBoost,0.9667,0.8976,0.425,0.4589
F_dasm_3d,gamma,norm2,Ensemble (Majority Vote),0.8733,0.701,0.43,0.4586
F_de_3d_3area,theta,norm3,XGBoost,0.7467,0.6657,0.42,0.4586
F_mean_3d_T8,theta,None,Random Forest,0.68,0.6219,0.43,0.4586
F_de_3d_1area,gamma,norm3,XGBoost,0.6267,0.5876,0.42,0.4586
F_peak_3d_2area,all,norm2,XGBoost,0.8933,0.761,0.46,0.4586
F_dasm_3d,gamma,norm2,KNN,0.8467,0.6857,0.37,0.4586
F_peak_3d_2area,gamma,None,Logistic Regression,0.5733,0.5581,0.47,0.4586
F_de_3d_C3,all,norm3,XGBoost,0.8067,0.7514,0.4,0.4586
F_de_3d_1area,gamma,norm2,XGBoost,0.6267,0.5876,0.42,0.4586
F_dasm_3d,alpha,norm3,Linear SVM,0.6533,0.619,0.44,0.4586
F_peak_3d_F4,delta,None,Ensemble (Majority Vote),0.6867,0.6286,0.46,0.4586
F_median_3d_3area,theta,norm3,XGBoost,0.7067,0.6533,0.45,0.4586
F_median_3d_F7,all,norm3,Ensemble (Majority Vote),0.7867,0.7105,0.44,0.4586
F_peak_3d_F4,delta,None,Random Forest,0.6667,0.6133,0.47,0.4586
F_dasm_3d_8rm,gamma,norm2,Random Forest,0.9,0.6905,0.41,0.4586
F_mean_3d_Cz,beta,None,Ensemble (Majority Vote),0.7067,0.6333,0.47,0.4586
F_de_3d_F4,all,norm3,XGBoost,0.8467,0.7324,0.46,0.4586
F_dasm_3d_8rm,alpha,norm3,Logistic Regression,0.6133,0.6038,0.41,0.4586
F_de_3d_F4,all,norm2,Random Forest,0.9333,0.7305,0.41,0.4586
F_dasm_3d,alpha,norm3,Logistic Regression,0.6467,0.62,0.45,0.4586
F_mean_3d_F7,all,norm3,KNN,0.8667,0.76,0.45,0.4586
F_dasm_3d_3area,all,norm3,KNN,0.8533,0.7724,0.44,0.4586
F_mean_3d_1area,gamma,norm2,Random Forest,0.6867,0.5838,0.48,0.4571
F_de_3d_Fp2,theta,norm3,Random Forest,0.7067,0.619,0.44,0.4571
F_peak_3d19,alpha,norm3,Ensemble (Majority Vote),0.9333,0.8452,0.4875,0.4571
F_dasm_3d19,alpha,norm2,Random Forest,0.9583,0.7798,0.4,0.4571
F_mean_3d_2area,theta,norm2,KNN,0.78,0.6867,0.45,0.4571
F_dasm_3d_10rm,alpha,None,Linear SVM,0.64,0.6076,0.48,0.4571
F_de_3d_8rm,alpha,norm3,XGBoost,0.8733,0.7905,0.44,0.4571
F_de_3d_Fp2,theta,norm2,Random Forest,0.7067,0.619,0.44,0.4571
F_mean_3d_Fz,beta,norm3,XGBoost,0.5933,0.5724,0.39,0.4571
F_de_3d_F4,alpha,norm3,Random Forest,0.7267,0.6019,0.43,0.4571
F_de_3d_F4,alpha,norm2,Random Forest,0.7267,0.6019,0.43,0.4571
F_mean_3d_1area,gamma,norm3,Random Forest,0.6867,0.5838,0.48,0.4571
F_mean_3d_F7,gamma,None,XGBoost,0.6,0.5781,0.46,0.4571
F_peak_3d_F8,all,None,XGBoost,0.8067,0.7171,0.44,0.4571
F_de_3d_F4,theta,None,KNN,0.88,0.7143,0.4,0.4571
F_mean_3d_Fp2,delta,None,Linear SVM,0.5933,0.5743,0.42,0.4571
F_median_3d_Fz,beta,norm3,Ensemble (Majority Vote),0.6733,0.6076,0.39,0.4571
F_median_3d_3area,gamma,norm3,Ensemble (Majority Vote),0.7133,0.6581,0.48,0.4571
F_rasm_3d,gamma,norm3,Logistic Regression,0.6333,0.5648,0.42,0.4571
F_median_3d_Fz,beta,norm2,Ensemble (Majority Vote),0.6733,0.6076,0.39,0.4571
F_peak_3d_F3,alpha,None,Ensemble (Majority Vote),0.6933,0.6362,0.45,0.4571
F_mean_3d_Fz,beta,norm2,XGBoost,0.5933,0.5724,0.39,0.4571
F_mean_3d_C4,all,norm3,Ensemble (Majority Vote),0.7467,0.7105,0.46,0.4571
F_peak_3d_F8,all,None,Random Forest,0.76,0.7105,0.44,0.4571
F_peak_3d_C3,all,norm3,Ensemble (Majority Vote),0.7667,0.7181,0.46,0.4571
F_de_3d19,alpha,norm3,KNN,0.9583,0.8762,0.4625,0.4571
F_peak_3d_F4,delta,None,XGBoost,0.6733,0.6057,0.45,0.4557
F_mean_3d_3area,gamma,norm3,Random Forest,0.6867,0.641,0.45,0.4557
F_mean_3d_Cz,all,None,Random Forest,0.8267,0.7124,0.49,0.4557
F_mean_3d_Fp2,delta,None,Logistic Regression,0.5867,0.5733,0.42,0.4557
F_peak_3d_Cz,delta,None,Logistic Regression,0.5333,0.5333,0.46,0.4557
F_peak_3d_2area,all,norm2,Random Forest,0.9133,0.7686,0.38,0.4557
F_peak_3d_3area,gamma,None,XGBoost,0.7867,0.6914,0.44,0.4557
F_mean_3d_3area,gamma,norm3,Ensemble (Majority Vote),0.6667,0.6276,0.47,0.4557
F_median_3d_F7,all,norm3,XGBoost,0.86,0.7495,0.42,0.4557
F_median_3d_Fp2,delta,norm3,KNN,0.8467,0.7124,0.37,0.4557
F_median_3d_C4,theta,None,KNN,0.8067,0.6781,0.45,0.4557
F_median_3d_3area,theta,norm3,Ensemble (Majority Vote),0.72,0.6476,0.48,0.4557
F_rasm_3d_3area,all,norm3,Linear SVM,0.6,0.5562,0.39,0.4557
F_median_3d_Fp2,delta,norm2,KNN,0.8467,0.7124,0.37,0.4557
F_de_3d_Cz,delta,None,Linear SVM,0.5267,0.5286,0.41,0.4557
F_median_3d_2area,delta,norm3,KNN,0.82,0.7057,0.42,0.4557
F_median_3d_F4,all,norm2,KNN,0.8333,0.699,0.39,0.4557
F_median_3d19,alpha,norm3,KNN,0.9833,0.8869,0.4125,0.4554
F_median_3d19,all,norm2,Linear SVM,0.5667,0.5238,0.375,0.4554
F_median_3d_8rm,alpha,norm2,Linear SVM,0.5133,0.501,0.41,0.4543
F_dasm_3d_10rm,alpha,norm3,Linear SVM,0.6333,0.6076,0.44,0.4543
F_median_3d_Fp2,beta,None,KNN,0.8267,0.6838,0.4,0.4543
F_mean_3d_F7,all,None,KNN,0.9467,0.8,0.49,0.4543
F_dasm_3d_10rm,alpha,norm3,Logistic Regression,0.6333,0.6067,0.44,0.4543
F_mean_3d_F7,all,norm2,XGBoost,0.8133,0.6514,0.43,0.4543
F_de_3d_Cz,delta,None,Logistic Regression,0.52,0.5276,0.41,0.4543
F_median_3d_C4,alpha,norm2,KNN,0.82,0.6743,0.41,0.4543
F_median_3d_C4,alpha,norm3,KNN,0.82,0.6743,0.41,0.4543
F_de_3d_Cz,theta,None,XGBoost,0.6067,0.5867,0.47,0.4543
F_median_3d_2area,gamma,norm2,Random Forest,0.78,0.6486,0.4,0.4543
F_mean_3d_T8,delta,None,Logistic Regression,0.56,0.5381,0.42,0.4543
F_median_3d_2area,delta,norm3,XGBoost,0.7467,0.6524,0.42,0.4543
F_de_3d_F4,all,norm2,KNN,0.8067,0.6743,0.39,0.4543
F_median_3d_Fz,beta,norm2,Random Forest,0.6533,0.5819,0.37,0.4529
F_median_3d_Fz,beta,norm3,Random Forest,0.6533,0.5819,0.37,0.4529
F_dasm_3d_3area,all,norm3,Random Forest,0.8133,0.7467,0.42,0.4529
F_de_3d_T8,delta,None,Ensemble (Majority Vote),0.66,0.6095,0.41,0.4529
F_dasm_3d_3area,all,norm3,XGBoost,0.8467,0.76,0.41,0.4529
F_median_3d_C3,alpha,norm3,Random Forest,0.6933,0.6019,0.38,0.4529
F_median_3d_C4,all,norm3,KNN,0.8733,0.7581,0.41,0.4529
F_de_3d_C4,all,norm2,Random Forest,0.9,0.7124,0.41,0.4529
F_de_3d_F4,beta,norm3,Random Forest,0.6667,0.5895,0.45,0.4529
F_de_3d_F4,beta,norm2,Random Forest,0.6667,0.5895,0.45,0.4529
F_median_3d_C3,alpha,norm2,Random Forest,0.6933,0.6019,0.38,0.4529
F_de_3d_Fp1,beta,norm3,XGBoost,0.5867,0.5838,0.43,0.4529
F_de_3d_F8,alpha,norm2,KNN,0.8267,0.7,0.36,0.4529
F_mean_3d_Fz,beta,norm2,KNN,0.8667,0.7,0.36,0.4529
F_mean_3d_Fz,beta,norm3,KNN,0.8667,0.7,0.36,0.4529
F_de_3d_Fp1,beta,norm2,XGBoost,0.5867,0.5838,0.43,0.4529
F_de_3d_F8,alpha,norm3,KNN,0.8267,0.7,0.36,0.4529
F_peak_3d_1area,gamma,norm3,Random Forest,0.6467,0.5895,0.39,0.4529
F_peak_3d_1area,gamma,norm2,Random Forest,0.6467,0.5895,0.39,0.4529
F_de_3d19,theta,None,XGBoost,0.9667,0.8929,0.3875,0.4518
F_de_3d19,alpha,norm3,Logistic Regression,0.825,0.7298,0.4125,0.4518
F_de_3d19,alpha,None,XGBoost,0.975,0.9095,0.4375,0.4518
F_mean_3d19,alpha,norm3,XGBoost,0.9833,0.9,0.3875,0.4518
F_dasm_3d19,alpha,norm3,Linear SVM,0.7333,0.6619,0.45,0.4518
F_mean_3d_3area,theta,norm3,Random Forest,0.74,0.6771,0.46,0.4514
F_mean_3d_F7,gamma,None,Ensemble (Majority Vote),0.6667,0.619,0.46,0.4514
F_median_3d_Fp1,all,norm3,Linear SVM,0.66,0.6495,0.44,0.4514
F_peak_3d_C3,all,norm3,Random Forest,0.78,0.7305,0.44,0.4514
F_median_3d_C4,all,norm3,Random Forest,0.7733,0.7181,0.41,0.4514
F_median_3d_2area,beta,norm2,Random Forest,0.7533,0.6352,0.42,0.4514
F_de_3d_3area,gamma,norm3,XGBoost,0.68,0.6486,0.41,0.4514
F_peak_3d_Fp1,beta,norm2,Ensemble (Majority Vote),0.62,0.6029,0.46,0.4514
F_de_3d_T8,delta,None,KNN,0.8267,0.7029,0.4,0.4514
F_peak_3d_Fp1,beta,norm3,Ensemble (Majority Vote),0.62,0.6029,0.46,0.4514
F_de_3d_3area,alpha,norm3,Logistic Regression,0.5,0.5295,0.44,0.4514
F_dasm_3d_3area,all,norm3,Ensemble (Majority Vote),0.8067,0.7381,0.43,0.4514
F_de_3d_Fp1,beta,norm2,Random Forest,0.68,0.6038,0.39,0.45
F_mean_3d_2area,delta,norm3,Logistic Regression,0.5667,0.5771,0.42,0.45
F_mean_3d_2area,delta,norm3,Linear SVM,0.5733,0.5829,0.41,0.45
F_dasm_3d19,alpha,norm2,KNN,0.8583,0.6905,0.4125,0.45
F_de_3d_Fp1,beta,norm3,Random Forest,0.68,0.6038,0.39,0.45
F_mean_3d_C4,gamma,norm3,KNN,0.8533,0.6905,0.38,0.45
F_median_3d_8rm,gamma,norm3,Ensemble (Majority Vote),0.8333,0.7657,0.42,0.45
F_de_3d_3area,gamma,norm3,Random Forest,0.7733,0.6771,0.43,0.45
F_mean_3d_C4,gamma,norm2,KNN,0.8533,0.6905,0.38,0.45
F_mean_3d_Fp1,beta,norm3,Random Forest,0.6733,0.5867,0.39,0.45
F_peak_3d_3area,gamma,norm3,Random Forest,0.7467,0.6543,0.45,0.45
F_mean_3d_Fp1,beta,norm2,Random Forest,0.6733,0.5867,0.39,0.45
F_median_3d_3area,gamma,norm3,Logistic Regression,0.5867,0.5648,0.42,0.45
F_peak_3d_F7,delta,norm3,Random Forest,0.7067,0.5971,0.39,0.4486
F_median_3d_8rm,gamma,norm3,Logistic Regression,0.6667,0.6429,0.42,0.4486
F_dasm_3d_10rm,alpha,None,Logistic Regression,0.6467,0.6067,0.45,0.4486
F_median_3d_T7,gamma,None,Random Forest,0.6467,0.6152,0.43,0.4486
F_mean_3d_C4,gamma,norm2,XGBoost,0.6,0.5781,0.43,0.4486
F_peak_3d_F7,delta,norm2,Random Forest,0.7067,0.5971,0.39,0.4486
F_mean_3d_Fz,beta,norm3,Random Forest,0.6533,0.5895,0.37,0.4486
F_mean_3d_C4,gamma,norm3,XGBoost,0.6,0.5781,0.43,0.4486
F_median_3d_3area,gamma,norm3,Linear SVM,0.5867,0.5657,0.42,0.4486
F_mean_3d_Fz,beta,norm2,Random Forest,0.6533,0.5895,0.37,0.4486
F_mean_3d_T8,theta,None,XGBoost,0.64,0.6114,0.41,0.4486
F_peak_3d19,alpha,None,KNN,0.9917,0.9143,0.4375,0.4482
F_dasm_3d19,alpha,norm3,Logistic Regression,0.7083,0.6607,0.45,0.4482
F_de_3d19,theta,None,KNN,0.9833,0.8917,0.4,0.4482
F_peak_3d_2area,gamma,None,Linear SVM,0.5867,0.5657,0.44,0.4471
F_dasm_3d_8rm,beta,norm3,Ensemble (Majority Vote),0.7333,0.6457,0.43,0.4471
F_peak_3d_T7,beta,None,Ensemble (Majority Vote),0.6267,0.5933,0.47,0.4471
F_median_3d_3area,gamma,norm2,Random Forest,0.8667,0.6829,0.41,0.4471
F_mean_3d_Fp1,all,norm3,Logistic Regression,0.6733,0.6514,0.45,0.4471
F_median_3d19,theta,None,KNN,1.0,0.9119,0.45,0.4464
F_rasm_3d19,all,norm3,Random Forest,0.875,0.8488,0.4125,0.4464
F_median_3d_C4,alpha,None,KNN,0.88,0.719,0.39,0.4457
F_mean_3d_Fz,beta,norm3,Ensemble (Majority Vote),0.7267,0.6486,0.38,0.4457
F_median_3d_F3,gamma,norm3,KNN,0.84,0.6886,0.37,0.4457
F_median_3d_F3,gamma,norm2,KNN,0.84,0.6886,0.37,0.4457
F_peak_3d_F4,delta,None,KNN,0.82,0.6914,0.4,0.4457
F_mean_3d_Fz,beta,norm2,Ensemble (Majority Vote),0.7267,0.6486,0.38,0.4457
F_median_3d_2area,delta,norm3,Logistic Regression,0.6067,0.58,0.42,0.4457
F_de_3d_10rm,all,norm3,XGBoost,1.0,0.9781,0.39,0.4457
F_mean_3d_C4,all,norm3,Random Forest,0.8,0.7162,0.43,0.4443
F_mean_3d_C4,gamma,norm2,Ensemble (Majority Vote),0.62,0.6181,0.46,0.4443
F_mean_3d_C4,gamma,norm3,Ensemble (Majority Vote),0.62,0.6181,0.46,0.4443
F_peak_3d_C3,all,norm3,XGBoost,0.8,0.7171,0.4,0.4429
F_de_3d_C4,all,norm3,Linear SVM,0.56,0.5733,0.48,0.4429
F_mean_3d_Cz,all,norm3,KNN,0.8733,0.7543,0.47,0.4429
F_median_3d_2area,delta,norm3,Ensemble (Majority Vote),0.7333,0.6933,0.43,0.4429
F_median_3d_T7,gamma,None,XGBoost,0.6067,0.5971,0.4,0.4429
F_median_3d_T8,theta,None,XGBoost,0.62,0.5971,0.39,0.4429
F_rasm_3d19,theta,norm3,XGBoost,0.9083,0.8107,0.4,0.4429
F_de_3d19,theta,norm3,XGBoost,0.9667,0.8786,0.4125,0.4429
F_median_3d_2area,delta,norm3,Linear SVM,0.6067,0.5819,0.42,0.4429
F_peak_3d_3area,gamma,norm3,Linear SVM,0.5733,0.5686,0.43,0.4429
F_peak_3d_T7,beta,None,Random Forest,0.7067,0.619,0.41,0.4414
F_de_3d_3area,gamma,norm3,Ensemble (Majority Vote),0.7,0.6686,0.45,0.4414
F_de_3d,all,norm3,XGBoost,1.0,0.981,0.4,0.4414
F_de_3d_3area,gamma,norm3,Logistic Regression,0.56,0.5543,0.48,0.4414
F_peak_3d_F3,alpha,None,XGBoost,0.6667,0.6086,0.43,0.4414
F_de_3d19,alpha,norm3,Random Forest,0.9167,0.8298,0.3875,0.4411
F_peak_3d_3area,gamma,norm3,Logistic Regression,0.5733,0.5733,0.44,0.44
F_de_3d_3area,gamma,norm3,Linear SVM,0.5667,0.5552,0.49,0.44
F_de_3d_T8,theta,None,XGBoost,0.6667,0.6067,0.43,0.44
F_de_3d19,theta,norm3,KNN,0.975,0.8679,0.45,0.4393
F_peak_3d_2area,beta,norm3,Linear SVM,0.5267,0.5324,0.42,0.4386
F_peak_3d_T8,theta,None,Linear SVM,0.5733,0.5333,0.4,0.4371
F_peak_3d_T7,beta,None,XGBoost,0.62,0.5781,0.45,0.4371
F_median_3d_8rm,gamma,norm3,Linear SVM,0.66,0.6371,0.4,0.4371
F_mean_3d_1area,all,norm2,KNN,0.82,0.6781,0.42,0.4357
F_median_3d_Fp1,all,norm3,Logistic Regression,0.6733,0.6505,0.46,0.4343
F_peak_3d_2area,beta,norm3,Ensemble (Majority Vote),0.7067,0.6419,0.39,0.4343
F_peak_3d_2area,beta,norm3,Logistic Regression,0.52,0.5333,0.42,0.4343
F_de_3d19,alpha,norm3,Ensemble (Majority Vote),0.95,0.8619,0.4,0.4339
F_rasm_3d19,theta,norm3,Random Forest,0.8583,0.7464,0.4125,0.4339
F_peak_3d_T8,theta,None,Logistic Regression,0.5667,0.5324,0.4,0.4329
F_de_3d_C4,all,norm3,Random Forest,0.82,0.7219,0.43,0.4329
F_peak_3d_T7,beta,None,Linear SVM,0.5733,0.5514,0.44,0.4314
F_de_3d_C4,all,norm3,Ensemble (Majority Vote),0.7667,0.7048,0.46,0.4314
F_peak_3d_T7,beta,None,Logistic Regression,0.5733,0.5524,0.44,0.43
F_median_3d_3area,theta,norm3,Random Forest,0.7267,0.6676,0.42,0.43
F_de_3d_C4,all,norm3,Logistic Regression,0.5867,0.5829,0.41,0.43
F_median_3d_Cz,alpha,None,Linear SVM,0.5667,0.5362,0.4,0.4286
F_mean_3d_C4,gamma,norm3,Random Forest,0.6333,0.6029,0.38,0.4286
F_mean_3d_C4,gamma,norm2,Random Forest,0.6333,0.6029,0.38,0.4286
F_median_3d_Cz,alpha,None,Logistic Regression,0.56,0.5333,0.41,0.4271
F_peak_3d_F3,alpha,None,Linear SVM,0.54,0.5448,0.39,0.4229
F_peak_3d_F3,alpha,None,Logistic Regression,0.5467,0.5438,0.39,0.4229
