특징,밴드,정규화,모델,학습 정확도 (Trial),학습 정확도 (Epoch),테스트 정확도 (Trial),테스트 정확도 (Epoch)
F_peak_3d,all,None,Ensemble (Majority Vote),1.0,0.9485,0.9,0.8
F_peak_3d,all,None,Logistic Regression,0.9733,0.8568,0.8,0.8
F_peak_3d_10rm,theta,norm3,Linear SVM,0.7267,0.6347,0.8,0.7857
F_mean_3d_Fz,all,norm3,Ensemble (Majority Vote),0.7867,0.6653,0.7,0.7857
F_peak_3d,all,norm3,XGBoost,1.0,0.9954,0.9,0.7857
F_mean_3d_Fz,all,norm3,Logistic Regression,0.6,0.5706,0.9,0.7857
F_mean_3d_Fz,all,norm3,Linear SVM,0.6067,0.5731,0.9,0.7857
F_peak_3d,all,norm3,Linear SVM,1.0,0.8729,0.9,0.7857
F_de_3d_Fz,all,None,Linear SVM,0.6,0.5805,0.9,0.7857
F_mean_3d19,delta,norm3,Random Forest,0.9133,0.772,0.9,0.7714
F_peak_3d,all,norm3,Ensemble (Majority Vote),1.0,0.9589,0.8,0.7714
F_peak_3d,gamma,norm3,XGBoost,0.9867,0.8354,0.9,0.7714
F_peak_3d_Fz,all,norm3,Ensemble (Majority Vote),0.78,0.6777,0.9,0.7714
F_mean_3d_Fz,all,norm3,Random Forest,0.7733,0.6632,0.9,0.7714
F_mean_3d19,all,norm3,Linear SVM,0.9933,0.8648,0.9,0.7714
F_peak_3d_10rm,theta,norm3,Logistic Regression,0.74,0.6363,0.8,0.7714
F_de_3d_Fz,all,None,Logistic Regression,0.6133,0.5768,0.9,0.7714
F_peak_3d_Fz,all,norm3,Logistic Regression,0.6667,0.6028,0.8,0.7571
F_de_3d_T7,all,norm3,Random Forest,0.7667,0.6809,0.9,0.7571
F_peak_3d,all,norm3,Logistic Regression,0.9933,0.8667,0.9,0.7571
F_median_3d_Fz,all,None,XGBoost,0.84,0.7016,0.9,0.7571
F_peak_3d,all,None,Linear SVM,1.0,0.8795,0.9,0.7571
F_peak_3d_Fz,all,norm3,Linear SVM,0.66,0.6016,0.8,0.7571
F_de_3d_Fz,all,norm3,Linear SVM,0.6133,0.5839,0.8,0.7571
F_de_3d_Fz,all,norm3,Logistic Regression,0.6333,0.5841,0.8,0.7571
F_dasm_3d_10rm,all,None,XGBoost,1.0,0.9062,0.8,0.7429
F_de_3d_8rm,all,None,KNN,1.0,0.9568,0.8,0.7429
F_dasm_3d19,theta,None,Linear SVM,0.6267,0.5989,0.8,0.7429
F_mean_3d_Fz,all,norm3,XGBoost,0.8733,0.6814,0.7,0.7429
F_peak_3d_10rm,all,None,Random Forest,0.9467,0.8437,0.8,0.7429
F_peak_3d_8rm,all,None,Linear SVM,0.9533,0.8103,0.8,0.7429
F_peak_3d_8rm,theta,norm3,Linear SVM,0.6733,0.6087,0.8,0.7429
F_peak_3d_8rm,theta,norm3,Logistic Regression,0.6933,0.6087,0.8,0.7429
F_de_3d_10rm,all,None,KNN,1.0,0.9644,0.9,0.7429
F_mean_3d19,delta,norm3,Ensemble (Majority Vote),0.9467,0.8154,0.9,0.7286
F_median_3d,alpha,None,Linear SVM,0.7933,0.6749,0.8,0.7286
F_peak_3d,all,None,XGBoost,1.0,0.9947,0.8,0.7286
F_peak_3d_Fz,all,None,Logistic Regression,0.6467,0.6037,0.9,0.7286
F_peak_3d_Fz,all,None,Linear SVM,0.6133,0.6076,0.8,0.7286
F_dasm_3d19,theta,None,Logistic Regression,0.6333,0.5982,0.8,0.7286
F_peak_3d_10rm,all,None,Linear SVM,0.9933,0.8464,0.8,0.7286
F_de_3d_8rm,delta,None,XGBoost,0.96,0.7936,0.8,0.7286
F_de_3d19,beta,norm3,Random Forest,0.8867,0.768,0.9,0.7286
F_mean_3d19,delta,norm3,Linear SVM,0.8133,0.6743,0.9,0.7286
F_de_3d_Fz,all,norm3,XGBoost,0.8333,0.7051,0.9,0.7286
F_peak_3d_10rm,beta,norm3,Logistic Regression,0.7133,0.6579,0.8,0.7286
F_de_3d_T7,all,norm3,Ensemble (Majority Vote),0.76,0.6885,0.8,0.7286
F_mean_3d19,delta,norm3,XGBoost,0.9933,0.8839,0.8,0.7286
F_de_3d19,beta,None,Linear SVM,0.8067,0.6913,0.8,0.7286
F_median_3d_Fz,all,norm3,Linear SVM,0.6267,0.5733,0.7,0.7286
F_median_3d_Fz,all,norm3,Logistic Regression,0.6267,0.5747,0.7,0.7286
F_peak_3d_8rm,all,None,Logistic Regression,0.9267,0.7945,0.8,0.7286
F_dasm_3d_10rm,gamma,None,XGBoost,0.88,0.6931,0.7,0.7286
F_peak_3d_8rm,all,norm3,KNN,1.0,0.9731,0.8,0.7143
F_median_3d,alpha,None,Logistic Regression,0.78,0.6708,0.8,0.7143
F_median_3d19,all,norm3,Linear SVM,0.9867,0.8766,0.8,0.7143
F_median_3d_10rm,alpha,None,Logistic Regression,0.7067,0.6382,0.7,0.7143
F_median_3d,all,None,Ensemble (Majority Vote),1.0,0.9267,0.8,0.7143
F_peak_3d,all,None,Random Forest,0.94,0.8515,0.8,0.7143
F_peak_3d_3area,beta,norm3,Linear SVM,0.58,0.5703,0.9,0.7143
F_de_3d,all,norm3,Linear SVM,1.0,0.8554,0.7,0.7143
F_dasm_3d19,theta,None,Ensemble (Majority Vote),0.86,0.7207,0.7,0.7143
F_peak_3d19,theta,norm3,Random Forest,0.9133,0.7736,0.7,0.7143
F_de_3d_Fz,all,norm3,Ensemble (Majority Vote),0.7667,0.6736,0.8,0.7143
F_peak_3d_10rm,all,norm3,Linear SVM,0.9933,0.8437,0.7,0.7143
F_de_3d_Fz,all,norm3,Random Forest,0.7333,0.6653,0.9,0.7143
F_mean_3d_2area,beta,norm3,XGBoost,0.7,0.5989,0.8,0.7143
F_dasm_3d_10rm,gamma,None,Ensemble (Majority Vote),0.7733,0.6621,0.8,0.7143
F_mean_3d_10rm,beta,None,Ensemble (Majority Vote),0.9,0.7561,0.7,0.7143
F_peak_3d_10rm,beta,norm3,Linear SVM,0.7067,0.6568,0.8,0.7143
F_median_3d_T7,all,norm3,XGBoost,0.82,0.7005,0.7,0.7143
F_peak_3d_3area,beta,norm3,Logistic Regression,0.58,0.571,0.9,0.7143
F_peak_3d_8rm,all,norm3,Ensemble (Majority Vote),0.9867,0.9186,0.8,0.7143
F_mean_3d_Fz,all,None,Ensemble (Majority Vote),0.84,0.6924,0.7,0.7143
F_peak_3d_10rm,alpha,norm3,Random Forest,0.8133,0.723,0.8,0.7
F_peak_3d_10rm,all,None,Logistic Regression,0.9733,0.832,0.8,0.7
F_median_3d_Fz,all,None,Linear SVM,0.5933,0.5697,0.8,0.7
F_median_3d_Fz,all,None,Ensemble (Majority Vote),0.7867,0.6805,0.9,0.7
F_rasm_3d,all,norm3,Random Forest,0.8733,0.7869,0.8,0.7
F_mean_3d_10rm,all,norm3,XGBoost,1.0,0.9805,0.7,0.7
F_peak_3d_10rm,beta,None,Logistic Regression,0.7333,0.6685,0.7,0.7
F_mean_3d19,all,norm3,Logistic Regression,0.9867,0.8609,0.8,0.7
F_mean_3d_Fz,all,None,Linear SVM,0.6,0.5763,0.7,0.7
F_mean_3d,gamma,norm3,Random Forest,0.8467,0.7152,0.8,0.7
F_peak_3d_10rm,all,None,Ensemble (Majority Vote),1.0,0.9354,0.7,0.7
F_mean_3d_8rm,alpha,None,KNN,0.9667,0.7646,0.8,0.7
F_mean_3d19,all,None,Linear SVM,0.9933,0.8625,0.8,0.7
F_dasm_3d19,theta,norm3,Ensemble (Majority Vote),0.82,0.7034,0.8,0.7
F_median_3d_8rm,alpha,norm3,XGBoost,0.9333,0.7425,0.7,0.7
F_mean_3d,all,norm3,Linear SVM,0.9867,0.8159,0.8,0.7
F_mean_3d,beta,norm3,Random Forest,0.86,0.737,0.9,0.7
F_mean_3d,gamma,norm3,XGBoost,0.9733,0.7986,1.0,0.7
F_median_3d,alpha,None,XGBoost,0.9733,0.817,0.8,0.7
F_peak_3d_F8,gamma,None,XGBoost,0.6067,0.5749,0.7,0.7
F_median_3d,alpha,norm3,Linear SVM,0.76,0.6554,0.7,0.7
F_median_3d,alpha,norm3,Logistic Regression,0.76,0.654,0.7,0.7
F_peak_3d_10rm,all,norm3,Random Forest,0.9333,0.863,0.8,0.7
F_median_3d_8rm,alpha,None,Linear SVM,0.7067,0.6299,0.8,0.7
F_peak_3d_F7,all,norm3,Linear SVM,0.6467,0.5984,0.6,0.7
F_peak_3d19,beta,norm3,Random Forest,0.88,0.7802,0.9,0.7
F_peak_3d_F7,all,norm3,Logistic Regression,0.6333,0.5975,0.6,0.7
F_peak_3d_10rm,beta,norm3,Ensemble (Majority Vote),0.84,0.7506,0.8,0.7
F_mean_3d_T7,all,norm3,Random Forest,0.76,0.6779,0.8,0.7
F_dasm_3d,gamma,None,Random Forest,0.7733,0.6743,0.9,0.7
F_dasm_3d,gamma,None,XGBoost,0.88,0.7078,0.8,0.7
F_peak_3d_Fz,all,norm3,Random Forest,0.7533,0.6644,0.8,0.7
F_peak_3d_8rm,all,norm3,XGBoost,1.0,0.983,0.7,0.7
F_peak_3d,beta,norm3,Ensemble (Majority Vote),0.8867,0.7798,0.8,0.7
F_peak_3d_8rm,alpha,norm3,Logistic Regression,0.66,0.6172,0.7,0.7
F_peak_3d,gamma,norm3,Random Forest,0.86,0.7441,0.8,0.7
F_median_3d_10rm,alpha,None,XGBoost,0.96,0.788,0.6,0.7
F_peak_3d_8rm,alpha,norm3,Linear SVM,0.6533,0.6166,0.7,0.7
F_median_3d_T7,all,None,Random Forest,0.78,0.6669,0.9,0.7
F_median_3d_1area,beta,norm3,KNN,0.9867,0.6823,0.8,0.7
F_mean_3d_8rm,alpha,norm3,KNN,0.98,0.7517,0.6,0.7
F_peak_3d_8rm,theta,norm3,Ensemble (Majority Vote),0.8067,0.703,0.7,0.7
F_peak_3d,beta,norm3,Linear SVM,0.7733,0.671,0.8,0.7
F_median_3d_1area,beta,norm2,KNN,0.9867,0.6823,0.8,0.7
F_peak_3d,beta,norm3,Logistic Regression,0.7733,0.6703,0.8,0.7
F_mean_3d_8rm,delta,None,XGBoost,0.9,0.7646,0.7,0.6857
F_mean_3d,delta,norm3,Linear SVM,0.7133,0.6418,0.8,0.6857
F_peak_3d,alpha,norm3,Linear SVM,0.7333,0.6478,0.7,0.6857
F_mean_3d,delta,norm3,Logistic Regression,0.7267,0.6425,0.8,0.6857
F_peak_3d_10rm,all,norm3,Logistic Regression,0.9733,0.8386,0.7,0.6857
F_median_3d_10rm,alpha,None,Linear SVM,0.7333,0.6409,0.7,0.6857
F_peak_3d,gamma,norm3,Ensemble (Majority Vote),0.88,0.7669,0.7,0.6857
F_de_3d,all,norm3,Ensemble (Majority Vote),1.0,0.9455,0.7,0.6857
F_dasm_3d19,theta,norm3,XGBoost,0.9667,0.7655,0.9,0.6857
F_peak_3d,all,norm3,Random Forest,0.96,0.8814,0.8,0.6857
F_de_3d,all,None,Linear SVM,1.0,0.857,0.7,0.6857
F_de_3d19,beta,None,Logistic Regression,0.7667,0.6848,0.8,0.6857
F_mean_3d_3area,beta,None,KNN,0.9667,0.7366,0.8,0.6857
F_peak_3d_F7,all,norm3,Ensemble (Majority Vote),0.7867,0.6828,0.7,0.6857
F_peak_3d_8rm,all,None,Ensemble (Majority Vote),0.9933,0.9108,0.7,0.6857
F_peak_3d,beta,None,Logistic Regression,0.74,0.677,0.6,0.6857
F_de_3d,gamma,norm3,Logistic Regression,0.72,0.6414,0.7,0.6857
F_de_3d,gamma,norm3,Ensemble (Majority Vote),0.8733,0.7559,0.8,0.6857
F_peak_3d_8rm,all,norm3,Linear SVM,0.9733,0.8016,0.8,0.6857
F_mean_3d,all,norm3,XGBoost,1.0,0.9897,0.7,0.6857
F_peak_3d_8rm,beta,None,Linear SVM,0.72,0.6579,0.6,0.6857
F_peak_3d_8rm,beta,None,Random Forest,0.8267,0.7237,0.7,0.6857
F_median_3d_Fz,beta,None,XGBoost,0.6667,0.591,0.7,0.6857
F_mean_3d19,theta,norm3,XGBoost,0.9933,0.8676,0.7,0.6857
F_median_3d_Fz,all,norm3,Random Forest,0.7467,0.6563,0.6,0.6857
F_peak_3d,beta,None,Linear SVM,0.7467,0.6848,0.7,0.6857
F_de_3d,delta,norm3,Random Forest,0.8467,0.74,0.6,0.6857
F_median_3d_Fz,all,None,Random Forest,0.7667,0.6676,0.8,0.6857
F_median_3d_Fz,all,None,Logistic Regression,0.6067,0.5713,0.8,0.6857
F_peak_3d_10rm,beta,None,Linear SVM,0.7267,0.6674,0.7,0.6857
F_mean_3d,gamma,norm3,Linear SVM,0.7,0.6154,0.7,0.6857
F_dasm_3d_10rm,gamma,None,Linear SVM,0.58,0.5715,0.8,0.6857
F_mean_3d,beta,None,KNN,1.0,0.8607,0.9,0.6857
F_de_3d_10rm,beta,norm3,XGBoost,0.9533,0.7991,0.7,0.6857
F_de_3d_Fz,delta,None,XGBoost,0.6133,0.5885,0.8,0.6857
F_peak_3d_F3,all,norm3,Linear SVM,0.64,0.5945,0.8,0.6857
F_peak_3d_F3,all,norm3,Logistic Regression,0.64,0.5933,0.8,0.6857
F_de_3d_10rm,gamma,norm3,Ensemble (Majority Vote),0.86,0.7409,0.6,0.6857
F_de_3d_Fz,delta,None,Ensemble (Majority Vote),0.7067,0.623,0.9,0.6857
F_mean_3d_10rm,gamma,norm3,XGBoost,0.9467,0.7648,0.7,0.6857
F_mean_3d19,delta,norm3,Logistic Regression,0.8067,0.6754,0.9,0.6857
F_mean_3d,gamma,norm3,Ensemble (Majority Vote),0.8667,0.7257,0.7,0.6857
F_de_3d_Fz,delta,None,Random Forest,0.6733,0.5961,0.8,0.6857
F_median_3d19,all,None,Linear SVM,0.9933,0.8766,0.8,0.6857
F_mean_3d_8rm,theta,None,KNN,0.98,0.7687,0.8,0.6857
F_peak_3d_Fz,all,norm3,XGBoost,0.84,0.7048,0.7,0.6857
F_de_3d_8rm,all,None,Random Forest,0.92,0.8166,0.7,0.6857
F_de_3d_2area,beta,norm3,Logistic Regression,0.58,0.5425,0.8,0.6857
F_median_3d,alpha,None,Ensemble (Majority Vote),0.9067,0.7625,0.8,0.6857
F_median_3d,alpha,None,Random Forest,0.8733,0.728,0.8,0.6857
F_de_3d_8rm,theta,norm3,Ensemble (Majority Vote),0.8067,0.6922,0.8,0.6857
F_mean_3d_Fz,all,None,Logistic Regression,0.62,0.5726,0.6,0.6857
F_de_3d_2area,beta,norm3,Linear SVM,0.58,0.5414,0.8,0.6857
F_mean_3d,all,None,Linear SVM,0.9933,0.8154,0.6,0.6714
F_de_3d19,beta,norm3,Ensemble (Majority Vote),0.94,0.8124,0.6,0.6714
F_median_3d_8rm,beta,None,Random Forest,0.8267,0.7138,0.6,0.6714
F_median_3d_8rm,alpha,None,XGBoost,0.94,0.7605,0.7,0.6714
F_median_3d_8rm,alpha,None,Logistic Regression,0.7333,0.6313,0.7,0.6714
F_de_3d19,beta,norm3,Linear SVM,0.78,0.6828,0.6,0.6714
F_peak_3d_8rm,theta,norm3,XGBoost,0.92,0.7457,0.7,0.6714
F_de_3d19,beta,norm3,Logistic Regression,0.7667,0.6793,0.6,0.6714
F_de_3d,delta,None,KNN,1.0,0.8846,0.8,0.6714
F_dasm_3d_10rm,gamma,None,Logistic Regression,0.58,0.5678,0.8,0.6714
F_de_3d_T7,all,norm3,Logistic Regression,0.62,0.5855,0.7,0.6714
F_de_3d_F8,delta,None,Ensemble (Majority Vote),0.6733,0.6154,0.8,0.6714
F_median_3d_Fz,all,norm3,Ensemble (Majority Vote),0.7333,0.6536,0.7,0.6714
F_de_3d,all,None,Logistic Regression,0.9733,0.8297,0.7,0.6714
F_mean_3d_T7,theta,None,Ensemble (Majority Vote),0.7,0.5949,0.7,0.6714
F_dasm_3d19,theta,norm3,Logistic Regression,0.64,0.5926,0.8,0.6714
F_de_3d_F7,delta,None,KNN,0.9867,0.7083,0.9,0.6714
F_de_3d,all,None,Ensemble (Majority Vote),1.0,0.9366,0.7,0.6714
F_de_3d_T7,all,norm3,Linear SVM,0.62,0.5901,0.7,0.6714
F_peak_3d,beta,norm3,Random Forest,0.84,0.7536,0.7,0.6714
F_dasm_3d,gamma,None,Ensemble (Majority Vote),0.8267,0.6809,0.8,0.6714
F_de_3d_8rm,theta,norm3,Linear SVM,0.6667,0.6083,0.8,0.6714
F_peak_3d_3area,all,norm3,Logistic Regression,0.7467,0.6789,0.7,0.6714
F_mean_3d_10rm,beta,norm3,Random Forest,0.84,0.7189,0.6,0.6714
F_de_3d_8rm,theta,norm3,Logistic Regression,0.6733,0.6094,0.8,0.6714
F_peak_3d_3area,all,None,Logistic Regression,0.7733,0.6752,0.8,0.6714
F_peak_3d_F3,beta,None,Linear SVM,0.5933,0.5416,0.8,0.6714
F_dasm_3d19,all,norm3,KNN,1.0,0.9703,0.7,0.6714
F_de_3d_10rm,gamma,norm3,Linear SVM,0.7067,0.6172,0.6,0.6714
F_de_3d_10rm,gamma,norm3,Logistic Regression,0.6933,0.6156,0.6,0.6714
F_median_3d,alpha,norm3,Ensemble (Majority Vote),0.86,0.7471,0.6,0.6714
F_median_3d,all,norm3,Linear SVM,1.0,0.8331,0.7,0.6714
F_peak_3d_10rm,all,None,XGBoost,1.0,0.991,0.7,0.6714
F_de_3d_Fz,beta,None,XGBoost,0.6533,0.5961,0.7,0.6714
F_mean_3d_2area,beta,norm3,Ensemble (Majority Vote),0.7667,0.6303,0.7,0.6714
F_median_3d_Fp2,all,norm3,Random Forest,0.76,0.6708,0.8,0.6714
F_peak_3d_8rm,all,None,Random Forest,0.9533,0.8297,0.7,0.6714
F_median_3d_Fp2,all,norm3,XGBoost,0.8467,0.7046,0.8,0.6714
F_median_3d,all,norm3,Logistic Regression,0.9733,0.8322,0.8,0.6714
F_de_3d_F7,all,norm3,XGBoost,0.82,0.6913,0.8,0.6714
F_peak_3d,alpha,norm3,Ensemble (Majority Vote),0.8933,0.7623,0.8,0.6714
F_peak_3d_8rm,beta,None,Logistic Regression,0.72,0.6593,0.6,0.6714
F_median_3d_T7,all,norm3,KNN,0.98,0.7538,0.7,0.6714
F_mean_3d_T7,all,norm3,Logistic Regression,0.6267,0.5954,0.8,0.6714
F_de_3d_Fz,all,None,Ensemble (Majority Vote),0.7667,0.6995,0.8,0.6714
F_median_3d_T7,all,norm3,Linear SVM,0.66,0.6011,0.7,0.6714
F_de_3d_F3,alpha,None,Linear SVM,0.5533,0.5315,0.6,0.6714
F_peak_3d,alpha,norm3,Logistic Regression,0.7333,0.6485,0.7,0.6714
F_de_3d,all,norm3,Logistic Regression,0.9867,0.8469,0.7,0.6714
F_peak_3d_8rm,beta,norm3,Logistic Regression,0.6533,0.6285,0.7,0.6714
F_median_3d19,alpha,None,XGBoost,0.9933,0.8701,0.7,0.6714
F_median_3d_10rm,alpha,None,Random Forest,0.8333,0.7138,0.6,0.6714
F_de_3d_F8,delta,None,XGBoost,0.6,0.586,0.8,0.6714
F_peak_3d_Fz,all,None,Ensemble (Majority Vote),0.7867,0.7117,0.8,0.6714
F_median_3d_T7,all,norm3,Logistic Regression,0.6467,0.6016,0.7,0.6714
F_de_3d_Fp2,all,norm3,Linear SVM,0.64,0.5894,0.7,0.6714
F_peak_3d_8rm,alpha,norm3,Ensemble (Majority Vote),0.8333,0.7223,0.6,0.6714
F_mean_3d,gamma,norm3,Logistic Regression,0.7,0.6147,0.6,0.6714
F_peak_3d_8rm,all,norm3,Logistic Regression,0.9733,0.8014,0.7,0.6714
F_de_3d_8rm,theta,norm3,Random Forest,0.7933,0.6837,0.7,0.6714
F_de_3d,gamma,norm3,Linear SVM,0.72,0.6409,0.7,0.6714
F_mean_3d_Fp2,all,norm3,Logistic Regression,0.6067,0.5793,0.7,0.6714
F_de_3d_Fp2,all,norm3,Logistic Regression,0.6333,0.5933,0.7,0.6714
F_peak_3d,beta,None,Random Forest,0.8333,0.74,0.7,0.6714
F_peak_3d_8rm,all,None,XGBoost,1.0,0.9848,0.7,0.6714
F_de_3d19,beta,None,Ensemble (Majority Vote),0.92,0.82,0.8,0.6714
F_median_3d_Fz,all,norm3,XGBoost,0.88,0.6777,0.8,0.6714
F_peak_3d_Fp2,gamma,None,XGBoost,0.6267,0.5871,0.8,0.6714
F_peak_3d_10rm,all,norm3,Ensemble (Majority Vote),0.9933,0.9421,0.7,0.6714
F_peak_3d_8rm,beta,None,Ensemble (Majority Vote),0.8333,0.7414,0.6,0.6714
F_mean_3d19,gamma,norm3,Linear SVM,0.7933,0.6811,0.8,0.6714
F_mean_3d_3area,alpha,None,Random Forest,0.76,0.6425,0.7,0.6714
F_rasm_3d_8rm,delta,norm3,XGBoost,0.8533,0.7101,0.8,0.6714
F_peak_3d_Fp2,gamma,None,Random Forest,0.6467,0.5931,0.8,0.6714
F_mean_3d19,gamma,norm3,Logistic Regression,0.7733,0.6795,0.8,0.6714
F_de_3d_F8,all,None,KNN,0.9867,0.7568,0.8,0.6714
F_de_3d19,all,norm3,Linear SVM,1.0,0.9106,0.7,0.6714
F_peak_3d,gamma,norm3,Logistic Regression,0.76,0.6593,0.7,0.6714
F_peak_3d_8rm,delta,None,XGBoost,0.96,0.7966,0.7,0.6714
F_de_3d,beta,norm3,Random Forest,0.8533,0.748,0.6,0.6714
F_de_3d_T7,delta,None,Ensemble (Majority Vote),0.7533,0.6441,0.8,0.6714
F_de_3d_10rm,alpha,None,KNN,1.0,0.8368,0.9,0.6571
F_median_3d,all,None,Linear SVM,1.0,0.832,0.7,0.6571
F_mean_3d_T7,theta,None,XGBoost,0.6,0.5752,0.7,0.6571
F_dasm_3d_10rm,gamma,norm3,Random Forest,0.74,0.651,0.8,0.6571
F_de_3d_T7,delta,None,Random Forest,0.72,0.6074,0.7,0.6571
F_de_3d_3area,alpha,None,XGBoost,0.7867,0.6609,0.7,0.6571
F_median_3d_T7,all,norm3,Random Forest,0.7533,0.6766,0.8,0.6571
F_de_3d_T7,delta,None,XGBoost,0.6333,0.5975,0.7,0.6571
F_mean_3d_10rm,beta,None,Random Forest,0.8933,0.7313,0.6,0.6571
F_de_3d,beta,norm3,Logistic Regression,0.7733,0.663,0.8,0.6571
F_dasm_3d_3area,gamma,None,Linear SVM,0.5067,0.5251,0.7,0.6571
F_mean_3d_F3,beta,None,XGBoost,0.6667,0.5844,0.7,0.6571
F_de_3d_10rm,beta,norm3,Ensemble (Majority Vote),0.84,0.7411,0.7,0.6571
F_mean_3d_T7,all,norm3,Ensemble (Majority Vote),0.7933,0.6894,0.7,0.6571
F_de_3d_8rm,beta,norm3,Linear SVM,0.6667,0.6191,0.6,0.6571
F_de_3d_10rm,beta,norm3,Linear SVM,0.68,0.6386,0.7,0.6571
F_peak_3d,delta,None,KNN,1.0,0.9016,0.7,0.6571
F_dasm_3d_10rm,gamma,None,Random Forest,0.72,0.6515,0.7,0.6571
F_dasm_3d_3area,gamma,None,Logistic Regression,0.5067,0.5253,0.7,0.6571
F_mean_3d_T7,all,norm3,Linear SVM,0.64,0.5959,0.8,0.6571
F_median_3d_F8,gamma,None,KNN,0.9933,0.7071,0.8,0.6571
F_de_3d_8rm,beta,norm3,Ensemble (Majority Vote),0.7867,0.7159,0.6,0.6571
F_rasm_3d,delta,norm3,Random Forest,0.7533,0.703,0.8,0.6571
F_de_3d_8rm,alpha,None,XGBoost,0.9333,0.7628,0.6,0.6571
F_de_3d_10rm,all,None,Ensemble (Majority Vote),0.9933,0.9218,0.9,0.6571
F_de_3d19,theta,norm3,XGBoost,1.0,0.8823,0.5,0.6571
F_median_3d_T7,all,norm3,Ensemble (Majority Vote),0.78,0.6795,0.6,0.6571
F_peak_3d_10rm,all,norm3,KNN,1.0,0.9729,0.7,0.6571
F_rasm_3d,all,norm3,XGBoost,1.0,0.9432,0.7,0.6571
F_median_3d,all,None,KNN,1.0,0.9657,0.8,0.6571
F_peak_3d_8rm,beta,norm3,Linear SVM,0.66,0.6303,0.7,0.6571
F_de_3d_3area,delta,None,Logistic Regression,0.6067,0.5853,0.8,0.6571
F_peak_3d_8rm,alpha,norm3,Random Forest,0.8267,0.7115,0.6,0.6571
F_rasm_3d,gamma,norm3,Random Forest,0.8133,0.7046,0.7,0.6571
F_rasm_3d,gamma,None,XGBoost,0.92,0.6853,0.7,0.6571
F_mean_3d_F4,gamma,None,Random Forest,0.6933,0.5961,0.7,0.6571
F_peak_3d_8rm,delta,None,Ensemble (Majority Vote),0.86,0.7632,0.6,0.6571
F_de_3d,alpha,None,Random Forest,0.8133,0.717,0.7,0.6571
F_peak_3d,gamma,None,Ensemble (Majority Vote),0.94,0.8051,0.8,0.6571
F_de_3d_10rm,beta,norm3,Logistic Regression,0.6867,0.6363,0.7,0.6571
F_mean_3d19,delta,None,Linear SVM,0.84,0.6874,0.8,0.6571
F_mean_3d_2area,beta,norm3,Logistic Regression,0.5533,0.5278,0.7,0.6571
F_mean_3d,delta,norm3,Ensemble (Majority Vote),0.86,0.7595,0.6,0.6571
F_mean_3d_2area,beta,norm3,Random Forest,0.8,0.6276,0.8,0.6571
F_peak_3d_3area,all,None,Linear SVM,0.78,0.6986,0.7,0.6571
F_mean_3d,alpha,norm3,Ensemble (Majority Vote),0.8733,0.732,0.8,0.6571
F_median_3d_8rm,beta,norm3,XGBoost,0.94,0.7526,0.8,0.6571
F_median_3d_8rm,beta,norm3,Random Forest,0.8333,0.7122,0.7,0.6571
F_median_3d_8rm,beta,None,XGBoost,0.9267,0.7683,0.6,0.6571
F_dasm_3d19,theta,None,Random Forest,0.86,0.7106,0.7,0.6571
F_dasm_3d_8rm,all,norm3,Linear SVM,0.7933,0.6733,0.8,0.6571
F_peak_3d_F8,delta,None,Linear SVM,0.5867,0.5526,0.7,0.6571
F_peak_3d_T7,delta,None,Random Forest,0.7,0.6099,0.6,0.6571
F_peak_3d_F8,delta,None,Logistic Regression,0.5933,0.5515,0.7,0.6571
F_mean_3d_Fz,all,norm3,KNN,0.9933,0.7267,0.9,0.6571
F_median_3d,delta,norm3,Random Forest,0.84,0.7324,0.7,0.6571
F_de_3d,delta,norm3,XGBoost,0.98,0.8416,0.6,0.6571
F_mean_3d_Fz,all,None,Random Forest,0.7667,0.6733,0.7,0.6571
F_de_3d,all,None,KNN,1.0,0.9699,0.7,0.6571
F_de_3d_8rm,beta,norm3,Logistic Regression,0.66,0.6175,0.6,0.6571
F_dasm_3d_10rm,all,None,Random Forest,0.8933,0.7664,0.8,0.6571
F_median_3d_3area,delta,None,Logistic Regression,0.64,0.5731,0.7,0.6571
F_rasm_3d_10rm,delta,norm3,Random Forest,0.82,0.7039,0.8,0.6571
F_peak_3d_10rm,beta,norm3,Random Forest,0.8,0.7322,0.8,0.6571
F_dasm_3d19,theta,norm3,Linear SVM,0.6267,0.5922,0.8,0.6571
F_median_3d_3area,alpha,None,Random Forest,0.7,0.64,0.6,0.6571
F_mean_3d_2area,beta,norm3,Linear SVM,0.5533,0.5278,0.7,0.6571
F_median_3d_Cz,all,norm3,KNN,0.96,0.7333,0.7,0.6571
F_median_3d_2area,delta,norm2,XGBoost,0.7533,0.5926,0.9,0.6571
F_peak_3d_F3,beta,None,Logistic Regression,0.5933,0.5411,0.8,0.6571
F_peak_3d,beta,norm3,XGBoost,0.98,0.8377,0.8,0.6571
F_mean_3d_Fz,delta,None,Linear SVM,0.5533,0.5294,0.6,0.6571
F_de_3d_10rm,delta,None,XGBoost,0.9733,0.8175,0.8,0.6571
F_de_3d,alpha,None,KNN,1.0,0.8577,0.9,0.6571
F_peak_3d_Cz,theta,None,XGBoost,0.6667,0.591,0.6,0.6571
F_de_3d,alpha,None,Ensemble (Majority Vote),0.9133,0.7611,0.7,0.6571
F_de_3d,gamma,None,Linear SVM,0.74,0.6393,0.6,0.6571
F_de_3d_F3,alpha,None,Logistic Regression,0.5467,0.5317,0.6,0.6571
F_median_3d_T8,beta,None,KNN,0.9733,0.6968,0.7,0.6571
F_mean_3d_10rm,gamma,norm3,Ensemble (Majority Vote),0.8667,0.7085,0.7,0.6571
F_dasm_3d_10rm,delta,None,KNN,0.98,0.7577,0.8,0.6571
F_de_3d_8rm,delta,None,Random Forest,0.8333,0.7149,0.7,0.6571
F_mean_3d_2area,alpha,norm2,KNN,0.9667,0.6913,0.9,0.6571
F_peak_3d,gamma,None,XGBoost,1.0,0.8457,0.8,0.6571
F_mean_3d_8rm,beta,None,Random Forest,0.8533,0.7216,0.6,0.6571
F_peak_3d,beta,None,Ensemble (Majority Vote),0.9,0.7885,0.6,0.6571
F_peak_3d,gamma,norm3,Linear SVM,0.7733,0.6593,0.7,0.6571
F_dasm_3d_8rm,all,None,Random Forest,0.8733,0.7446,0.7,0.6571
F_de_3d_8rm,delta,None,Ensemble (Majority Vote),0.8733,0.7536,0.6,0.6571
F_median_3d,alpha,norm3,Random Forest,0.8467,0.7234,0.6,0.6571
F_de_3d,gamma,None,KNN,1.0,0.8697,0.7,0.6429
F_de_3d_F8,delta,None,Random Forest,0.6533,0.5947,0.8,0.6429
F_mean_3d,alpha,norm3,Random Forest,0.8667,0.7214,0.7,0.6429
F_de_3d_3area,gamma,norm3,XGBoost,0.7733,0.6313,0.8,0.6429
F_dasm_3d_8rm,delta,None,KNN,0.9867,0.7331,0.8,0.6429
F_dasm_3d_8rm,delta,None,Random Forest,0.7533,0.6494,0.8,0.6429
F_de_3d,gamma,None,Ensemble (Majority Vote),0.8933,0.7791,0.8,0.6429
F_peak_3d_10rm,gamma,norm3,Random Forest,0.88,0.7285,0.9,0.6429
F_peak_3d_8rm,all,norm3,Random Forest,0.9267,0.8533,0.7,0.6429
F_de_3d_F7,all,norm3,Logistic Regression,0.6667,0.5998,0.6,0.6429
F_peak_3d_10rm,theta,norm3,Ensemble (Majority Vote),0.8667,0.7398,0.7,0.6429
F_peak_3d_10rm,theta,None,Linear SVM,0.78,0.6497,0.8,0.6429
F_peak_3d,delta,None,Ensemble (Majority Vote),0.94,0.7995,0.6,0.6429
F_dasm_3d_8rm,all,norm3,Logistic Regression,0.7667,0.6701,0.8,0.6429
F_rasm_3d19,beta,norm3,Linear SVM,0.6133,0.5717,0.7,0.6429
F_de_3d_F4,theta,None,Ensemble (Majority Vote),0.7067,0.6143,0.6,0.6429
F_mean_3d,all,norm3,Logistic Regression,0.96,0.812,0.6,0.6429
F_mean_3d,all,norm3,Ensemble (Majority Vote),0.9933,0.9211,0.7,0.6429
F_dasm_3d_3area,theta,None,Logistic Regression,0.5533,0.5471,0.7,0.6429
F_dasm_3d_3area,theta,None,Linear SVM,0.5467,0.5469,0.7,0.6429
F_de_3d_8rm,theta,norm3,KNN,0.9933,0.7885,0.7,0.6429
F_de_3d_F8,all,norm2,XGBoost,0.94,0.652,0.9,0.6429
F_dasm_3d_3area,theta,None,Ensemble (Majority Vote),0.72,0.617,0.7,0.6429
F_median_3d_T7,alpha,None,XGBoost,0.7267,0.609,0.8,0.6429
F_dasm_3d_8rm,all,None,Ensemble (Majority Vote),0.9267,0.7855,0.7,0.6429
F_dasm_3d_8rm,all,None,Linear SVM,0.7933,0.6699,0.8,0.6429
F_peak_3d_3area,beta,norm3,Random Forest,0.7733,0.6382,0.6,0.6429
F_de_3d,delta,norm3,Logistic Regression,0.7267,0.6579,0.7,0.6429
F_de_3d_T7,theta,None,Logistic Regression,0.5733,0.5474,0.6,0.6429
F_de_3d_F4,beta,None,Logistic Regression,0.6267,0.568,0.7,0.6429
F_peak_3d_3area,delta,None,Logistic Regression,0.6667,0.5954,0.6,0.6429
F_de_3d_F4,beta,None,Linear SVM,0.6267,0.5674,0.7,0.6429
F_de_3d19,all,norm3,Logistic Regression,0.9933,0.892,0.7,0.6429
F_peak_3d,all,None,KNN,1.0,0.983,0.7,0.6429
F_mean_3d,alpha,norm3,Logistic Regression,0.7067,0.6324,0.7,0.6429
F_mean_3d,beta,norm3,KNN,1.0,0.8285,0.7,0.6429
F_rasm_3d_10rm,all,norm3,XGBoost,1.0,0.9251,0.7,0.6429
F_peak_3d_8rm,all,None,KNN,1.0,0.9782,0.6,0.6429
F_rasm_3d_10rm,delta,norm3,Ensemble (Majority Vote),0.8933,0.7237,0.6,0.6429
F_de_3d_3area,delta,None,Linear SVM,0.62,0.5857,0.7,0.6429
F_de_3d_T7,theta,None,Linear SVM,0.5733,0.5474,0.6,0.6429
F_peak_3d_10rm,all,norm3,XGBoost,1.0,0.9922,0.8,0.6429
F_de_3d_10rm,gamma,norm3,Random Forest,0.8533,0.7207,0.6,0.6429
F_de_3d_Fz,alpha,norm2,Random Forest,0.72,0.5793,0.8,0.6429
F_mean_3d_8rm,gamma,norm3,Linear SVM,0.6,0.5726,0.7,0.6429
F_median_3d_3area,delta,None,Linear SVM,0.6333,0.5713,0.8,0.6429
F_mean_3d_8rm,gamma,norm3,Logistic Regression,0.6,0.5731,0.7,0.6429
F_de_3d_C3,delta,norm3,KNN,0.98,0.6848,0.8,0.6429
F_median_3d,delta,norm3,XGBoost,0.98,0.8172,0.7,0.6429
F_mean_3d_3area,theta,None,KNN,0.9667,0.7207,0.7,0.6429
F_median_3d_8rm,all,norm3,XGBoost,1.0,0.9749,0.7,0.6429
F_mean_3d_8rm,theta,norm3,Ensemble (Majority Vote),0.82,0.6851,0.7,0.6429
F_peak_3d_F7,all,norm3,Random Forest,0.7533,0.6747,0.7,0.6429
F_mean_3d,delta,None,Ensemble (Majority Vote),0.9067,0.7706,0.6,0.6429
F_peak_3d_T7,gamma,None,Linear SVM,0.5867,0.5492,0.7,0.6429
F_peak_3d_T7,gamma,None,Logistic Regression,0.58,0.5485,0.7,0.6429
F_de_3d,beta,None,Random Forest,0.8267,0.7526,0.6,0.6429
F_de_3d_Fz,alpha,norm3,Random Forest,0.72,0.5793,0.8,0.6429
F_median_3d_F3,beta,None,KNN,0.98,0.6982,0.8,0.6429
F_peak_3d_8rm,beta,norm3,Random Forest,0.8,0.7218,0.6,0.6429
F_de_3d_Cz,theta,None,Ensemble (Majority Vote),0.7067,0.6122,0.6,0.6429
F_dasm_3d_10rm,delta,None,Random Forest,0.7733,0.6651,0.8,0.6429
F_dasm_3d19,theta,norm3,Random Forest,0.8333,0.7025,0.8,0.6429
F_peak_3d19,beta,None,Logistic Regression,0.7733,0.6938,0.7,0.6429
F_median_3d_3area,alpha,None,XGBoost,0.76,0.6566,0.7,0.6429
F_peak_3d_Fz,theta,None,Logistic Regression,0.5467,0.5349,0.7,0.6429
F_peak_3d_Fz,all,norm3,KNN,0.9533,0.7621,0.7,0.6429
F_de_3d_8rm,delta,None,KNN,0.9933,0.8308,0.6,0.6429
F_de_3d_F3,alpha,norm2,Ensemble (Majority Vote),0.7867,0.623,0.8,0.6429
F_median_3d_10rm,alpha,None,Ensemble (Majority Vote),0.88,0.737,0.6,0.6429
F_dasm_3d,all,None,Random Forest,0.9067,0.7841,0.7,0.6429
F_dasm_3d19,beta,norm2,Random Forest,0.98,0.7113,0.9,0.6429
F_peak_3d,theta,norm3,Ensemble (Majority Vote),0.8533,0.7625,0.7,0.6429
F_dasm_3d,all,None,XGBoost,1.0,0.9349,0.8,0.6429
F_de_3d,all,norm3,KNN,1.0,0.9556,0.6,0.6429
F_peak_3d,theta,norm3,Linear SVM,0.78,0.6526,0.7,0.6429
F_rasm_3d_8rm,gamma,norm2,Random Forest,0.78,0.6593,0.7,0.6429
F_de_3d_F3,alpha,norm3,Ensemble (Majority Vote),0.7867,0.623,0.8,0.6429
F_mean_3d_8rm,gamma,norm3,Ensemble (Majority Vote),0.8333,0.6924,0.6,0.6429
F_median_3d19,all,norm3,Logistic Regression,0.98,0.8733,0.7,0.6429
F_peak_3d_Fz,theta,None,Linear SVM,0.5533,0.5366,0.7,0.6429
F_dasm_3d19,theta,None,XGBoost,0.9533,0.7708,0.7,0.6429
F_de_3d_C3,delta,norm2,KNN,0.98,0.6848,0.8,0.6429
F_mean_3d,delta,norm3,Random Forest,0.8333,0.7228,0.6,0.6429
F_rasm_3d_3area,alpha,None,Logistic Regression,0.5533,0.5152,0.8,0.6429
F_mean_3d_Cz,gamma,None,Random Forest,0.6933,0.5972,0.6,0.6429
F_dasm_3d_10rm,gamma,norm3,Linear SVM,0.56,0.5556,0.7,0.6429
F_mean_3d_C4,beta,None,Random Forest,0.66,0.5979,0.6,0.6429
F_median_3d_Fz,delta,None,XGBoost,0.6533,0.5811,0.6,0.6429
F_de_3d_3area,alpha,None,Random Forest,0.74,0.649,0.6,0.6429
F_peak_3d_8rm,theta,norm3,Random Forest,0.84,0.6982,0.6,0.6429
F_mean_3d_T8,gamma,None,Linear SVM,0.54,0.5113,0.7,0.6429
F_de_3d_F8,gamma,norm2,Random Forest,0.6933,0.5784,0.7,0.6429
F_de_3d_T7,all,norm3,XGBoost,0.8867,0.7113,0.8,0.6429
F_de_3d_F8,gamma,norm2,XGBoost,0.62,0.5554,0.8,0.6429
F_dasm_3d_10rm,theta,norm2,XGBoost,0.8667,0.6237,0.9,0.6429
F_de_3d_8rm,beta,None,Logistic Regression,0.68,0.6329,0.6,0.6429
F_mean_3d_F4,gamma,None,XGBoost,0.6667,0.5828,0.7,0.6429
F_dasm_3d,alpha,None,Random Forest,0.8133,0.6747,0.7,0.6429
F_dasm_3d_10rm,gamma,norm3,XGBoost,0.8,0.6517,0.8,0.6429
F_dasm_3d_10rm,gamma,norm3,Logistic Regression,0.56,0.5554,0.7,0.6429
F_de_3d_T7,all,None,Random Forest,0.7933,0.6789,0.5,0.6429
F_median_3d_F8,gamma,None,Ensemble (Majority Vote),0.72,0.6225,0.7,0.6429
F_de_3d_F8,gamma,norm3,Random Forest,0.6933,0.5784,0.7,0.6429
F_peak_3d,theta,None,Linear SVM,0.76,0.66,0.7,0.6429
F_peak_3d_T8,gamma,None,XGBoost,0.6533,0.5949,0.6,0.6429
F_de_3d,beta,norm3,Ensemble (Majority Vote),0.88,0.7678,0.7,0.6429
F_de_3d,beta,norm3,Linear SVM,0.7667,0.6628,0.8,0.6429
F_de_3d_F8,gamma,norm3,XGBoost,0.62,0.5554,0.8,0.6429
F_median_3d,all,norm3,XGBoost,1.0,0.9883,0.8,0.6429
F_mean_3d_10rm,beta,None,XGBoost,0.9733,0.8136,0.8,0.6429
F_de_3d_C4,beta,None,XGBoost,0.6533,0.6009,0.7,0.6429
F_dasm_3d19,delta,None,KNN,0.9933,0.8533,0.7,0.6429
F_de_3d19,delta,norm3,Linear SVM,0.8,0.7005,0.7,0.6429
F_median_3d_Fz,beta,None,Random Forest,0.66,0.5954,0.7,0.6429
F_peak_3d_8rm,delta,None,KNN,1.0,0.8547,0.7,0.6429
F_peak_3d_8rm,delta,None,Random Forest,0.8267,0.72,0.7,0.6429
F_mean_3d_F8,gamma,norm3,Random Forest,0.8733,0.6032,0.7,0.6429
F_de_3d_8rm,alpha,None,Ensemble (Majority Vote),0.8467,0.726,0.7,0.6429
F_mean_3d_F8,gamma,norm2,Random Forest,0.8733,0.6032,0.7,0.6429
F_dasm_3d_10rm,alpha,None,KNN,0.9867,0.7455,0.8,0.6286
F_mean_3d_10rm,gamma,norm3,Random Forest,0.8333,0.7021,0.6,0.6286
F_mean_3d_Fz,all,None,XGBoost,0.8867,0.7002,0.5,0.6286
F_de_3d_8rm,gamma,norm3,Ensemble (Majority Vote),0.82,0.7103,0.8,0.6286
F_rasm_3d_8rm,theta,norm3,Random Forest,0.76,0.6726,0.6,0.6286
F_de_3d,delta,norm3,Linear SVM,0.7267,0.6566,0.7,0.6286
F_de_3d,delta,norm3,Ensemble (Majority Vote),0.9067,0.7846,0.5,0.6286
F_de_3d,gamma,None,Logistic Regression,0.7067,0.6343,0.6,0.6286
F_peak_3d,delta,norm3,Random Forest,0.86,0.7414,0.7,0.6286
F_peak_3d,delta,None,XGBoost,0.9933,0.8685,0.7,0.6286
F_de_3d,beta,None,Ensemble (Majority Vote),0.8867,0.7926,0.7,0.6286
F_mean_3d,delta,norm3,XGBoost,0.9667,0.8211,0.7,0.6286
F_de_3d,delta,None,Ensemble (Majority Vote),0.9267,0.7864,0.6,0.6286
F_mean_3d_Cz,all,norm3,Linear SVM,0.6267,0.5798,0.7,0.6286
F_de_3d_8rm,beta,None,Ensemble (Majority Vote),0.8333,0.7437,0.6,0.6286
F_mean_3d_Cz,all,None,XGBoost,0.88,0.6984,0.8,0.6286
F_de_3d,beta,None,Linear SVM,0.7467,0.6786,0.7,0.6286
F_de_3d,beta,None,Logistic Regression,0.76,0.6657,0.7,0.6286
F_peak_3d,gamma,None,Linear SVM,0.74,0.6657,0.6,0.6286
F_mean_3d_Cz,all,norm3,Ensemble (Majority Vote),0.7667,0.6669,0.7,0.6286
F_mean_3d_Cz,all,norm3,Logistic Regression,0.6267,0.5814,0.7,0.6286
F_median_3d19,gamma,norm3,Ensemble (Majority Vote),0.94,0.7963,0.8,0.6286
F_de_3d_8rm,gamma,norm3,Linear SVM,0.6133,0.5874,0.8,0.6286
F_mean_3d_10rm,gamma,norm3,Linear SVM,0.6333,0.5954,0.7,0.6286
F_median_3d_3area,delta,norm3,KNN,0.9733,0.7214,0.8,0.6286
F_median_3d_3area,delta,norm3,XGBoost,0.76,0.6409,0.8,0.6286
F_median_3d,beta,norm3,KNN,1.0,0.834,0.8,0.6286
F_median_3d_8rm,theta,norm3,Random Forest,0.8267,0.6864,0.7,0.6286
F_median_3d,beta,norm3,Ensemble (Majority Vote),0.8933,0.7508,0.6,0.6286
F_median_3d,beta,None,KNN,1.0,0.8478,0.7,0.6286
F_mean_3d_10rm,gamma,norm3,Logistic Regression,0.6333,0.5943,0.7,0.6286
F_de_3d_10rm,gamma,None,Linear SVM,0.6533,0.6214,0.5,0.6286
F_median_3d_3area,delta,norm3,Ensemble (Majority Vote),0.7267,0.64,0.6,0.6286
F_mean_3d_10rm,beta,norm3,Logistic Regression,0.7333,0.632,0.6,0.6286
F_mean_3d_10rm,beta,norm3,Linear SVM,0.7267,0.6322,0.6,0.6286
F_median_3d_F8,alpha,norm2,KNN,0.9733,0.6874,0.8,0.6286
F_median_3d_F8,alpha,norm3,KNN,0.9733,0.6874,0.8,0.6286
F_de_3d_10rm,beta,norm3,Random Forest,0.82,0.7248,0.7,0.6286
F_mean_3d_10rm,beta,norm2,XGBoost,0.9867,0.7214,0.8,0.6286
F_de_3d_10rm,beta,None,Random Forest,0.8333,0.7405,0.6,0.6286
F_mean_3d_8rm,gamma,norm3,Random Forest,0.8667,0.6982,0.6,0.6286
F_mean_3d_8rm,all,norm3,XGBoost,1.0,0.9595,0.6,0.6286
F_de_3d_8rm,gamma,norm3,Logistic Regression,0.62,0.5876,0.8,0.6286
F_median_3d_10rm,alpha,norm3,Logistic Regression,0.7467,0.6322,0.6,0.6286
F_mean_3d_8rm,delta,norm3,Linear SVM,0.6667,0.6078,0.6,0.6286
F_median_3d19,gamma,norm3,Random Forest,0.9267,0.7766,0.7,0.6286
F_median_3d19,delta,norm3,Random Forest,0.9067,0.7621,0.9,0.6286
F_mean_3d_8rm,delta,None,Ensemble (Majority Vote),0.86,0.7262,0.7,0.6286
F_median_3d19,delta,norm3,Logistic Regression,0.7867,0.68,0.7,0.6286
F_median_3d19,delta,norm3,Linear SVM,0.8133,0.6841,0.7,0.6286
F_median_3d_10rm,alpha,norm3,Linear SVM,0.74,0.6308,0.6,0.6286
F_median_3d_10rm,beta,None,XGBoost,0.98,0.8074,0.7,0.6286
F_median_3d,gamma,norm3,Random Forest,0.8667,0.7216,0.7,0.6286
F_mean_3d_8rm,beta,norm2,XGBoost,0.96,0.6991,0.8,0.6286
F_median_3d_10rm,beta,norm3,Logistic Regression,0.7133,0.6418,0.6,0.6286
F_mean_3d_8rm,beta,norm2,Ensemble (Majority Vote),0.9067,0.7048,0.8,0.6286
F_mean_3d_8rm,beta,None,XGBoost,0.9533,0.7651,0.7,0.6286
F_median_3d19,beta,norm3,Logistic Regression,0.8267,0.6634,0.6,0.6286
F_median_3d19,beta,norm3,Linear SVM,0.8067,0.6632,0.6,0.6286
F_median_3d19,all,None,Logistic Regression,0.9667,0.8526,0.8,0.6286
F_de_3d_10rm,beta,None,Logistic Regression,0.7467,0.6497,0.6,0.6286
F_de_3d_10rm,beta,None,Ensemble (Majority Vote),0.8733,0.7667,0.6,0.6286
F_mean_3d_10rm,beta,None,Linear SVM,0.7333,0.6423,0.6,0.6286
F_mean_3d19,delta,None,Logistic Regression,0.8,0.6805,0.7,0.6286
F_mean_3d_T7,all,None,KNN,0.98,0.7494,0.6,0.6286
F_median_3d_T7,gamma,None,XGBoost,0.6133,0.5825,0.6,0.6286
F_median_3d_T7,gamma,norm2,XGBoost,0.6333,0.5462,0.9,0.6286
F_median_3d_T7,gamma,norm3,XGBoost,0.6333,0.5462,0.9,0.6286
F_mean_3d_Fz,delta,None,Logistic Regression,0.5533,0.5287,0.6,0.6286
F_mean_3d_Fz,beta,None,Random Forest,0.6667,0.5979,0.7,0.6286
F_mean_3d_Fz,beta,None,Ensemble (Majority Vote),0.7667,0.631,0.7,0.6286
F_de_3d19,all,None,Linear SVM,1.0,0.9025,0.6,0.6286
F_de_3d_10rm,alpha,norm3,KNN,0.9867,0.817,0.7,0.6286
F_mean_3d_Fp2,theta,None,Random Forest,0.68,0.5952,0.6,0.6286
F_mean_3d_Fp2,all,norm3,Random Forest,0.7267,0.6609,0.5,0.6286
F_mean_3d_Fp2,all,norm3,KNN,0.96,0.7432,0.8,0.6286
F_mean_3d_Fp2,all,norm3,Ensemble (Majority Vote),0.78,0.6724,0.7,0.6286
F_de_3d_8rm,gamma,norm3,XGBoost,0.9533,0.7494,0.8,0.6286
F_de_3d,theta,None,KNN,1.0,0.8457,0.7,0.6286
F_de_3d_8rm,all,None,Ensemble (Majority Vote),0.9867,0.8954,0.7,0.6286
F_mean_3d_T7,all,None,Random Forest,0.74,0.663,0.6,0.6286
F_de_3d19,delta,None,Linear SVM,0.82,0.7099,0.7,0.6286
F_median_3d_T7,all,None,Ensemble (Majority Vote),0.82,0.6818,0.6,0.6286
F_mean_3d19,theta,norm3,Random Forest,0.9133,0.7492,0.6,0.6286
F_mean_3d_10rm,alpha,norm3,Random Forest,0.8267,0.6931,0.7,0.6286
F_median_3d_Fp1,beta,norm2,KNN,0.9733,0.6867,0.7,0.6286
F_mean_3d_10rm,alpha,norm3,Logistic Regression,0.6933,0.6175,0.7,0.6286
F_median_3d_Fp1,beta,norm3,KNN,0.9733,0.6867,0.7,0.6286
F_de_3d_10rm,all,norm3,Logistic Regression,0.96,0.8195,0.7,0.6286
F_median_3d,all,norm3,Ensemble (Majority Vote),1.0,0.9336,0.6,0.6286
F_de_3d_10rm,all,None,Logistic Regression,0.9467,0.8044,0.7,0.6286
F_de_3d_10rm,all,None,Linear SVM,0.9733,0.8225,0.8,0.6286
F_mean_3d_10rm,all,norm3,Logistic Regression,0.94,0.7828,0.7,0.6286
F_mean_3d_T8,gamma,None,Logistic Regression,0.5467,0.5117,0.7,0.6286
F_mean_3d_T8,beta,None,Random Forest,0.64,0.5931,0.6,0.6286
F_mean_3d_T8,beta,None,KNN,0.9667,0.7064,0.8,0.6286
F_mean_3d_C4,beta,None,Ensemble (Majority Vote),0.72,0.6117,0.6,0.6286
F_mean_3d_T7,all,norm3,XGBoost,0.8467,0.7108,0.7,0.6286
F_median_3d_Fz,delta,None,Ensemble (Majority Vote),0.7133,0.6069,0.7,0.6286
F_median_3d_T7,all,None,KNN,0.9533,0.7513,0.6,0.6286
F_peak_3d,beta,None,XGBoost,0.9867,0.8506,0.6,0.6286
F_de_3d_F7,all,norm3,Linear SVM,0.6333,0.6,0.5,0.6286
F_peak_3d_10rm,alpha,norm3,Ensemble (Majority Vote),0.8733,0.7423,0.7,0.6286
F_peak_3d_3area,delta,None,Linear SVM,0.6467,0.5956,0.6,0.6286
F_peak_3d_3area,delta,None,XGBoost,0.8333,0.6906,0.7,0.6286
F_de_3d_Fz,delta,None,Linear SVM,0.5267,0.5237,0.7,0.6286
F_de_3d_F3,alpha,norm2,Random Forest,0.8133,0.5959,0.9,0.6286
F_de_3d_F3,all,norm3,Linear SVM,0.64,0.5793,0.6,0.6286
F_peak_3d_F8,theta,norm2,XGBoost,0.5133,0.5428,0.6,0.6286
F_dasm_3d,alpha,None,Ensemble (Majority Vote),0.82,0.6811,0.8,0.6286
F_peak_3d_F3,beta,None,Ensemble (Majority Vote),0.7333,0.6269,0.8,0.6286
F_dasm_3d_8rm,delta,None,Ensemble (Majority Vote),0.8067,0.6556,0.8,0.6286
F_dasm_3d_10rm,all,norm3,Logistic Regression,0.7933,0.689,0.7,0.6286
F_dasm_3d_8rm,delta,None,XGBoost,0.8067,0.6568,0.7,0.6286
F_peak_3d_3area,theta,norm3,Linear SVM,0.6333,0.5697,0.7,0.6286
F_mean_3d,beta,norm3,Ensemble (Majority Vote),0.88,0.7494,0.8,0.6286
F_dasm_3d_8rm,all,norm3,XGBoost,0.9933,0.8478,0.7,0.6286
F_peak_3d_10rm,beta,None,Ensemble (Majority Vote),0.8867,0.768,0.6,0.6286
F_mean_3d,beta,norm3,Linear SVM,0.7333,0.6503,0.7,0.6286
F_peak_3d_3area,theta,norm3,Logistic Regression,0.6333,0.569,0.7,0.6286
F_peak_3d_C4,delta,None,Ensemble (Majority Vote),0.7267,0.6283,0.6,0.6286
F_de_3d_Fz,delta,None,Logistic Regression,0.5333,0.5237,0.7,0.6286
F_de_3d_F4,beta,None,KNN,0.9467,0.7115,0.9,0.6286
F_peak_3d_Cz,all,norm3,Logistic Regression,0.6333,0.5876,0.7,0.6286
F_mean_3d,alpha,norm3,Linear SVM,0.7133,0.6322,0.7,0.6286
F_peak_3d_Cz,theta,None,Logistic Regression,0.6,0.5494,0.5,0.6286
F_rasm_3d_10rm,gamma,norm3,Random Forest,0.7467,0.6903,0.6,0.6286
F_peak_3d_Cz,theta,None,Linear SVM,0.6,0.5501,0.5,0.6286
F_de_3d_F3,alpha,norm3,Random Forest,0.8133,0.5959,0.9,0.6286
F_rasm_3d_10rm,gamma,norm2,XGBoost,0.8933,0.7221,0.7,0.6286
F_de_3d_F4,theta,None,KNN,0.9667,0.6984,1.0,0.6286
F_de_3d_F4,beta,None,Random Forest,0.7067,0.6097,0.8,0.6286
F_mean_3d,alpha,None,Ensemble (Majority Vote),0.88,0.7409,0.5,0.6286
F_peak_3d_F3,alpha,None,KNN,0.96,0.697,0.6,0.6286
F_peak_3d_F8,delta,None,Random Forest,0.6333,0.5961,0.7,0.6286
F_dasm_3d_8rm,all,None,Logistic Regression,0.7667,0.6664,0.8,0.6286
F_peak_3d_T7,delta,None,XGBoost,0.66,0.6005,0.6,0.6286
F_rasm_3d_10rm,gamma,norm2,Ensemble (Majority Vote),0.8533,0.7113,0.7,0.6286
F_de_3d_T7,all,None,Linear SVM,0.6667,0.6099,0.7,0.6286
F_rasm_3d_10rm,gamma,None,XGBoost,0.9,0.6713,0.6,0.6286
F_dasm_3d_10rm,all,norm3,Random Forest,0.9333,0.7841,0.7,0.6286
F_dasm_3d,all,norm3,XGBoost,1.0,0.9317,0.7,0.6286
F_peak_3d_F8,theta,norm3,XGBoost,0.5133,0.5428,0.6,0.6286
F_peak_3d_8rm,beta,norm3,Ensemble (Majority Vote),0.82,0.7306,0.7,0.6286
F_dasm_3d,all,norm3,Random Forest,0.9133,0.7968,0.8,0.6286
F_rasm_3d_8rm,delta,norm3,Logistic Regression,0.5467,0.5195,0.8,0.6286
F_de_3d,alpha,None,XGBoost,0.9867,0.8283,0.6,0.6286
F_mean_3d,delta,None,XGBoost,0.9667,0.8177,0.5,0.6286
F_de_3d_T7,all,norm3,KNN,0.98,0.7651,0.7,0.6286
F_peak_3d_C3,delta,norm3,XGBoost,0.5933,0.5676,0.6,0.6286
F_peak_3d_C3,delta,norm3,Random Forest,0.68,0.5839,0.8,0.6286
F_rasm_3d_8rm,delta,norm3,Random Forest,0.7667,0.6713,0.7,0.6286
F_de_3d_F4,alpha,None,XGBoost,0.6333,0.5899,0.7,0.6286
F_peak_3d_C3,delta,norm3,Ensemble (Majority Vote),0.6267,0.5982,0.7,0.6286
F_peak_3d_C3,delta,norm2,XGBoost,0.5933,0.5676,0.6,0.6286
F_peak_3d_C3,delta,norm2,Random Forest,0.68,0.5839,0.8,0.6286
F_peak_3d_8rm,theta,None,Logistic Regression,0.7333,0.6177,0.7,0.6286
F_peak_3d,theta,norm3,Logistic Regression,0.7867,0.6563,0.7,0.6286
F_peak_3d_8rm,theta,None,XGBoost,0.92,0.7611,0.7,0.6286
F_de_3d,alpha,None,Linear SVM,0.78,0.6667,0.7,0.6286
F_de_3d_T7,delta,None,KNN,0.9733,0.7094,0.8,0.6286
F_dasm_3d19,delta,norm3,Random Forest,0.86,0.7184,0.7,0.6286
F_rasm_3d,all,norm3,Ensemble (Majority Vote),0.9267,0.7701,0.7,0.6286
F_de_3d_F3,all,norm3,Logistic Regression,0.6533,0.5805,0.6,0.6286
F_mean_3d,beta,norm3,XGBoost,0.9733,0.8163,0.7,0.6286
F_peak_3d_10rm,alpha,norm2,XGBoost,1.0,0.7407,0.7,0.6286
F_rasm_3d_8rm,delta,norm3,Ensemble (Majority Vote),0.8667,0.6993,0.7,0.6286
F_peak_3d_8rm,alpha,None,Linear SVM,0.7333,0.6414,0.6,0.6286
F_peak_3d_8rm,alpha,None,Logistic Regression,0.6867,0.6366,0.7,0.6286
F_de_3d_Fz,beta,None,Random Forest,0.6667,0.6115,0.7,0.6286
F_dasm_3d19,all,norm3,Ensemble (Majority Vote),0.9667,0.8811,0.7,0.6286
F_peak_3d_10rm,alpha,norm2,Ensemble (Majority Vote),0.9467,0.7315,0.7,0.6286
F_peak_3d_10rm,alpha,None,Random Forest,0.8467,0.7216,0.7,0.6286
F_mean_3d,beta,norm3,Logistic Regression,0.7267,0.6506,0.7,0.6286
F_peak_3d_C3,delta,norm2,Ensemble (Majority Vote),0.6267,0.5982,0.7,0.6286
F_peak_3d_Fz,all,None,Random Forest,0.7933,0.6998,0.8,0.6286
F_peak_3d_Fz,delta,None,Ensemble (Majority Vote),0.6933,0.6299,0.6,0.6286
F_peak_3d19,theta,norm3,Linear SVM,0.8,0.686,0.6,0.6286
F_rasm_3d19,beta,norm3,Logistic Regression,0.62,0.5715,0.7,0.6286
F_mean_3d_3area,theta,norm3,Linear SVM,0.5733,0.5531,0.6,0.6286
F_peak_3d_T7,theta,None,Logistic Regression,0.5733,0.5476,0.7,0.6286
F_mean_3d_3area,theta,norm3,Logistic Regression,0.5667,0.5533,0.6,0.6286
F_peak_3d_T7,theta,None,Linear SVM,0.5733,0.5474,0.7,0.6286
F_de_3d19,beta,None,XGBoost,1.0,0.8832,0.7,0.6143
F_de_3d_Cz,beta,None,XGBoost,0.6667,0.5828,0.6,0.6143
F_de_3d_T7,gamma,None,KNN,0.9667,0.7115,0.8,0.6143
F_peak_3d_3area,alpha,None,Logistic Regression,0.6133,0.5607,0.6,0.6143
F_rasm_3d_10rm,gamma,norm2,Random Forest,0.8267,0.6899,0.7,0.6143
F_dasm_3d19,delta,None,Ensemble (Majority Vote),0.8867,0.7411,0.6,0.6143
F_de_3d_8rm,gamma,norm3,Random Forest,0.8267,0.706,0.8,0.6143
F_rasm_3d,all,None,Ensemble (Majority Vote),0.9867,0.7605,0.8,0.6143
F_de_3d_1area,gamma,norm2,Ensemble (Majority Vote),0.7067,0.6191,0.7,0.6143
F_rasm_3d,delta,None,Linear SVM,0.52,0.5044,0.9,0.6143
F_de_3d_1area,gamma,norm3,XGBoost,0.76,0.5651,0.8,0.6143
F_dasm_3d_8rm,beta,None,Random Forest,0.72,0.6333,0.6,0.6143
F_de_3d_10rm,delta,norm3,Random Forest,0.8467,0.7269,0.6,0.6143
F_mean_3d_10rm,beta,norm3,XGBoost,0.9733,0.7936,0.6,0.6143
F_mean_3d_F8,alpha,None,KNN,0.9933,0.7115,0.7,0.6143
F_peak_3d,alpha,norm3,XGBoost,0.9867,0.8186,0.8,0.6143
F_mean_3d_Cz,gamma,None,KNN,0.9933,0.6972,0.7,0.6143
F_de_3d,alpha,norm3,Random Forest,0.8467,0.7205,0.6,0.6143
F_mean_3d_Cz,beta,None,Ensemble (Majority Vote),0.6733,0.617,0.5,0.6143
F_de_3d_Fz,delta,None,KNN,0.9667,0.7005,0.7,0.6143
F_peak_3d_10rm,delta,None,XGBoost,0.9933,0.831,0.7,0.6143
F_de_3d_Fz,beta,norm2,Ensemble (Majority Vote),0.7267,0.6062,0.8,0.6143
F_dasm_3d_10rm,all,None,Ensemble (Majority Vote),0.9467,0.8163,0.8,0.6143
F_peak_3d,delta,norm3,KNN,0.9933,0.8931,0.6,0.6143
F_de_3d_1area,gamma,norm2,XGBoost,0.76,0.5651,0.8,0.6143
F_de_3d_F4,theta,None,Random Forest,0.64,0.5979,0.7,0.6143
F_peak_3d19,theta,norm3,Ensemble (Majority Vote),0.9533,0.8239,0.6,0.6143
F_de_3d_1area,gamma,norm3,Ensemble (Majority Vote),0.7067,0.6191,0.7,0.6143
F_de_3d_Fz,beta,norm3,Ensemble (Majority Vote),0.7267,0.6062,0.8,0.6143
F_peak_3d_10rm,beta,norm3,XGBoost,0.9467,0.8179,0.7,0.6143
F_de_3d_2area,beta,norm3,XGBoost,0.7333,0.6011,0.8,0.6143
F_mean_3d_10rm,alpha,norm3,Linear SVM,0.6867,0.6163,0.6,0.6143
F_median_3d_F4,gamma,None,Linear SVM,0.54,0.5269,0.8,0.6143
F_peak_3d_C4,alpha,norm2,XGBoost,0.5667,0.5616,0.8,0.6143
F_de_3d_10rm,all,norm3,Ensemble (Majority Vote),0.9867,0.9246,0.7,0.6143
F_peak_3d_C4,alpha,norm2,Random Forest,0.7667,0.5956,0.7,0.6143
F_median_3d_F4,beta,None,XGBoost,0.66,0.5938,0.6,0.6143
F_median_3d_10rm,alpha,norm3,Ensemble (Majority Vote),0.8533,0.7216,0.6,0.6143
F_median_3d_Fp2,alpha,None,Logistic Regression,0.5467,0.529,0.6,0.6143
F_peak_3d_F7,all,norm3,XGBoost,0.8467,0.7145,0.7,0.6143
F_de_3d_1area,gamma,norm2,KNN,0.9933,0.6917,0.6,0.6143
F_median_3d_10rm,beta,norm3,Linear SVM,0.72,0.6416,0.6,0.6143
F_mean_3d_3area,delta,None,Linear SVM,0.62,0.5639,0.6,0.6143
F_median_3d_F3,beta,None,Ensemble (Majority Vote),0.7133,0.6246,0.7,0.6143
F_median_3d19,beta,norm3,Ensemble (Majority Vote),0.96,0.7961,0.6,0.6143
F_mean_3d_10rm,theta,None,XGBoost,0.9533,0.7818,0.7,0.6143
F_median_3d19,beta,None,XGBoost,1.0,0.8903,0.6,0.6143
F_de_3d19,theta,norm3,Ensemble (Majority Vote),0.9333,0.806,0.6,0.6143
F_mean_3d_T7,theta,norm2,KNN,0.9867,0.6869,0.9,0.6143
F_mean_3d_1area,beta,norm2,KNN,0.9867,0.6878,0.8,0.6143
F_mean_3d_1area,beta,norm3,KNN,0.9867,0.6878,0.8,0.6143
F_mean_3d_T7,theta,norm3,KNN,0.9867,0.6869,0.9,0.6143
F_median_3d_F4,beta,None,Ensemble (Majority Vote),0.6733,0.5982,0.6,0.6143
F_median_3d_F4,beta,None,Linear SVM,0.64,0.5676,0.6,0.6143
F_rasm_3d,delta,None,Ensemble (Majority Vote),0.8867,0.6938,0.7,0.6143
F_median_3d_F4,beta,None,Logistic Regression,0.64,0.5676,0.6,0.6143
F_de_3d_F3,alpha,None,KNN,1.0,0.7076,0.6,0.6143
F_peak_3d_C4,alpha,norm3,XGBoost,0.5667,0.5616,0.8,0.6143
F_median_3d_Fp2,alpha,None,Linear SVM,0.54,0.5285,0.6,0.6143
F_peak_3d_C4,alpha,norm3,Random Forest,0.7667,0.5956,0.7,0.6143
F_de_3d_10rm,delta,None,Random Forest,0.8333,0.7214,0.6,0.6143
F_de_3d_10rm,gamma,norm3,XGBoost,0.98,0.7938,0.8,0.6143
F_de_3d_2area,beta,norm3,Random Forest,0.7533,0.6191,0.7,0.6143
F_median_3d_F7,beta,None,Random Forest,0.66,0.6014,0.6,0.6143
F_peak_3d_T7,all,norm3,Logistic Regression,0.6,0.5779,0.7,0.6143
F_peak_3d_Cz,all,norm3,Linear SVM,0.6467,0.5878,0.7,0.6143
F_median_3d_F7,gamma,None,XGBoost,0.68,0.5818,0.7,0.6143
F_median_3d_F8,all,norm2,Random Forest,0.9067,0.666,0.7,0.6143
F_median_3d,delta,None,XGBoost,0.9667,0.8349,0.6,0.6143
F_peak_3d_T7,all,norm3,Random Forest,0.7467,0.6685,0.6,0.6143
F_peak_3d_Cz,theta,None,Ensemble (Majority Vote),0.6933,0.6053,0.6,0.6143
F_peak_3d_F3,all,norm3,Ensemble (Majority Vote),0.76,0.6784,0.6,0.6143
F_median_3d_F8,alpha,norm2,Random Forest,0.72,0.5832,0.6,0.6143
F_peak_3d_Fz,alpha,None,XGBoost,0.62,0.5924,0.6,0.6143
F_peak_3d_Fz,alpha,norm2,Random Forest,0.84,0.5984,0.7,0.6143
F_median_3d_F8,alpha,norm3,Random Forest,0.72,0.5832,0.6,0.6143
F_peak_3d_T7,delta,None,Ensemble (Majority Vote),0.7533,0.6418,0.7,0.6143
F_mean_3d_10rm,beta,norm3,Ensemble (Majority Vote),0.8533,0.7301,0.6,0.6143
F_mean_3d_8rm,theta,norm3,Linear SVM,0.6333,0.5938,0.7,0.6143
F_dasm_3d_10rm,gamma,norm3,Ensemble (Majority Vote),0.7133,0.6476,0.8,0.6143
F_mean_3d_8rm,theta,norm3,Logistic Regression,0.62,0.5922,0.7,0.6143
F_mean_3d_8rm,delta,norm3,Logistic Regression,0.6733,0.6076,0.6,0.6143
F_dasm_3d19,all,norm3,Linear SVM,0.92,0.7547,0.7,0.6143
F_dasm_3d19,all,norm3,Logistic Regression,0.9133,0.7508,0.7,0.6143
F_peak_3d_Fz,alpha,norm3,Random Forest,0.84,0.5984,0.7,0.6143
F_peak_3d_Cz,theta,None,Random Forest,0.6533,0.5966,0.6,0.6143
F_median_3d_F4,gamma,None,Logistic Regression,0.5467,0.5269,0.8,0.6143
F_mean_3d_10rm,beta,None,KNN,1.0,0.8324,0.8,0.6143
F_mean_3d_8rm,gamma,norm3,KNN,1.0,0.7611,0.6,0.6143
F_dasm_3d_10rm,delta,None,XGBoost,0.8933,0.7083,0.8,0.6143
F_peak_3d_T7,all,norm3,Linear SVM,0.6067,0.5784,0.7,0.6143
F_median_3d,alpha,norm3,XGBoost,0.9733,0.8106,0.7,0.6143
F_de_3d_10rm,alpha,norm3,Random Forest,0.8333,0.7133,0.7,0.6143
F_median_3d_C4,alpha,None,KNN,0.9733,0.6867,0.7,0.6143
F_de_3d_T7,all,None,Logistic Regression,0.6667,0.6007,0.7,0.6143
F_de_3d_10rm,beta,None,Linear SVM,0.72,0.6533,0.5,0.6143
F_peak_3d_Fz,theta,None,Ensemble (Majority Vote),0.66,0.6108,0.7,0.6143
F_de_3d_F3,all,norm3,Random Forest,0.76,0.6667,0.7,0.6143
F_dasm_3d_10rm,all,None,KNN,1.0,0.9195,0.6,0.6143
F_median_3d_T8,delta,None,Ensemble (Majority Vote),0.72,0.6138,0.7,0.6143
F_peak_3d_10rm,alpha,norm3,Linear SVM,0.74,0.634,0.7,0.6143
F_peak_3d_2area,theta,norm3,XGBoost,0.7067,0.6101,0.5,0.6143
F_rasm_3d_10rm,gamma,norm3,Ensemble (Majority Vote),0.8733,0.7172,0.7,0.6143
F_median_3d_T8,gamma,norm3,KNN,0.9667,0.6756,0.9,0.6143
F_median_3d_T8,gamma,norm2,KNN,0.9667,0.6756,0.9,0.6143
F_de_3d,delta,None,XGBoost,0.98,0.8432,0.7,0.6143
F_mean_3d_Fp2,all,norm3,Linear SVM,0.5933,0.5768,0.7,0.6143
F_dasm_3d_8rm,all,None,XGBoost,0.9933,0.8614,0.6,0.6143
F_dasm_3d_8rm,gamma,None,XGBoost,0.8,0.6439,0.6,0.6143
F_mean_3d,alpha,None,Random Forest,0.8133,0.7083,0.6,0.6143
F_mean_3d,beta,None,XGBoost,0.9867,0.8411,0.6,0.6143
F_mean_3d_C4,theta,norm3,KNN,0.9667,0.6903,0.8,0.6143
F_median_3d_2area,delta,norm2,Ensemble (Majority Vote),0.7067,0.6198,0.7,0.6143
F_mean_3d_8rm,beta,None,Ensemble (Majority Vote),0.8733,0.7368,0.5,0.6143
F_mean_3d,alpha,None,Logistic Regression,0.74,0.6457,0.6,0.6143
F_median_3d_2area,beta,None,Random Forest,0.72,0.6315,0.6,0.6143
F_peak_3d_10rm,alpha,norm2,Random Forest,0.9667,0.7124,0.6,0.6143
F_mean_3d_C4,theta,norm2,KNN,0.9667,0.6903,0.8,0.6143
F_peak_3d19,theta,norm3,Logistic Regression,0.7933,0.6846,0.6,0.6143
F_mean_3d19,gamma,norm3,Ensemble (Majority Vote),0.9533,0.7993,0.7,0.6143
F_mean_3d_8rm,alpha,norm3,Random Forest,0.8333,0.6876,0.7,0.6143
F_peak_3d_10rm,alpha,norm3,Logistic Regression,0.7533,0.6361,0.7,0.6143
F_peak_3d_2area,all,norm2,KNN,0.9867,0.7152,0.8,0.6143
F_peak_3d_1area,delta,norm3,XGBoost,0.5733,0.5621,0.7,0.6143
F_peak_3d_10rm,gamma,None,Logistic Regression,0.72,0.6469,0.6,0.6143
F_de_3d_8rm,alpha,None,Random Forest,0.82,0.7041,0.5,0.6143
F_peak_3d_10rm,delta,None,KNN,1.0,0.8779,0.8,0.6143
F_de_3d_8rm,alpha,None,Linear SVM,0.7133,0.6423,0.7,0.6143
F_de_3d_8rm,alpha,None,KNN,0.9933,0.8149,0.6,0.6143
F_mean_3d_F3,all,norm3,Ensemble (Majority Vote),0.7533,0.6568,0.6,0.6143
F_peak_3d_10rm,gamma,norm3,Linear SVM,0.7133,0.6441,0.7,0.6143
F_de_3d_1area,delta,norm3,KNN,0.98,0.6857,0.7,0.6143
F_peak_3d_10rm,theta,None,Logistic Regression,0.7667,0.6428,0.7,0.6143
F_de_3d_8rm,all,norm3,Linear SVM,0.9333,0.7807,0.7,0.6143
F_de_3d_1area,gamma,norm3,KNN,0.9933,0.6917,0.6,0.6143
F_de_3d_8rm,beta,None,Linear SVM,0.6867,0.6402,0.6,0.6143
F_peak_3d,alpha,None,Random Forest,0.8733,0.7368,0.8,0.6143
F_de_3d_F4,theta,None,Linear SVM,0.5667,0.5301,0.8,0.6143
F_peak_3d_1area,delta,norm2,Ensemble (Majority Vote),0.72,0.6044,0.7,0.6143
F_de_3d_1area,delta,norm2,KNN,0.98,0.6857,0.7,0.6143
F_peak_3d_1area,delta,norm2,XGBoost,0.5733,0.5621,0.7,0.6143
F_peak_3d_1area,delta,norm3,Ensemble (Majority Vote),0.72,0.6044,0.7,0.6143
F_de_3d_F7,all,norm3,Ensemble (Majority Vote),0.76,0.668,0.6,0.6143
F_mean_3d,alpha,None,Linear SVM,0.7667,0.6559,0.6,0.6143
F_median_3d_3area,delta,norm3,Random Forest,0.74,0.6354,0.7,0.6143
F_peak_3d_3area,beta,norm3,Ensemble (Majority Vote),0.6933,0.6297,0.5,0.6143
F_median_3d_8rm,alpha,norm3,Logistic Regression,0.7,0.6218,0.6,0.6143
F_de_3d,alpha,norm3,KNN,0.9933,0.8372,0.7,0.6143
F_median_3d_Fz,delta,None,Random Forest,0.66,0.5903,0.7,0.6143
F_median_3d_Fz,delta,None,Logistic Regression,0.5533,0.5324,0.5,0.6143
F_rasm_3d_8rm,gamma,norm2,XGBoost,0.8467,0.6839,0.7,0.6143
F_median_3d_Fz,delta,None,Linear SVM,0.5533,0.5324,0.5,0.6143
F_de_3d_T7,gamma,norm2,Random Forest,0.7533,0.5816,0.7,0.6143
F_peak_3d_8rm,delta,norm3,Random Forest,0.8067,0.7099,0.6,0.6143
F_de_3d_F4,alpha,None,Random Forest,0.68,0.5998,0.7,0.6143
F_de_3d_T7,gamma,None,XGBoost,0.7067,0.6057,0.7,0.6143
F_mean_3d_8rm,beta,norm2,Random Forest,0.9933,0.7014,0.6,0.6143
F_peak_3d_F8,delta,None,Ensemble (Majority Vote),0.6533,0.606,0.6,0.6143
F_mean_3d_C4,delta,norm2,XGBoost,0.6467,0.5598,0.7,0.6143
F_mean_3d_10rm,all,None,KNN,1.0,0.9469,0.6,0.6143
F_mean_3d_T7,beta,None,KNN,0.98,0.7007,0.7,0.6143
F_peak_3d_8rm,theta,None,Ensemble (Majority Vote),0.8467,0.7133,0.8,0.6143
F_peak_3d_8rm,theta,None,Linear SVM,0.7333,0.6234,0.7,0.6143
F_de_3d,alpha,None,Logistic Regression,0.7667,0.6623,0.6,0.6143
F_mean_3d_C4,delta,None,Random Forest,0.6533,0.5984,0.9,0.6143
F_peak_3d_F8,all,norm3,XGBoost,0.8667,0.6979,0.7,0.6143
F_de_3d_T7,gamma,norm3,Random Forest,0.7533,0.5816,0.7,0.6143
F_rasm_3d,gamma,norm3,Ensemble (Majority Vote),0.8867,0.7159,0.8,0.6143
F_mean_3d_3area,delta,None,Logistic Regression,0.6,0.5669,0.7,0.6143
F_rasm_3d19,delta,norm3,Random Forest,0.7933,0.7115,0.5,0.6143
F_mean_3d_Fz,alpha,None,XGBoost,0.72,0.5846,0.6,0.6143
F_mean_3d_C4,delta,norm3,XGBoost,0.6467,0.5598,0.7,0.6143
F_rasm_3d_8rm,delta,norm3,Linear SVM,0.5467,0.5198,0.8,0.6143
F_median_3d_2area,alpha,norm3,KNN,0.9733,0.7021,0.8,0.6143
F_median_3d_T7,alpha,None,Random Forest,0.7267,0.6076,0.8,0.6143
F_peak_3d,gamma,None,Logistic Regression,0.7467,0.6637,0.6,0.6143
F_median_3d_8rm,alpha,norm3,Linear SVM,0.7,0.6211,0.6,0.6143
F_peak_3d19,beta,norm3,KNN,1.0,0.9255,0.5,0.6143
F_median_3d_T7,gamma,None,Ensemble (Majority Vote),0.6933,0.6205,0.6,0.6143
F_peak_3d_8rm,beta,None,XGBoost,0.9133,0.7874,0.6,0.6143
F_peak_3d19,beta,norm3,Ensemble (Majority Vote),0.9067,0.8216,0.7,0.6143
F_de_3d_Fp2,all,norm3,Ensemble (Majority Vote),0.7867,0.6949,0.7,0.6143
F_peak_3d19,beta,None,Random Forest,0.8333,0.7664,0.7,0.6143
F_rasm_3d19,alpha,norm3,KNN,0.9733,0.7662,0.7,0.6143
F_rasm_3d_8rm,gamma,norm2,Ensemble (Majority Vote),0.8133,0.6885,0.9,0.6143
F_de_3d_8rm,beta,norm3,XGBoost,0.8933,0.7637,0.7,0.6143
F_rasm_3d_10rm,all,norm3,Linear SVM,0.66,0.5846,0.7,0.6143
F_median_3d_3area,alpha,norm3,Random Forest,0.7733,0.6359,0.8,0.6
F_mean_3d_8rm,all,norm3,Logistic Regression,0.8867,0.7471,0.5,0.6
F_de_3d_2area,all,norm2,XGBoost,0.9533,0.7246,0.7,0.6
F_peak_3d_Fz,alpha,None,Ensemble (Majority Vote),0.68,0.6191,0.6,0.6
F_de_3d_2area,beta,norm3,Ensemble (Majority Vote),0.7733,0.6322,0.8,0.6
F_median_3d19,theta,norm2,KNN,0.9933,0.7009,0.8,0.6
F_median_3d_10rm,beta,norm3,Ensemble (Majority Vote),0.8733,0.7343,0.6,0.6
F_median_3d_10rm,beta,norm3,XGBoost,0.96,0.7791,0.6,0.6
F_dasm_3d19,gamma,None,Random Forest,0.86,0.7264,0.7,0.6
F_median_3d_10rm,alpha,norm3,XGBoost,0.9533,0.7782,0.6,0.6
F_median_3d_1area,all,None,Ensemble (Majority Vote),0.8333,0.7143,0.7,0.6
F_peak_3d_Fp2,gamma,None,Ensemble (Majority Vote),0.6667,0.6143,0.8,0.6
F_mean_3d_8rm,beta,norm3,Linear SVM,0.6867,0.6145,0.6,0.6
F_dasm_3d19,delta,norm3,KNN,0.9933,0.8271,0.7,0.6
F_median_3d_1area,beta,norm2,Random Forest,0.82,0.5917,0.6,0.6
F_median_3d_10rm,all,None,Random Forest,0.9533,0.8361,0.6,0.6
F_dasm_3d19,delta,None,XGBoost,0.9533,0.7926,0.6,0.6
F_median_3d19,delta,norm3,Ensemble (Majority Vote),0.9533,0.8113,0.7,0.6
F_median_3d_1area,beta,norm3,Random Forest,0.82,0.5917,0.6,0.6
F_mean_3d_8rm,beta,None,KNN,1.0,0.8159,0.6,0.6
F_median_3d19,gamma,norm3,Logistic Regression,0.8133,0.6784,0.7,0.6
F_median_3d19,gamma,norm3,Linear SVM,0.8067,0.6793,0.7,0.6
F_de_3d_Fp2,theta,None,Random Forest,0.7133,0.5989,0.8,0.6
F_median_3d19,gamma,None,Linear SVM,0.8267,0.686,0.6,0.6
F_median_3d_2area,delta,norm2,Random Forest,0.8133,0.611,0.6,0.6
F_peak_3d_Fp2,all,None,Linear SVM,0.6933,0.6055,0.6,0.6
F_peak_3d_Fp2,all,None,Ensemble (Majority Vote),0.8,0.6968,0.8,0.6
F_peak_3d_Fz,alpha,norm2,XGBoost,0.66,0.5749,0.6,0.6
F_peak_3d_Fz,alpha,norm3,XGBoost,0.66,0.5749,0.6,0.6
F_peak_3d,theta,None,Logistic Regression,0.7533,0.6563,0.6,0.6
F_median_3d19,beta,norm3,KNN,0.9933,0.8566,0.5,0.6
F_median_3d19,beta,None,Random Forest,0.8867,0.7526,0.6,0.6
F_mean_3d_Fp2,alpha,None,Ensemble (Majority Vote),0.66,0.5894,0.6,0.6
F_mean_3d_Fp2,alpha,None,XGBoost,0.68,0.5724,0.6,0.6
F_de_3d_3area,gamma,norm3,Random Forest,0.7267,0.6324,0.7,0.6
F_rasm_3d_10rm,delta,norm3,Logistic Regression,0.5333,0.508,0.7,0.6
F_rasm_3d_10rm,delta,norm3,Linear SVM,0.54,0.5074,0.7,0.6
F_rasm_3d_10rm,alpha,norm2,Linear SVM,0.5267,0.5025,0.8,0.6
F_dasm_3d,delta,None,KNN,1.0,0.7763,0.7,0.6
F_rasm_3d_10rm,all,norm3,Ensemble (Majority Vote),0.9267,0.7634,0.6,0.6
F_mean_3d_Fz,alpha,None,KNN,0.9533,0.6809,0.8,0.6
F_rasm_3d19,theta,None,XGBoost,0.9867,0.7347,0.6,0.6
F_de_3d_F3,delta,None,Logistic Regression,0.56,0.5331,0.6,0.6
F_de_3d_F3,delta,None,Linear SVM,0.5667,0.5343,0.6,0.6
F_mean_3d_T7,all,None,Ensemble (Majority Vote),0.7733,0.6669,0.6,0.6
F_de_3d_8rm,theta,norm3,XGBoost,0.9333,0.7428,0.7,0.6
F_rasm_3d,gamma,norm3,XGBoost,0.8867,0.7584,0.7,0.6
F_de_3d_C3,all,None,Ensemble (Majority Vote),0.84,0.688,0.5,0.6
F_rasm_3d,gamma,norm2,XGBoost,0.94,0.7474,0.6,0.6
F_rasm_3d_10rm,gamma,norm3,XGBoost,0.8467,0.7191,0.6,0.6
F_mean_3d_Cz,all,None,Ensemble (Majority Vote),0.7667,0.6699,0.6,0.6
F_de_3d_F7,all,norm3,Random Forest,0.7333,0.668,0.6,0.6
F_rasm_3d_8rm,beta,norm3,XGBoost,0.7933,0.6908,0.7,0.6
F_dasm_3d,all,norm3,Ensemble (Majority Vote),0.9667,0.8471,0.7,0.6
F_mean_3d_F3,gamma,None,KNN,0.9667,0.6929,0.6,0.6
F_mean_3d_F4,beta,None,Linear SVM,0.6,0.5641,0.7,0.6
F_mean_3d_F4,beta,None,Random Forest,0.6933,0.6076,0.6,0.6
F_mean_3d_F3,all,norm3,Logistic Regression,0.66,0.5814,0.5,0.6
F_mean_3d_F3,all,norm3,Linear SVM,0.66,0.5837,0.5,0.6
F_mean_3d_F7,all,norm3,Random Forest,0.78,0.663,0.7,0.6
F_mean_3d_Cz,gamma,None,Ensemble (Majority Vote),0.7,0.6143,0.6,0.6
F_de_3d_F4,theta,None,Logistic Regression,0.56,0.5306,0.7,0.6
F_de_3d_8rm,all,norm3,XGBoost,1.0,0.974,0.6,0.6
F_de_3d_8rm,all,norm3,Logistic Regression,0.9267,0.7775,0.6,0.6
F_de_3d_8rm,all,norm3,KNN,1.0,0.9448,0.7,0.6
F_de_3d_8rm,all,norm3,Ensemble (Majority Vote),0.98,0.8936,0.6,0.6
F_dasm_3d,alpha,None,XGBoost,0.8867,0.7145,0.6,0.6
F_rasm_3d_8rm,all,None,KNN,0.9733,0.7048,0.8,0.6
F_rasm_3d_3area,all,norm3,XGBoost,0.9,0.7531,0.5,0.6
F_rasm_3d,delta,norm3,Logistic Regression,0.5867,0.5333,0.8,0.6
F_mean_3d_T7,alpha,norm2,Random Forest,0.8133,0.5915,0.7,0.6
F_de_3d_C3,all,None,KNN,0.9867,0.7738,0.6,0.6
F_median_3d,gamma,norm3,Logistic Regression,0.7533,0.6377,0.6,0.6
F_peak_3d_T7,gamma,None,Ensemble (Majority Vote),0.7333,0.6209,0.8,0.6
F_median_3d,beta,norm3,Random Forest,0.86,0.7407,0.5,0.6
F_mean_3d_8rm,theta,norm2,XGBoost,0.94,0.6759,0.8,0.6
F_mean_3d_8rm,theta,None,XGBoost,0.92,0.7356,0.8,0.6
F_mean_3d_8rm,gamma,norm3,XGBoost,0.9467,0.7269,0.7,0.6
F_median_3d,delta,norm3,Logistic Regression,0.7467,0.6453,0.6,0.6
F_median_3d,gamma,norm3,Linear SVM,0.7467,0.6393,0.6,0.6
F_peak_3d_Fz,theta,norm3,XGBoost,0.6267,0.5501,0.6,0.6
F_de_3d_F3,beta,None,Random Forest,0.66,0.5986,0.5,0.6
F_peak_3d_Fz,theta,norm2,XGBoost,0.6267,0.5501,0.6,0.6
F_median_3d19,all,norm3,Ensemble (Majority Vote),0.9933,0.9556,0.6,0.6
F_peak_3d_Fz,delta,None,XGBoost,0.62,0.5929,0.5,0.6
F_peak_3d_Fz,delta,None,Random Forest,0.62,0.6037,0.7,0.6
F_median_3d19,alpha,None,Ensemble (Majority Vote),0.9267,0.791,0.6,0.6
F_median_3d19,beta,None,KNN,1.0,0.8839,0.7,0.6
F_mean_3d_8rm,delta,norm3,Random Forest,0.7867,0.7,0.6,0.6
F_mean_3d_C3,beta,norm2,Ensemble (Majority Vote),0.7267,0.5998,0.7,0.6
F_peak_3d_T8,gamma,None,Ensemble (Majority Vote),0.74,0.629,0.5,0.6
F_mean_3d_T7,alpha,norm3,Random Forest,0.8133,0.5915,0.7,0.6
F_dasm_3d,theta,norm2,Random Forest,0.98,0.6807,0.6,0.6
F_mean_3d_T7,gamma,norm2,Random Forest,0.7667,0.5848,0.7,0.6
F_mean_3d_T7,gamma,norm3,Random Forest,0.7667,0.5848,0.7,0.6
F_mean_3d_C4,all,norm2,KNN,0.98,0.6929,0.7,0.6
F_mean_3d_T7,theta,None,Linear SVM,0.6067,0.5441,0.6,0.6
F_mean_3d_T7,theta,None,Logistic Regression,0.6133,0.543,0.6,0.6
F_de_3d_3area,alpha,norm2,XGBoost,0.8733,0.6221,0.7,0.6
F_mean_3d_C3,delta,norm3,Random Forest,0.6867,0.5784,0.7,0.6
F_mean_3d_C3,delta,norm2,Random Forest,0.6867,0.5784,0.7,0.6
F_peak_3d_T8,gamma,None,Linear SVM,0.5,0.5129,0.5,0.6
F_de_3d_F8,gamma,norm2,Ensemble (Majority Vote),0.6667,0.5926,0.7,0.6
F_mean_3d_C3,beta,norm3,Ensemble (Majority Vote),0.7267,0.5998,0.7,0.6
F_median_3d,all,None,Random Forest,0.9533,0.8361,0.5,0.6
F_median_3d,all,None,XGBoost,1.0,0.9908,0.6,0.6
F_de_3d_F8,gamma,norm3,Ensemble (Majority Vote),0.6667,0.5926,0.7,0.6
F_median_3d,alpha,None,KNN,0.9867,0.8391,0.7,0.6
F_peak_3d_T8,gamma,None,Logistic Regression,0.5,0.5117,0.5,0.6
F_mean_3d_C4,all,None,Random Forest,0.76,0.6609,0.5,0.6
F_median_3d_8rm,alpha,norm3,Random Forest,0.8333,0.686,0.7,0.6
F_mean_3d_F3,beta,None,Ensemble (Majority Vote),0.7733,0.6177,0.8,0.6
F_mean_3d19,delta,norm3,KNN,1.0,0.8768,0.5,0.6
F_peak_3d_3area,alpha,None,XGBoost,0.78,0.6568,0.6,0.6
F_median_3d_F7,beta,None,XGBoost,0.6467,0.597,0.6,0.6
F_peak_3d_F3,alpha,None,Ensemble (Majority Vote),0.7133,0.6207,0.7,0.6
F_peak_3d_3area,alpha,norm2,XGBoost,0.88,0.6191,0.8,0.6
F_de_3d_10rm,delta,None,Ensemble (Majority Vote),0.8933,0.7639,0.7,0.6
F_dasm_3d_3area,theta,None,KNN,0.98,0.7025,0.6,0.6
F_mean_3d_10rm,beta,norm2,Ensemble (Majority Vote),0.9067,0.7182,0.5,0.6
F_peak_3d_Cz,all,norm3,Ensemble (Majority Vote),0.7733,0.6772,0.6,0.6
F_peak_3d_3area,delta,None,Ensemble (Majority Vote),0.7667,0.6807,0.7,0.6
F_de_3d_10rm,beta,None,XGBoost,0.98,0.8182,0.6,0.6
F_mean_3d,all,norm2,XGBoost,1.0,0.9379,0.8,0.6
F_median_3d_T7,delta,None,KNN,0.9867,0.6991,0.6,0.6
F_peak_3d_Cz,all,None,Logistic Regression,0.6667,0.6002,0.6,0.6
F_peak_3d_8rm,alpha,None,Ensemble (Majority Vote),0.8733,0.7359,0.5,0.6
F_peak_3d_Cz,all,None,Linear SVM,0.6467,0.5993,0.6,0.6
F_de_3d_10rm,gamma,None,KNN,0.9933,0.8439,0.7,0.6
F_mean_3d_10rm,delta,None,XGBoost,0.9333,0.7931,0.6,0.6
F_mean_3d,alpha,norm2,KNN,0.9733,0.7028,0.8,0.6
F_mean_3d_10rm,delta,norm3,Random Forest,0.78,0.706,0.6,0.6
F_de_3d_Fz,alpha,norm3,KNN,0.98,0.683,0.9,0.6
F_peak_3d_F4,delta,None,Random Forest,0.6867,0.5954,0.7,0.6
F_mean_3d19,beta,norm3,Logistic Regression,0.76,0.6561,0.6,0.6
F_mean_3d_10rm,theta,norm2,KNN,0.98,0.7149,0.9,0.6
F_mean_3d_10rm,theta,norm2,Ensemble (Majority Vote),0.88,0.7101,0.7,0.6
F_peak_3d_F4,beta,None,Ensemble (Majority Vote),0.7267,0.6372,0.6,0.6
F_mean_3d19,beta,norm3,Random Forest,0.9067,0.7586,0.6,0.6
F_median_3d_F4,beta,None,Random Forest,0.6667,0.5975,0.6,0.6
F_median_3d_F4,gamma,None,Ensemble (Majority Vote),0.72,0.6221,0.9,0.6
F_de_3d_10rm,theta,None,KNN,0.9933,0.8257,0.7,0.6
F_median_3d_T8,delta,None,Random Forest,0.7467,0.5986,0.7,0.6
F_peak_3d_3area,all,norm3,Linear SVM,0.7533,0.683,0.6,0.6
F_de_3d_10rm,gamma,norm3,KNN,0.9867,0.8177,0.6,0.6
F_mean_3d_10rm,gamma,norm3,KNN,0.9867,0.7789,0.7,0.6
F_median_3d_F7,all,norm3,Random Forest,0.7733,0.6625,0.7,0.6
F_de_3d_10rm,alpha,norm3,XGBoost,0.96,0.8014,0.7,0.6
F_peak_3d_C4,delta,None,Random Forest,0.7067,0.6021,0.6,0.6
F_mean_3d19,gamma,norm3,Random Forest,0.92,0.772,0.5,0.6
F_median_3d_Fp1,alpha,None,Linear SVM,0.5333,0.529,0.7,0.6
F_de_3d19,delta,norm3,XGBoost,1.0,0.8956,0.6,0.6
F_de_3d_10rm,all,None,Random Forest,0.9333,0.828,0.6,0.6
F_de_3d_T7,gamma,norm3,Ensemble (Majority Vote),0.6733,0.6009,0.7,0.6
F_de_3d_T7,gamma,norm2,Ensemble (Majority Vote),0.6733,0.6009,0.7,0.6
F_peak_3d_C4,all,None,KNN,0.9867,0.7828,0.6,0.6
F_median_3d_Fz,beta,None,Ensemble (Majority Vote),0.7333,0.6303,0.6,0.6
F_median_3d_Fz,alpha,norm3,XGBoost,0.54,0.5476,0.7,0.6
F_de_3d19,theta,norm3,Logistic Regression,0.7933,0.6697,0.6,0.6
F_de_3d19,theta,norm3,Linear SVM,0.7933,0.6726,0.6,0.6
F_median_3d_Fz,alpha,norm2,XGBoost,0.54,0.5476,0.7,0.6
F_mean_3d_10rm,all,norm3,Linear SVM,0.96,0.7869,0.6,0.6
F_de_3d19,theta,None,Linear SVM,0.82,0.6887,0.6,0.6
F_median_3d_Fp2,theta,norm2,XGBoost,0.56,0.5524,0.7,0.6
F_mean_3d_10rm,all,norm3,Ensemble (Majority Vote),0.98,0.9053,0.6,0.6
F_median_3d_Fp2,theta,norm3,XGBoost,0.56,0.5524,0.7,0.6
F_dasm_3d_3area,beta,None,Linear SVM,0.56,0.5271,0.7,0.6
F_mean_3d_10rm,alpha,None,Linear SVM,0.7133,0.6416,0.5,0.6
F_mean_3d19,theta,norm3,Ensemble (Majority Vote),0.9733,0.7913,0.6,0.6
F_peak_3d_8rm,alpha,norm3,XGBoost,0.92,0.7692,0.5,0.6
F_median_3d_Fp1,alpha,None,Logistic Regression,0.54,0.5303,0.7,0.6
F_de_3d_10rm,alpha,None,XGBoost,0.96,0.7977,0.7,0.6
F_mean_3d19,theta,None,Linear SVM,0.82,0.6811,0.6,0.6
F_dasm_3d_10rm,theta,norm2,Random Forest,0.94,0.6637,0.7,0.6
F_peak_3d_8rm,alpha,None,Random Forest,0.86,0.7184,0.7,0.6
F_peak_3d_C4,alpha,norm3,Ensemble (Majority Vote),0.6267,0.6005,0.6,0.6
F_de_3d_10rm,all,norm3,Random Forest,0.9333,0.8359,0.8,0.6
F_dasm_3d_3area,beta,None,Logistic Regression,0.56,0.5267,0.7,0.6
F_mean_3d_10rm,alpha,None,Random Forest,0.84,0.7005,0.6,0.6
F_median_3d_Fp2,all,norm3,Ensemble (Majority Vote),0.8267,0.6899,0.7,0.6
F_peak_3d_C4,alpha,norm2,Ensemble (Majority Vote),0.6267,0.6005,0.6,0.6
F_median_3d_T7,all,None,XGBoost,0.8667,0.7182,0.5,0.6
F_peak_3d_8rm,beta,norm3,XGBoost,0.9333,0.7671,0.7,0.6
F_mean_3d19,theta,None,Logistic Regression,0.8333,0.6786,0.7,0.6
F_median_3d_Cz,all,norm3,XGBoost,0.88,0.6931,0.7,0.6
F_mean_3d_10rm,theta,None,KNN,1.0,0.7959,0.6,0.6
F_peak_3d_F4,delta,None,XGBoost,0.68,0.5864,0.7,0.6
F_de_3d_Fz,alpha,norm2,Ensemble (Majority Vote),0.6467,0.5901,0.7,0.6
F_dasm_3d_8rm,delta,None,Logistic Regression,0.58,0.5609,0.7,0.6
F_median_3d_8rm,alpha,norm2,Ensemble (Majority Vote),0.86,0.6982,0.7,0.6
F_median_3d_8rm,alpha,norm2,Random Forest,0.9867,0.6963,0.6,0.6
F_peak_3d_10rm,delta,None,Ensemble (Majority Vote),0.9,0.7828,0.5,0.6
F_de_3d,gamma,None,XGBoost,0.9867,0.8338,0.7,0.6
F_median_3d_8rm,alpha,norm2,XGBoost,0.9267,0.6772,0.6,0.6
F_median_3d_8rm,alpha,norm3,Ensemble (Majority Vote),0.8133,0.6998,0.6,0.6
F_median_3d_8rm,beta,None,KNN,0.9867,0.789,0.6,0.6
F_peak_3d_10rm,gamma,norm3,Ensemble (Majority Vote),0.8733,0.7428,0.7,0.6
F_dasm_3d_10rm,alpha,None,XGBoost,0.8867,0.7016,0.6,0.6
F_mean_3d,beta,norm2,XGBoost,0.9867,0.754,0.6,0.6
F_median_3d_Cz,all,norm3,Ensemble (Majority Vote),0.7933,0.6713,0.6,0.6
F_median_3d_8rm,delta,None,XGBoost,0.92,0.7708,0.6,0.6
F_mean_3d,beta,norm2,Random Forest,0.9867,0.7434,0.7,0.6
F_median_3d_8rm,theta,norm3,Ensemble (Majority Vote),0.82,0.6848,0.6,0.6
F_de_3d,gamma,norm3,KNN,0.9867,0.8529,0.8,0.6
F_dasm_3d_10rm,all,norm3,XGBoost,1.0,0.9087,0.6,0.6
F_peak_3d_10rm,beta,None,Random Forest,0.82,0.7356,0.6,0.6
F_median_3d_8rm,alpha,None,Ensemble (Majority Vote),0.8533,0.7115,0.7,0.6
F_peak_3d,delta,None,Logistic Regression,0.7133,0.6724,0.5,0.6
F_peak_3d_Fp1,beta,None,Random Forest,0.6533,0.5878,0.6,0.6
F_peak_3d_F8,delta,None,XGBoost,0.6667,0.5959,0.7,0.6
F_de_3d_1area,delta,norm3,Ensemble (Majority Vote),0.5867,0.5989,0.6,0.6
F_peak_3d,theta,norm3,Random Forest,0.82,0.7244,0.6,0.6
F_peak_3d,gamma,norm3,KNN,1.0,0.8685,0.7,0.6
F_de_3d_1area,delta,norm2,Ensemble (Majority Vote),0.5867,0.5989,0.6,0.6
F_peak_3d19,beta,None,Ensemble (Majority Vote),0.9267,0.8267,0.7,0.6
F_mean_3d,delta,None,Logistic Regression,0.7333,0.6453,0.6,0.6
F_median_3d_3area,theta,norm3,Linear SVM,0.56,0.5556,0.6,0.6
F_peak_3d19,gamma,None,Logistic Regression,0.84,0.7064,0.8,0.6
F_mean_3d_3area,delta,norm2,XGBoost,0.8733,0.6131,0.6,0.6
F_median_3d_8rm,all,norm3,Linear SVM,0.9333,0.7713,0.7,0.6
F_de_3d,beta,norm3,XGBoost,0.9867,0.8329,0.6,0.6
F_de_3d,delta,norm2,Ensemble (Majority Vote),0.86,0.7276,0.6,0.6
F_peak_3d,delta,None,Random Forest,0.8667,0.7301,0.7,0.6
F_mean_3d_3area,alpha,norm3,Logistic Regression,0.5667,0.5384,0.7,0.6
F_de_3d_Fz,alpha,norm2,KNN,0.98,0.683,0.9,0.6
F_de_3d_1area,alpha,None,XGBoost,0.66,0.6,0.5,0.6
F_mean_3d_2area,delta,norm2,Random Forest,0.7933,0.6131,0.8,0.6
F_median_3d_C4,beta,None,Random Forest,0.64,0.5991,0.6,0.6
F_mean_3d19,alpha,norm2,Random Forest,0.9733,0.7467,0.8,0.6
F_peak_3d_1area,delta,norm3,Random Forest,0.68,0.5926,0.7,0.6
F_dasm_3d_8rm,alpha,None,Random Forest,0.8,0.6566,0.7,0.6
F_peak_3d_1area,delta,norm2,Random Forest,0.68,0.5926,0.7,0.6
F_peak_3d,alpha,None,Ensemble (Majority Vote),0.9267,0.7752,0.7,0.6
F_de_3d,gamma,norm3,Random Forest,0.8667,0.7299,0.6,0.6
F_peak_3d_1area,alpha,None,Logistic Regression,0.5667,0.5487,0.6,0.6
F_peak_3d_1area,alpha,None,Linear SVM,0.5667,0.5485,0.6,0.6
F_de_3d_1area,alpha,None,Random Forest,0.6933,0.6062,0.5,0.6
F_peak_3d_10rm,theta,norm3,XGBoost,0.9667,0.7954,0.6,0.6
F_peak_3d_10rm,theta,None,XGBoost,0.96,0.7956,0.7,0.6
F_peak_3d,alpha,norm3,Random Forest,0.84,0.7347,0.7,0.6
F_dasm_3d_8rm,all,norm3,Random Forest,0.9,0.7628,0.7,0.6
F_peak_3d_10rm,theta,None,Ensemble (Majority Vote),0.9,0.7434,0.7,0.6
F_peak_3d_10rm,gamma,norm3,Logistic Regression,0.72,0.6425,0.7,0.6
F_peak_3d_F4,gamma,None,XGBoost,0.6733,0.5892,0.8,0.6
F_de_3d_Fz,alpha,norm3,Ensemble (Majority Vote),0.6467,0.5901,0.7,0.6
F_median_3d_C3,all,None,Random Forest,0.82,0.6807,0.7,0.6
F_mean_3d19,beta,norm3,Linear SVM,0.76,0.6586,0.6,0.6
F_de_3d_F8,delta,norm2,Ensemble (Majority Vote),0.7133,0.5926,0.7,0.5857
F_dasm_3d,theta,None,Logistic Regression,0.6133,0.5874,0.5,0.5857
F_peak_3d,theta,None,XGBoost,0.9867,0.8225,0.6,0.5857
F_mean_3d_C4,theta,norm3,Random Forest,0.7067,0.5814,0.6,0.5857
F_peak_3d19,gamma,None,XGBoost,1.0,0.9136,0.5,0.5857
F_de_3d,alpha,norm3,Ensemble (Majority Vote),0.9,0.7559,0.5,0.5857
F_mean_3d_Fp1,delta,norm2,KNN,0.9867,0.6906,0.8,0.5857
F_peak_3d,theta,norm3,XGBoost,0.9933,0.8248,0.6,0.5857
F_dasm_3d,gamma,norm3,Random Forest,0.8,0.6602,0.6,0.5857
F_mean_3d_Fp1,delta,norm3,KNN,0.9867,0.6906,0.8,0.5857
F_peak_3d,gamma,None,Random Forest,0.8933,0.7694,0.6,0.5857
F_dasm_3d,theta,None,Linear SVM,0.6533,0.5915,0.5,0.5857
F_peak_3d_2area,alpha,norm2,Linear SVM,0.54,0.5129,0.6,0.5857
F_de_3d,beta,norm3,KNN,1.0,0.8722,0.6,0.5857
F_peak_3d_2area,theta,norm3,Ensemble (Majority Vote),0.7067,0.629,0.5,0.5857
F_mean_3d,beta,None,Random Forest,0.88,0.7556,0.6,0.5857
F_peak_3d_1area,beta,None,Linear SVM,0.6067,0.5621,0.6,0.5857
F_median_3d_T8,beta,None,Random Forest,0.6533,0.591,0.4,0.5857
F_mean_3d_Fp2,beta,norm2,Ensemble (Majority Vote),0.72,0.6051,0.6,0.5857
F_median_3d_T7,theta,None,Random Forest,0.74,0.6018,0.8,0.5857
F_mean_3d19,gamma,norm2,Random Forest,0.98,0.7779,0.6,0.5857
F_mean_3d_C4,theta,norm2,Random Forest,0.7067,0.5814,0.6,0.5857
F_median_3d_T7,delta,None,Ensemble (Majority Vote),0.7133,0.6159,0.5,0.5857
F_mean_3d_F7,alpha,None,KNN,0.9733,0.692,0.7,0.5857
F_rasm_3d_10rm,all,norm2,XGBoost,1.0,0.9529,0.7,0.5857
F_mean_3d_Fp2,beta,norm3,Ensemble (Majority Vote),0.72,0.6051,0.6,0.5857
F_de_3d_3area,delta,norm3,Logistic Regression,0.58,0.5575,0.6,0.5857
F_rasm_3d19,beta,None,Linear SVM,0.5533,0.5191,0.6,0.5857
F_mean_3d_Fz,alpha,None,Random Forest,0.7333,0.5986,0.6,0.5857
F_rasm_3d_10rm,all,None,XGBoost,1.0,0.8664,0.6,0.5857
F_dasm_3d,delta,norm2,XGBoost,0.92,0.6561,0.8,0.5857
F_mean_3d_Cz,theta,None,KNN,0.96,0.6961,0.8,0.5857
F_rasm_3d19,delta,norm3,XGBoost,0.9667,0.8108,0.7,0.5857
F_de_3d19,alpha,norm2,Random Forest,0.9667,0.7448,0.7,0.5857
F_peak_3d_8rm,alpha,norm2,XGBoost,0.98,0.7,0.6,0.5857
F_de_3d_T7,beta,norm3,Ensemble (Majority Vote),0.7467,0.6122,0.7,0.5857
F_mean_3d_8rm,all,norm3,Linear SVM,0.9,0.7471,0.5,0.5857
F_de_3d_T7,beta,norm2,Ensemble (Majority Vote),0.7467,0.6122,0.7,0.5857
F_de_3d_Fz,gamma,norm3,Random Forest,0.7467,0.5761,0.6,0.5857
F_de_3d_Fz,alpha,norm2,XGBoost,0.6133,0.5446,0.7,0.5857
F_peak_3d_Fz,all,norm2,Random Forest,0.9533,0.677,0.6,0.5857
F_mean_3d_2area,gamma,norm2,Random Forest,0.84,0.6159,0.6,0.5857
F_mean_3d_2area,delta,norm3,Ensemble (Majority Vote),0.72,0.6405,0.7,0.5857
F_median_3d19,beta,norm3,XGBoost,1.0,0.8717,0.5,0.5857
F_de_3d_T7,alpha,None,XGBoost,0.6267,0.6007,0.6,0.5857
F_de_3d_Fz,alpha,norm3,XGBoost,0.6133,0.5446,0.7,0.5857
F_mean_3d_2area,all,norm2,Random Forest,0.9267,0.6913,0.6,0.5857
F_de_3d_Fz,beta,norm2,Linear SVM,0.54,0.5083,0.8,0.5857
F_de_3d_Fz,beta,norm3,Linear SVM,0.54,0.5083,0.8,0.5857
F_peak_3d_F3,gamma,norm3,Random Forest,0.74,0.586,0.7,0.5857
F_peak_3d_F3,gamma,norm2,Random Forest,0.74,0.586,0.7,0.5857
F_de_3d_Fp1,gamma,norm3,KNN,0.9933,0.6922,0.7,0.5857
F_mean_3d_10rm,delta,None,Random Forest,0.86,0.7106,0.6,0.5857
F_de_3d_10rm,gamma,None,Ensemble (Majority Vote),0.88,0.7531,0.6,0.5857
F_de_3d_Fp1,gamma,norm2,KNN,0.9933,0.6922,0.7,0.5857
F_median_3d_F8,alpha,norm2,XGBoost,0.6067,0.5517,0.6,0.5857
F_median_3d_F8,alpha,norm3,XGBoost,0.6067,0.5517,0.6,0.5857
F_de_3d_Fz,gamma,norm2,Random Forest,0.7467,0.5761,0.6,0.5857
F_mean_3d_8rm,delta,None,Random Forest,0.8467,0.7124,0.5,0.5857
F_peak_3d_Fp2,theta,norm3,Random Forest,0.7667,0.594,0.6,0.5857
F_peak_3d_Fp2,theta,norm2,Random Forest,0.7667,0.594,0.6,0.5857
F_median_3d_2area,all,norm2,KNN,0.98,0.7071,0.7,0.5857
F_dasm_3d19,theta,norm3,KNN,0.9867,0.7933,0.5,0.5857
F_de_3d_Fz,all,norm2,Ensemble (Majority Vote),0.8467,0.6832,0.7,0.5857
F_de_3d_C3,gamma,None,Linear SVM,0.5533,0.5234,0.5,0.5857
F_peak_3d_Fp2,all,None,Logistic Regression,0.6933,0.6055,0.5,0.5857
F_peak_3d_Fp2,all,None,Random Forest,0.7933,0.6772,0.8,0.5857
F_median_3d_8rm,all,None,KNN,1.0,0.9487,0.6,0.5857
F_median_3d_2area,beta,None,Ensemble (Majority Vote),0.7533,0.6428,0.5,0.5857
F_dasm_3d_10rm,all,norm3,Ensemble (Majority Vote),0.9533,0.8154,0.7,0.5857
F_mean_3d_8rm,beta,None,Linear SVM,0.6933,0.6299,0.5,0.5857
F_peak_3d_Fp2,theta,None,Random Forest,0.7067,0.5993,0.5,0.5857
F_median_3d_8rm,alpha,None,Random Forest,0.8333,0.7041,0.6,0.5857
F_median_3d_1area,beta,norm3,Ensemble (Majority Vote),0.62,0.6007,0.6,0.5857
F_median_3d_1area,beta,norm2,Ensemble (Majority Vote),0.62,0.6007,0.6,0.5857
F_de_3d_Fp2,theta,None,XGBoost,0.6533,0.5926,0.7,0.5857
F_median_3d_1area,all,norm2,KNN,0.9667,0.688,0.7,0.5857
F_de_3d_2area,all,norm2,Random Forest,0.92,0.7023,0.6,0.5857
F_peak_3d_F8,all,norm3,KNN,0.98,0.7543,0.6,0.5857
F_median_3d_10rm,beta,None,Random Forest,0.8667,0.7356,0.6,0.5857
F_median_3d,delta,norm2,KNN,0.9933,0.7136,0.8,0.5857
F_median_3d19,beta,norm3,Random Forest,0.9067,0.7637,0.6,0.5857
F_peak_3d_C4,beta,None,KNN,0.98,0.7156,0.7,0.5857
F_rasm_3d,beta,norm3,KNN,0.9467,0.7368,0.7,0.5857
F_mean_3d_T8,theta,norm3,Random Forest,0.7333,0.5908,0.8,0.5857
F_de_3d_10rm,alpha,None,Random Forest,0.82,0.7099,0.5,0.5857
F_de_3d_F8,delta,norm3,XGBoost,0.5333,0.5428,0.6,0.5857
F_dasm_3d,theta,norm2,XGBoost,0.92,0.6416,0.8,0.5857
F_mean_3d_8rm,all,norm3,Ensemble (Majority Vote),0.9867,0.8644,0.5,0.5857
F_mean_3d_C3,delta,norm2,XGBoost,0.6467,0.5563,0.7,0.5857
F_de_3d_10rm,alpha,None,Ensemble (Majority Vote),0.8533,0.7416,0.6,0.5857
F_mean_3d_10rm,alpha,None,KNN,0.9867,0.7924,0.6,0.5857
F_de_3d_F8,delta,norm3,Ensemble (Majority Vote),0.7133,0.5926,0.7,0.5857
F_mean_3d_C3,delta,norm3,XGBoost,0.6467,0.5563,0.7,0.5857
F_median_3d_Fp1,all,norm3,Logistic Regression,0.68,0.6248,0.7,0.5857
F_de_3d_10rm,all,norm3,Linear SVM,0.9867,0.8225,0.5,0.5857
F_mean_3d_T8,theta,norm2,Random Forest,0.7333,0.5908,0.8,0.5857
F_de_3d19,theta,norm3,Random Forest,0.8933,0.7559,0.5,0.5857
F_median_3d,beta,norm3,Linear SVM,0.78,0.6579,0.7,0.5857
F_median_3d,beta,norm3,Logistic Regression,0.78,0.6577,0.7,0.5857
F_de_3d_F8,delta,norm2,XGBoost,0.5333,0.5428,0.6,0.5857
F_dasm_3d_10rm,gamma,norm3,KNN,0.9667,0.7253,0.8,0.5857
F_rasm_3d,all,None,XGBoost,1.0,0.8915,0.5,0.5857
F_mean_3d_T7,theta,None,Random Forest,0.64,0.5878,0.6,0.5857
F_mean_3d_Cz,gamma,None,XGBoost,0.6467,0.5823,0.6,0.5857
F_de_3d_8rm,delta,norm3,Linear SVM,0.64,0.6115,0.6,0.5857
F_mean_3d_Cz,gamma,None,Linear SVM,0.5533,0.5372,0.6,0.5857
F_mean_3d,beta,norm2,Ensemble (Majority Vote),0.94,0.7308,0.7,0.5857
F_mean_3d_F3,all,norm3,Random Forest,0.74,0.6593,0.6,0.5857
F_de_3d_F4,beta,None,Ensemble (Majority Vote),0.7533,0.6363,0.7,0.5857
F_mean_3d_3area,beta,None,XGBoost,0.82,0.6729,0.6,0.5857
F_mean_3d_8rm,beta,norm3,Ensemble (Majority Vote),0.84,0.7103,0.6,0.5857
F_mean_3d_Cz,gamma,None,Logistic Regression,0.56,0.5391,0.6,0.5857
F_mean_3d_C4,theta,norm2,Ensemble (Majority Vote),0.7067,0.6103,0.6,0.5857
F_mean_3d_Cz,theta,norm2,KNN,0.98,0.6885,0.7,0.5857
F_mean_3d_Cz,theta,norm3,KNN,0.98,0.6885,0.7,0.5857
F_mean_3d_C3,theta,norm2,Random Forest,0.7333,0.5864,0.6,0.5857
F_mean_3d_3area,delta,norm3,Linear SVM,0.62,0.5538,0.5,0.5857
F_mean_3d,delta,None,Linear SVM,0.74,0.6487,0.5,0.5857
F_mean_3d_3area,delta,norm3,Logistic Regression,0.5933,0.5572,0.5,0.5857
F_mean_3d_C3,theta,norm3,Random Forest,0.7333,0.5864,0.6,0.5857
F_mean_3d_8rm,alpha,None,Random Forest,0.82,0.6972,0.5,0.5857
F_mean_3d_3area,delta,norm3,Random Forest,0.74,0.6292,0.6,0.5857
F_de_3d_Fz,all,None,Random Forest,0.7667,0.6899,0.5,0.5857
F_de_3d_T7,gamma,None,Ensemble (Majority Vote),0.8,0.6446,0.7,0.5857
F_de_3d_T7,theta,None,Ensemble (Majority Vote),0.72,0.6143,0.7,0.5857
F_mean_3d_3area,alpha,norm3,Linear SVM,0.56,0.5366,0.7,0.5857
F_de_3d_Cz,all,norm3,Random Forest,0.72,0.6607,0.7,0.5857
F_mean_3d_C3,all,norm2,KNN,0.9733,0.7007,0.7,0.5857
F_mean_3d_2area,delta,norm2,Ensemble (Majority Vote),0.6667,0.6306,0.7,0.5857
F_mean_3d_C3,beta,norm2,XGBoost,0.5533,0.5559,0.5,0.5857
F_mean_3d19,gamma,norm3,XGBoost,1.0,0.8786,0.6,0.5857
F_de_3d_T7,all,norm2,Random Forest,0.9533,0.672,0.7,0.5857
F_mean_3d_1area,all,norm2,KNN,0.9867,0.6986,0.7,0.5857
F_mean_3d_10rm,beta,None,Logistic Regression,0.72,0.6416,0.5,0.5857
F_mean_3d19,delta,None,Ensemble (Majority Vote),0.9333,0.8143,0.7,0.5857
F_de_3d_F8,all,norm2,Random Forest,0.9333,0.6667,0.7,0.5857
F_de_3d_Fp1,all,norm3,Linear SVM,0.6467,0.6195,0.6,0.5857
F_de_3d_F3,beta,None,KNN,0.9667,0.6998,0.6,0.5857
F_mean_3d_C4,theta,norm3,Ensemble (Majority Vote),0.7067,0.6103,0.6,0.5857
F_de_3d_F7,beta,None,KNN,0.9533,0.7009,0.7,0.5857
F_de_3d_C4,beta,None,Random Forest,0.6867,0.6044,0.6,0.5857
F_de_3d_F7,beta,None,Ensemble (Majority Vote),0.7333,0.6147,0.6,0.5857
F_de_3d_F7,alpha,norm2,KNN,0.98,0.6943,0.6,0.5857
F_de_3d_F7,alpha,norm3,KNN,0.98,0.6943,0.6,0.5857
F_mean_3d_Cz,all,None,Linear SVM,0.68,0.5867,0.6,0.5857
F_mean_3d_8rm,delta,norm3,Ensemble (Majority Vote),0.82,0.7126,0.6,0.5857
F_mean_3d_2area,gamma,norm2,Ensemble (Majority Vote),0.74,0.6303,0.6,0.5857
F_de_3d_F8,alpha,norm2,Random Forest,0.6733,0.5736,0.6,0.5857
F_mean_3d_Cz,beta,None,Logistic Regression,0.5267,0.5241,0.6,0.5857
F_de_3d_T7,all,None,Ensemble (Majority Vote),0.7933,0.6867,0.7,0.5857
F_mean_3d_3area,alpha,None,XGBoost,0.8133,0.6536,0.6,0.5857
F_mean_3d_8rm,beta,norm3,Logistic Regression,0.6867,0.6133,0.5,0.5857
F_mean_3d,beta,None,Ensemble (Majority Vote),0.9267,0.7851,0.6,0.5857
F_mean_3d_Cz,beta,None,Linear SVM,0.54,0.5237,0.6,0.5857
F_de_3d_Fp2,delta,None,Logistic Regression,0.5467,0.5356,0.6,0.5857
F_de_3d_Fp2,delta,None,Linear SVM,0.5467,0.5356,0.6,0.5857
F_mean_3d_8rm,delta,None,Linear SVM,0.6867,0.6189,0.7,0.5857
F_mean_3d19,all,None,Logistic Regression,0.9867,0.8377,0.6,0.5857
F_mean_3d19,all,norm3,Ensemble (Majority Vote),0.9867,0.9478,0.5,0.5857
F_de_3d_F3,beta,None,XGBoost,0.6267,0.5899,0.6,0.5857
F_de_3d_F8,alpha,norm3,Random Forest,0.6733,0.5736,0.6,0.5857
F_de_3d_C3,theta,None,KNN,0.9467,0.6975,0.7,0.5857
F_mean_3d_3area,all,None,Random Forest,0.8867,0.7416,0.6,0.5857
F_mean_3d_C3,beta,norm3,XGBoost,0.5533,0.5559,0.5,0.5857
F_median_3d_F3,beta,None,Random Forest,0.6267,0.5883,0.7,0.5857
F_mean_3d_F3,beta,None,Random Forest,0.7067,0.5933,0.6,0.5857
F_peak_3d_3area,all,norm3,Ensemble (Majority Vote),0.9267,0.817,0.7,0.5857
F_de_3d19,gamma,None,XGBoost,1.0,0.9037,0.7,0.5857
F_median_3d_T7,all,None,Logistic Regression,0.6933,0.6177,0.6,0.5857
F_de_3d19,delta,None,Logistic Regression,0.78,0.6991,0.6,0.5857
F_median_3d_T7,beta,norm2,KNN,0.9933,0.6913,0.8,0.5857
F_median_3d_T7,beta,norm3,KNN,0.9933,0.6913,0.8,0.5857
F_de_3d19,beta,None,Random Forest,0.86,0.7628,0.5,0.5857
F_mean_3d_F3,theta,None,KNN,0.9867,0.6982,0.7,0.5857
F_de_3d19,alpha,norm2,XGBoost,0.9933,0.8037,0.8,0.5857
F_median_3d_T8,beta,None,XGBoost,0.68,0.5908,0.5,0.5857
F_peak_3d,all,norm3,KNN,1.0,0.9761,0.6,0.5857
F_de_3d,gamma,norm3,XGBoost,0.9733,0.8228,0.7,0.5857
F_peak_3d,delta,None,Linear SVM,0.7333,0.6671,0.6,0.5857
F_de_3d,delta,None,Logistic Regression,0.74,0.6582,0.5,0.5857
F_peak_3d19,beta,None,Linear SVM,0.7867,0.6993,0.5,0.5857
F_peak_3d19,gamma,None,Ensemble (Majority Vote),0.9533,0.8407,0.5,0.5857
F_peak_3d19,gamma,None,Linear SVM,0.8533,0.708,0.7,0.5857
F_peak_3d19,theta,norm3,XGBoost,1.0,0.9039,0.7,0.5857
F_dasm_3d_8rm,delta,norm2,Random Forest,0.8733,0.6366,0.7,0.5857
F_peak_3d_10rm,delta,norm2,Linear SVM,0.5867,0.5048,0.6,0.5857
F_peak_3d_10rm,gamma,None,Linear SVM,0.7333,0.6515,0.6,0.5857
F_peak_3d_10rm,theta,norm3,Random Forest,0.84,0.7129,0.6,0.5857
F_peak_3d_2area,alpha,None,Logistic Regression,0.5533,0.5531,0.6,0.5857
F_dasm_3d_8rm,all,norm3,Ensemble (Majority Vote),0.9333,0.7906,0.6,0.5857
F_median_3d_Fp2,theta,norm3,Random Forest,0.74,0.5901,0.8,0.5857
F_median_3d_Fp2,theta,norm2,Random Forest,0.74,0.5901,0.8,0.5857
F_median_3d_Fp2,theta,None,XGBoost,0.68,0.5821,0.6,0.5857
F_median_3d_8rm,gamma,norm3,Logistic Regression,0.64,0.5938,0.6,0.5857
F_de_3d_1area,gamma,norm3,Random Forest,0.8133,0.6014,0.8,0.5857
F_de_3d_1area,gamma,norm2,Random Forest,0.8133,0.6014,0.8,0.5857
F_de_3d_1area,delta,norm3,Random Forest,0.74,0.592,0.6,0.5857
F_de_3d_1area,delta,norm2,Random Forest,0.74,0.592,0.6,0.5857
F_median_3d_3area,theta,None,Linear SVM,0.5667,0.5664,0.6,0.5857
F_median_3d_3area,theta,None,Logistic Regression,0.5467,0.5609,0.6,0.5857
F_median_3d_3area,theta,norm3,Logistic Regression,0.5667,0.5556,0.6,0.5857
F_median_3d_8rm,all,None,Random Forest,0.94,0.82,0.6,0.5857
F_median_3d_8rm,all,norm3,Logistic Regression,0.9333,0.7694,0.6,0.5857
F_median_3d_8rm,gamma,norm3,Linear SVM,0.6267,0.5938,0.6,0.5857
F_median_3d_8rm,gamma,norm3,Random Forest,0.8533,0.6947,0.6,0.5857
F_de_3d_10rm,all,None,XGBoost,1.0,0.9897,0.6,0.5857
F_median_3d_8rm,theta,norm3,KNN,1.0,0.7644,0.7,0.5857
F_median_3d_C3,beta,None,Logistic Regression,0.54,0.531,0.6,0.5857
F_median_3d_C4,beta,None,XGBoost,0.62,0.5924,0.6,0.5857
F_median_3d_Cz,delta,None,Ensemble (Majority Vote),0.7667,0.6186,0.5,0.5857
F_de_3d_10rm,delta,norm3,XGBoost,0.9733,0.8078,0.6,0.5857
F_median_3d_F7,gamma,None,Random Forest,0.7467,0.5979,0.7,0.5857
F_median_3d_Fp1,all,norm3,Linear SVM,0.68,0.6292,0.7,0.5857
F_median_3d_Fp1,beta,norm2,Ensemble (Majority Vote),0.7667,0.6083,0.7,0.5857
F_median_3d_Fp1,beta,norm3,Ensemble (Majority Vote),0.7667,0.6083,0.7,0.5857
F_de_3d_10rm,all,norm3,KNN,1.0,0.9471,0.7,0.5857
F_peak_3d_2area,theta,norm3,KNN,0.9533,0.7002,0.6,0.5857
F_peak_3d_3area,alpha,None,Ensemble (Majority Vote),0.7667,0.649,0.7,0.5857
F_median_3d_2area,beta,None,KNN,0.9667,0.7159,0.7,0.5857
F_peak_3d_3area,beta,norm2,KNN,0.98,0.6818,0.7,0.5857
F_dasm_3d19,gamma,norm2,KNN,0.98,0.7028,0.7,0.5857
F_peak_3d_Fp2,theta,None,KNN,0.9733,0.7064,0.9,0.5857
F_dasm_3d19,delta,norm3,XGBoost,0.9667,0.7816,0.6,0.5857
F_dasm_3d19,delta,norm3,Ensemble (Majority Vote),0.88,0.7271,0.7,0.5857
F_peak_3d_Fz,alpha,None,Random Forest,0.6667,0.6041,0.6,0.5857
F_peak_3d_Fz,beta,None,XGBoost,0.6467,0.5989,0.5,0.5857
F_dasm_3d19,alpha,None,KNN,0.9933,0.8143,0.7,0.5857
F_peak_3d_T8,gamma,None,Random Forest,0.6667,0.5926,0.6,0.5857
F_dasm_3d19,all,None,Linear SVM,0.9067,0.7506,0.6,0.5857
F_rasm_3d,all,norm3,Logistic Regression,0.6267,0.5611,0.6,0.5857
F_rasm_3d,beta,None,Ensemble (Majority Vote),0.9,0.6738,0.6,0.5857
F_rasm_3d,delta,norm3,Linear SVM,0.5667,0.5333,0.8,0.5857
F_dasm_3d,gamma,None,KNN,0.98,0.7687,0.7,0.5857
F_rasm_3d19,gamma,None,Linear SVM,0.5333,0.5138,0.5,0.5857
F_rasm_3d_10rm,all,norm3,Logistic Regression,0.64,0.5731,0.7,0.5857
F_dasm_3d,delta,None,Random Forest,0.8,0.6874,0.7,0.5857
F_rasm_3d_10rm,delta,None,Ensemble (Majority Vote),0.9,0.6871,0.6,0.5857
F_rasm_3d_10rm,delta,norm3,XGBoost,0.9333,0.7554,0.6,0.5857
F_rasm_3d_10rm,gamma,None,Random Forest,0.84,0.6483,0.7,0.5857
F_dasm_3d,alpha,norm3,XGBoost,0.86,0.6816,0.6,0.5857
F_rasm_3d_8rm,all,None,XGBoost,1.0,0.808,0.6,0.5857
F_rasm_3d_8rm,alpha,None,KNN,0.9733,0.7055,0.7,0.5857
F_rasm_3d_8rm,theta,None,Random Forest,0.7933,0.626,0.8,0.5857
F_dasm_3d19,theta,None,KNN,0.9933,0.8034,0.6,0.5857
F_peak_3d_Fp1,theta,None,XGBoost,0.7333,0.6101,0.5,0.5857
F_dasm_3d_10rm,all,None,Logistic Regression,0.78,0.6887,0.6,0.5857
F_peak_3d_C4,all,None,Ensemble (Majority Vote),0.82,0.6956,0.5,0.5857
F_peak_3d_3area,beta,norm2,Random Forest,0.9,0.6409,0.7,0.5857
F_peak_3d_3area,beta,norm3,KNN,0.96,0.6977,0.6,0.5857
F_peak_3d_3area,theta,norm3,Ensemble (Majority Vote),0.7667,0.649,0.7,0.5857
F_dasm_3d_3area,gamma,None,Ensemble (Majority Vote),0.7067,0.6156,0.7,0.5857
F_peak_3d_8rm,alpha,None,KNN,1.0,0.8361,0.7,0.5857
F_peak_3d_8rm,delta,norm3,Linear SVM,0.6733,0.6145,0.6,0.5857
F_peak_3d_8rm,gamma,norm3,KNN,0.98,0.8094,0.6,0.5857
F_peak_3d_8rm,gamma,norm3,Linear SVM,0.6867,0.6101,0.5,0.5857
F_peak_3d_8rm,theta,None,Random Forest,0.8133,0.7,0.7,0.5857
F_peak_3d_C3,theta,None,Ensemble (Majority Vote),0.6667,0.6103,0.6,0.5857
F_peak_3d_C4,all,None,Linear SVM,0.6933,0.6209,0.5,0.5857
F_peak_3d_F8,gamma,None,Random Forest,0.62,0.5956,0.5,0.5857
F_peak_3d_C4,all,norm2,KNN,0.9933,0.7057,0.6,0.5857
F_peak_3d_C4,beta,None,Random Forest,0.66,0.6021,0.5,0.5857
F_peak_3d_Cz,all,None,Ensemble (Majority Vote),0.7933,0.6784,0.6,0.5857
F_peak_3d_Cz,all,None,Random Forest,0.7867,0.6729,0.6,0.5857
F_peak_3d_F3,alpha,None,Linear SVM,0.5533,0.5375,0.6,0.5857
F_peak_3d_F3,alpha,None,Logistic Regression,0.5533,0.5372,0.6,0.5857
F_dasm_3d_10rm,beta,None,Random Forest,0.7267,0.6549,0.6,0.5857
F_dasm_3d_10rm,beta,None,Ensemble (Majority Vote),0.78,0.6683,0.7,0.5857
F_peak_3d_F8,all,norm3,Logistic Regression,0.6733,0.5825,0.6,0.5857
F_dasm_3d_10rm,all,norm3,Linear SVM,0.8,0.6885,0.7,0.5857
F_median_3d_2area,gamma,norm2,XGBoost,0.7267,0.5903,0.5,0.5857
F_median_3d_T8,beta,None,Ensemble (Majority Vote),0.6733,0.6055,0.5,0.5857
F_mean_3d_T7,delta,None,Ensemble (Majority Vote),0.6733,0.6131,0.5,0.5857
F_median_3d19,gamma,norm3,XGBoost,0.9933,0.8811,0.7,0.5857
F_median_3d,delta,norm3,Linear SVM,0.7333,0.6428,0.6,0.5857
F_median_3d,delta,None,Linear SVM,0.7667,0.6434,0.5,0.5857
F_median_3d,beta,None,XGBoost,0.9867,0.8395,0.6,0.5857
F_median_3d,all,None,Logistic Regression,0.98,0.8124,0.6,0.5857
F_de_3d_3area,alpha,None,Ensemble (Majority Vote),0.7733,0.6651,0.5,0.5857
F_mean_3d_Fz,beta,None,XGBoost,0.6733,0.5908,0.6,0.5857
F_de_3d_3area,delta,norm3,Ensemble (Majority Vote),0.7133,0.6414,0.6,0.5857
F_mean_3d_Fz,all,None,KNN,0.98,0.7515,0.6,0.5857
F_mean_3d_Fp2,all,norm3,XGBoost,0.8133,0.686,0.5,0.5857
F_mean_3d_F8,beta,norm3,XGBoost,0.6867,0.5556,0.7,0.5857
F_de_3d_8rm,all,None,Linear SVM,0.94,0.7855,0.6,0.5857
F_mean_3d_F8,beta,norm3,Random Forest,0.8,0.588,0.5,0.5857
F_mean_3d_F8,beta,norm3,KNN,0.98,0.6841,0.8,0.5857
F_mean_3d_F8,beta,norm2,XGBoost,0.6867,0.5556,0.7,0.5857
F_mean_3d_F8,beta,norm2,Random Forest,0.8,0.588,0.5,0.5857
F_mean_3d_F8,beta,norm2,KNN,0.98,0.6841,0.8,0.5857
F_mean_3d_F7,theta,norm3,KNN,0.98,0.6798,0.7,0.5857
F_mean_3d_F7,theta,norm2,KNN,0.98,0.6798,0.7,0.5857
F_de_3d_8rm,alpha,norm3,Random Forest,0.8267,0.7046,0.7,0.5857
F_de_3d_8rm,alpha,norm3,XGBoost,0.9467,0.7579,0.5,0.5857
F_mean_3d_F7,all,norm3,Ensemble (Majority Vote),0.7733,0.6586,0.7,0.5857
F_de_3d_8rm,beta,None,Random Forest,0.8067,0.7234,0.5,0.5857
F_mean_3d_F4,beta,None,XGBoost,0.68,0.6057,0.6,0.5857
F_de_3d_2area,delta,norm2,Ensemble (Majority Vote),0.82,0.6476,0.6,0.5857
F_de_3d_F4,all,None,Random Forest,0.7867,0.6862,0.6,0.5857
F_de_3d_2area,alpha,norm2,Ensemble (Majority Vote),0.82,0.626,0.6,0.5857
F_de_3d_2area,alpha,norm2,KNN,0.9867,0.6869,0.6,0.5857
F_median_3d_1area,all,None,Random Forest,0.7867,0.6979,0.6,0.5857
F_median_3d_10rm,all,norm3,XGBoost,1.0,0.9857,0.7,0.5857
F_peak_3d_F4,alpha,norm3,KNN,0.9867,0.6943,0.7,0.5714
F_peak_3d_F4,alpha,norm3,Ensemble (Majority Vote),0.7933,0.6092,0.6,0.5714
F_de_3d_Fz,beta,norm2,Random Forest,0.78,0.5917,0.7,0.5714
F_peak_3d_F4,alpha,norm2,KNN,0.9867,0.6943,0.7,0.5714
F_peak_3d_F4,alpha,norm2,Ensemble (Majority Vote),0.7933,0.6092,0.6,0.5714
F_de_3d_Fz,beta,norm3,Random Forest,0.78,0.5917,0.7,0.5714
F_peak_3d_F4,all,norm3,Random Forest,0.78,0.669,0.5,0.5714
F_peak_3d_F3,delta,None,Linear SVM,0.54,0.5257,0.6,0.5714
F_mean_3d_F8,gamma,None,Random Forest,0.7333,0.597,0.8,0.5714
F_peak_3d_F3,alpha,None,Random Forest,0.6533,0.5913,0.6,0.5714
F_mean_3d_F8,delta,None,Random Forest,0.6667,0.5977,0.6,0.5714
F_mean_3d_F8,theta,None,Random Forest,0.6,0.5841,0.6,0.5714
F_peak_3d_Cz,theta,norm3,KNN,0.9933,0.6768,0.8,0.5714
F_peak_3d_Cz,theta,norm2,KNN,0.9933,0.6768,0.8,0.5714
F_peak_3d_Cz,delta,norm3,Ensemble (Majority Vote),0.66,0.6078,0.6,0.5714
F_de_3d_Fz,gamma,norm2,XGBoost,0.66,0.5545,0.6,0.5714
F_peak_3d_Cz,delta,norm2,Ensemble (Majority Vote),0.66,0.6078,0.6,0.5714
F_de_3d_Fz,gamma,norm3,XGBoost,0.66,0.5545,0.6,0.5714
F_peak_3d_F4,beta,None,Linear SVM,0.5533,0.5563,0.6,0.5714
F_median_3d_10rm,all,norm3,Ensemble (Majority Vote),0.98,0.9106,0.7,0.5714
F_mean_3d_3area,gamma,norm2,KNN,0.9867,0.6982,0.7,0.5714
F_peak_3d_F4,beta,None,Logistic Regression,0.5467,0.5566,0.6,0.5714
F_mean_3d_Cz,all,None,Random Forest,0.7867,0.6634,0.6,0.5714
F_peak_3d_Fp1,theta,norm3,XGBoost,0.68,0.5697,0.7,0.5714
F_peak_3d_Fp1,theta,norm2,XGBoost,0.68,0.5697,0.7,0.5714
F_de_3d_Fz,all,norm2,Random Forest,0.9333,0.6703,0.6,0.5714
F_median_3d_10rm,beta,norm3,Random Forest,0.84,0.7214,0.6,0.5714
F_de_3d_Fz,all,norm3,KNN,0.98,0.757,0.5,0.5714
F_peak_3d_Fp1,theta,None,Random Forest,0.7333,0.6078,0.5,0.5714
F_mean_3d_Cz,all,None,Logistic Regression,0.6467,0.5823,0.6,0.5714
F_median_3d_3area,gamma,None,KNN,0.94,0.728,0.7,0.5714
F_mean_3d_3area,theta,None,Linear SVM,0.58,0.5736,0.6,0.5714
F_peak_3d_F8,delta,None,KNN,0.96,0.692,0.6,0.5714
F_median_3d_10rm,beta,norm2,XGBoost,1.0,0.7154,0.5,0.5714
F_peak_3d_F8,all,norm3,Linear SVM,0.6667,0.5834,0.6,0.5714
F_peak_3d_F7,all,norm3,KNN,0.9867,0.7662,0.8,0.5714
F_peak_3d_F4,theta,None,XGBoost,0.68,0.5903,0.4,0.5714
F_mean_3d_F8,delta,None,KNN,0.98,0.7034,0.6,0.5714
F_peak_3d_F4,beta,None,XGBoost,0.6267,0.6039,0.6,0.5714
F_peak_3d_Cz,all,norm3,Random Forest,0.7667,0.668,0.5,0.5714
F_peak_3d_C4,delta,None,KNN,0.98,0.6966,0.7,0.5714
F_mean_3d_Fp2,alpha,None,Random Forest,0.6933,0.5874,0.5,0.5714
F_de_3d_Fz,all,None,KNN,0.98,0.7667,0.7,0.5714
F_de_3d_T7,gamma,None,Random Forest,0.7,0.6126,0.5,0.5714
F_mean_3d_Fz,beta,None,KNN,0.9733,0.7092,0.6,0.5714
F_peak_3d_8rm,gamma,None,Linear SVM,0.68,0.6253,0.5,0.5714
F_de_3d_T7,gamma,norm2,KNN,0.9867,0.6853,0.5,0.5714
F_peak_3d_8rm,delta,norm3,Logistic Regression,0.66,0.6133,0.6,0.5714
F_de_3d_T7,gamma,norm2,XGBoost,0.5733,0.5517,0.6,0.5714
F_de_3d_T7,gamma,norm3,KNN,0.9867,0.6853,0.5,0.5714
F_peak_3d_8rm,delta,None,Linear SVM,0.6667,0.6276,0.6,0.5714
F_de_3d_T7,gamma,norm3,XGBoost,0.5733,0.5517,0.6,0.5714
F_peak_3d_8rm,alpha,norm3,KNN,0.98,0.8067,0.7,0.5714
F_mean_3d_Fz,delta,None,Ensemble (Majority Vote),0.7,0.603,0.4,0.5714
F_mean_3d_Fz,delta,norm2,KNN,0.9933,0.6874,0.6,0.5714
F_de_3d_T8,beta,norm2,Linear SVM,0.4867,0.5037,0.7,0.5714
F_de_3d_T8,beta,norm3,Linear SVM,0.4867,0.5037,0.7,0.5714
F_peak_3d_3area,theta,norm3,KNN,0.9733,0.7182,0.7,0.5714
F_de_3d_T8,delta,None,Linear SVM,0.5867,0.5402,0.6,0.5714
F_de_3d_T8,delta,None,Logistic Regression,0.5933,0.5398,0.6,0.5714
F_mean_3d_C4,delta,norm3,Ensemble (Majority Vote),0.7667,0.6152,0.6,0.5714
F_peak_3d_8rm,gamma,norm3,Logistic Regression,0.6867,0.6101,0.5,0.5714
F_peak_3d_8rm,theta,norm3,KNN,0.9867,0.7869,0.6,0.5714
F_de_3d_T7,alpha,None,Ensemble (Majority Vote),0.7467,0.6375,0.7,0.5714
F_mean_3d_Fp2,theta,norm2,XGBoost,0.6267,0.552,0.6,0.5714
F_mean_3d_Fp2,theta,norm3,XGBoost,0.6267,0.552,0.6,0.5714
F_peak_3d_C4,all,None,Logistic Regression,0.6867,0.6159,0.5,0.5714
F_median_3d_10rm,alpha,norm3,Random Forest,0.86,0.7023,0.6,0.5714
F_mean_3d_C4,theta,None,Logistic Regression,0.56,0.5299,0.6,0.5714
F_mean_3d_C4,theta,None,Linear SVM,0.56,0.5299,0.6,0.5714
F_peak_3d_C3,delta,norm3,KNN,0.98,0.6894,0.7,0.5714
F_peak_3d_C3,delta,norm2,KNN,0.98,0.6894,0.7,0.5714
F_peak_3d_C3,all,None,Linear SVM,0.68,0.6018,0.6,0.5714
F_de_3d_T7,alpha,norm2,XGBoost,0.5867,0.5524,0.7,0.5714
F_de_3d_T7,alpha,norm3,XGBoost,0.5867,0.5524,0.7,0.5714
F_peak_3d_C3,all,norm3,Logistic Regression,0.66,0.6,0.6,0.5714
F_de_3d_T7,beta,norm2,KNN,0.9733,0.6933,0.6,0.5714
F_peak_3d_C3,all,norm3,Linear SVM,0.6467,0.6016,0.6,0.5714
F_de_3d_T7,beta,norm3,KNN,0.9733,0.6933,0.6,0.5714
F_peak_3d_C3,all,norm3,KNN,0.9867,0.7756,0.8,0.5714
F_peak_3d_Fp2,all,None,XGBoost,0.8667,0.7205,0.8,0.5714
F_peak_3d_Fp2,alpha,norm3,KNN,0.9867,0.6936,0.5,0.5714
F_peak_3d_Fp2,alpha,norm2,KNN,0.9867,0.6936,0.5,0.5714
F_rasm_3d_3area,all,norm2,Random Forest,0.8133,0.6956,0.6,0.5714
F_median_3d_1area,beta,None,KNN,0.9733,0.7048,0.6,0.5714
F_mean_3d_F7,all,norm3,Linear SVM,0.6533,0.5871,0.6,0.5714
F_mean_3d_F7,all,norm3,Logistic Regression,0.64,0.5855,0.5,0.5714
F_rasm_3d_10rm,beta,None,KNN,0.98,0.7002,0.6,0.5714
F_rasm_3d_10rm,all,norm3,Random Forest,0.8733,0.7766,0.5,0.5714
F_de_3d_F7,beta,None,Linear SVM,0.5733,0.5593,0.6,0.5714
F_de_3d_F7,beta,None,Logistic Regression,0.5733,0.5589,0.6,0.5714
F_mean_3d_F7,beta,None,KNN,0.9533,0.7039,0.6,0.5714
F_de_3d_F8,all,None,Ensemble (Majority Vote),0.8267,0.6952,0.7,0.5714
F_mean_3d_F7,beta,norm2,KNN,0.9933,0.6979,0.8,0.5714
F_de_3d_F8,all,norm2,Ensemble (Majority Vote),0.86,0.6738,0.7,0.5714
F_rasm_3d_10rm,all,norm2,Ensemble (Majority Vote),0.9667,0.8393,0.7,0.5714
F_rasm_3d_10rm,all,None,Random Forest,0.9467,0.7469,0.5,0.5714
F_de_3d_F8,alpha,norm2,KNN,0.98,0.6913,0.8,0.5714
F_rasm_3d19,theta,norm2,KNN,0.9867,0.7303,0.8,0.5714
F_de_3d_F8,alpha,norm3,KNN,0.98,0.6913,0.8,0.5714
F_mean_3d_F7,beta,norm3,KNN,0.9933,0.6979,0.8,0.5714
F_rasm_3d_10rm,theta,None,XGBoost,0.84,0.6499,0.6,0.5714
F_rasm_3d_3area,all,norm3,KNN,0.98,0.7494,0.7,0.5714
F_rasm_3d19,beta,norm3,Random Forest,0.84,0.749,0.6,0.5714
F_median_3d_3area,all,norm3,Random Forest,0.86,0.7584,0.6,0.5714
F_de_3d_F4,all,None,XGBoost,0.8867,0.7244,0.5,0.5714
F_median_3d_1area,theta,None,Linear SVM,0.5467,0.5414,0.6,0.5714
F_rasm_3d_8rm,gamma,None,Random Forest,0.8467,0.6336,0.8,0.5714
F_de_3d_F4,alpha,norm2,Random Forest,0.74,0.5791,0.7,0.5714
F_de_3d_F4,alpha,norm3,Random Forest,0.74,0.5791,0.7,0.5714
F_rasm_3d_8rm,beta,norm2,XGBoost,0.8533,0.6998,0.6,0.5714
F_median_3d_2area,theta,norm3,Linear SVM,0.5867,0.5453,0.7,0.5714
F_rasm_3d_8rm,all,norm2,Ensemble (Majority Vote),0.9667,0.8186,0.7,0.5714
F_median_3d_3area,all,None,XGBoost,0.9933,0.8697,0.6,0.5714
F_rasm_3d_3area,gamma,None,Linear SVM,0.5067,0.5161,0.5,0.5714
F_de_3d_F4,beta,None,XGBoost,0.6867,0.6113,0.7,0.5714
F_rasm_3d_3area,beta,None,Logistic Regression,0.4933,0.4975,0.5,0.5714
F_rasm_3d_3area,alpha,None,XGBoost,0.64,0.5906,0.6,0.5714
F_rasm_3d_3area,alpha,None,Linear SVM,0.5333,0.5028,0.7,0.5714
F_rasm_3d_3area,all,norm3,Logistic Regression,0.5667,0.5476,0.5,0.5714
F_rasm_3d_3area,all,norm3,Linear SVM,0.5733,0.5474,0.5,0.5714
F_de_3d_F4,theta,None,XGBoost,0.6133,0.577,0.6,0.5714
F_rasm_3d19,delta,norm3,Logistic Regression,0.56,0.5193,0.7,0.5714
F_rasm_3d19,all,norm3,KNN,0.9,0.7276,0.5,0.5714
F_de_3d_T8,delta,norm3,KNN,0.9867,0.686,0.7,0.5714
F_de_3d_Fp1,beta,None,Random Forest,0.6133,0.5883,0.6,0.5714
F_peak_3d_T7,all,None,Random Forest,0.7667,0.6754,0.7,0.5714
F_mean_3d_F8,beta,norm2,Ensemble (Majority Vote),0.7533,0.5984,0.6,0.5714
F_peak_3d_Fz,beta,None,Random Forest,0.6467,0.6117,0.5,0.5714
F_peak_3d_Fz,alpha,norm3,Ensemble (Majority Vote),0.66,0.6076,0.7,0.5714
F_peak_3d_Fz,alpha,norm2,Ensemble (Majority Vote),0.66,0.6076,0.7,0.5714
F_mean_3d_Cz,all,norm3,XGBoost,0.8667,0.6933,0.6,0.5714
F_de_3d_Fp2,all,norm3,XGBoost,0.86,0.7092,0.6,0.5714
F_peak_3d_Fz,all,norm2,Ensemble (Majority Vote),0.8867,0.6834,0.6,0.5714
F_peak_3d_Fz,all,None,XGBoost,0.8867,0.7393,0.7,0.5714
F_median_3d_3area,beta,None,Random Forest,0.7733,0.6543,0.6,0.5714
F_median_3d_3area,beta,norm2,KNN,0.98,0.6931,0.7,0.5714
F_peak_3d_Fp2,theta,None,XGBoost,0.6867,0.5959,0.5,0.5714
F_median_3d_3area,delta,norm3,Linear SVM,0.62,0.5646,0.5,0.5714
F_mean_3d_F8,beta,norm3,Ensemble (Majority Vote),0.7533,0.5984,0.6,0.5714
F_peak_3d_Fp2,delta,norm3,Random Forest,0.68,0.5874,0.7,0.5714
F_peak_3d_Fp2,delta,norm2,Random Forest,0.68,0.5874,0.7,0.5714
F_peak_3d_Fp2,delta,None,KNN,0.9667,0.6982,0.6,0.5714
F_peak_3d_T7,all,norm3,XGBoost,0.8733,0.7055,0.7,0.5714
F_peak_3d_T7,delta,None,KNN,0.98,0.7025,0.7,0.5714
F_median_3d_3area,alpha,norm3,Ensemble (Majority Vote),0.7,0.6276,0.6,0.5714
F_de_3d_Fp1,beta,None,Ensemble (Majority Vote),0.7133,0.6113,0.6,0.5714
F_rasm_3d,delta,norm3,Ensemble (Majority Vote),0.8333,0.7122,0.7,0.5714
F_rasm_3d,delta,None,KNN,0.9867,0.7234,0.6,0.5714
F_mean_3d_F8,alpha,None,Ensemble (Majority Vote),0.7333,0.6301,0.4,0.5714
F_rasm_3d,alpha,norm2,XGBoost,0.92,0.754,0.7,0.5714
F_rasm_3d,alpha,None,Linear SVM,0.5,0.4956,0.6,0.5714
F_mean_3d_Cz,beta,None,Random Forest,0.6333,0.5809,0.5,0.5714
F_rasm_3d,all,norm3,Linear SVM,0.6133,0.5586,0.6,0.5714
F_mean_3d_F8,alpha,None,Linear SVM,0.56,0.5297,0.6,0.5714
F_rasm_3d,all,None,KNN,0.96,0.6917,0.7,0.5714
F_peak_3d_T8,theta,norm3,KNN,0.9733,0.6913,0.7,0.5714
F_peak_3d_T8,theta,norm2,KNN,0.9733,0.6913,0.7,0.5714
F_mean_3d_F8,alpha,None,Logistic Regression,0.5667,0.5303,0.6,0.5714
F_peak_3d_T7,theta,None,Ensemble (Majority Vote),0.7533,0.6267,0.7,0.5714
F_de_3d_Fp1,all,norm3,Logistic Regression,0.6667,0.6207,0.5,0.5714
F_de_3d_Fp1,alpha,None,Linear SVM,0.5267,0.5216,0.6,0.5714
F_mean_3d_Cz,beta,None,KNN,0.9933,0.6998,0.5,0.5714
F_de_3d_Fp1,alpha,None,Logistic Regression,0.5067,0.5149,0.6,0.5714
F_de_3d_T8,delta,norm2,KNN,0.9867,0.686,0.7,0.5714
F_mean_3d,all,None,Ensemble (Majority Vote),1.0,0.9131,0.5,0.5714
F_mean_3d_3area,beta,None,Ensemble (Majority Vote),0.8267,0.6708,0.6,0.5714
F_median_3d_F7,beta,None,Linear SVM,0.5867,0.5559,0.5,0.5714
F_mean_3d_10rm,beta,norm2,Random Forest,0.9867,0.7232,0.4,0.5714
F_median_3d_F8,beta,norm2,Ensemble (Majority Vote),0.66,0.611,0.7,0.5714
F_median_3d_F8,alpha,norm3,Ensemble (Majority Vote),0.72,0.6218,0.7,0.5714
F_mean_3d_10rm,beta,norm3,KNN,0.98,0.8051,0.6,0.5714
F_median_3d_F8,alpha,norm2,Ensemble (Majority Vote),0.72,0.6218,0.7,0.5714
F_median_3d19,all,None,Ensemble (Majority Vote),1.0,0.9524,0.6,0.5714
F_median_3d19,all,norm3,XGBoost,1.0,0.9947,0.8,0.5714
F_median_3d_F7,beta,None,Logistic Regression,0.5867,0.5566,0.5,0.5714
F_median_3d_F7,beta,None,Ensemble (Majority Vote),0.6867,0.6103,0.6,0.5714
F_mean_3d,all,None,KNN,1.0,0.9582,0.7,0.5714
F_median_3d_F7,all,norm3,XGBoost,0.84,0.6848,0.6,0.5714
F_median_3d_F7,all,norm3,Logistic Regression,0.6267,0.5761,0.5,0.5714
F_median_3d_F7,all,norm3,Linear SVM,0.62,0.5766,0.5,0.5714
F_median_3d_F7,all,norm3,Ensemble (Majority Vote),0.76,0.6568,0.6,0.5714
F_median_3d_F4,gamma,None,KNN,0.9667,0.6894,0.7,0.5714
F_median_3d_F4,alpha,None,XGBoost,0.5933,0.5752,0.7,0.5714
F_median_3d_F3,beta,norm3,Ensemble (Majority Vote),0.72,0.6189,0.6,0.5714
F_median_3d_F3,beta,norm2,Ensemble (Majority Vote),0.72,0.6189,0.6,0.5714
F_median_3d_F8,beta,norm2,XGBoost,0.6267,0.552,0.7,0.5714
F_median_3d_F8,beta,norm3,Ensemble (Majority Vote),0.66,0.611,0.7,0.5714
F_median_3d_F8,beta,norm3,XGBoost,0.6267,0.552,0.7,0.5714
F_median_3d_F8,delta,None,Random Forest,0.6867,0.609,0.6,0.5714
F_median_3d_Fz,alpha,norm3,Random Forest,0.84,0.5943,0.6,0.5714
F_median_3d_Fz,alpha,norm2,Random Forest,0.84,0.5943,0.6,0.5714
F_mean_3d_10rm,all,norm2,Linear SVM,0.5067,0.5064,0.8,0.5714
F_median_3d,delta,None,Logistic Regression,0.7533,0.6451,0.5,0.5714
F_median_3d,delta,norm2,Ensemble (Majority Vote),0.8467,0.7246,0.7,0.5714
F_median_3d_Fp2,delta,None,KNN,0.9667,0.7057,0.6,0.5714
F_median_3d,delta,norm3,Ensemble (Majority Vote),0.9,0.7648,0.6,0.5714
F_median_3d_Fp2,alpha,None,Ensemble (Majority Vote),0.7733,0.6255,0.6,0.5714
F_mean_3d_3area,delta,None,Ensemble (Majority Vote),0.7467,0.6598,0.7,0.5714
F_median_3d_Fp1,delta,None,XGBoost,0.66,0.5959,0.6,0.5714
F_median_3d,gamma,None,XGBoost,0.98,0.8205,0.6,0.5714
F_median_3d,gamma,norm2,Linear SVM,0.5333,0.5149,0.7,0.5714
F_median_3d,gamma,norm3,Ensemble (Majority Vote),0.8933,0.7301,0.7,0.5714
F_median_3d_Fp1,all,norm3,Ensemble (Majority Vote),0.8,0.6885,0.7,0.5714
F_median_3d_Fp1,all,norm2,KNN,0.9867,0.692,0.9,0.5714
F_median_3d_F8,gamma,None,XGBoost,0.6333,0.5786,0.7,0.5714
F_median_3d_F8,delta,None,XGBoost,0.6667,0.5931,0.6,0.5714
F_mean_3d_10rm,theta,None,Logistic Regression,0.72,0.6232,0.6,0.5714
F_de_3d_F3,theta,norm3,Ensemble (Majority Vote),0.72,0.6069,0.7,0.5714
F_median_3d_Cz,gamma,norm3,Random Forest,0.8,0.5883,0.6,0.5714
F_median_3d_Cz,beta,None,Linear SVM,0.4933,0.5117,0.6,0.5714
F_median_3d_Cz,all,norm2,XGBoost,0.9267,0.6577,0.6,0.5714
F_median_3d_Cz,all,norm2,Ensemble (Majority Vote),0.8667,0.6749,0.6,0.5714
F_median_3d_C4,delta,norm3,KNN,0.9867,0.6887,0.7,0.5714
F_median_3d_C4,delta,norm2,KNN,0.9867,0.6887,0.7,0.5714
F_mean_3d_2area,delta,norm2,XGBoost,0.76,0.6,0.8,0.5714
F_median_3d_C4,delta,None,XGBoost,0.72,0.586,0.6,0.5714
F_median_3d19,delta,None,Linear SVM,0.8267,0.6814,0.6,0.5714
F_median_3d_C4,beta,None,KNN,0.9733,0.7021,0.5,0.5714
F_mean_3d_2area,gamma,norm2,XGBoost,0.7667,0.5933,0.6,0.5714
F_median_3d_C3,beta,None,XGBoost,0.5933,0.5793,0.7,0.5714
F_median_3d19,gamma,None,Logistic Regression,0.78,0.6818,0.6,0.5714
F_mean_3d_3area,all,None,XGBoost,1.0,0.8667,0.6,0.5714
F_mean_3d_3area,alpha,None,Ensemble (Majority Vote),0.7667,0.6515,0.5,0.5714
F_median_3d_C3,beta,None,Linear SVM,0.5467,0.5303,0.6,0.5714
F_median_3d_C3,beta,None,KNN,0.9667,0.6908,0.7,0.5714
F_median_3d_C3,alpha,None,Random Forest,0.6733,0.5977,0.6,0.5714
F_median_3d19,gamma,None,XGBoost,1.0,0.8864,0.6,0.5714
F_median_3d_Cz,alpha,None,XGBoost,0.68,0.5809,0.5,0.5714
F_mean_3d_3area,beta,norm2,Random Forest,0.9067,0.6345,0.6,0.5714
F_median_3d_Cz,gamma,norm2,Random Forest,0.8,0.5883,0.6,0.5714
F_mean_3d_2area,beta,None,KNN,0.9533,0.7131,0.7,0.5714
F_mean_3d_10rm,theta,norm3,KNN,0.98,0.7756,0.7,0.5714
F_mean_3d_10rm,theta,norm3,Random Forest,0.8333,0.7097,0.7,0.5714
F_mean_3d_10rm,theta,norm3,XGBoost,0.9667,0.7687,0.7,0.5714
F_mean_3d_1area,all,None,Ensemble (Majority Vote),0.8467,0.7039,0.6,0.5714
F_mean_3d_1area,all,None,Random Forest,0.8,0.6828,0.6,0.5714
F_median_3d_Cz,delta,norm3,KNN,0.9867,0.6959,0.7,0.5714
F_mean_3d_1area,alpha,None,XGBoost,0.6667,0.5984,0.6,0.5714
F_mean_3d_1area,alpha,norm2,KNN,0.98,0.6917,0.7,0.5714
F_mean_3d_1area,alpha,norm3,KNN,0.98,0.6917,0.7,0.5714
F_median_3d_Cz,delta,norm2,KNN,0.9867,0.6959,0.7,0.5714
F_median_3d_Cz,delta,None,XGBoost,0.7,0.5901,0.6,0.5714
F_mean_3d_1area,delta,None,KNN,0.9533,0.7025,0.5,0.5714
F_median_3d_Cz,delta,None,Logistic Regression,0.5533,0.5349,0.6,0.5714
F_mean_3d_2area,all,norm2,XGBoost,0.9667,0.7189,0.7,0.5714
F_mean_3d_2area,alpha,norm2,Ensemble (Majority Vote),0.7067,0.6191,0.6,0.5714
F_median_3d_Cz,delta,None,Linear SVM,0.5533,0.5354,0.6,0.5714
F_mean_3d_2area,beta,None,Ensemble (Majority Vote),0.7733,0.6501,0.6,0.5714
F_mean_3d_8rm,theta,norm3,KNN,0.98,0.7579,0.5,0.5714
F_mean_3d19,theta,norm3,Logistic Regression,0.78,0.6655,0.6,0.5714
F_mean_3d19,theta,norm3,Linear SVM,0.7933,0.6662,0.6,0.5714
F_peak_3d_10rm,gamma,None,XGBoost,0.9933,0.8209,0.7,0.5714
F_peak_3d_10rm,delta,norm3,Random Forest,0.84,0.7223,0.6,0.5714
F_mean_3d_T7,gamma,norm3,XGBoost,0.56,0.5533,0.5,0.5714
F_peak_3d_10rm,delta,None,Random Forest,0.8,0.728,0.6,0.5714
F_mean_3d_T7,theta,norm2,XGBoost,0.62,0.5501,0.6,0.5714
F_peak_3d_10rm,beta,None,XGBoost,0.96,0.8239,0.5,0.5714
F_peak_3d_10rm,alpha,norm3,XGBoost,0.9533,0.8048,0.6,0.5714
F_peak_3d_10rm,alpha,None,Logistic Regression,0.78,0.6549,0.5,0.5714
F_peak_3d_10rm,alpha,None,Ensemble (Majority Vote),0.9,0.7568,0.6,0.5714
F_mean_3d_T7,theta,norm3,XGBoost,0.62,0.5501,0.6,0.5714
F_peak_3d19,gamma,norm3,XGBoost,1.0,0.8972,0.7,0.5714
F_peak_3d19,gamma,norm3,KNN,1.0,0.9186,0.4,0.5714
F_mean_3d_T8,all,norm2,Linear SVM,0.4667,0.5009,0.7,0.5714
F_mean_3d,delta,None,Random Forest,0.8867,0.7313,0.5,0.5714
F_mean_3d_C3,gamma,None,Logistic Regression,0.58,0.5244,0.6,0.5714
F_mean_3d_C3,gamma,None,Linear SVM,0.5733,0.5225,0.6,0.5714
F_peak_3d,theta,None,KNN,0.9933,0.8526,0.5,0.5714
F_peak_3d,theta,None,Ensemble (Majority Vote),0.9,0.7639,0.6,0.5714
F_mean_3d_C4,alpha,norm2,Random Forest,0.8267,0.5947,0.6,0.5714
F_peak_3d_10rm,gamma,norm3,KNN,0.9867,0.8409,0.6,0.5714
F_peak_3d,delta,norm3,Logistic Regression,0.7333,0.6641,0.6,0.5714
F_peak_3d_10rm,theta,None,Random Forest,0.86,0.7124,0.6,0.5714
F_mean_3d_Fz,delta,norm3,KNN,0.9933,0.6874,0.6,0.5714
F_mean_3d,all,None,Random Forest,0.94,0.8161,0.6,0.5714
F_peak_3d_3area,theta,None,Logistic Regression,0.6267,0.5731,0.6,0.5714
F_mean_3d_T7,all,None,Linear SVM,0.68,0.5995,0.6,0.5714
F_mean_3d_T7,all,None,XGBoost,0.8667,0.7085,0.5,0.5714
F_mean_3d_T7,alpha,norm2,XGBoost,0.5667,0.5561,0.6,0.5714
F_peak_3d_3area,beta,norm2,Ensemble (Majority Vote),0.82,0.6423,0.6,0.5714
F_peak_3d_3area,beta,None,Logistic Regression,0.6267,0.588,0.7,0.5714
F_peak_3d_3area,beta,None,Linear SVM,0.6133,0.5869,0.7,0.5714
F_mean_3d_T7,alpha,norm3,XGBoost,0.5667,0.5561,0.6,0.5714
F_mean_3d_C4,delta,norm2,Ensemble (Majority Vote),0.7667,0.6152,0.6,0.5714
F_peak_3d_3area,all,None,Ensemble (Majority Vote),0.9267,0.8113,0.6,0.5714
F_median_3d_2area,beta,None,XGBoost,0.72,0.6285,0.6,0.5714
F_mean_3d_T7,gamma,None,KNN,0.96,0.7016,0.5,0.5714
F_mean_3d_T7,gamma,norm2,XGBoost,0.56,0.5533,0.5,0.5714
F_peak_3d_1area,beta,None,Logistic Regression,0.6067,0.5621,0.6,0.5714
F_mean_3d_C4,alpha,norm3,Random Forest,0.8267,0.5947,0.6,0.5714
F_peak_3d,delta,norm3,XGBoost,0.9733,0.8389,0.5,0.5714
F_mean_3d_T8,all,norm2,Random Forest,0.9133,0.6577,0.7,0.5714
F_median_3d_T7,all,None,Linear SVM,0.68,0.614,0.6,0.5714
F_median_3d_T8,delta,None,Linear SVM,0.5667,0.5409,0.7,0.5714
F_mean_3d_T8,beta,norm3,Ensemble (Majority Vote),0.6933,0.6209,0.7,0.5714
F_median_3d_8rm,all,norm3,Ensemble (Majority Vote),0.9867,0.8818,0.6,0.5714
F_median_3d,alpha,norm3,KNN,0.9867,0.8143,0.5,0.5714
F_median_3d_T8,alpha,None,Logistic Regression,0.5733,0.5533,0.6,0.5714
F_median_3d_T8,alpha,None,Linear SVM,0.58,0.554,0.6,0.5714
F_median_3d_T8,all,None,KNN,0.9933,0.7566,0.6,0.5714
F_mean_3d19,gamma,None,Ensemble (Majority Vote),0.9733,0.8048,0.5,0.5714
F_mean_3d19,gamma,None,Linear SVM,0.8,0.6862,0.5,0.5714
F_mean_3d19,gamma,None,XGBoost,1.0,0.8759,0.5,0.5714
F_median_3d_T7,theta,norm3,Random Forest,0.82,0.5892,0.7,0.5714
F_median_3d_T7,theta,norm2,Random Forest,0.82,0.5892,0.7,0.5714
F_median_3d_10rm,alpha,None,KNN,0.9933,0.8193,0.7,0.5714
F_median_3d_T7,gamma,None,KNN,0.9667,0.6961,0.6,0.5714
F_median_3d,beta,norm2,XGBoost,0.9933,0.7372,0.7,0.5714
F_mean_3d_8rm,theta,norm3,XGBoost,0.92,0.7195,0.6,0.5714
F_median_3d,beta,norm3,XGBoost,0.98,0.8037,0.5,0.5714
F_median_3d,delta,None,Ensemble (Majority Vote),0.9,0.7657,0.6,0.5714
F_mean_3d19,delta,None,XGBoost,0.9867,0.8862,0.5,0.5714
F_median_3d_T8,delta,None,Logistic Regression,0.5667,0.5405,0.7,0.5714
F_mean_3d_8rm,beta,norm3,Random Forest,0.8333,0.706,0.6,0.5714
F_median_3d_T8,delta,None,XGBoost,0.7,0.5922,0.6,0.5714
F_mean_3d_T8,beta,None,XGBoost,0.6533,0.5878,0.6,0.5714
F_peak_3d,beta,None,KNN,1.0,0.9037,0.5,0.5714
F_peak_3d,alpha,norm2,XGBoost,0.9933,0.7602,0.6,0.5714
F_mean_3d,theta,None,KNN,0.9933,0.8202,0.5,0.5714
F_mean_3d,theta,norm2,XGBoost,0.9667,0.7285,0.7,0.5714
F_peak_3d,alpha,norm2,Ensemble (Majority Vote),0.9467,0.7536,0.7,0.5714
F_peak_3d,alpha,None,XGBoost,0.9733,0.8368,0.7,0.5714
F_mean_3d19,all,norm2,Linear SVM,0.52,0.5131,0.9,0.5714
F_peak_3d,alpha,None,Logistic Regression,0.72,0.6662,0.5,0.5714
F_peak_3d,alpha,None,Linear SVM,0.7933,0.6685,0.6,0.5714
F_peak_3d,alpha,None,KNN,0.9933,0.8892,0.7,0.5714
F_mean_3d19,all,norm3,XGBoost,1.0,0.9929,0.6,0.5714
F_mean_3d_T8,beta,norm2,Ensemble (Majority Vote),0.6933,0.6209,0.7,0.5714
F_mean_3d19,beta,None,Ensemble (Majority Vote),0.9267,0.7989,0.6,0.5714
F_median_3d_T8,theta,norm3,KNN,0.98,0.6825,0.6,0.5714
F_median_3d_T8,theta,norm2,KNN,0.98,0.6825,0.6,0.5714
F_median_3d_T8,gamma,None,Ensemble (Majority Vote),0.7733,0.629,0.5,0.5714
F_median_3d_1area,theta,None,Logistic Regression,0.5533,0.5405,0.6,0.5714
F_dasm_3d,all,None,Ensemble (Majority Vote),0.9733,0.8448,0.7,0.5714
F_de_3d_10rm,all,norm3,XGBoost,1.0,0.9908,0.6,0.5714
F_de_3d,all,None,XGBoost,1.0,0.9949,0.5,0.5714
F_de_3d_C4,theta,None,Logistic Regression,0.56,0.531,0.6,0.5714
F_de_3d,alpha,norm3,Logistic Regression,0.7667,0.6437,0.5,0.5714
F_dasm_3d,gamma,norm3,Ensemble (Majority Vote),0.78,0.6697,0.6,0.5714
F_dasm_3d_3area,beta,None,Ensemble (Majority Vote),0.72,0.6193,0.6,0.5714
F_de_3d,delta,norm3,KNN,0.9933,0.8777,0.6,0.5714
F_de_3d_8rm,delta,norm3,KNN,0.9867,0.8191,0.6,0.5714
F_de_3d_8rm,delta,norm3,Logistic Regression,0.6333,0.6117,0.6,0.5714
F_de_3d19,all,None,Logistic Regression,1.0,0.8687,0.6,0.5714
F_de_3d_F3,delta,None,Random Forest,0.62,0.5887,0.5,0.5714
F_de_3d_3area,gamma,norm3,Ensemble (Majority Vote),0.7133,0.6391,0.7,0.5714
F_de_3d_3area,delta,norm3,Linear SVM,0.5733,0.5561,0.6,0.5714
F_de_3d19,alpha,norm2,Ensemble (Majority Vote),0.9667,0.7717,0.6,0.5714
F_dasm_3d,delta,norm3,Random Forest,0.8133,0.677,0.7,0.5714
F_de_3d_Cz,gamma,None,KNN,0.9667,0.7007,0.6,0.5714
F_de_3d19,beta,None,KNN,1.0,0.9172,0.5,0.5714
F_dasm_3d_10rm,theta,norm2,Ensemble (Majority Vote),0.8067,0.6602,0.7,0.5714
F_dasm_3d,delta,norm2,Ensemble (Majority Vote),0.8533,0.6885,0.6,0.5714
F_dasm_3d,delta,None,Ensemble (Majority Vote),0.8133,0.7048,0.7,0.5714
F_de_3d_8rm,theta,norm2,KNN,0.9933,0.6998,0.6,0.5714
F_dasm_3d_10rm,theta,None,KNN,0.98,0.7467,0.7,0.5714
F_de_3d_10rm,theta,None,XGBoost,0.9533,0.7846,0.5,0.5714
F_de_3d_C3,all,None,Linear SVM,0.6733,0.6101,0.5,0.5714
F_de_3d19,delta,None,XGBoost,1.0,0.8984,0.6,0.5714
F_de_3d_C4,theta,None,Linear SVM,0.56,0.5303,0.6,0.5714
F_de_3d,all,None,Random Forest,0.9467,0.8306,0.5,0.5714
F_de_3d19,delta,norm2,Random Forest,0.9267,0.7186,0.7,0.5714
F_de_3d_8rm,delta,None,Linear SVM,0.7,0.6221,0.5,0.5714
F_dasm_3d_8rm,delta,None,Linear SVM,0.5733,0.5618,0.6,0.5714
F_de_3d_F3,all,norm3,XGBoost,0.86,0.7028,0.6,0.5714
F_dasm_3d_8rm,delta,norm3,Random Forest,0.78,0.6356,0.7,0.5714
F_dasm_3d_8rm,gamma,None,Ensemble (Majority Vote),0.7333,0.6393,0.6,0.5714
F_dasm_3d_8rm,gamma,None,KNN,0.9467,0.7069,0.6,0.5714
F_de_3d_8rm,all,None,Logistic Regression,0.8867,0.7623,0.6,0.5714
F_dasm_3d_8rm,gamma,None,Random Forest,0.72,0.6322,0.6,0.5714
F_de_3d_8rm,all,None,XGBoost,1.0,0.9745,0.6,0.5714
F_de_3d_8rm,alpha,None,Logistic Regression,0.7133,0.6377,0.6,0.5714
F_dasm_3d19,beta,None,Random Forest,0.8267,0.703,0.5,0.5714
F_dasm_3d19,beta,norm2,Ensemble (Majority Vote),0.8333,0.7083,0.5,0.5714
F_dasm_3d19,all,norm3,XGBoost,1.0,0.9713,0.6,0.5714
F_de_3d_Cz,theta,norm3,Linear SVM,0.5133,0.4963,0.7,0.5714
F_dasm_3d_8rm,theta,None,Linear SVM,0.5533,0.5618,0.6,0.5714
F_dasm_3d_8rm,theta,None,Logistic Regression,0.5733,0.5621,0.6,0.5714
F_dasm_3d19,delta,None,Linear SVM,0.6733,0.6147,0.5,0.5714
F_de_3d_Cz,theta,norm2,Linear SVM,0.5133,0.4963,0.7,0.5714
F_dasm_3d19,all,None,Logistic Regression,0.8933,0.7418,0.6,0.5714
F_de_3d_1area,delta,norm2,XGBoost,0.6133,0.5605,0.6,0.5714
F_de_3d_1area,delta,norm3,XGBoost,0.6133,0.5605,0.6,0.5714
F_de_3d_C3,gamma,None,Logistic Regression,0.56,0.5246,0.4,0.5714
F_dasm_3d,theta,norm2,Ensemble (Majority Vote),0.84,0.68,0.5,0.5714
F_de_3d_8rm,beta,norm3,Random Forest,0.8133,0.7097,0.6,0.5714
F_de_3d_2area,alpha,norm2,XGBoost,0.7333,0.5862,0.6,0.5714
F_de_3d_F3,all,norm3,Ensemble (Majority Vote),0.78,0.6759,0.7,0.5714
F_dasm_3d_10rm,delta,None,Ensemble (Majority Vote),0.8,0.6828,0.7,0.5714
F_de_3d_10rm,alpha,None,Logistic Regression,0.7333,0.6432,0.5,0.5714
F_de_3d_3area,all,norm3,Logistic Regression,0.7867,0.6733,0.5,0.5714
F_dasm_3d,all,norm3,KNN,1.0,0.9363,0.6,0.5714
F_de_3d_C3,beta,None,KNN,0.9667,0.6979,0.8,0.5714
F_dasm_3d_10rm,beta,None,XGBoost,0.8,0.6784,0.7,0.5714
F_de_3d_F3,theta,norm2,Ensemble (Majority Vote),0.72,0.6069,0.7,0.5714
F_de_3d19,gamma,None,Logistic Regression,0.8067,0.6848,0.5,0.5714
F_de_3d_10rm,delta,None,KNN,0.9933,0.86,0.6,0.5714
F_dasm_3d,all,None,Logistic Regression,0.84,0.7101,0.6,0.5714
F_de_3d19,gamma,norm3,Random Forest,0.94,0.7848,0.5,0.5714
F_de_3d_10rm,alpha,norm3,Ensemble (Majority Vote),0.8867,0.7405,0.5,0.5714
F_de_3d_10rm,theta,None,Linear SVM,0.7333,0.6363,0.6,0.5714
F_de_3d19,gamma,norm3,Logistic Regression,0.8067,0.6844,0.6,0.5714
F_dasm_3d_10rm,alpha,norm3,KNN,0.9733,0.7166,0.6,0.5714
F_de_3d19,delta,norm3,Ensemble (Majority Vote),0.9533,0.8306,0.5,0.5714
F_de_3d_10rm,delta,norm3,Ensemble (Majority Vote),0.86,0.7572,0.5,0.5714
F_peak_3d_3area,theta,None,Linear SVM,0.6467,0.577,0.6,0.5571
F_median_3d_3area,alpha,None,Ensemble (Majority Vote),0.7467,0.6515,0.5,0.5571
F_peak_3d_8rm,alpha,None,XGBoost,0.9067,0.7851,0.6,0.5571
F_median_3d_3area,all,None,Random Forest,0.8533,0.743,0.5,0.5571
F_dasm_3d_3area,gamma,None,XGBoost,0.74,0.5963,0.7,0.5571
F_median_3d_3area,delta,norm3,Logistic Regression,0.62,0.5653,0.5,0.5571
F_median_3d19,alpha,norm3,Ensemble (Majority Vote),0.9267,0.7855,0.5,0.5571
F_median_3d19,alpha,norm3,XGBoost,1.0,0.8733,0.6,0.5571
F_median_3d_3area,delta,norm2,Random Forest,0.8133,0.6237,0.6,0.5571
F_mean_3d_10rm,alpha,norm3,Ensemble (Majority Vote),0.8467,0.7062,0.6,0.5571
F_peak_3d_3area,alpha,None,Random Forest,0.7133,0.637,0.6,0.5571
F_peak_3d_3area,delta,norm3,XGBoost,0.78,0.6531,0.7,0.5571
F_peak_3d_3area,theta,None,Random Forest,0.7267,0.6326,0.6,0.5571
F_median_3d_3area,delta,norm2,Ensemble (Majority Vote),0.7333,0.6372,0.7,0.5571
F_de_3d_2area,beta,norm3,KNN,0.9733,0.706,0.7,0.5571
F_median_3d_3area,beta,norm2,Ensemble (Majority Vote),0.8267,0.652,0.5,0.5571
F_median_3d_3area,beta,None,XGBoost,0.8333,0.6708,0.6,0.5571
F_median_3d_3area,beta,None,KNN,0.9533,0.7257,0.7,0.5571
F_peak_3d_3area,beta,norm3,XGBoost,0.72,0.6191,0.5,0.5571
F_de_3d_Fp1,alpha,norm2,XGBoost,0.74,0.5644,0.5,0.5571
F_median_3d_3area,alpha,norm2,KNN,0.9933,0.7106,0.6,0.5571
F_de_3d_1area,delta,None,Linear SVM,0.58,0.5499,0.5,0.5571
F_peak_3d_3area,delta,None,Random Forest,0.7533,0.6556,0.6,0.5571
F_de_3d_1area,delta,None,Logistic Regression,0.58,0.5492,0.5,0.5571
F_median_3d_10rm,all,norm3,Logistic Regression,0.9533,0.8014,0.7,0.5571
F_median_3d_8rm,beta,None,Ensemble (Majority Vote),0.8333,0.7267,0.6,0.5571
F_median_3d19,alpha,None,Linear SVM,0.78,0.6703,0.6,0.5571
F_peak_3d_10rm,gamma,None,Random Forest,0.86,0.7485,0.7,0.5571
F_dasm_3d_8rm,beta,None,XGBoost,0.76,0.6478,0.6,0.5571
F_peak_3d_10rm,gamma,norm3,XGBoost,0.9667,0.7943,0.6,0.5571
F_peak_3d_F3,gamma,norm3,Ensemble (Majority Vote),0.6867,0.6053,0.5,0.5571
F_median_3d_8rm,theta,norm3,XGBoost,0.9267,0.7322,0.6,0.5571
F_peak_3d_1area,all,norm2,KNN,0.98,0.7069,0.8,0.5571
F_peak_3d_F3,gamma,norm2,XGBoost,0.6467,0.5547,0.7,0.5571
F_de_3d_F3,alpha,None,Ensemble (Majority Vote),0.7933,0.6237,0.4,0.5571
F_median_3d_8rm,theta,norm2,Ensemble (Majority Vote),0.88,0.7097,0.6,0.5571
F_median_3d19,all,None,XGBoost,1.0,0.9913,0.5,0.5571
F_peak_3d_F3,gamma,norm2,Ensemble (Majority Vote),0.6867,0.6053,0.5,0.5571
F_de_3d_Fp1,all,norm3,Random Forest,0.7733,0.6883,0.7,0.5571
F_peak_3d_F3,delta,None,XGBoost,0.66,0.586,0.5,0.5571
F_de_3d_Fp1,alpha,None,Ensemble (Majority Vote),0.78,0.6267,0.4,0.5571
F_median_3d19,all,norm2,Linear SVM,0.4533,0.4989,0.7,0.5571
F_peak_3d_1area,alpha,norm2,KNN,0.98,0.6906,0.7,0.5571
F_peak_3d_1area,alpha,norm3,KNN,0.98,0.6906,0.7,0.5571
F_mean_3d19,theta,None,Ensemble (Majority Vote),0.9533,0.7844,0.6,0.5571
F_peak_3d_F3,delta,None,Logistic Regression,0.54,0.5255,0.5,0.5571
F_median_3d_8rm,gamma,norm3,Ensemble (Majority Vote),0.8133,0.6984,0.5,0.5571
F_median_3d_8rm,gamma,None,KNN,0.9867,0.7832,0.7,0.5571
F_mean_3d19,theta,None,Random Forest,0.8667,0.7292,0.6,0.5571
F_de_3d_2area,delta,norm2,XGBoost,0.7067,0.5968,0.5,0.5571
F_median_3d_8rm,delta,norm3,KNN,0.9733,0.7855,0.5,0.5571
F_de_3d_2area,delta,norm2,Random Forest,0.8267,0.6195,0.7,0.5571
F_peak_3d_1area,theta,norm2,KNN,0.9733,0.6869,0.6,0.5571
F_peak_3d_1area,theta,norm3,KNN,0.9733,0.6869,0.6,0.5571
F_median_3d_8rm,beta,norm3,Ensemble (Majority Vote),0.8333,0.711,0.6,0.5571
F_median_3d19,delta,None,Ensemble (Majority Vote),0.9467,0.817,0.6,0.5571
F_peak_3d_2area,alpha,None,Linear SVM,0.5467,0.554,0.5,0.5571
F_dasm_3d_10rm,delta,norm2,KNN,0.9733,0.6818,0.6,0.5571
F_peak_3d_8rm,alpha,norm2,Ensemble (Majority Vote),0.9067,0.7138,0.5,0.5571
F_median_3d_1area,beta,norm2,XGBoost,0.6067,0.5517,0.5,0.5571
F_mean_3d_10rm,theta,norm2,Random Forest,0.94,0.6998,0.6,0.5571
F_de_3d_Fp1,gamma,norm3,Ensemble (Majority Vote),0.5867,0.5894,0.6,0.5571
F_median_3d_1area,all,None,Logistic Regression,0.5933,0.5867,0.6,0.5571
F_peak_3d_Cz,gamma,norm2,Random Forest,0.7667,0.5871,0.7,0.5571
F_median_3d_1area,beta,None,Random Forest,0.6667,0.5949,0.6,0.5571
F_peak_3d_Cz,gamma,norm3,Ensemble (Majority Vote),0.78,0.6202,0.6,0.5571
F_median_3d_1area,beta,norm3,XGBoost,0.6067,0.5517,0.5,0.5571
F_peak_3d_8rm,beta,None,KNN,0.9933,0.8389,0.4,0.5571
F_median_3d_1area,gamma,norm2,KNN,0.9867,0.6818,0.6,0.5571
F_peak_3d_C4,delta,None,XGBoost,0.6733,0.5892,0.6,0.5571
F_median_3d_1area,gamma,norm3,KNN,0.9867,0.6818,0.6,0.5571
F_peak_3d_Cz,gamma,norm3,Random Forest,0.7667,0.5871,0.7,0.5571
F_median_3d_1area,theta,None,XGBoost,0.66,0.5933,0.5,0.5571
F_median_3d_10rm,all,None,KNN,1.0,0.9545,0.7,0.5571
F_peak_3d_Cz,gamma,norm2,Ensemble (Majority Vote),0.78,0.6202,0.6,0.5571
F_dasm_3d_10rm,theta,None,Ensemble (Majority Vote),0.78,0.6715,0.5,0.5571
F_de_3d_Fp1,gamma,norm2,Ensemble (Majority Vote),0.5867,0.5894,0.6,0.5571
F_mean_3d_10rm,theta,norm3,Ensemble (Majority Vote),0.8533,0.7147,0.6,0.5571
F_median_3d_10rm,delta,norm3,KNN,0.9933,0.8251,0.7,0.5571
F_peak_3d_Cz,all,norm3,XGBoost,0.84,0.6977,0.6,0.5571
F_median_3d_10rm,delta,norm2,Random Forest,0.88,0.6876,0.8,0.5571
F_de_3d_Fp1,gamma,None,KNN,0.9667,0.7115,0.7,0.5571
F_de_3d_Fp1,delta,norm3,Random Forest,0.7533,0.5885,0.7,0.5571
F_median_3d_10rm,delta,None,XGBoost,0.9467,0.8048,0.6,0.5571
F_median_3d_10rm,beta,norm2,Random Forest,0.9733,0.7292,0.7,0.5571
F_median_3d_10rm,beta,None,Ensemble (Majority Vote),0.9067,0.7566,0.6,0.5571
F_de_3d_T8,beta,None,Ensemble (Majority Vote),0.68,0.6106,0.4,0.5571
F_peak_3d_Cz,delta,norm3,XGBoost,0.5733,0.5457,0.6,0.5571
F_de_3d_2area,alpha,norm2,Random Forest,0.7867,0.6126,0.5,0.5571
F_median_3d_10rm,all,norm2,XGBoost,1.0,0.9285,0.5,0.5571
F_peak_3d_Cz,delta,norm2,XGBoost,0.5733,0.5457,0.6,0.5571
F_peak_3d_C4,all,norm2,Linear SVM,0.5267,0.508,0.5,0.5571
F_mean_3d_10rm,gamma,None,KNN,0.9933,0.8032,0.6,0.5571
F_median_3d_2area,alpha,norm2,XGBoost,0.7,0.5823,0.6,0.5571
F_de_3d_Fp2,all,norm3,Random Forest,0.74,0.6766,0.6,0.5571
F_de_3d_Fp1,alpha,norm3,XGBoost,0.74,0.5644,0.5,0.5571
F_peak_3d_8rm,beta,norm3,KNN,0.9733,0.8195,0.7,0.5571
F_median_3d_2area,theta,norm3,Logistic Regression,0.5867,0.543,0.7,0.5571
F_peak_3d_8rm,delta,norm3,Ensemble (Majority Vote),0.8467,0.7317,0.5,0.5571
F_peak_3d_8rm,gamma,None,Logistic Regression,0.6733,0.626,0.4,0.5571
F_mean_3d_10rm,delta,None,KNN,1.0,0.8368,0.6,0.5571
F_median_3d19,delta,None,Logistic Regression,0.78,0.6772,0.6,0.5571
F_median_3d_2area,gamma,norm2,Ensemble (Majority Vote),0.8267,0.6336,0.5,0.5571
F_median_3d_2area,delta,norm3,Logistic Regression,0.5667,0.5568,0.5,0.5571
F_peak_3d_8rm,gamma,norm3,Ensemble (Majority Vote),0.8267,0.7198,0.6,0.5571
F_peak_3d_8rm,gamma,norm3,Random Forest,0.8333,0.7159,0.5,0.5571
F_peak_3d_Cz,theta,norm3,XGBoost,0.66,0.5485,0.5,0.5571
F_median_3d19,delta,norm3,KNN,1.0,0.8878,0.6,0.5571
F_median_3d19,gamma,None,KNN,0.9933,0.8777,0.5,0.5571
F_mean_3d_10rm,delta,norm2,Linear SVM,0.5,0.5048,0.6,0.5571
F_peak_3d_C3,theta,norm3,Random Forest,0.6533,0.5814,0.6,0.5571
F_median_3d_2area,beta,norm3,XGBoost,0.7267,0.5982,0.7,0.5571
F_de_3d_2area,beta,None,Random Forest,0.74,0.6347,0.5,0.5571
F_peak_3d_C3,all,norm2,Random Forest,0.9333,0.6706,0.7,0.5571
F_median_3d_2area,beta,norm3,Random Forest,0.8333,0.6221,0.7,0.5571
F_median_3d_2area,beta,norm2,XGBoost,0.68,0.58,0.5,0.5571
F_median_3d19,gamma,norm2,Ensemble (Majority Vote),0.9733,0.7717,0.6,0.5571
F_peak_3d_C3,delta,norm2,Linear SVM,0.5133,0.4975,0.7,0.5571
F_peak_3d_Cz,theta,norm2,XGBoost,0.66,0.5485,0.5,0.5571
F_peak_3d_C3,delta,norm3,Linear SVM,0.5133,0.4975,0.7,0.5571
F_peak_3d_10rm,gamma,None,Ensemble (Majority Vote),0.9,0.7733,0.5,0.5571
F_median_3d19,gamma,norm2,Random Forest,0.9867,0.7676,0.6,0.5571
F_peak_3d_C3,theta,None,Linear SVM,0.5933,0.557,0.5,0.5571
F_peak_3d_C3,theta,None,Logistic Regression,0.5933,0.557,0.5,0.5571
F_peak_3d_C3,theta,norm2,Random Forest,0.6533,0.5814,0.6,0.5571
F_peak_3d_C3,theta,None,KNN,0.9733,0.7057,0.6,0.5571
F_de_3d_C4,gamma,norm3,Linear SVM,0.5,0.497,0.5,0.5571
F_peak_3d_10rm,delta,norm3,XGBoost,0.9533,0.811,0.5,0.5571
F_median_3d_F3,alpha,None,Logistic Regression,0.5333,0.528,0.5,0.5571
F_de_3d_T7,beta,norm2,XGBoost,0.6067,0.5575,0.7,0.5571
F_de_3d19,delta,None,Ensemble (Majority Vote),0.9333,0.8432,0.6,0.5571
F_median_3d_F3,theta,norm3,Random Forest,0.84,0.5963,0.7,0.5571
F_de_3d_Cz,all,norm3,KNN,0.9667,0.7451,0.7,0.5571
F_de_3d_T7,beta,norm3,XGBoost,0.6067,0.5575,0.7,0.5571
F_mean_3d,beta,None,Linear SVM,0.7533,0.6611,0.6,0.5571
F_median_3d_F4,alpha,None,Random Forest,0.6333,0.5938,0.6,0.5571
F_de_3d_T7,delta,None,Linear SVM,0.58,0.5432,0.6,0.5571
F_de_3d_T7,delta,None,Logistic Regression,0.58,0.543,0.6,0.5571
F_median_3d_F4,beta,norm2,XGBoost,0.5867,0.5476,0.7,0.5571
F_median_3d_F4,beta,norm3,XGBoost,0.5867,0.5476,0.7,0.5571
F_median_3d_T7,all,norm2,Random Forest,0.9467,0.6779,0.6,0.5571
F_median_3d_F4,delta,norm2,KNN,0.96,0.6933,0.7,0.5571
F_median_3d_F4,delta,norm3,KNN,0.96,0.6933,0.7,0.5571
F_mean_3d,alpha,None,XGBoost,0.9667,0.8041,0.5,0.5571
F_median_3d_T7,beta,norm2,Random Forest,0.7667,0.5947,0.5,0.5571
F_median_3d_F3,theta,norm2,Random Forest,0.84,0.5963,0.7,0.5571
F_median_3d_T7,beta,norm3,Random Forest,0.7667,0.5947,0.5,0.5571
F_median_3d_F3,beta,None,XGBoost,0.6467,0.5816,0.7,0.5571
F_de_3d_T7,alpha,None,Linear SVM,0.5667,0.5593,0.6,0.5571
F_de_3d_T7,alpha,None,Logistic Regression,0.5667,0.56,0.6,0.5571
F_de_3d_10rm,theta,norm3,KNN,0.9867,0.8055,0.8,0.5571
F_median_3d_T7,theta,None,KNN,0.9533,0.6897,0.6,0.5571
F_mean_3d,delta,norm2,Random Forest,0.9067,0.6993,0.6,0.5571
F_median_3d_T7,gamma,norm3,KNN,0.9867,0.6869,0.8,0.5571
F_median_3d_F3,beta,norm2,Random Forest,0.8067,0.591,0.7,0.5571
F_median_3d_F3,delta,norm3,Linear SVM,0.46,0.4993,0.6,0.5571
F_median_3d_F3,beta,norm2,XGBoost,0.5667,0.5536,0.7,0.5571
F_median_3d_T7,gamma,norm2,KNN,0.9867,0.6869,0.8,0.5571
F_median_3d_T7,gamma,None,Random Forest,0.68,0.6041,0.6,0.5571
F_median_3d_F3,beta,norm3,Random Forest,0.8067,0.591,0.7,0.5571
F_median_3d_F3,beta,norm3,XGBoost,0.5667,0.5536,0.7,0.5571
F_median_3d_F3,delta,norm2,Linear SVM,0.46,0.4993,0.6,0.5571
F_de_3d_10rm,theta,None,Logistic Regression,0.7467,0.6336,0.6,0.5571
F_median_3d_Fz,theta,None,KNN,0.9733,0.6972,0.6,0.5571
F_mean_3d,alpha,None,KNN,0.98,0.8101,0.5,0.5571
F_median_3d_F8,delta,norm3,Random Forest,0.74,0.5841,0.5,0.5571
F_median_3d_F8,beta,norm2,Random Forest,0.7867,0.5938,0.7,0.5571
F_median_3d_F8,beta,norm3,Random Forest,0.7867,0.5938,0.7,0.5571
F_median_3d_Fp2,theta,None,Random Forest,0.66,0.5871,0.6,0.5571
F_median_3d_Fp2,theta,None,KNN,0.98,0.6929,0.6,0.5571
F_median_3d_F8,delta,None,Ensemble (Majority Vote),0.7,0.6278,0.6,0.5571
F_median_3d_F8,delta,norm2,Random Forest,0.74,0.5841,0.5,0.5571
F_de_3d_Cz,beta,None,KNN,0.9667,0.7016,0.8,0.5571
F_de_3d19,theta,None,Logistic Regression,0.8,0.68,0.6,0.5571
F_de_3d_T8,delta,norm3,Ensemble (Majority Vote),0.64,0.6055,0.4,0.5571
F_median_3d_F8,theta,norm2,Ensemble (Majority Vote),0.8467,0.6115,0.6,0.5571
F_de_3d_T8,delta,norm2,Ensemble (Majority Vote),0.64,0.6055,0.4,0.5571
F_median_3d_F8,theta,norm3,Ensemble (Majority Vote),0.8467,0.6115,0.6,0.5571
F_de_3d_10rm,alpha,None,Linear SVM,0.74,0.646,0.5,0.5571
F_mean_3d_8rm,theta,norm3,Random Forest,0.8067,0.6839,0.5,0.5571
F_median_3d_Fz,all,None,KNN,0.9733,0.751,0.6,0.5571
F_de_3d19,gamma,norm3,Linear SVM,0.8067,0.6864,0.6,0.5571
F_de_3d_Cz,alpha,norm2,Random Forest,0.8067,0.5924,0.6,0.5571
F_de_3d19,gamma,None,Random Forest,0.9067,0.7867,0.5,0.5571
F_de_3d_10rm,gamma,norm2,KNN,0.98,0.7097,0.7,0.5571
F_de_3d_Cz,alpha,norm3,Random Forest,0.8067,0.5924,0.6,0.5571
F_de_3d_Cz,beta,None,Ensemble (Majority Vote),0.7667,0.6398,0.6,0.5571
F_de_3d_10rm,gamma,None,Logistic Regression,0.6467,0.6133,0.4,0.5571
F_de_3d_10rm,delta,norm3,Logistic Regression,0.7267,0.6432,0.5,0.5571
F_de_3d19,gamma,None,Linear SVM,0.8267,0.6972,0.6,0.5571
F_de_3d_10rm,delta,norm3,Linear SVM,0.7333,0.6448,0.5,0.5571
F_median_3d_Fz,alpha,norm2,Ensemble (Majority Vote),0.6667,0.6138,0.5,0.5571
F_median_3d_F7,beta,norm2,Random Forest,0.7933,0.5853,0.6,0.5571
F_median_3d_F7,beta,norm3,Random Forest,0.7933,0.5853,0.6,0.5571
F_de_3d_T7,theta,None,Random Forest,0.66,0.5936,0.6,0.5571
F_de_3d_T8,theta,None,Logistic Regression,0.5333,0.5237,0.6,0.5571
F_de_3d_T8,theta,None,Linear SVM,0.5333,0.5239,0.6,0.5571
F_median_3d_Fz,alpha,norm3,Ensemble (Majority Vote),0.6667,0.6138,0.5,0.5571
F_median_3d_T8,alpha,None,Ensemble (Majority Vote),0.7667,0.6347,0.5,0.5571
F_median_3d_T8,alpha,None,XGBoost,0.6733,0.5931,0.6,0.5571
F_median_3d_C3,alpha,None,XGBoost,0.6667,0.5952,0.6,0.5571
F_median_3d_F3,alpha,None,Linear SVM,0.5267,0.529,0.5,0.5571
F_median_3d_C3,theta,norm2,Random Forest,0.7733,0.5892,0.7,0.5571
F_peak_3d19,theta,norm2,XGBoost,1.0,0.8025,0.6,0.5571
F_mean_3d19,beta,None,Random Forest,0.8667,0.7471,0.6,0.5571
F_mean_3d19,beta,None,Linear SVM,0.7933,0.6766,0.6,0.5571
F_de_3d_Fz,beta,norm2,KNN,0.9933,0.6938,0.7,0.5571
F_median_3d_C3,theta,norm3,Random Forest,0.7733,0.5892,0.7,0.5571
F_peak_3d19,gamma,norm2,Linear SVM,0.54,0.5097,0.7,0.5571
F_de_3d_Fz,beta,norm2,XGBoost,0.5533,0.5517,0.6,0.5571
F_median_3d_C4,all,None,KNN,0.98,0.7474,0.7,0.5571
F_de_3d_Fz,beta,norm3,KNN,0.9933,0.6938,0.7,0.5571
F_peak_3d19,gamma,norm2,Ensemble (Majority Vote),1.0,0.7786,0.5,0.5571
F_de_3d_Cz,theta,None,Logistic Regression,0.5733,0.5455,0.6,0.5571
F_de_3d_Fz,beta,norm3,XGBoost,0.5533,0.5517,0.6,0.5571
F_de_3d_Cz,theta,None,Linear SVM,0.5733,0.5455,0.6,0.5571
F_peak_3d19,gamma,None,Random Forest,0.9267,0.7991,0.5,0.5571
F_de_3d_Fz,beta,None,Ensemble (Majority Vote),0.78,0.6621,0.5,0.5571
F_median_3d_C3,theta,None,Ensemble (Majority Vote),0.7,0.608,0.7,0.5571
F_peak_3d_F3,gamma,norm3,XGBoost,0.6467,0.5547,0.7,0.5571
F_dasm_3d_8rm,delta,norm3,Ensemble (Majority Vote),0.7667,0.6464,0.6,0.5571
F_median_3d_C3,beta,None,Ensemble (Majority Vote),0.68,0.6122,0.6,0.5571
F_peak_3d_10rm,delta,None,Logistic Regression,0.7,0.6455,0.6,0.5571
F_de_3d_1area,alpha,None,Logistic Regression,0.5667,0.5515,0.7,0.5571
F_de_3d_1area,alpha,None,Linear SVM,0.5667,0.5515,0.7,0.5571
F_mean_3d19,delta,norm2,Linear SVM,0.5067,0.4966,0.7,0.5571
F_de_3d_C4,gamma,norm2,Linear SVM,0.5,0.497,0.5,0.5571
F_dasm_3d_8rm,delta,norm3,KNN,0.9867,0.723,0.6,0.5571
F_dasm_3d_8rm,gamma,norm3,Logistic Regression,0.5867,0.5379,0.5,0.5571
F_peak_3d_10rm,alpha,None,XGBoost,0.9667,0.809,0.5,0.5571
F_peak_3d_10rm,alpha,None,Linear SVM,0.8,0.657,0.5,0.5571
F_peak_3d_10rm,alpha,None,KNN,0.9933,0.8632,0.6,0.5571
F_median_3d_C3,gamma,norm2,Random Forest,0.7467,0.5874,0.7,0.5571
F_median_3d_C3,gamma,norm3,Random Forest,0.7467,0.5874,0.7,0.5571
F_dasm_3d_8rm,gamma,norm3,Linear SVM,0.5867,0.5382,0.5,0.5571
F_peak_3d19,delta,norm2,Random Forest,0.92,0.7177,0.5,0.5571
F_median_3d_C4,alpha,norm2,KNN,0.9933,0.689,0.6,0.5571
F_peak_3d19,beta,norm3,XGBoost,0.9933,0.8954,0.5,0.5571
F_median_3d_Cz,gamma,norm3,Ensemble (Majority Vote),0.6267,0.6053,0.6,0.5571
F_de_3d_1area,all,None,Random Forest,0.8267,0.6917,0.5,0.5571
F_median_3d_Cz,delta,norm2,Ensemble (Majority Vote),0.8,0.6271,0.7,0.5571
F_median_3d_Cz,delta,norm3,Ensemble (Majority Vote),0.8,0.6271,0.7,0.5571
F_median_3d_T8,theta,norm3,Random Forest,0.6733,0.5733,0.7,0.5571
F_median_3d_T8,theta,norm2,Random Forest,0.6733,0.5733,0.7,0.5571
F_median_3d_Cz,gamma,norm2,Ensemble (Majority Vote),0.6267,0.6053,0.6,0.5571
F_mean_3d,gamma,norm3,KNN,0.9933,0.7922,0.5,0.5571
F_median_3d_Cz,beta,norm3,Random Forest,0.8267,0.5931,0.6,0.5571
F_median_3d_Cz,theta,None,KNN,0.9667,0.6883,0.6,0.5571
F_median_3d_Cz,theta,norm2,Random Forest,0.84,0.5926,0.7,0.5571
F_de_3d_T7,all,norm2,Ensemble (Majority Vote),0.8867,0.6871,0.7,0.5571
F_median_3d_Cz,theta,norm3,Random Forest,0.84,0.5926,0.7,0.5571
F_median_3d_T8,beta,norm3,Linear SVM,0.5533,0.5046,0.7,0.5571
F_median_3d_T8,beta,norm2,Linear SVM,0.5533,0.5046,0.7,0.5571
F_peak_3d,alpha,norm2,KNN,0.9733,0.7117,0.5,0.5571
F_median_3d_Cz,beta,norm2,Random Forest,0.8267,0.5931,0.6,0.5571
F_peak_3d19,beta,norm3,Logistic Regression,0.8,0.6922,0.6,0.5571
F_peak_3d19,all,norm2,Linear SVM,0.4733,0.5071,0.8,0.5571
F_median_3d_C4,alpha,norm3,KNN,0.9933,0.689,0.6,0.5571
F_dasm_3d_8rm,theta,norm3,Random Forest,0.72,0.6297,0.6,0.5571
F_peak_3d19,beta,norm2,KNN,0.96,0.7255,0.6,0.5571
F_peak_3d19,beta,None,KNN,1.0,0.9389,0.6,0.5571
F_peak_3d19,alpha,norm3,KNN,1.0,0.8982,0.6,0.5571
F_peak_3d19,all,norm3,Random Forest,0.9667,0.8917,0.6,0.5571
F_peak_3d,theta,norm3,KNN,0.9867,0.8522,0.6,0.5571
F_peak_3d,delta,norm2,Linear SVM,0.5133,0.5067,0.5,0.5571
F_de_3d,all,norm3,XGBoost,1.0,0.9945,0.5,0.5571
F_de_3d,alpha,norm3,Linear SVM,0.7667,0.6418,0.5,0.5571
F_median_3d_Cz,alpha,None,Random Forest,0.6867,0.5972,0.6,0.5571
F_peak_3d,gamma,norm2,Random Forest,1.0,0.7432,0.7,0.5571
F_median_3d_Cz,beta,None,Logistic Regression,0.5,0.512,0.6,0.5571
F_peak_3d,delta,norm3,Ensemble (Majority Vote),0.9067,0.7883,0.5,0.5571
F_de_3d_2area,delta,norm3,Random Forest,0.7533,0.6356,0.7,0.5571
F_de_3d_Fp1,delta,norm2,Random Forest,0.7533,0.5885,0.7,0.5571
F_peak_3d_Fp2,theta,None,Ensemble (Majority Vote),0.78,0.628,0.7,0.5571
F_peak_3d_Fp2,gamma,norm2,KNN,0.9667,0.6823,0.6,0.5571
F_rasm_3d_3area,alpha,None,Ensemble (Majority Vote),0.7733,0.6239,0.5,0.5571
F_rasm_3d_3area,all,norm3,Random Forest,0.7733,0.6894,0.6,0.5571
F_mean_3d_F7,beta,None,Random Forest,0.66,0.5894,0.5,0.5571
F_mean_3d_2area,delta,norm3,XGBoost,0.7667,0.6205,0.6,0.5571
F_mean_3d_Cz,delta,norm3,Linear SVM,0.4733,0.5021,0.6,0.5571
F_de_3d_C3,all,None,Random Forest,0.8133,0.6763,0.5,0.5571
F_mean_3d_F7,gamma,None,KNN,0.98,0.6933,0.5,0.5571
F_rasm_3d_3area,all,None,Logistic Regression,0.5133,0.5108,0.6,0.5571
F_peak_3d_Fp2,gamma,None,Linear SVM,0.56,0.5439,0.7,0.5571
F_peak_3d_Fp2,gamma,None,Logistic Regression,0.56,0.5439,0.7,0.5571
F_peak_3d_Fp2,gamma,norm3,KNN,0.9667,0.6823,0.6,0.5571
F_dasm_3d19,delta,norm3,Logistic Regression,0.6733,0.6014,0.7,0.5571
F_rasm_3d_10rm,theta,norm3,XGBoost,0.9267,0.7446,0.6,0.5571
F_mean_3d_3area,beta,norm2,XGBoost,0.8333,0.6097,0.7,0.5571
F_rasm_3d19,delta,None,Ensemble (Majority Vote),0.9533,0.7297,0.6,0.5571
F_rasm_3d_10rm,theta,norm3,Ensemble (Majority Vote),0.8467,0.7078,0.6,0.5571
F_rasm_3d19,delta,None,KNN,0.9867,0.7269,0.6,0.5571
F_de_3d_3area,theta,norm2,KNN,0.9867,0.6802,0.6,0.5571
F_mean_3d_Cz,delta,norm2,Linear SVM,0.4733,0.5021,0.6,0.5571
F_dasm_3d,beta,None,Random Forest,0.7467,0.6618,0.6,0.5571
F_peak_3d_Fp2,theta,norm2,Ensemble (Majority Vote),0.76,0.6152,0.4,0.5571
F_mean_3d_8rm,beta,None,Logistic Regression,0.6533,0.6191,0.5,0.5571
F_de_3d_3area,gamma,norm3,Linear SVM,0.5133,0.5414,0.7,0.5571
F_de_3d_F3,gamma,norm3,Random Forest,0.6667,0.5818,0.7,0.5571
F_rasm_3d_3area,alpha,None,Random Forest,0.68,0.5963,0.6,0.5571
F_mean_3d_Fp2,delta,norm2,KNN,0.98,0.6837,0.6,0.5571
F_de_3d_C3,gamma,None,KNN,0.9533,0.6993,0.5,0.5571
F_rasm_3d19,delta,norm3,Linear SVM,0.56,0.5205,0.7,0.5571
F_de_3d_3area,delta,norm3,Random Forest,0.7467,0.6349,0.6,0.5571
F_dasm_3d19,all,None,Ensemble (Majority Vote),0.98,0.8899,0.5,0.5571
F_rasm_3d,all,norm2,XGBoost,1.0,0.9671,0.6,0.5571
F_mean_3d_F3,theta,norm3,Ensemble (Majority Vote),0.7133,0.5878,0.4,0.5571
F_dasm_3d19,all,None,KNN,1.0,0.9602,0.5,0.5571
F_de_3d_F7,beta,None,Random Forest,0.6867,0.6087,0.7,0.5571
F_rasm_3d19,beta,None,Ensemble (Majority Vote),0.9133,0.6989,0.6,0.5571
F_rasm_3d19,beta,None,Logistic Regression,0.5267,0.52,0.5,0.5571
F_mean_3d_3area,delta,None,XGBoost,0.7867,0.6611,0.6,0.5571
F_de_3d_F8,alpha,norm3,Ensemble (Majority Vote),0.78,0.6255,0.6,0.5571
F_rasm_3d19,beta,norm2,Linear SVM,0.5,0.5039,0.6,0.5571
F_peak_3d_Fp1,theta,None,Ensemble (Majority Vote),0.76,0.6274,0.5,0.5571
F_mean_3d_8rm,beta,norm3,XGBoost,0.9467,0.7614,0.6,0.5571
F_peak_3d_Fp1,theta,None,KNN,0.9533,0.711,0.7,0.5571
F_peak_3d_Fp1,theta,norm2,Random Forest,0.78,0.5975,0.8,0.5571
F_peak_3d_Fp1,theta,norm3,Random Forest,0.78,0.5975,0.8,0.5571
F_de_3d_8rm,delta,norm3,Random Forest,0.7933,0.714,0.5,0.5571
F_de_3d_F8,alpha,norm2,Ensemble (Majority Vote),0.78,0.6255,0.6,0.5571
F_mean_3d_Fp2,delta,norm3,KNN,0.98,0.6837,0.6,0.5571
F_peak_3d_Fp2,theta,norm3,Ensemble (Majority Vote),0.76,0.6152,0.4,0.5571
F_rasm_3d_10rm,gamma,None,Ensemble (Majority Vote),0.88,0.6759,0.6,0.5571
F_peak_3d_F8,theta,norm3,Random Forest,0.7867,0.5869,0.7,0.5571
F_de_3d_F3,gamma,norm2,Random Forest,0.6667,0.5818,0.7,0.5571
F_dasm_3d,delta,norm2,KNN,0.9933,0.6933,0.7,0.5571
F_dasm_3d19,beta,norm2,XGBoost,0.9733,0.7074,0.6,0.5571
F_mean_3d_C4,theta,norm3,XGBoost,0.6133,0.5641,0.4,0.5571
F_peak_3d_T7,delta,None,Linear SVM,0.56,0.5508,0.6,0.5571
F_rasm_3d_10rm,all,norm2,Random Forest,0.9667,0.8147,0.6,0.5571
F_de_3d_8rm,gamma,norm3,KNN,0.98,0.7876,0.5,0.5571
F_de_3d_3area,theta,norm3,Logistic Regression,0.64,0.566,0.6,0.5571
F_de_3d_C3,delta,norm2,Ensemble (Majority Vote),0.66,0.6039,0.5,0.5571
F_de_3d_8rm,gamma,norm2,Random Forest,0.96,0.706,0.6,0.5571
F_mean_3d_Cz,all,norm3,Random Forest,0.8267,0.6628,0.6,0.5571
F_de_3d_C3,delta,norm3,Ensemble (Majority Vote),0.66,0.6039,0.5,0.5571
F_mean_3d_3area,beta,norm2,Ensemble (Majority Vote),0.7533,0.6439,0.5,0.5571
F_mean_3d_3area,alpha,norm2,Ensemble (Majority Vote),0.7867,0.6434,0.5,0.5571
F_mean_3d_F8,delta,norm2,XGBoost,0.56,0.5333,0.7,0.5571
F_rasm_3d19,gamma,norm3,XGBoost,0.9533,0.7961,0.5,0.5571
F_mean_3d_F8,delta,norm3,XGBoost,0.56,0.5333,0.7,0.5571
F_mean_3d_Fp1,beta,norm3,Random Forest,0.76,0.5855,0.6,0.5571
F_peak_3d_T7,all,norm3,Ensemble (Majority Vote),0.7667,0.6754,0.6,0.5571
F_peak_3d_Fz,theta,None,XGBoost,0.6267,0.5853,0.6,0.5571
F_mean_3d_Fp1,beta,norm2,Random Forest,0.76,0.5855,0.6,0.5571
F_de_3d_F3,gamma,norm3,Ensemble (Majority Vote),0.7133,0.5952,0.6,0.5571
F_rasm_3d19,delta,norm3,Ensemble (Majority Vote),0.9,0.7384,0.7,0.5571
F_mean_3d_Fp1,theta,norm2,XGBoost,0.74,0.5697,0.6,0.5571
F_peak_3d_T7,delta,None,Logistic Regression,0.56,0.5503,0.6,0.5571
F_dasm_3d,delta,None,XGBoost,0.9,0.7251,0.6,0.5571
F_mean_3d_Fp1,theta,norm3,XGBoost,0.74,0.5697,0.6,0.5571
F_mean_3d_C4,theta,None,XGBoost,0.6467,0.5724,0.6,0.5571
F_peak_3d_T8,alpha,None,KNN,0.9733,0.7071,0.6,0.5571
F_mean_3d_8rm,alpha,norm3,XGBoost,0.9067,0.7359,0.6,0.5571
F_rasm_3d_10rm,delta,None,Random Forest,0.78,0.6586,0.7,0.5571
F_rasm_3d_10rm,delta,None,Logistic Regression,0.5,0.5092,0.6,0.5571
F_rasm_3d_10rm,delta,None,Linear SVM,0.5333,0.5122,0.5,0.5571
F_dasm_3d19,delta,norm3,Linear SVM,0.68,0.6028,0.7,0.5571
F_dasm_3d19,delta,norm2,XGBoost,0.98,0.7269,0.5,0.5571
F_mean_3d_F8,all,norm2,KNN,0.9667,0.6876,0.6,0.5571
F_rasm_3d19,delta,None,Linear SVM,0.48,0.4954,0.5,0.5571
F_rasm_3d_10rm,beta,norm3,XGBoost,0.82,0.7267,0.5,0.5571
F_peak_3d_T7,gamma,norm3,KNN,0.96,0.6926,0.8,0.5571
F_de_3d_C3,delta,None,Random Forest,0.72,0.5998,0.5,0.5571
F_mean_3d_F8,all,norm2,XGBoost,0.8933,0.6359,0.6,0.5571
F_peak_3d_T7,gamma,norm2,KNN,0.96,0.6926,0.8,0.5571
F_mean_3d_Fp2,all,None,Random Forest,0.7733,0.6644,0.6,0.5571
F_mean_3d_Fp2,all,None,KNN,0.9667,0.7423,0.6,0.5571
F_dasm_3d19,delta,None,Random Forest,0.82,0.7161,0.6,0.5571
F_mean_3d_C4,theta,norm2,XGBoost,0.6133,0.5641,0.4,0.5571
F_mean_3d_8rm,alpha,norm3,Ensemble (Majority Vote),0.82,0.692,0.5,0.5571
F_median_3d,theta,norm2,XGBoost,0.98,0.7347,0.4,0.5571
F_de_3d_C3,all,None,XGBoost,0.8933,0.7046,0.6,0.5571
F_mean_3d_8rm,delta,None,Logistic Regression,0.6867,0.6172,0.6,0.5571
F_peak_3d_F7,gamma,None,KNN,0.9867,0.6963,0.7,0.5571
F_peak_3d_F4,theta,norm2,XGBoost,0.58,0.5391,0.7,0.5571
F_mean_3d_3area,gamma,norm3,Logistic Regression,0.54,0.5483,0.6,0.5571
F_de_3d_F8,theta,None,Logistic Regression,0.6067,0.534,0.7,0.5571
F_de_3d_F8,theta,None,Linear SVM,0.6133,0.534,0.7,0.5571
F_rasm_3d19,all,None,XGBoost,1.0,0.9506,0.6,0.5571
F_mean_3d_T8,beta,norm3,KNN,0.9733,0.6899,0.6,0.5571
F_de_3d_3area,all,norm3,Linear SVM,0.7733,0.6789,0.4,0.5571
F_mean_3d_T8,beta,norm2,KNN,0.9733,0.6899,0.6,0.5571
F_peak_3d_F4,theta,None,Random Forest,0.6733,0.5979,0.5,0.5571
F_rasm_3d,gamma,None,Random Forest,0.8467,0.663,0.7,0.5571
F_mean_3d_C3,beta,norm2,Random Forest,0.7667,0.5956,0.5,0.5571
F_mean_3d_T8,beta,None,Ensemble (Majority Vote),0.68,0.6189,0.7,0.5571
F_peak_3d_F7,gamma,None,Logistic Regression,0.58,0.5409,0.5,0.5571
F_rasm_3d_8rm,gamma,norm2,KNN,0.96,0.7301,0.6,0.5571
F_peak_3d_F4,theta,norm3,XGBoost,0.58,0.5391,0.7,0.5571
F_rasm_3d,gamma,None,Ensemble (Majority Vote),0.8867,0.6807,0.6,0.5571
F_mean_3d_T8,alpha,norm3,XGBoost,0.6133,0.5609,0.8,0.5571
F_rasm_3d_8rm,gamma,None,XGBoost,0.8533,0.6343,0.8,0.5571
F_mean_3d_T8,alpha,norm2,XGBoost,0.6133,0.5609,0.8,0.5571
F_mean_3d_3area,gamma,norm3,Linear SVM,0.5333,0.5483,0.6,0.5571
F_mean_3d_C3,beta,norm3,Random Forest,0.7667,0.5956,0.5,0.5571
F_de_3d_C3,all,norm3,Linear SVM,0.6667,0.6051,0.5,0.5571
F_peak_3d_F8,theta,norm2,Random Forest,0.7867,0.5869,0.7,0.5571
F_de_3d_F4,all,None,KNN,0.9933,0.7731,0.5,0.5571
F_mean_3d_1area,gamma,norm3,KNN,0.9867,0.6982,0.6,0.5571
F_de_3d_F4,all,None,Ensemble (Majority Vote),0.82,0.7067,0.6,0.5571
F_mean_3d_Cz,theta,norm2,Ensemble (Majority Vote),0.7,0.6101,0.6,0.5571
F_mean_3d_F3,all,None,KNN,0.98,0.7492,0.6,0.5571
F_median_3d,theta,norm2,Linear SVM,0.4733,0.4929,0.6,0.5571
F_peak_3d_F4,all,norm3,XGBoost,0.86,0.7094,0.6,0.5571
F_mean_3d_C3,all,norm2,Ensemble (Majority Vote),0.84,0.6775,0.5,0.5571
F_mean_3d_1area,delta,norm2,XGBoost,0.6133,0.5662,0.8,0.5571
F_median_3d,gamma,None,KNN,1.0,0.8345,0.5,0.5571
F_de_3d_8rm,delta,norm2,Linear SVM,0.5533,0.5041,0.7,0.5571
F_rasm_3d_8rm,theta,norm2,XGBoost,0.8533,0.6968,0.6,0.5571
F_mean_3d_1area,delta,norm3,XGBoost,0.6133,0.5662,0.8,0.5571
F_mean_3d_Cz,theta,norm3,Linear SVM,0.4667,0.4954,0.6,0.5571
F_median_3d,beta,norm2,Random Forest,0.9933,0.7492,0.6,0.5571
F_median_3d,beta,norm2,Ensemble (Majority Vote),0.9533,0.7467,0.7,0.5571
F_dasm_3d,gamma,norm3,KNN,0.98,0.7478,0.6,0.5571
F_mean_3d_Cz,theta,norm3,Ensemble (Majority Vote),0.7,0.6101,0.6,0.5571
F_de_3d_F3,gamma,norm2,Ensemble (Majority Vote),0.7133,0.5952,0.6,0.5571
F_peak_3d_F4,beta,norm2,Random Forest,0.8733,0.5982,0.7,0.5571
F_mean_3d_1area,gamma,norm2,KNN,0.9867,0.6982,0.6,0.5571
F_rasm_3d,gamma,norm2,Random Forest,0.84,0.7039,0.5,0.5571
F_mean_3d_C3,all,norm3,Random Forest,0.7667,0.6768,0.6,0.5571
F_peak_3d_F4,beta,norm3,Random Forest,0.8733,0.5982,0.7,0.5571
F_mean_3d_Cz,theta,norm2,Linear SVM,0.4667,0.4954,0.6,0.5571
F_peak_3d_F7,gamma,None,Linear SVM,0.58,0.5409,0.5,0.5571
F_de_3d_3area,theta,norm3,Linear SVM,0.6267,0.5657,0.6,0.5571
F_de_3d_3area,alpha,norm2,Ensemble (Majority Vote),0.8333,0.6566,0.6,0.5571
F_peak_3d_F8,gamma,None,Ensemble (Majority Vote),0.7,0.6223,0.4,0.5571
F_rasm_3d_8rm,alpha,norm2,Linear SVM,0.5533,0.5053,0.7,0.5571
F_de_3d_F8,delta,None,Linear SVM,0.5933,0.5476,0.5,0.5571
F_de_3d_3area,beta,norm3,KNN,0.96,0.7117,0.7,0.5571
F_mean_3d_C3,theta,norm3,XGBoost,0.62,0.56,0.5,0.5571
F_mean_3d_T7,all,None,Logistic Regression,0.66,0.5933,0.6,0.5571
F_mean_3d_3area,gamma,None,XGBoost,0.8267,0.6655,0.5,0.5571
F_mean_3d_2area,alpha,None,Random Forest,0.7067,0.6143,0.5,0.5571
F_mean_3d_3area,gamma,None,Random Forest,0.7467,0.6467,0.5,0.5571
F_mean_3d_Fz,theta,None,XGBoost,0.64,0.5692,0.6,0.5571
F_rasm_3d,beta,norm3,XGBoost,0.9067,0.7326,0.5,0.5571
F_mean_3d_F3,delta,norm2,KNN,0.9733,0.6782,0.6,0.5571
F_dasm_3d,theta,None,XGBoost,0.9067,0.7046,0.6,0.5571
F_mean_3d_Fz,delta,norm3,Random Forest,0.8067,0.5947,0.5,0.5571
F_mean_3d_F3,delta,norm3,KNN,0.9733,0.6782,0.6,0.5571
F_mean_3d_F3,theta,norm2,Ensemble (Majority Vote),0.7133,0.5878,0.4,0.5571
F_rasm_3d_8rm,all,norm2,Linear SVM,0.4933,0.5133,0.7,0.5571
F_mean_3d_3area,delta,norm3,XGBoost,0.74,0.6209,0.6,0.5571
F_mean_3d_Fz,delta,norm2,Random Forest,0.8067,0.5947,0.5,0.5571
F_rasm_3d,alpha,norm2,KNN,0.9933,0.7425,0.6,0.5571
F_mean_3d_Fz,delta,None,XGBoost,0.5933,0.5726,0.5,0.5571
F_mean_3d_Fz,alpha,norm3,Random Forest,0.76,0.5828,0.8,0.5571
F_mean_3d_Fz,alpha,norm2,Random Forest,0.76,0.5828,0.8,0.5571
F_de_3d_F3,delta,None,Ensemble (Majority Vote),0.7067,0.6067,0.6,0.5571
F_de_3d_F8,delta,None,Logistic Regression,0.5933,0.5467,0.5,0.5571
F_de_3d_C3,all,norm3,Ensemble (Majority Vote),0.8,0.6993,0.6,0.5571
F_de_3d_F8,delta,norm2,Random Forest,0.7133,0.5846,0.6,0.5571
F_mean_3d_C3,theta,None,Logistic Regression,0.62,0.568,0.6,0.5571
F_peak_3d_F8,all,None,XGBoost,0.86,0.709,0.6,0.5571
F_rasm_3d_8rm,beta,norm3,Random Forest,0.7133,0.6701,0.6,0.5571
F_peak_3d_F8,all,norm3,Ensemble (Majority Vote),0.7733,0.6697,0.6,0.5571
F_dasm_3d_10rm,alpha,None,Random Forest,0.7867,0.6651,0.6,0.5571
F_dasm_3d,theta,None,KNN,0.9867,0.76,0.7,0.5571
F_mean_3d_2area,all,None,XGBoost,0.9867,0.7954,0.6,0.5571
F_de_3d_F8,delta,norm3,Random Forest,0.7133,0.5846,0.6,0.5571
F_mean_3d_2area,all,norm2,Ensemble (Majority Vote),0.8933,0.7069,0.6,0.5571
F_mean_3d_T7,gamma,norm2,Ensemble (Majority Vote),0.84,0.612,0.5,0.5571
F_mean_3d_C3,theta,norm2,XGBoost,0.62,0.56,0.5,0.5571
F_mean_3d_T7,delta,None,XGBoost,0.6267,0.5805,0.5,0.5571
F_de_3d_C3,all,norm3,KNN,0.96,0.7814,0.5,0.5571
F_rasm_3d19,all,norm2,Linear SVM,0.5333,0.5078,0.9,0.5571
F_mean_3d_3area,theta,norm3,Ensemble (Majority Vote),0.7733,0.6448,0.6,0.5571
F_rasm_3d,delta,None,Logistic Regression,0.4867,0.5126,0.6,0.5571
F_mean_3d_T7,gamma,norm3,Ensemble (Majority Vote),0.84,0.612,0.5,0.5571
F_mean_3d_Cz,delta,None,XGBoost,0.62,0.5761,0.5,0.5429
F_median_3d_Cz,beta,norm3,Ensemble (Majority Vote),0.78,0.6,0.7,0.5429
F_mean_3d,theta,norm2,Linear SVM,0.5067,0.4991,0.7,0.5429
F_mean_3d,gamma,None,XGBoost,0.9867,0.8205,0.5,0.5429
F_median_3d_Cz,theta,norm2,Linear SVM,0.52,0.5011,0.6,0.5429
F_mean_3d_Cz,gamma,norm3,KNN,0.9867,0.6834,0.5,0.5429
F_median_3d_Cz,beta,norm2,Ensemble (Majority Vote),0.78,0.6,0.7,0.5429
F_median_3d_Cz,theta,norm3,Linear SVM,0.52,0.5011,0.6,0.5429
F_median_3d_Cz,gamma,None,Logistic Regression,0.5133,0.5308,0.5,0.5429
F_median_3d_Cz,gamma,None,Linear SVM,0.5067,0.5294,0.5,0.5429
F_median_3d_Cz,theta,norm3,Ensemble (Majority Vote),0.7067,0.6002,0.5,0.5429
F_median_3d_Cz,theta,norm2,Ensemble (Majority Vote),0.7067,0.6002,0.5,0.5429
F_mean_3d_Cz,gamma,norm2,KNN,0.9867,0.6834,0.5,0.5429
F_mean_3d_1area,delta,None,XGBoost,0.7,0.6041,0.5,0.5429
F_median_3d_F3,alpha,None,Ensemble (Majority Vote),0.6867,0.6143,0.4,0.5429
F_median_3d_F7,delta,norm2,Linear SVM,0.4933,0.4956,0.6,0.5429
F_mean_3d_8rm,delta,norm3,XGBoost,0.9333,0.7591,0.6,0.5429
F_de_3d_T8,theta,None,Ensemble (Majority Vote),0.76,0.637,0.6,0.5429
F_median_3d_F7,gamma,norm3,Linear SVM,0.4867,0.4947,0.6,0.5429
F_median_3d_F7,gamma,norm2,Linear SVM,0.4867,0.4947,0.6,0.5429
F_mean_3d_C4,all,norm2,Ensemble (Majority Vote),0.8333,0.6828,0.6,0.5429
F_median_3d_F7,delta,norm3,Linear SVM,0.4933,0.4956,0.6,0.5429
F_mean_3d_C4,all,norm2,Random Forest,0.9133,0.6724,0.5,0.5429
F_mean_3d_C4,all,norm3,XGBoost,0.8667,0.6956,0.7,0.5429
F_median_3d_F8,alpha,None,XGBoost,0.6867,0.5929,0.7,0.5429
F_mean_3d_C4,alpha,norm2,XGBoost,0.66,0.5536,0.7,0.5429
F_mean_3d_C4,alpha,norm3,XGBoost,0.66,0.5536,0.7,0.5429
F_mean_3d_C4,beta,None,KNN,0.96,0.691,0.6,0.5429
F_de_3d_C3,beta,norm2,KNN,0.9933,0.6938,0.6,0.5429
F_median_3d_F7,alpha,norm3,Linear SVM,0.5333,0.5053,0.5,0.5429
F_mean_3d_C4,beta,None,XGBoost,0.6867,0.6021,0.5,0.5429
F_mean_3d_C4,beta,norm2,Ensemble (Majority Vote),0.72,0.6154,0.5,0.5429
F_median_3d_F8,alpha,None,Random Forest,0.68,0.6018,0.7,0.5429
F_de_3d_10rm,delta,norm2,Random Forest,0.9,0.6871,0.5,0.5429
F_mean_3d_Cz,delta,None,Logistic Regression,0.5667,0.5372,0.6,0.5429
F_median_3d_F8,theta,norm2,Linear SVM,0.4933,0.4959,0.5,0.5429
F_median_3d_Fp1,delta,norm2,Linear SVM,0.4933,0.5016,0.6,0.5429
F_mean_3d_8rm,theta,None,Random Forest,0.84,0.6763,0.5,0.5429
F_median_3d_Fp1,all,norm3,Random Forest,0.78,0.68,0.5,0.5429
F_mean_3d_8rm,theta,None,Logistic Regression,0.66,0.6083,0.6,0.5429
F_median_3d_F8,theta,norm3,Linear SVM,0.4933,0.4959,0.5,0.5429
F_median_3d_F8,theta,norm3,KNN,0.9667,0.6945,0.6,0.5429
F_de_3d_C3,alpha,None,XGBoost,0.6667,0.5922,0.5,0.5429
F_median_3d_F8,theta,norm2,KNN,0.9667,0.6945,0.6,0.5429
F_de_3d_10rm,beta,norm3,KNN,1.0,0.8531,0.4,0.5429
F_mean_3d_C3,beta,None,KNN,0.9467,0.6938,0.5,0.5429
F_median_3d_F8,gamma,None,Logistic Regression,0.4933,0.5168,0.5,0.5429
F_median_3d_F8,gamma,None,Linear SVM,0.5,0.5175,0.5,0.5429
F_mean_3d_C3,beta,None,Random Forest,0.66,0.5906,0.5,0.5429
F_de_3d_C3,alpha,None,Logistic Regression,0.64,0.5646,0.5,0.5429
F_de_3d_C3,alpha,None,Linear SVM,0.64,0.5644,0.5,0.5429
F_de_3d_C3,all,norm3,XGBoost,0.86,0.7143,0.5,0.5429
F_median_3d_F7,alpha,norm2,Linear SVM,0.5333,0.5053,0.5,0.5429
F_median_3d_F7,alpha,None,KNN,0.9933,0.6966,0.5,0.5429
F_mean_3d_C4,beta,norm2,KNN,0.9867,0.6839,0.6,0.5429
F_de_3d_8rm,gamma,norm2,XGBoost,0.9733,0.7046,0.5,0.5429
F_median_3d_F3,theta,norm2,Ensemble (Majority Vote),0.7733,0.6333,0.6,0.5429
F_mean_3d_8rm,alpha,norm3,Logistic Regression,0.7133,0.6147,0.6,0.5429
F_mean_3d_8rm,alpha,norm2,XGBoost,0.98,0.694,0.5,0.5429
F_median_3d_F3,beta,norm3,KNN,0.98,0.6931,0.7,0.5429
F_de_3d_10rm,theta,norm2,Random Forest,0.94,0.6959,0.5,0.5429
F_mean_3d_8rm,alpha,norm2,Random Forest,0.9533,0.7087,0.5,0.5429
F_median_3d_F3,beta,norm2,KNN,0.98,0.6931,0.7,0.5429
F_median_3d_F3,alpha,norm3,XGBoost,0.5733,0.5428,0.6,0.5429
F_mean_3d,all,norm2,Random Forest,0.9733,0.8439,0.7,0.5429
F_de_3d_8rm,gamma,norm2,Ensemble (Majority Vote),0.94,0.7099,0.5,0.5429
F_median_3d_F3,alpha,norm2,XGBoost,0.5733,0.5428,0.6,0.5429
F_median_3d_F3,alpha,None,XGBoost,0.5933,0.5715,0.6,0.5429
F_median_3d_F3,alpha,None,Random Forest,0.66,0.5933,0.5,0.5429
F_de_3d_8rm,gamma,None,KNN,0.9867,0.8046,0.5,0.5429
F_mean_3d_Cz,delta,None,Ensemble (Majority Vote),0.7467,0.6152,0.6,0.5429
F_mean_3d_Cz,delta,None,Linear SVM,0.5667,0.5379,0.6,0.5429
F_median_3d_F3,theta,norm2,KNN,0.9867,0.689,0.5,0.5429
F_de_3d_Cz,all,norm2,Linear SVM,0.5067,0.5014,0.6,0.5429
F_median_3d_F3,theta,norm3,Ensemble (Majority Vote),0.7733,0.6333,0.6,0.5429
F_median_3d_F3,theta,norm3,KNN,0.9867,0.689,0.5,0.5429
F_median_3d_F7,all,None,Random Forest,0.84,0.6715,0.4,0.5429
F_median_3d_F4,theta,None,XGBoost,0.6267,0.574,0.5,0.5429
F_median_3d_F4,gamma,None,XGBoost,0.6267,0.5749,0.7,0.5429
F_mean_3d_C4,beta,norm3,Ensemble (Majority Vote),0.72,0.6154,0.5,0.5429
F_mean_3d_C4,beta,norm3,KNN,0.9867,0.6839,0.6,0.5429
F_de_3d_C3,beta,norm3,KNN,0.9933,0.6938,0.6,0.5429
F_mean_3d,alpha,norm2,XGBoost,0.9933,0.7446,0.6,0.5429
F_de_3d_C3,all,None,Logistic Regression,0.6933,0.6067,0.5,0.5429
F_mean_3d_C4,delta,norm2,Random Forest,0.7733,0.5917,0.6,0.5429
F_median_3d_Cz,alpha,norm3,XGBoost,0.6,0.5561,0.6,0.5429
F_mean_3d_C4,delta,norm3,Random Forest,0.7733,0.5917,0.6,0.5429
F_mean_3d,alpha,norm3,XGBoost,0.98,0.7913,0.6,0.5429
F_mean_3d_C4,gamma,None,Linear SVM,0.54,0.5407,0.5,0.5429
F_mean_3d_C4,gamma,None,Logistic Regression,0.5467,0.5418,0.5,0.5429
F_mean_3d,beta,norm2,KNN,0.9933,0.7085,0.7,0.5429
F_mean_3d19,all,None,Ensemble (Majority Vote),1.0,0.94,0.6,0.5429
F_median_3d_C3,delta,norm3,Linear SVM,0.5,0.5014,0.6,0.5429
F_median_3d_Cz,alpha,norm2,XGBoost,0.6,0.5561,0.6,0.5429
F_median_3d_1area,gamma,norm2,Random Forest,0.7333,0.588,0.5,0.5429
F_median_3d_2area,delta,norm3,Linear SVM,0.5667,0.5563,0.5,0.5429
F_median_3d_2area,delta,norm2,Linear SVM,0.5067,0.4966,0.6,0.5429
F_de_3d_3area,gamma,norm3,KNN,0.9867,0.7237,0.6,0.5429
F_mean_3d_2area,beta,norm3,KNN,0.9867,0.6892,0.5,0.5429
F_mean_3d_Fz,all,norm2,XGBoost,0.94,0.654,0.6,0.5429
F_median_3d_2area,beta,norm2,KNN,0.9733,0.6926,0.5,0.5429
F_mean_3d_2area,beta,None,XGBoost,0.74,0.6228,0.5,0.5429
F_median_3d_2area,beta,norm2,Ensemble (Majority Vote),0.7067,0.6287,0.6,0.5429
F_mean_3d_2area,beta,None,Random Forest,0.7267,0.6308,0.4,0.5429
F_mean_3d_Fz,delta,norm2,Ensemble (Majority Vote),0.74,0.6117,0.7,0.5429
F_mean_3d_Fz,delta,norm3,Ensemble (Majority Vote),0.74,0.6117,0.7,0.5429
F_median_3d_2area,alpha,norm2,Random Forest,0.8533,0.6149,0.6,0.5429
F_median_3d_2area,all,norm3,Linear SVM,0.72,0.6476,0.6,0.5429
F_median_3d_2area,all,norm2,XGBoost,0.96,0.7136,0.5,0.5429
F_mean_3d_10rm,gamma,None,XGBoost,0.98,0.7938,0.6,0.5429
F_median_3d_1area,theta,None,Ensemble (Majority Vote),0.7267,0.6251,0.5,0.5429
F_median_3d_1area,gamma,norm3,Random Forest,0.7333,0.588,0.5,0.5429
F_mean_3d_Fp2,theta,None,Logistic Regression,0.58,0.5313,0.5,0.5429
F_mean_3d_10rm,delta,norm2,KNN,0.9933,0.7145,0.6,0.5429
F_mean_3d_Fp2,theta,None,Linear SVM,0.58,0.5315,0.5,0.5429
F_mean_3d_Fp2,beta,norm2,XGBoost,0.5533,0.5428,0.6,0.5429
F_median_3d_3area,beta,norm2,Random Forest,0.88,0.6382,0.6,0.5429
F_de_3d_3area,theta,None,Linear SVM,0.62,0.5782,0.4,0.5429
F_de_3d_C4,beta,norm2,KNN,0.9933,0.6913,0.5,0.5429
F_mean_3d_Fp2,alpha,None,Linear SVM,0.6133,0.5471,0.6,0.5429
F_median_3d_3area,all,norm3,Linear SVM,0.7933,0.6818,0.5,0.5429
F_mean_3d_Fp2,alpha,None,Logistic Regression,0.6133,0.5478,0.6,0.5429
F_mean_3d_Fp2,beta,norm2,Linear SVM,0.4933,0.4956,0.7,0.5429
F_median_3d_3area,all,None,Ensemble (Majority Vote),0.9133,0.7979,0.5,0.5429
F_mean_3d_2area,delta,norm2,KNN,0.98,0.692,0.8,0.5429
F_mean_3d_2area,delta,norm3,Logistic Regression,0.6333,0.5618,0.6,0.5429
F_mean_3d_2area,delta,norm3,Linear SVM,0.6333,0.5621,0.6,0.5429
F_mean_3d_Fp2,beta,norm3,Linear SVM,0.4933,0.4956,0.7,0.5429
F_mean_3d_Fp2,beta,norm3,XGBoost,0.5533,0.5428,0.6,0.5429
F_median_3d_2area,theta,None,Linear SVM,0.58,0.5545,0.5,0.5429
F_median_3d_2area,gamma,None,Random Forest,0.72,0.632,0.6,0.5429
F_median_3d_2area,delta,norm3,XGBoost,0.7133,0.6087,0.7,0.5429
F_median_3d_1area,gamma,norm3,Ensemble (Majority Vote),0.6867,0.6034,0.6,0.5429
F_median_3d_1area,gamma,norm2,Ensemble (Majority Vote),0.6867,0.6034,0.6,0.5429
F_mean_3d_3area,theta,None,Logistic Regression,0.5667,0.5644,0.6,0.5429
F_mean_3d_10rm,theta,None,Random Forest,0.8467,0.7037,0.5,0.5429
F_mean_3d_T8,theta,None,KNN,0.9467,0.691,0.6,0.5429
F_median_3d19,delta,norm2,Linear SVM,0.48,0.4931,0.6,0.5429
F_mean_3d_T8,theta,norm2,XGBoost,0.6067,0.5646,0.6,0.5429
F_mean_3d_T8,theta,norm3,XGBoost,0.6067,0.5646,0.6,0.5429
F_de_3d_3area,all,None,Logistic Regression,0.7533,0.6598,0.5,0.5429
F_median_3d,all,norm3,Random Forest,0.92,0.8462,0.5,0.5429
F_de_3d_2area,delta,None,KNN,0.96,0.7239,0.6,0.5429
F_median_3d19,beta,norm2,Linear SVM,0.5,0.5057,0.7,0.5429
F_mean_3d_1area,beta,norm2,Random Forest,0.6933,0.5871,0.7,0.5429
F_median_3d,alpha,norm2,XGBoost,1.0,0.7283,0.5,0.5429
F_median_3d,beta,None,Random Forest,0.8733,0.7538,0.6,0.5429
F_mean_3d_1area,beta,norm3,Random Forest,0.6933,0.5871,0.7,0.5429
F_median_3d19,all,norm2,XGBoost,1.0,0.968,0.7,0.5429
F_median_3d,delta,norm2,Linear SVM,0.4933,0.4979,0.6,0.5429
F_de_3d_2area,gamma,norm2,KNN,0.9867,0.6901,0.6,0.5429
F_de_3d_2area,delta,norm3,XGBoost,0.7267,0.6347,0.7,0.5429
F_median_3d,theta,norm2,Random Forest,0.9467,0.7228,0.5,0.5429
F_median_3d19,theta,None,Linear SVM,0.8467,0.6922,0.5,0.5429
F_median_3d19,theta,None,Logistic Regression,0.8267,0.6839,0.5,0.5429
F_median_3d_10rm,all,None,Linear SVM,0.96,0.8025,0.5,0.5429
F_mean_3d_1area,all,None,XGBoost,0.94,0.7377,0.6,0.5429
F_mean_3d_T7,beta,norm2,XGBoost,0.66,0.5609,0.5,0.5429
F_median_3d_1area,all,None,Linear SVM,0.68,0.6018,0.5,0.5429
F_mean_3d_T7,beta,norm3,XGBoost,0.66,0.5609,0.5,0.5429
F_mean_3d_T7,delta,None,KNN,0.9667,0.6977,0.6,0.5429
F_median_3d_10rm,theta,norm3,KNN,0.9867,0.7915,0.7,0.5429
F_median_3d_10rm,delta,norm2,KNN,0.9933,0.72,0.5,0.5429
F_mean_3d_1area,all,None,KNN,0.9867,0.7713,0.4,0.5429
F_median_3d_10rm,beta,None,KNN,0.9933,0.8191,0.8,0.5429
F_median_3d_10rm,all,None,XGBoost,1.0,0.9821,0.6,0.5429
F_de_3d_3area,alpha,norm2,Random Forest,0.8533,0.6414,0.6,0.5429
F_median_3d_10rm,all,norm3,Random Forest,0.9133,0.8308,0.6,0.5429
F_mean_3d_T8,all,norm2,Ensemble (Majority Vote),0.8133,0.6671,0.6,0.5429
F_median_3d_10rm,all,norm3,Linear SVM,0.9667,0.8032,0.7,0.5429
F_mean_3d_T8,all,norm2,KNN,0.9867,0.6947,0.5,0.5429
F_de_3d_3area,alpha,None,Logistic Regression,0.5867,0.5733,0.5,0.5429
F_median_3d_10rm,all,norm2,Linear SVM,0.5,0.5074,0.6,0.5429
F_de_3d_C4,beta,norm2,Random Forest,0.8,0.5871,0.5,0.5429
F_mean_3d_Fp2,all,norm2,XGBoost,0.9267,0.6444,0.6,0.5429
F_median_3d_3area,delta,norm2,KNN,0.98,0.6931,0.6,0.5429
F_mean_3d_Fp2,all,norm2,Random Forest,0.9133,0.6559,0.6,0.5429
F_median_3d_C3,gamma,norm3,XGBoost,0.6133,0.5644,0.5,0.5429
F_mean_3d_F7,gamma,norm3,Random Forest,0.6933,0.586,0.5,0.5429
F_de_3d_8rm,alpha,norm2,Linear SVM,0.4933,0.503,0.7,0.5429
F_median_3d_C3,gamma,norm2,XGBoost,0.6133,0.5644,0.5,0.5429
F_de_3d_8rm,alpha,norm2,Ensemble (Majority Vote),0.9333,0.6954,0.6,0.5429
F_mean_3d19,delta,None,KNN,0.9933,0.8779,0.6,0.5429
F_median_3d_C3,delta,norm2,Linear SVM,0.5,0.5014,0.6,0.5429
F_mean_3d_F8,delta,None,XGBoost,0.6667,0.5954,0.6,0.5429
F_mean_3d_3area,alpha,None,KNN,0.9667,0.7161,0.6,0.5429
F_mean_3d_F8,gamma,None,Ensemble (Majority Vote),0.7867,0.6356,0.5,0.5429
F_mean_3d_3area,all,norm3,XGBoost,0.9933,0.8632,0.4,0.5429
F_mean_3d_F8,gamma,None,KNN,0.9867,0.7,0.5,0.5429
F_mean_3d_F8,gamma,norm2,XGBoost,0.58,0.5409,0.6,0.5429
F_mean_3d_F8,gamma,norm3,XGBoost,0.58,0.5409,0.6,0.5429
F_mean_3d_Fp1,beta,norm2,XGBoost,0.5133,0.5421,0.6,0.5429
F_mean_3d19,gamma,None,KNN,0.9933,0.8731,0.5,0.5429
F_median_3d_C3,all,norm3,KNN,0.96,0.7522,0.5,0.5429
F_mean_3d_F7,gamma,norm2,Random Forest,0.6933,0.586,0.5,0.5429
F_mean_3d19,beta,norm3,Ensemble (Majority Vote),0.9667,0.7878,0.6,0.5429
F_de_3d_8rm,alpha,norm2,Random Forest,0.9667,0.6998,0.8,0.5429
F_median_3d_C4,beta,norm2,KNN,0.98,0.6756,0.6,0.5429
F_de_3d_8rm,delta,None,Logistic Regression,0.68,0.6179,0.5,0.5429
F_mean_3d_3area,theta,None,Ensemble (Majority Vote),0.7333,0.6494,0.5,0.5429
F_median_3d_C4,gamma,None,XGBoost,0.64,0.5853,0.5,0.5429
F_mean_3d_F3,all,norm3,XGBoost,0.84,0.6761,0.6,0.5429
F_median_3d_C4,beta,norm3,KNN,0.98,0.6756,0.6,0.5429
F_mean_3d_F3,alpha,None,Logistic Regression,0.5467,0.537,0.5,0.5429
F_median_3d_C4,beta,norm3,Ensemble (Majority Vote),0.7067,0.5956,0.6,0.5429
F_median_3d_C4,beta,norm2,Ensemble (Majority Vote),0.7067,0.5956,0.6,0.5429
F_mean_3d_3area,delta,None,KNN,0.9867,0.7409,0.6,0.5429
F_de_3d_1area,alpha,None,Ensemble (Majority Vote),0.7533,0.6363,0.4,0.5429
F_median_3d_C4,all,norm2,Random Forest,0.9133,0.6708,0.6,0.5429
F_mean_3d19,beta,None,KNN,1.0,0.8786,0.6,0.5429
F_mean_3d_F4,beta,None,KNN,0.9667,0.6989,0.7,0.5429
F_mean_3d_F4,delta,None,Random Forest,0.66,0.5947,0.5,0.5429
F_mean_3d_F4,gamma,None,Ensemble (Majority Vote),0.74,0.6221,0.4,0.5429
F_mean_3d19,beta,None,XGBoost,1.0,0.8802,0.6,0.5429
F_mean_3d_Fp1,beta,norm3,XGBoost,0.5133,0.5421,0.6,0.5429
F_mean_3d19,gamma,None,Logistic Regression,0.78,0.6805,0.5,0.5429
F_median_3d_C3,all,None,XGBoost,0.86,0.6975,0.5,0.5429
F_mean_3d_10rm,alpha,None,Ensemble (Majority Vote),0.8267,0.7232,0.5,0.5429
F_median_3d_8rm,beta,norm2,XGBoost,0.9667,0.68,0.8,0.5429
F_mean_3d_Fp2,all,norm2,KNN,0.98,0.7039,0.5,0.5429
F_mean_3d_10rm,all,None,XGBoost,1.0,0.9811,0.5,0.5429
F_median_3d_8rm,alpha,norm2,KNN,0.98,0.7002,0.6,0.5429
F_median_3d_8rm,all,norm3,Random Forest,0.9267,0.8202,0.6,0.5429
F_median_3d_8rm,all,norm2,XGBoost,1.0,0.9076,0.7,0.5429
F_de_3d_C4,beta,norm3,Random Forest,0.8,0.5871,0.5,0.5429
F_median_3d_3area,theta,None,Ensemble (Majority Vote),0.7267,0.6432,0.6,0.5429
F_median_3d_8rm,beta,norm3,Linear SVM,0.72,0.6202,0.5,0.5429
F_median_3d_3area,gamma,norm2,XGBoost,0.84,0.6074,0.5,0.5429
F_mean_3d_10rm,alpha,None,Logistic Regression,0.7333,0.6407,0.5,0.5429
F_de_3d_C4,beta,norm3,KNN,0.9933,0.6913,0.5,0.5429
F_median_3d_3area,gamma,norm2,Random Forest,0.8933,0.6471,0.7,0.5429
F_median_3d_3area,gamma,norm2,Linear SVM,0.56,0.5147,0.5,0.5429
F_median_3d_3area,gamma,norm2,Ensemble (Majority Vote),0.76,0.6485,0.7,0.5429
F_mean_3d_2area,gamma,norm2,Linear SVM,0.5067,0.4991,0.5,0.5429
F_mean_3d_Fp2,all,None,XGBoost,0.8733,0.7044,0.5,0.5429
F_median_3d_8rm,beta,norm3,Logistic Regression,0.72,0.6202,0.5,0.5429
F_mean_3d19,gamma,norm2,KNN,0.96,0.7101,0.5,0.5429
F_median_3d_8rm,theta,norm2,Random Forest,0.9733,0.7177,0.5,0.5429
F_mean_3d19,gamma,norm2,Linear SVM,0.54,0.5166,0.7,0.5429
F_mean_3d_Fp1,delta,None,XGBoost,0.7133,0.5986,0.5,0.5429
F_de_3d_3area,theta,norm2,Random Forest,0.8,0.6122,0.6,0.5429
F_mean_3d19,gamma,norm2,XGBoost,1.0,0.8037,0.5,0.5429
F_de_3d_1area,alpha,norm2,XGBoost,0.6267,0.5554,0.5,0.5429
F_mean_3d_2area,theta,norm2,Linear SVM,0.46,0.4945,0.7,0.5429
F_mean_3d_2area,theta,None,Random Forest,0.7067,0.6211,0.5,0.5429
F_mean_3d_2area,theta,None,Logistic Regression,0.5933,0.5598,0.5,0.5429
F_de_3d_1area,alpha,norm3,XGBoost,0.6267,0.5554,0.5,0.5429
F_mean_3d_2area,theta,None,Linear SVM,0.5867,0.5618,0.5,0.5429
F_median_3d_8rm,theta,None,KNN,0.9933,0.7798,0.5,0.5429
F_mean_3d_Fp1,theta,None,KNN,0.9533,0.7053,0.6,0.5429
F_mean_3d_Fp1,theta,norm2,Linear SVM,0.5733,0.5094,0.6,0.5429
F_mean_3d_Fp1,theta,norm3,Linear SVM,0.5733,0.5094,0.6,0.5429
F_mean_3d19,theta,norm2,KNN,0.9667,0.7087,0.5,0.5429
F_mean_3d19,theta,norm3,KNN,1.0,0.8428,0.6,0.5429
F_median_3d_Fp1,delta,norm3,Linear SVM,0.4933,0.5016,0.6,0.5429
F_rasm_3d_8rm,theta,norm3,XGBoost,0.88,0.7009,0.5,0.5429
F_mean_3d_C3,all,None,XGBoost,0.8533,0.6906,0.6,0.5429
F_de_3d_F8,delta,None,KNN,0.98,0.6989,0.5,0.5429
F_peak_3d_F8,all,None,KNN,0.9667,0.7671,0.6,0.5429
F_de_3d_F8,gamma,None,KNN,0.9867,0.7044,0.6,0.5429
F_peak_3d_F7,all,norm2,KNN,0.9867,0.6936,0.7,0.5429
F_peak_3d_F7,all,None,Logistic Regression,0.7,0.6377,0.5,0.5429
F_de_3d,theta,None,XGBoost,0.9733,0.8147,0.6,0.5429
F_de_3d,delta,norm2,Linear SVM,0.5067,0.506,0.6,0.5429
F_peak_3d_F4,theta,None,Logistic Regression,0.58,0.5308,0.5,0.5429
F_peak_3d_F4,theta,None,Linear SVM,0.5667,0.5306,0.5,0.5429
F_de_3d,delta,None,Random Forest,0.8733,0.7326,0.5,0.5429
F_peak_3d,delta,norm3,Linear SVM,0.7333,0.6667,0.6,0.5429
F_de_3d_F8,theta,None,KNN,0.98,0.7023,0.5,0.5429
F_peak_3d_F4,gamma,None,Logistic Regression,0.5467,0.5297,0.6,0.5429
F_peak_3d_F4,delta,None,Ensemble (Majority Vote),0.72,0.6333,0.6,0.5429
F_de_3d,beta,None,XGBoost,0.9933,0.8536,0.5,0.5429
F_peak_3d_F4,beta,None,Random Forest,0.7,0.6149,0.5,0.5429
F_peak_3d,theta,norm2,Ensemble (Majority Vote),0.9267,0.7216,0.5,0.5429
F_de_3d_Fp1,all,norm2,KNN,0.9867,0.708,0.6,0.5429
F_peak_3d_F4,all,None,KNN,0.9733,0.7828,0.3,0.5429
F_de_3d_F3,beta,None,Ensemble (Majority Vote),0.7267,0.6336,0.6,0.5429
F_peak_3d_F3,beta,norm3,Ensemble (Majority Vote),0.6867,0.6136,0.6,0.5429
F_peak_3d_F3,beta,norm2,Ensemble (Majority Vote),0.6867,0.6136,0.6,0.5429
F_peak_3d19,all,None,KNN,1.0,0.9851,0.6,0.5429
F_peak_3d_F3,beta,None,XGBoost,0.6333,0.5823,0.6,0.5429
F_peak_3d_F3,alpha,norm3,KNN,0.9867,0.6926,0.6,0.5429
F_peak_3d_F3,alpha,norm2,KNN,0.9867,0.6926,0.6,0.5429
F_peak_3d19,alpha,norm2,XGBoost,1.0,0.8034,0.4,0.5429
F_peak_3d19,beta,norm2,Ensemble (Majority Vote),0.9733,0.7667,0.7,0.5429
F_peak_3d_F3,alpha,None,XGBoost,0.7,0.6009,0.5,0.5429
F_peak_3d19,beta,norm2,XGBoost,0.9933,0.7931,0.8,0.5429
F_de_3d,theta,norm3,KNN,0.9933,0.826,0.5,0.5429
F_dasm_3d_10rm,all,norm2,Linear SVM,0.54,0.5034,0.6,0.5429
F_peak_3d19,beta,norm3,Linear SVM,0.7933,0.6903,0.6,0.5429
F_de_3d,theta,norm3,Random Forest,0.8067,0.7149,0.5,0.5429
F_peak_3d_Fz,alpha,norm2,Linear SVM,0.5,0.5078,0.5,0.5429
F_peak_3d_Fz,all,norm2,XGBoost,0.9333,0.6614,0.7,0.5429
F_de_3d19,beta,norm2,KNN,0.9867,0.7391,0.5,0.5429
F_de_3d_Cz,delta,norm3,Linear SVM,0.52,0.4989,0.6,0.5429
F_dasm_3d19,delta,norm2,KNN,0.9867,0.7372,0.7,0.5429
F_peak_3d_Fz,all,norm2,KNN,0.9933,0.7014,0.5,0.5429
F_dasm_3d19,gamma,None,KNN,1.0,0.8244,0.5,0.5429
F_de_3d_F8,all,None,Random Forest,0.7267,0.6637,0.6,0.5429
F_de_3d_T7,alpha,None,Random Forest,0.6533,0.6039,0.6,0.5429
F_de_3d_F8,all,norm2,KNN,0.9867,0.6979,0.6,0.5429
F_median_3d_T8,alpha,None,Random Forest,0.7067,0.6021,0.5,0.5429
F_peak_3d_Fp1,gamma,norm3,Linear SVM,0.5333,0.5007,0.7,0.5429
F_median_3d_T8,delta,None,KNN,0.9867,0.6876,0.5,0.5429
F_peak_3d_Fp1,gamma,norm2,Linear SVM,0.5333,0.5007,0.7,0.5429
F_peak_3d_Fp1,delta,norm3,Random Forest,0.72,0.5901,0.5,0.5429
F_median_3d_T8,gamma,None,KNN,0.9667,0.7051,0.6,0.5429
F_median_3d_T8,gamma,None,XGBoost,0.6267,0.5943,0.5,0.5429
F_peak_3d_Fp1,delta,norm3,Linear SVM,0.48,0.4959,0.6,0.5429
F_peak_3d_Fp1,delta,norm3,Ensemble (Majority Vote),0.6067,0.6007,0.6,0.5429
F_de_3d_Fz,theta,norm3,XGBoost,0.6133,0.5607,0.5,0.5429
F_peak_3d_Fp1,delta,norm2,Random Forest,0.72,0.5901,0.5,0.5429
F_peak_3d_Fp1,delta,norm2,Linear SVM,0.48,0.4959,0.6,0.5429
F_median_3d_T8,theta,None,KNN,0.98,0.6899,0.6,0.5429
F_peak_3d_Fp1,delta,norm2,Ensemble (Majority Vote),0.6067,0.6007,0.6,0.5429
F_peak_3d_Fp1,all,norm3,Random Forest,0.78,0.6883,0.6,0.5429
F_peak_3d_F8,theta,norm3,Ensemble (Majority Vote),0.74,0.6193,0.6,0.5429
F_peak_3d_F8,theta,norm2,Ensemble (Majority Vote),0.74,0.6193,0.6,0.5429
F_de_3d_Fz,theta,norm2,XGBoost,0.6133,0.5607,0.5,0.5429
F_peak_3d_F8,theta,None,Ensemble (Majority Vote),0.6933,0.614,0.7,0.5429
F_peak_3d_F3,all,None,Linear SVM,0.6333,0.6051,0.5,0.5429
F_peak_3d_Cz,theta,norm3,Random Forest,0.7867,0.5857,0.6,0.5429
F_de_3d_F7,gamma,norm3,XGBoost,0.5933,0.5547,0.7,0.5429
F_dasm_3d_3area,all,norm2,Linear SVM,0.4933,0.5,0.6,0.5429
F_peak_3d_C3,alpha,None,Linear SVM,0.62,0.5559,0.6,0.5429
F_de_3d_Fz,all,None,XGBoost,0.8667,0.7278,0.6,0.5429
F_peak_3d_C3,all,norm2,KNN,0.9867,0.7007,0.5,0.5429
F_peak_3d_C3,all,norm2,Ensemble (Majority Vote),0.8667,0.6745,0.7,0.5429
F_dasm_3d_8rm,beta,norm2,Linear SVM,0.46,0.4959,0.5,0.5429
F_peak_3d_C3,all,None,Logistic Regression,0.6867,0.6005,0.6,0.5429
F_peak_3d_8rm,gamma,norm2,Random Forest,0.9933,0.7303,0.7,0.5429
F_de_3d_Fp2,alpha,None,Linear SVM,0.5733,0.5464,0.6,0.5429
F_de_3d_Fp2,alpha,None,Logistic Regression,0.5733,0.5464,0.6,0.5429
F_peak_3d_8rm,gamma,norm2,Ensemble (Majority Vote),0.98,0.7315,0.7,0.5429
F_dasm_3d_3area,beta,None,Random Forest,0.6867,0.5915,0.5,0.5429
F_peak_3d_1area,all,norm2,Random Forest,0.92,0.6685,0.6,0.5429
F_peak_3d_1area,all,norm2,XGBoost,0.9,0.6563,0.7,0.5429
F_peak_3d_3area,gamma,norm2,KNN,0.96,0.6871,0.5,0.5429
F_peak_3d_3area,delta,norm3,Random Forest,0.7067,0.6377,0.6,0.5429
F_peak_3d_1area,alpha,norm2,Linear SVM,0.5333,0.5034,0.6,0.5429
F_peak_3d_1area,alpha,norm3,Linear SVM,0.5333,0.5034,0.6,0.5429
F_peak_3d_3area,beta,norm2,XGBoost,0.7267,0.5991,0.5,0.5429
F_dasm_3d_3area,theta,norm2,XGBoost,0.58,0.5563,0.6,0.5429
F_peak_3d_1area,gamma,norm2,Ensemble (Majority Vote),0.5933,0.6067,0.5,0.5429
F_dasm_3d_3area,theta,norm3,XGBoost,0.58,0.5563,0.6,0.5429
F_peak_3d_2area,theta,norm3,Logistic Regression,0.56,0.5356,0.6,0.5429
F_peak_3d_1area,gamma,norm2,XGBoost,0.56,0.56,0.5,0.5429
F_peak_3d_2area,theta,None,Linear SVM,0.6467,0.5671,0.5,0.5429
F_peak_3d_2area,gamma,norm3,XGBoost,0.7467,0.5968,0.7,0.5429
F_peak_3d_1area,gamma,norm3,Ensemble (Majority Vote),0.5933,0.6067,0.5,0.5429
F_peak_3d_2area,gamma,None,KNN,0.9667,0.7345,0.5,0.5429
F_peak_3d_1area,gamma,norm3,XGBoost,0.56,0.56,0.5,0.5429
F_peak_3d_1area,theta,None,KNN,0.9533,0.7101,0.5,0.5429
F_peak_3d_C3,alpha,None,Logistic Regression,0.6267,0.5566,0.6,0.5429
F_peak_3d_C4,all,norm3,Linear SVM,0.6267,0.5862,0.5,0.5429
F_de_3d_Fp1,beta,None,XGBoost,0.5933,0.5726,0.5,0.5429
F_peak_3d_C4,beta,norm2,Linear SVM,0.5,0.5025,0.6,0.5429
F_dasm_3d_10rm,delta,norm2,XGBoost,0.88,0.6347,0.6,0.5429
F_peak_3d_Cz,theta,norm3,Ensemble (Majority Vote),0.6533,0.6131,0.5,0.5429
F_peak_3d19,gamma,norm2,KNN,0.9733,0.7232,0.5,0.5429
F_peak_3d19,gamma,norm2,Random Forest,1.0,0.7862,0.7,0.5429
F_peak_3d19,gamma,norm2,XGBoost,1.0,0.8163,0.5,0.5429
F_peak_3d_Cz,theta,norm2,Random Forest,0.7867,0.5857,0.6,0.5429
F_peak_3d_Cz,theta,norm2,Ensemble (Majority Vote),0.6533,0.6131,0.5,0.5429
F_peak_3d19,theta,None,Random Forest,0.9133,0.7609,0.5,0.5429
F_peak_3d_Cz,gamma,norm3,XGBoost,0.5533,0.5428,0.4,0.5429
F_peak_3d_Cz,gamma,norm2,XGBoost,0.5533,0.5428,0.4,0.5429
F_peak_3d_Cz,delta,norm3,Random Forest,0.7733,0.5887,0.7,0.5429
F_dasm_3d_10rm,gamma,None,KNN,0.96,0.7434,0.5,0.5429
F_peak_3d_Cz,delta,norm2,Random Forest,0.7733,0.5887,0.7,0.5429
F_dasm_3d_8rm,theta,norm2,Ensemble (Majority Vote),0.78,0.6526,0.6,0.5429
F_peak_3d_Cz,beta,None,XGBoost,0.6267,0.5876,0.6,0.5429
F_de_3d_Fp1,delta,norm2,XGBoost,0.7067,0.5568,0.6,0.5429
F_peak_3d_Cz,alpha,norm3,Random Forest,0.8133,0.5972,0.7,0.5429
F_peak_3d_Cz,alpha,norm2,Random Forest,0.8133,0.5972,0.7,0.5429
F_de_3d_Fp1,delta,norm3,XGBoost,0.7067,0.5568,0.6,0.5429
F_dasm_3d_8rm,gamma,norm2,Random Forest,0.9467,0.6474,0.7,0.5429
F_peak_3d_10rm,alpha,norm2,Linear SVM,0.5,0.5087,0.6,0.5429
F_peak_3d_Cz,alpha,None,Random Forest,0.6533,0.5878,0.5,0.5429
F_dasm_3d_8rm,delta,norm3,XGBoost,0.78,0.6492,0.6,0.5429
F_de_3d_Fz,all,norm2,XGBoost,0.9667,0.6662,0.6,0.5429
F_peak_3d_C4,theta,None,Logistic Regression,0.5667,0.5292,0.7,0.5429
F_peak_3d_C4,theta,None,Linear SVM,0.5667,0.5285,0.7,0.5429
F_peak_3d_C4,delta,norm3,Ensemble (Majority Vote),0.74,0.6195,0.6,0.5429
F_peak_3d_C4,delta,norm2,Ensemble (Majority Vote),0.74,0.6195,0.6,0.5429
F_peak_3d_C4,beta,norm3,Linear SVM,0.5,0.5025,0.6,0.5429
F_peak_3d_Fz,alpha,norm3,Linear SVM,0.5,0.5078,0.5,0.5429
F_de_3d_Cz,gamma,None,Ensemble (Majority Vote),0.7333,0.6129,0.7,0.5429
F_dasm_3d,theta,None,Ensemble (Majority Vote),0.8333,0.6894,0.4,0.5429
F_rasm_3d_10rm,all,norm3,KNN,0.9667,0.7189,0.5,0.5429
F_rasm_3d19,theta,norm2,XGBoost,0.9867,0.8041,0.6,0.5429
F_de_3d_F4,gamma,norm2,KNN,0.96,0.6837,0.8,0.5429
F_median_3d_Fp2,gamma,norm2,KNN,1.0,0.6977,0.6,0.5429
F_median_3d_Fp2,gamma,norm3,KNN,1.0,0.6977,0.6,0.5429
F_rasm_3d19,gamma,None,XGBoost,0.98,0.7547,0.7,0.5429
F_de_3d_F4,gamma,norm3,KNN,0.96,0.6837,0.8,0.5429
F_rasm_3d19,gamma,None,Ensemble (Majority Vote),0.96,0.7034,0.6,0.5429
F_de_3d_F3,gamma,norm2,Linear SVM,0.52,0.4982,0.5,0.5429
F_median_3d_Fz,all,norm3,KNN,0.98,0.7306,0.5,0.5429
F_de_3d19,gamma,norm3,XGBoost,1.0,0.9034,0.5,0.5429
F_de_3d_T7,theta,norm3,Linear SVM,0.4733,0.4954,0.5,0.5429
F_de_3d19,gamma,norm3,Ensemble (Majority Vote),0.9733,0.8207,0.6,0.5429
F_rasm_3d19,alpha,norm2,XGBoost,0.9667,0.8246,0.6,0.5429
F_rasm_3d19,alpha,None,XGBoost,0.9733,0.7356,0.6,0.5429
F_rasm_3d19,all,norm3,XGBoost,1.0,0.9786,0.5,0.5429
F_rasm_3d19,all,norm3,Random Forest,0.8933,0.8299,0.6,0.5429
F_rasm_3d19,all,norm3,Ensemble (Majority Vote),0.9733,0.8057,0.7,0.5429
F_median_3d_Fz,beta,norm2,Ensemble (Majority Vote),0.7267,0.6189,0.5,0.5429
F_rasm_3d,gamma,norm3,Linear SVM,0.6067,0.5221,0.6,0.5429
F_de_3d_T7,theta,norm2,Linear SVM,0.4733,0.4954,0.5,0.5429
F_median_3d_Fz,beta,norm2,Random Forest,0.7533,0.5883,0.8,0.5429
F_rasm_3d,gamma,norm2,Linear SVM,0.48,0.509,0.6,0.5429
F_median_3d_Fz,beta,norm3,Ensemble (Majority Vote),0.7267,0.6189,0.5,0.5429
F_median_3d_Fz,beta,norm3,Random Forest,0.7533,0.5883,0.8,0.5429
F_de_3d_F3,gamma,None,KNN,0.9733,0.689,0.8,0.5429
F_median_3d_Fz,delta,None,KNN,0.9867,0.6963,0.5,0.5429
F_median_3d_Fz,delta,norm2,Ensemble (Majority Vote),0.6067,0.5998,0.6,0.5429
F_rasm_3d,beta,None,Random Forest,0.8333,0.6501,0.6,0.5429
F_rasm_3d,beta,None,KNN,0.98,0.711,0.7,0.5429
F_dasm_3d,delta,norm2,Linear SVM,0.5133,0.5057,0.8,0.5429
F_rasm_3d_10rm,alpha,norm3,XGBoost,0.9133,0.7255,0.6,0.5429
F_median_3d_Fz,delta,norm2,XGBoost,0.6067,0.5529,0.6,0.5429
F_rasm_3d_10rm,beta,None,Ensemble (Majority Vote),0.86,0.6566,0.4,0.5429
F_dasm_3d,all,None,Linear SVM,0.8467,0.7145,0.7,0.5429
F_rasm_3d_8rm,theta,norm2,KNN,0.9467,0.731,0.6,0.5429
F_rasm_3d_8rm,gamma,norm2,Linear SVM,0.5333,0.5159,0.6,0.5429
F_dasm_3d,all,norm3,Logistic Regression,0.8467,0.7131,0.6,0.5429
F_rasm_3d_8rm,delta,norm2,Linear SVM,0.4933,0.5143,0.7,0.5429
F_rasm_3d_8rm,beta,norm3,KNN,0.94,0.7356,0.6,0.5429
F_median_3d_Fp2,all,norm3,Linear SVM,0.6467,0.5929,0.7,0.5429
F_rasm_3d_8rm,alpha,norm2,KNN,0.9533,0.7349,0.7,0.5429
F_rasm_3d_8rm,all,norm2,XGBoost,0.9933,0.911,0.6,0.5429
F_median_3d_Fp2,all,norm3,Logistic Regression,0.6533,0.5991,0.7,0.5429
F_rasm_3d_8rm,all,norm2,KNN,0.9733,0.714,0.5,0.5429
F_rasm_3d_3area,delta,norm3,Linear SVM,0.48,0.4959,0.6,0.5429
F_rasm_3d_3area,delta,norm2,Linear SVM,0.48,0.4959,0.6,0.5429
F_median_3d_Fp2,alpha,None,XGBoost,0.7,0.5798,0.4,0.5429
F_median_3d_Fp2,alpha,norm2,KNN,0.9667,0.6876,0.5,0.5429
F_rasm_3d_3area,delta,None,Random Forest,0.7067,0.5947,0.6,0.5429
F_rasm_3d_3area,beta,norm3,Random Forest,0.6933,0.6053,0.6,0.5429
F_rasm_3d_3area,beta,norm2,Random Forest,0.6933,0.6053,0.6,0.5429
F_median_3d_Fp2,alpha,norm3,KNN,0.9667,0.6876,0.5,0.5429
F_de_3d_F3,gamma,norm3,Linear SVM,0.52,0.4982,0.5,0.5429
F_dasm_3d,alpha,norm3,Random Forest,0.7933,0.6616,0.4,0.5429
F_rasm_3d_3area,all,norm2,XGBoost,0.9267,0.7556,0.6,0.5429
F_median_3d_Fp2,delta,None,Ensemble (Majority Vote),0.7333,0.6368,0.6,0.5429
F_dasm_3d,beta,None,XGBoost,0.8467,0.6952,0.6,0.5429
F_de_3d_T8,alpha,None,Ensemble (Majority Vote),0.72,0.6198,0.5,0.5429
F_rasm_3d_10rm,gamma,norm2,KNN,1.0,0.7338,0.7,0.5429
F_rasm_3d_10rm,delta,norm2,KNN,0.98,0.7198,0.8,0.5429
F_rasm_3d_10rm,delta,None,XGBoost,0.8733,0.6701,0.7,0.5429
F_rasm_3d_10rm,beta,None,Random Forest,0.8333,0.6457,0.6,0.5429
F_median_3d_Fz,delta,norm2,Random Forest,0.7467,0.5759,0.7,0.5429
F_peak_3d_2area,beta,None,Logistic Regression,0.58,0.5678,0.5,0.5429
F_median_3d_T7,alpha,None,KNN,0.9933,0.7115,0.5,0.5429
F_peak_3d_Fz,delta,norm2,KNN,0.9867,0.6931,0.6,0.5429
F_peak_3d_Fz,beta,norm3,XGBoost,0.56,0.5501,0.5,0.5429
F_median_3d_Fz,gamma,norm2,XGBoost,0.5533,0.5476,0.5,0.5429
F_peak_3d_T8,beta,norm2,XGBoost,0.6,0.5618,0.5,0.5429
F_de_3d19,delta,norm2,Linear SVM,0.48,0.4949,0.6,0.5429
F_peak_3d_T8,beta,norm2,Ensemble (Majority Vote),0.7067,0.6092,0.5,0.5429
F_de_3d_Cz,delta,None,Linear SVM,0.5467,0.5301,0.7,0.5429
F_de_3d19,delta,norm3,Logistic Regression,0.7933,0.6945,0.6,0.5429
F_median_3d_Fz,gamma,norm3,XGBoost,0.5533,0.5476,0.5,0.5429
F_median_3d_T7,alpha,norm3,Ensemble (Majority Vote),0.76,0.6276,0.4,0.5429
F_de_3d_F7,delta,norm2,XGBoost,0.56,0.5361,0.6,0.5429
F_de_3d_Cz,delta,None,Logistic Regression,0.5467,0.5301,0.7,0.5429
F_de_3d19,gamma,None,Ensemble (Majority Vote),0.9733,0.8372,0.7,0.5429
F_peak_3d_T7,alpha,norm3,KNN,0.9933,0.6956,0.6,0.5429
F_peak_3d_T7,alpha,norm2,KNN,0.9933,0.6956,0.6,0.5429
F_peak_3d_T7,alpha,None,KNN,0.9733,0.7129,0.6,0.5429
F_de_3d_F7,delta,norm3,XGBoost,0.56,0.5361,0.6,0.5429
F_peak_3d_Fz,delta,norm3,KNN,0.9867,0.6931,0.6,0.5429
F_peak_3d_T8,beta,norm3,Ensemble (Majority Vote),0.7067,0.6092,0.5,0.5429
F_peak_3d_T8,beta,norm3,XGBoost,0.6,0.5618,0.5,0.5429
F_de_3d_F7,gamma,norm2,XGBoost,0.5933,0.5547,0.7,0.5429
F_median_3d_T7,beta,norm2,XGBoost,0.7067,0.5598,0.5,0.5429
F_rasm_3d,alpha,norm3,KNN,0.9733,0.7448,0.5,0.5429
F_de_3d19,beta,norm3,KNN,1.0,0.8954,0.5,0.5429
F_median_3d_Fz,delta,norm3,Ensemble (Majority Vote),0.6067,0.5998,0.6,0.5429
F_median_3d_T7,beta,norm3,XGBoost,0.7067,0.5598,0.5,0.5429
F_median_3d_T7,alpha,norm2,Ensemble (Majority Vote),0.76,0.6276,0.4,0.5429
F_de_3d_F7,gamma,norm2,Ensemble (Majority Vote),0.7467,0.6149,0.6,0.5429
F_median_3d_Fz,delta,norm3,Random Forest,0.7467,0.5759,0.7,0.5429
F_peak_3d_Fz,beta,norm2,XGBoost,0.56,0.5501,0.5,0.5429
F_median_3d_T7,beta,None,KNN,0.9667,0.7087,0.7,0.5429
F_de_3d_Cz,delta,norm2,Linear SVM,0.52,0.4989,0.6,0.5429
F_de_3d_F7,gamma,norm3,Linear SVM,0.4867,0.5028,0.6,0.5429
F_median_3d_T7,alpha,None,Ensemble (Majority Vote),0.7867,0.6382,0.6,0.5429
F_median_3d_Fz,delta,norm3,XGBoost,0.6067,0.5529,0.6,0.5429
F_de_3d_F7,gamma,norm3,Ensemble (Majority Vote),0.7467,0.6149,0.6,0.5429
F_de_3d_F7,gamma,norm2,Linear SVM,0.4867,0.5028,0.6,0.5429
F_de_3d_C3,theta,None,Ensemble (Majority Vote),0.7,0.6092,0.6,0.5429
F_de_3d_F8,all,norm3,XGBoost,0.8467,0.6892,0.6,0.5429
F_de_3d_3area,theta,norm3,Ensemble (Majority Vote),0.7267,0.6469,0.6,0.5429
F_de_3d_C4,alpha,norm2,Random Forest,0.7733,0.5887,0.6,0.5429
F_peak_3d_8rm,gamma,norm3,XGBoost,0.9267,0.7761,0.7,0.5429
F_peak_3d_F3,beta,norm2,KNN,0.9733,0.6892,0.6,0.5429
F_de_3d_C4,alpha,norm3,Random Forest,0.7733,0.5887,0.6,0.5429
F_dasm_3d_8rm,all,norm3,KNN,1.0,0.8759,0.6,0.5429
F_de_3d_3area,gamma,norm3,Logistic Regression,0.5133,0.5421,0.7,0.5429
F_mean_3d_Fp1,all,norm3,Random Forest,0.76,0.6809,0.7,0.5429
F_mean_3d_F8,gamma,norm3,Ensemble (Majority Vote),0.72,0.5979,0.5,0.5429
F_mean_3d_3area,all,None,Ensemble (Majority Vote),0.92,0.7848,0.6,0.5429
F_de_3d_C4,beta,norm2,Ensemble (Majority Vote),0.6733,0.6023,0.4,0.5429
F_de_3d_C4,beta,norm3,Ensemble (Majority Vote),0.6733,0.6023,0.4,0.5429
F_dasm_3d,alpha,None,KNN,0.9933,0.7554,0.7,0.5429
F_mean_3d_C3,theta,None,Linear SVM,0.62,0.5676,0.6,0.5429
F_peak_3d_Fz,beta,norm3,Random Forest,0.7533,0.5853,0.5,0.5429
F_peak_3d_2area,gamma,norm3,Logistic Regression,0.5333,0.528,0.6,0.5429
F_peak_3d_2area,gamma,norm3,Linear SVM,0.5333,0.5278,0.6,0.5429
F_median_3d_3area,theta,None,KNN,0.9667,0.7159,0.5,0.5429
F_rasm_3d_8rm,gamma,norm3,KNN,0.9733,0.7414,0.6,0.5429
F_median_3d_3area,alpha,norm3,XGBoost,0.7733,0.623,0.5,0.5429
F_de_3d_8rm,theta,None,Logistic Regression,0.7067,0.6156,0.6,0.5429
F_mean_3d_F8,gamma,norm2,Ensemble (Majority Vote),0.72,0.5979,0.5,0.5429
F_median_3d,gamma,norm3,KNN,0.9867,0.8071,0.3,0.5429
F_mean_3d_1area,alpha,norm3,Ensemble (Majority Vote),0.74,0.6048,0.5,0.5429
F_peak_3d_T8,theta,None,KNN,0.9733,0.6938,0.6,0.5429
F_de_3d_2area,beta,None,XGBoost,0.7533,0.6326,0.6,0.5429
F_dasm_3d_10rm,beta,None,Logistic Regression,0.6,0.5729,0.5,0.5429
F_mean_3d_2area,theta,None,XGBoost,0.6733,0.6239,0.6,0.5429
F_mean_3d_F3,beta,norm2,KNN,0.9667,0.6782,0.5,0.5429
F_dasm_3d_10rm,delta,norm2,Ensemble (Majority Vote),0.84,0.654,0.5,0.5429
F_mean_3d_2area,beta,norm2,XGBoost,0.7333,0.5871,0.5,0.5429
F_mean_3d_F3,beta,norm3,KNN,0.9667,0.6782,0.5,0.5429
F_peak_3d_F4,all,norm3,Ensemble (Majority Vote),0.78,0.6775,0.4,0.5429
F_de_3d_Fp1,alpha,norm3,KNN,0.9867,0.6908,0.7,0.5429
F_mean_3d_F4,beta,None,Ensemble (Majority Vote),0.7067,0.6209,0.7,0.5429
F_mean_3d_3area,delta,norm3,Ensemble (Majority Vote),0.7,0.6326,0.5,0.5429
F_peak_3d_F3,beta,norm3,KNN,0.9733,0.6892,0.6,0.5429
F_mean_3d_F7,all,None,KNN,0.98,0.7402,0.5,0.5429
F_de_3d_F8,theta,None,Ensemble (Majority Vote),0.8133,0.6361,0.6,0.5429
F_mean_3d_1area,alpha,norm2,Ensemble (Majority Vote),0.74,0.6048,0.5,0.5429
F_peak_3d_T7,gamma,None,XGBoost,0.7,0.6011,0.8,0.5429
F_mean_3d_3area,alpha,norm3,Ensemble (Majority Vote),0.76,0.6379,0.6,0.5429
F_rasm_3d19,beta,norm3,Ensemble (Majority Vote),0.9067,0.7529,0.6,0.5429
F_rasm_3d19,delta,None,XGBoost,0.9667,0.7455,0.5,0.5429
F_mean_3d_F8,delta,None,Ensemble (Majority Vote),0.6733,0.6129,0.6,0.5429
F_peak_3d_Cz,alpha,None,Logistic Regression,0.56,0.5391,0.6,0.5429
F_mean_3d_10rm,theta,norm3,Logistic Regression,0.7133,0.6202,0.6,0.5429
F_de_3d_8rm,theta,None,Linear SVM,0.72,0.6189,0.6,0.5429
F_de_3d_Fp1,alpha,norm2,KNN,0.9867,0.6908,0.7,0.5429
F_peak_3d_Fz,delta,None,Logistic Regression,0.58,0.5423,0.5,0.5429
F_mean_3d_Fz,alpha,None,Ensemble (Majority Vote),0.7133,0.6016,0.6,0.5429
F_rasm_3d_10rm,beta,norm3,Random Forest,0.74,0.6883,0.6,0.5429
F_peak_3d_Fz,delta,None,Linear SVM,0.58,0.5421,0.5,0.5429
F_median_3d_2area,beta,norm3,Ensemble (Majority Vote),0.76,0.6237,0.6,0.5429
F_peak_3d_Fz,beta,norm2,Random Forest,0.7533,0.5853,0.5,0.5429
F_median_3d_Fp2,all,None,XGBoost,0.8667,0.714,0.5,0.5429
F_mean_3d,theta,norm3,XGBoost,0.9667,0.7959,0.4,0.5429
F_peak_3d19,gamma,norm3,Random Forest,0.9333,0.809,0.6,0.5429
F_peak_3d_1area,gamma,norm2,Random Forest,0.7533,0.5899,0.4,0.5429
F_median_3d_F4,all,None,Random Forest,0.8,0.6782,0.6,0.5429
F_peak_3d_10rm,delta,norm2,Ensemble (Majority Vote),0.8133,0.7143,0.6,0.5429
F_mean_3d19,all,norm2,Random Forest,0.98,0.846,0.6,0.5429
F_median_3d_8rm,delta,norm3,Logistic Regression,0.6667,0.6106,0.6,0.5429
F_de_3d19,all,norm2,Linear SVM,0.5733,0.5046,0.6,0.5429
F_median_3d_Fp2,delta,None,Logistic Regression,0.5933,0.5331,0.6,0.5429
F_peak_3d_10rm,gamma,norm2,Linear SVM,0.5467,0.5064,0.6,0.5429
F_median_3d_Fp2,delta,None,Linear SVM,0.5933,0.534,0.6,0.5429
F_median_3d_Fp1,beta,norm3,XGBoost,0.5933,0.5469,0.5,0.5429
F_de_3d_10rm,theta,None,Ensemble (Majority Vote),0.8733,0.7324,0.6,0.5429
F_mean_3d,all,norm3,Random Forest,0.88,0.8262,0.5,0.5429
F_median_3d_Fp1,beta,norm2,XGBoost,0.5933,0.5469,0.5,0.5429
F_dasm_3d_8rm,gamma,norm3,Ensemble (Majority Vote),0.7267,0.6232,0.6,0.5429
F_median_3d_F8,all,norm2,Ensemble (Majority Vote),0.8533,0.6674,0.7,0.5429
F_median_3d_8rm,delta,norm3,Ensemble (Majority Vote),0.86,0.7223,0.6,0.5429
F_median_3d_F4,all,None,XGBoost,0.8333,0.6972,0.6,0.5429
F_peak_3d_1area,gamma,norm3,Random Forest,0.7533,0.5899,0.4,0.5429
F_dasm_3d_8rm,theta,norm2,XGBoost,0.8333,0.6055,0.5,0.5429
F_median_3d_F4,beta,norm3,Ensemble (Majority Vote),0.82,0.6145,0.5,0.5429
F_median_3d_F4,beta,norm2,Ensemble (Majority Vote),0.82,0.6145,0.5,0.5429
F_de_3d19,alpha,norm2,KNN,0.9933,0.7497,0.6,0.5429
F_median_3d_Fp1,gamma,None,Random Forest,0.6667,0.5871,0.6,0.5429
F_peak_3d19,delta,None,Linear SVM,0.8267,0.7133,0.5,0.5429
F_de_3d_Cz,delta,None,XGBoost,0.6733,0.5864,0.6,0.5429
F_median_3d_F8,gamma,norm2,Ensemble (Majority Vote),0.62,0.5894,0.4,0.5429
F_mean_3d,alpha,norm2,Ensemble (Majority Vote),0.9667,0.7382,0.6,0.5429
F_median_3d_F8,all,None,KNN,0.98,0.743,0.6,0.5429
F_median_3d_F8,gamma,norm3,Ensemble (Majority Vote),0.62,0.5894,0.4,0.5429
F_peak_3d19,gamma,norm3,Ensemble (Majority Vote),0.9733,0.8363,0.6,0.5429
F_median_3d_F4,all,norm2,Linear SVM,0.54,0.5064,0.6,0.5429
F_mean_3d_F8,beta,norm2,Linear SVM,0.48,0.5032,0.5,0.5286
F_median_3d_Fz,theta,norm2,Linear SVM,0.46,0.4887,0.5,0.5286
F_median_3d_Fz,theta,None,Random Forest,0.66,0.5876,0.6,0.5286
F_peak_3d_T7,gamma,None,Random Forest,0.68,0.6041,0.6,0.5286
F_mean_3d_F8,delta,norm3,Random Forest,0.7067,0.5846,0.6,0.5286
F_mean_3d_F8,alpha,norm2,Linear SVM,0.5,0.5,0.6,0.5286
F_mean_3d_F8,alpha,norm3,Linear SVM,0.5,0.5,0.6,0.5286
F_mean_3d_F8,beta,norm3,Linear SVM,0.48,0.5032,0.5,0.5286
F_peak_3d_T7,gamma,None,KNN,0.9667,0.7007,0.5,0.5286
F_median_3d_Fz,gamma,norm3,Ensemble (Majority Vote),0.7133,0.6186,0.6,0.5286
F_de_3d_10rm,gamma,norm2,XGBoost,0.9867,0.7136,0.5,0.5286
F_median_3d_Fz,theta,None,Ensemble (Majority Vote),0.78,0.6329,0.5,0.5286
F_mean_3d_F8,delta,norm2,Random Forest,0.7067,0.5846,0.6,0.5286
F_de_3d_3area,theta,norm3,Random Forest,0.76,0.632,0.6,0.5286
F_median_3d_Fz,theta,norm3,Linear SVM,0.46,0.4887,0.5,0.5286
F_dasm_3d19,alpha,norm2,XGBoost,0.9933,0.6956,0.5,0.5286
F_peak_3d_2area,all,norm3,KNN,0.98,0.8648,0.4,0.5286
F_peak_3d_T7,gamma,norm2,Random Forest,0.7867,0.5897,0.6,0.5286
F_peak_3d_T8,delta,norm3,KNN,0.9733,0.6855,0.5,0.5286
F_dasm_3d,theta,norm3,KNN,0.9933,0.7409,0.5,0.5286
F_mean_3d_F3,theta,norm2,XGBoost,0.52,0.5338,0.5,0.5286
F_rasm_3d,all,norm2,Ensemble (Majority Vote),0.98,0.8605,0.5,0.5286
F_median_3d_Fz,delta,norm3,KNN,0.9933,0.6816,0.6,0.5286
F_mean_3d_F3,theta,norm3,XGBoost,0.52,0.5338,0.5,0.5286
F_median_3d_F7,alpha,norm2,Ensemble (Majority Vote),0.74,0.5945,0.6,0.5286
F_rasm_3d,all,None,Random Forest,0.9467,0.7609,0.6,0.5286
F_mean_3d_F4,beta,None,Logistic Regression,0.56,0.5506,0.6,0.5286
F_mean_3d_F4,beta,norm2,Random Forest,0.74,0.5922,0.4,0.5286
F_mean_3d_F4,beta,norm3,Random Forest,0.74,0.5922,0.4,0.5286
F_dasm_3d19,all,None,Random Forest,0.9333,0.8331,0.6,0.5286
F_dasm_3d19,all,None,XGBoost,1.0,0.9752,0.5,0.5286
F_de_3d_10rm,gamma,norm2,Linear SVM,0.5467,0.5071,0.5,0.5286
F_median_3d_F7,all,norm3,KNN,0.96,0.7306,0.5,0.5286
F_mean_3d_F7,alpha,None,Ensemble (Majority Vote),0.7467,0.6177,0.6,0.5286
F_peak_3d_T7,gamma,norm3,Random Forest,0.7867,0.5897,0.6,0.5286
F_de_3d_8rm,alpha,norm2,XGBoost,0.9733,0.686,0.6,0.5286
F_peak_3d_T8,delta,norm2,KNN,0.9733,0.6855,0.5,0.5286
F_mean_3d_F7,beta,norm2,Ensemble (Majority Vote),0.7933,0.6241,0.5,0.5286
F_median_3d_F7,all,norm2,Linear SVM,0.5,0.5067,0.6,0.5286
F_mean_3d_F7,beta,norm3,Ensemble (Majority Vote),0.7933,0.6241,0.5,0.5286
F_peak_3d_T8,beta,norm3,Linear SVM,0.5133,0.5018,0.6,0.5286
F_median_3d_Fz,gamma,norm2,Ensemble (Majority Vote),0.7133,0.6186,0.6,0.5286
F_median_3d_F7,all,None,Logistic Regression,0.6733,0.5961,0.5,0.5286
F_peak_3d_T8,beta,norm2,Linear SVM,0.5133,0.5018,0.6,0.5286
F_mean_3d_F7,theta,None,Ensemble (Majority Vote),0.6533,0.5993,0.6,0.5286
F_median_3d_F4,delta,norm3,Ensemble (Majority Vote),0.7667,0.6175,0.5,0.5286
F_median_3d_F7,all,None,Linear SVM,0.7,0.6011,0.5,0.5286
F_dasm_3d19,all,norm3,Random Forest,0.9133,0.8207,0.6,0.5286
F_de_3d_8rm,alpha,norm2,KNN,0.98,0.6995,0.6,0.5286
F_mean_3d_F7,theta,None,KNN,0.96,0.706,0.6,0.5286
F_mean_3d_F8,theta,norm2,Linear SVM,0.48,0.4961,0.6,0.5286
F_median_3d_F4,delta,norm2,Ensemble (Majority Vote),0.7667,0.6175,0.5,0.5286
F_peak_3d_Fz,alpha,None,KNN,0.9733,0.7002,0.7,0.5286
F_mean_3d_Fp2,all,None,Ensemble (Majority Vote),0.7667,0.6763,0.5,0.5286
F_median_3d_T7,gamma,norm2,Linear SVM,0.5333,0.509,0.6,0.5286
F_median_3d_T7,gamma,norm3,Ensemble (Majority Vote),0.7067,0.6023,0.4,0.5286
F_median_3d_T7,gamma,norm3,Linear SVM,0.5333,0.509,0.6,0.5286
F_mean_3d_Fp2,all,norm2,Ensemble (Majority Vote),0.8733,0.6777,0.5,0.5286
F_dasm_3d19,delta,norm2,Random Forest,0.9667,0.7193,0.7,0.5286
F_median_3d_T7,theta,norm2,Ensemble (Majority Vote),0.74,0.6126,0.3,0.5286
F_peak_3d_Fp2,theta,None,Logistic Regression,0.5667,0.5432,0.5,0.5286
F_de_3d_10rm,theta,norm3,Linear SVM,0.6733,0.6285,0.6,0.5286
F_peak_3d_Fp2,theta,None,Linear SVM,0.5667,0.5434,0.5,0.5286
F_median_3d_T7,theta,norm3,Ensemble (Majority Vote),0.74,0.6126,0.3,0.5286
F_peak_3d_Fp2,delta,norm3,XGBoost,0.6267,0.5554,0.6,0.5286
F_peak_3d_Fp2,delta,norm2,XGBoost,0.6267,0.5554,0.6,0.5286
F_median_3d_T8,all,norm2,Random Forest,0.88,0.6607,0.6,0.5286
F_peak_3d_Fp2,beta,norm3,Random Forest,0.7933,0.5913,0.6,0.5286
F_peak_3d_Fp2,beta,norm2,Random Forest,0.7933,0.5913,0.6,0.5286
F_peak_3d_Fp2,alpha,norm3,XGBoost,0.7067,0.5623,0.6,0.5286
F_median_3d_T8,beta,None,Logistic Regression,0.5333,0.5407,0.5,0.5286
F_peak_3d_Fp2,alpha,norm3,Random Forest,0.78,0.5844,0.6,0.5286
F_peak_3d_Fp2,alpha,norm2,XGBoost,0.7067,0.5623,0.6,0.5286
F_peak_3d_Fp2,alpha,norm2,Random Forest,0.78,0.5844,0.6,0.5286
F_peak_3d_Fp2,alpha,None,KNN,0.9667,0.6851,0.6,0.5286
F_mean_3d_Fp2,delta,None,Ensemble (Majority Vote),0.7733,0.6287,0.6,0.5286
F_peak_3d_Fp2,all,norm2,XGBoost,0.8733,0.6487,0.6,0.5286
F_dasm_3d19,theta,norm2,KNN,0.9933,0.7055,0.6,0.5286
F_mean_3d_Fp2,gamma,norm2,KNN,0.9733,0.6786,0.7,0.5286
F_mean_3d_Fp2,gamma,norm2,Linear SVM,0.5267,0.5074,0.6,0.5286
F_dasm_3d19,beta,norm3,XGBoost,0.92,0.7444,0.6,0.5286
F_peak_3d_Fz,alpha,None,Linear SVM,0.56,0.5432,0.5,0.5286
F_peak_3d_Fz,delta,None,KNN,0.9733,0.6982,0.4,0.5286
F_peak_3d_Fz,alpha,None,Logistic Regression,0.5667,0.543,0.5,0.5286
F_de_3d_10rm,theta,norm2,Ensemble (Majority Vote),0.8867,0.7145,0.6,0.5286
F_median_3d_F4,all,norm2,Ensemble (Majority Vote),0.8867,0.6832,0.5,0.5286
F_median_3d_F7,alpha,norm3,Ensemble (Majority Vote),0.74,0.5945,0.6,0.5286
F_mean_3d_F8,theta,norm3,Linear SVM,0.48,0.4961,0.6,0.5286
F_mean_3d_Fp1,all,norm2,KNN,0.98,0.7057,0.6,0.5286
F_mean_3d_Fp1,all,norm2,Random Forest,0.8867,0.6598,0.6,0.5286
F_mean_3d_Fp1,alpha,None,KNN,0.9667,0.6984,0.6,0.5286
F_mean_3d_Fp1,alpha,norm2,KNN,0.98,0.6825,0.6,0.5286
F_mean_3d_Fp1,alpha,norm3,KNN,0.98,0.6825,0.6,0.5286
F_median_3d_F3,theta,norm3,XGBoost,0.6667,0.5434,0.5,0.5286
F_mean_3d_Fp1,beta,None,XGBoost,0.6733,0.5789,0.6,0.5286
F_dasm_3d19,beta,None,Logistic Regression,0.6933,0.6009,0.6,0.5286
F_median_3d_T7,beta,norm2,Ensemble (Majority Vote),0.7133,0.6117,0.5,0.5286
F_median_3d_T7,beta,norm2,Linear SVM,0.4933,0.4922,0.5,0.5286
F_median_3d_F3,theta,norm2,XGBoost,0.6667,0.5434,0.5,0.5286
F_median_3d_T7,beta,norm3,Ensemble (Majority Vote),0.7133,0.6117,0.5,0.5286
F_de_3d19,beta,norm3,XGBoost,0.9933,0.8862,0.7,0.5286
F_mean_3d_Fp1,delta,norm2,Random Forest,0.7667,0.589,0.6,0.5286
F_mean_3d_Fp1,delta,norm2,XGBoost,0.6467,0.5598,0.5,0.5286
F_median_3d_T7,beta,norm3,Linear SVM,0.4933,0.4922,0.5,0.5286
F_mean_3d_Fp1,delta,norm3,Random Forest,0.7667,0.589,0.6,0.5286
F_mean_3d_Fp1,delta,norm3,XGBoost,0.6467,0.5598,0.5,0.5286
F_median_3d_T7,delta,None,Linear SVM,0.5267,0.5324,0.6,0.5286
F_median_3d_T7,delta,None,Logistic Regression,0.5267,0.5324,0.6,0.5286
F_median_3d_T7,delta,norm2,Linear SVM,0.5133,0.4995,0.5,0.5286
F_median_3d_T7,delta,norm3,Linear SVM,0.5133,0.4995,0.5,0.5286
F_median_3d_T7,gamma,norm2,Ensemble (Majority Vote),0.7067,0.6023,0.4,0.5286
F_rasm_3d,alpha,None,XGBoost,0.9067,0.6795,0.4,0.5286
F_median_3d_F7,beta,norm3,XGBoost,0.62,0.551,0.4,0.5286
F_median_3d_F7,beta,None,KNN,0.98,0.6966,0.6,0.5286
F_median_3d_F8,theta,norm2,XGBoost,0.6533,0.5683,0.6,0.5286
F_rasm_3d_3area,theta,None,Logistic Regression,0.4933,0.5,0.4,0.5286
F_mean_3d_C4,beta,None,Linear SVM,0.5467,0.5428,0.6,0.5286
F_mean_3d_C4,beta,None,Logistic Regression,0.5333,0.5425,0.6,0.5286
F_rasm_3d_3area,gamma,norm3,Random Forest,0.7333,0.6163,0.6,0.5286
F_rasm_3d_3area,gamma,norm2,Random Forest,0.7333,0.6163,0.6,0.5286
F_median_3d_Fp1,beta,None,Ensemble (Majority Vote),0.72,0.6076,0.6,0.5286
F_rasm_3d_3area,delta,None,XGBoost,0.62,0.5644,0.6,0.5286
F_median_3d_F8,theta,norm3,XGBoost,0.6533,0.5683,0.6,0.5286
F_median_3d_F8,theta,norm3,Random Forest,0.8267,0.5952,0.6,0.5286
F_mean_3d_C4,beta,norm2,XGBoost,0.5867,0.5561,0.5,0.5286
F_median_3d_Fp2,alpha,norm2,Random Forest,0.7467,0.5823,0.6,0.5286
F_median_3d_Fp2,alpha,norm3,Random Forest,0.7467,0.5823,0.6,0.5286
F_mean_3d_C4,beta,norm3,XGBoost,0.5867,0.5561,0.5,0.5286
F_mean_3d_C4,delta,None,Ensemble (Majority Vote),0.7467,0.6175,0.5,0.5286
F_mean_3d_F3,gamma,None,Ensemble (Majority Vote),0.6933,0.6106,0.6,0.5286
F_median_3d_F8,theta,norm2,Random Forest,0.8267,0.5952,0.6,0.5286
F_mean_3d_C4,delta,None,XGBoost,0.6533,0.5837,0.6,0.5286
F_rasm_3d_3area,all,None,XGBoost,0.8867,0.6947,0.6,0.5286
F_rasm_3d_10rm,theta,norm3,KNN,0.98,0.7405,0.6,0.5286
F_rasm_3d_10rm,theta,norm2,KNN,0.9733,0.7326,0.6,0.5286
F_rasm_3d_10rm,theta,None,Random Forest,0.7867,0.6306,0.4,0.5286
F_rasm_3d_10rm,delta,norm2,Linear SVM,0.5133,0.5163,0.6,0.5286
F_mean_3d_C4,theta,None,Random Forest,0.7067,0.5931,0.5,0.5286
F_median_3d_F8,theta,None,Logistic Regression,0.6133,0.5294,0.6,0.5286
F_median_3d_F8,theta,None,Linear SVM,0.6133,0.5294,0.6,0.5286
F_median_3d_F8,gamma,norm3,XGBoost,0.6067,0.5483,0.6,0.5286
F_rasm_3d_10rm,beta,None,XGBoost,0.88,0.6577,0.5,0.5286
F_median_3d_Fp2,delta,norm2,Ensemble (Majority Vote),0.64,0.6044,0.5,0.5286
F_rasm_3d_8rm,all,None,Random Forest,0.9667,0.7237,0.7,0.5286
F_de_3d_10rm,all,norm2,Linear SVM,0.5333,0.508,0.5,0.5286
F_rasm_3d_8rm,all,norm2,Random Forest,0.9333,0.791,0.5,0.5286
F_rasm_3d_8rm,all,norm3,KNN,0.96,0.7225,0.5,0.5286
F_median_3d_Fp1,gamma,norm2,Linear SVM,0.5267,0.4943,0.6,0.5286
F_rasm_3d_8rm,theta,norm3,Ensemble (Majority Vote),0.86,0.688,0.5,0.5286
F_rasm_3d_8rm,theta,norm2,Random Forest,0.8067,0.6789,0.5,0.5286
F_mean_3d_C3,all,norm3,Logistic Regression,0.7133,0.6108,0.6,0.5286
F_rasm_3d_8rm,theta,None,KNN,1.0,0.7023,0.6,0.5286
F_median_3d_Fp2,all,norm2,Random Forest,0.8933,0.6533,0.6,0.5286
F_dasm_3d,all,norm2,KNN,1.0,0.7834,0.6,0.5286
F_median_3d_Fp2,all,norm2,XGBoost,0.9,0.6561,0.5,0.5286
F_dasm_3d,all,norm2,Linear SVM,0.5,0.5041,0.5,0.5286
F_dasm_3d,all,norm3,Linear SVM,0.84,0.7143,0.6,0.5286
F_median_3d_Fp1,delta,norm3,KNN,0.9667,0.6743,0.6,0.5286
F_median_3d_Fp1,delta,norm3,Ensemble (Majority Vote),0.54,0.5867,0.5,0.5286
F_rasm_3d_8rm,delta,None,XGBoost,0.8533,0.6402,0.6,0.5286
F_de_3d_C3,all,norm3,Logistic Regression,0.66,0.6064,0.5,0.5286
F_rasm_3d_8rm,delta,None,Random Forest,0.78,0.6389,0.5,0.5286
F_rasm_3d_8rm,delta,None,Logistic Regression,0.4933,0.5046,0.6,0.5286
F_median_3d_Fp2,all,norm3,KNN,0.9533,0.7533,0.7,0.5286
F_median_3d_Fp1,delta,norm2,KNN,0.9667,0.6743,0.6,0.5286
F_mean_3d_C3,theta,norm2,Ensemble (Majority Vote),0.7267,0.6101,0.6,0.5286
F_mean_3d_C3,theta,norm2,KNN,0.9867,0.6885,0.5,0.5286
F_median_3d_Fp1,delta,norm2,Ensemble (Majority Vote),0.54,0.5867,0.5,0.5286
F_rasm_3d_8rm,beta,norm3,Ensemble (Majority Vote),0.76,0.6766,0.6,0.5286
F_mean_3d_C3,theta,norm3,Ensemble (Majority Vote),0.7267,0.6101,0.6,0.5286
F_rasm_3d_8rm,alpha,norm3,KNN,0.9733,0.7377,0.7,0.5286
F_mean_3d_C3,theta,norm3,KNN,0.9867,0.6885,0.5,0.5286
F_median_3d_Fp1,delta,None,KNN,0.94,0.7048,0.5,0.5286
F_mean_3d_C4,all,None,KNN,0.9667,0.7398,0.6,0.5286
F_median_3d_Fp2,delta,norm2,KNN,0.98,0.6915,0.5,0.5286
F_median_3d_F8,gamma,norm3,Random Forest,0.7533,0.5869,0.7,0.5286
F_rasm_3d_10rm,alpha,norm3,KNN,0.9867,0.7446,0.6,0.5286
F_median_3d_F7,theta,norm2,KNN,0.9933,0.6959,0.4,0.5286
F_mean_3d_Cz,theta,None,Random Forest,0.6667,0.5913,0.5,0.5286
F_rasm_3d19,all,None,Linear SVM,0.66,0.5494,0.6,0.5286
F_rasm_3d19,all,None,KNN,0.9733,0.6963,0.6,0.5286
F_rasm_3d,theta,norm3,Random Forest,0.7733,0.6869,0.6,0.5286
F_rasm_3d,theta,norm3,KNN,0.9733,0.7368,0.5,0.5286
F_rasm_3d,theta,norm2,XGBoost,0.9467,0.7556,0.6,0.5286
F_rasm_3d,theta,None,XGBoost,0.9067,0.6724,0.6,0.5286
F_rasm_3d,gamma,norm3,Logistic Regression,0.6,0.5225,0.5,0.5286
F_mean_3d_F3,all,norm3,KNN,0.9933,0.7326,0.5,0.5286
F_median_3d_Fz,beta,norm2,Linear SVM,0.4867,0.5025,0.6,0.5286
F_dasm_3d,gamma,norm3,Linear SVM,0.6133,0.5878,0.6,0.5286
F_median_3d_Fz,beta,norm2,XGBoost,0.5933,0.5274,0.5,0.5286
F_mean_3d_F3,alpha,None,Linear SVM,0.5467,0.5361,0.5,0.5286
F_dasm_3d,gamma,norm3,Logistic Regression,0.6133,0.5883,0.6,0.5286
F_rasm_3d,delta,norm3,XGBoost,0.9533,0.7609,0.6,0.5286
F_dasm_3d,gamma,norm3,XGBoost,0.88,0.6933,0.5,0.5286
F_mean_3d_F3,alpha,norm2,KNN,0.9867,0.6929,0.5,0.5286
F_mean_3d_F3,alpha,norm3,KNN,0.9867,0.6929,0.5,0.5286
F_median_3d_Fz,beta,norm3,Linear SVM,0.4867,0.5025,0.6,0.5286
F_mean_3d_F3,beta,None,KNN,0.98,0.7057,0.5,0.5286
F_rasm_3d,delta,norm2,KNN,0.98,0.7297,0.5,0.5286
F_mean_3d_Fp2,gamma,norm3,KNN,0.9733,0.6786,0.7,0.5286
F_median_3d_F7,beta,norm2,XGBoost,0.62,0.551,0.4,0.5286
F_median_3d_Fz,beta,norm3,XGBoost,0.5933,0.5274,0.5,0.5286
F_dasm_3d,theta,norm2,KNN,0.9667,0.6949,0.5,0.5286
F_rasm_3d,beta,norm2,KNN,0.96,0.7301,0.5,0.5286
F_median_3d_Fz,delta,norm2,KNN,0.9933,0.6816,0.6,0.5286
F_mean_3d_Cz,theta,None,Logistic Regression,0.56,0.5375,0.5,0.5286
F_mean_3d_Cz,theta,None,Linear SVM,0.5533,0.5382,0.5,0.5286
F_median_3d_F8,gamma,norm2,XGBoost,0.6067,0.5483,0.6,0.5286
F_median_3d_Fz,beta,None,KNN,0.9867,0.7011,0.6,0.5286
F_median_3d_F8,gamma,norm2,Random Forest,0.7533,0.5869,0.7,0.5286
F_rasm_3d_10rm,all,norm2,KNN,0.9667,0.7071,0.6,0.5286
F_dasm_3d,delta,norm2,Random Forest,0.94,0.6894,0.6,0.5286
F_median_3d_Fp2,delta,norm3,Ensemble (Majority Vote),0.64,0.6044,0.5,0.5286
F_rasm_3d19,theta,norm2,Linear SVM,0.56,0.5184,0.7,0.5286
F_mean_3d_Cz,all,norm3,KNN,0.9667,0.7262,0.6,0.5286
F_median_3d_Fp2,delta,norm3,KNN,0.98,0.6915,0.5,0.5286
F_rasm_3d19,theta,norm2,Ensemble (Majority Vote),0.9,0.7616,0.6,0.5286
F_mean_3d_Cz,alpha,None,KNN,0.9933,0.6933,0.6,0.5286
F_mean_3d_Cz,alpha,None,Linear SVM,0.58,0.5264,0.5,0.5286
F_mean_3d_Cz,alpha,None,Logistic Regression,0.58,0.5264,0.5,0.5286
F_mean_3d_Cz,alpha,None,Random Forest,0.76,0.609,0.5,0.5286
F_de_3d_8rm,gamma,None,Linear SVM,0.6133,0.6016,0.4,0.5286
F_rasm_3d19,theta,None,Random Forest,0.86,0.6839,0.5,0.5286
F_rasm_3d19,gamma,norm3,Ensemble (Majority Vote),0.9067,0.7324,0.6,0.5286
F_mean_3d_Cz,beta,None,XGBoost,0.6533,0.5782,0.5,0.5286
F_mean_3d_Cz,beta,norm2,KNN,0.98,0.6926,0.5,0.5286
F_mean_3d_Cz,beta,norm3,KNN,0.98,0.6926,0.5,0.5286
F_median_3d_Fp2,theta,None,Ensemble (Majority Vote),0.6933,0.603,0.5,0.5286
F_median_3d_Fp2,theta,norm2,Ensemble (Majority Vote),0.5733,0.5841,0.6,0.5286
F_median_3d_Fp2,theta,norm3,Ensemble (Majority Vote),0.5733,0.5841,0.6,0.5286
F_median_3d_Fz,all,norm2,Random Forest,0.9533,0.6706,0.8,0.5286
F_median_3d_F8,beta,None,XGBoost,0.66,0.5913,0.5,0.5286
F_rasm_3d19,beta,norm3,XGBoost,0.94,0.8209,0.5,0.5286
F_de_3d_10rm,delta,None,Linear SVM,0.7333,0.6423,0.5,0.5286
F_de_3d_8rm,delta,norm3,Ensemble (Majority Vote),0.7933,0.726,0.5,0.5286
F_median_3d_F7,theta,norm3,KNN,0.9933,0.6959,0.4,0.5286
F_mean_3d_Fp2,gamma,norm2,Random Forest,0.72,0.5848,0.4,0.5286
F_median_3d_Cz,theta,None,Ensemble (Majority Vote),0.7133,0.6152,0.6,0.5286
F_mean_3d_Fp2,gamma,norm3,Linear SVM,0.5267,0.5074,0.6,0.5286
F_mean_3d_Fp2,gamma,norm3,Random Forest,0.72,0.5848,0.4,0.5286
F_peak_3d_Cz,all,norm2,Random Forest,0.96,0.683,0.6,0.5286
F_peak_3d_Cz,all,norm2,KNN,0.9867,0.7005,0.5,0.5286
F_peak_3d_C4,theta,norm3,KNN,0.9667,0.6832,0.5,0.5286
F_median_3d_10rm,theta,norm3,XGBoost,0.9867,0.7802,0.5,0.5286
F_peak_3d_C4,theta,norm2,KNN,0.9667,0.6832,0.5,0.5286
F_median_3d_C3,beta,norm3,XGBoost,0.5933,0.5561,0.6,0.5286
F_median_3d_1area,all,norm3,Linear SVM,0.6467,0.6044,0.5,0.5286
F_median_3d_1area,alpha,None,XGBoost,0.66,0.5917,0.4,0.5286
F_median_3d_C3,beta,norm3,KNN,0.98,0.6876,0.5,0.5286
F_median_3d_1area,alpha,norm2,Random Forest,0.8467,0.5926,0.5,0.5286
F_median_3d_1area,alpha,norm3,Random Forest,0.8467,0.5926,0.5,0.5286
F_median_3d_1area,beta,None,Ensemble (Majority Vote),0.6467,0.6113,0.6,0.5286
F_peak_3d_C4,delta,norm3,Random Forest,0.7533,0.5924,0.5,0.5286
F_median_3d_1area,beta,None,XGBoost,0.6067,0.5823,0.5,0.5286
F_peak_3d_C4,delta,norm3,KNN,0.98,0.6897,0.4,0.5286
F_dasm_3d_8rm,delta,norm2,XGBoost,0.78,0.6002,0.5,0.5286
F_median_3d_1area,delta,None,KNN,0.9467,0.7032,0.6,0.5286
F_peak_3d_C4,delta,norm2,Random Forest,0.7533,0.5924,0.5,0.5286
F_peak_3d_C4,delta,norm2,KNN,0.98,0.6897,0.4,0.5286
F_median_3d_C3,beta,norm3,Ensemble (Majority Vote),0.72,0.6055,0.5,0.5286
F_median_3d_C3,beta,norm2,XGBoost,0.5933,0.5561,0.6,0.5286
F_median_3d_C3,beta,norm2,KNN,0.98,0.6876,0.5,0.5286
F_peak_3d_C4,beta,None,XGBoost,0.6333,0.5908,0.6,0.5286
F_peak_3d_C4,alpha,norm3,Linear SVM,0.48,0.5007,0.6,0.5286
F_dasm_3d_10rm,theta,norm3,Linear SVM,0.5467,0.5566,0.7,0.5286
F_peak_3d_C4,alpha,norm2,Linear SVM,0.48,0.5007,0.6,0.5286
F_dasm_3d_10rm,theta,norm3,Logistic Regression,0.5467,0.5566,0.7,0.5286
F_peak_3d_C4,all,norm3,Logistic Regression,0.6333,0.5869,0.5,0.5286
F_median_3d_C3,beta,norm2,Ensemble (Majority Vote),0.72,0.6055,0.5,0.5286
F_median_3d_10rm,theta,norm2,Random Forest,0.9467,0.6986,0.4,0.5286
F_median_3d_10rm,delta,norm3,Random Forest,0.8267,0.7149,0.5,0.5286
F_median_3d_C3,delta,norm2,Ensemble (Majority Vote),0.6533,0.5924,0.6,0.5286
F_peak_3d_Cz,beta,None,Random Forest,0.6733,0.6034,0.6,0.5286
F_median_3d_C4,all,None,Random Forest,0.78,0.6701,0.5,0.5286
F_median_3d19,gamma,norm2,KNN,0.9267,0.6961,0.5,0.5286
F_median_3d_C3,theta,norm3,Linear SVM,0.5,0.5023,0.5,0.5286
F_dasm_3d_10rm,delta,norm3,KNN,0.9867,0.7366,0.5,0.5286
F_median_3d_C3,theta,norm3,Ensemble (Majority Vote),0.72,0.6037,0.8,0.5286
F_peak_3d_Cz,gamma,norm3,KNN,0.9933,0.6901,0.5,0.5286
F_peak_3d19,theta,norm3,KNN,1.0,0.8995,0.6,0.5286
F_peak_3d_Cz,gamma,norm2,KNN,0.9933,0.6901,0.5,0.5286
F_median_3d_C3,theta,norm2,Linear SVM,0.5,0.5023,0.5,0.5286
F_median_3d_C3,theta,norm2,KNN,0.9867,0.6915,0.7,0.5286
F_median_3d_C3,theta,norm2,Ensemble (Majority Vote),0.72,0.6037,0.8,0.5286
F_dasm_3d_10rm,gamma,norm2,Ensemble (Majority Vote),0.9133,0.6589,0.8,0.5286
F_peak_3d_10rm,all,None,KNN,1.0,0.9759,0.5,0.5286
F_de_3d_2area,alpha,None,Random Forest,0.68,0.6161,0.5,0.5286
F_peak_3d_Cz,all,norm3,KNN,0.9867,0.752,0.6,0.5286
F_median_3d_10rm,alpha,norm2,Random Forest,0.9667,0.7039,0.6,0.5286
F_de_3d_2area,alpha,None,Logistic Regression,0.5467,0.552,0.5,0.5286
F_median_3d_Fp1,gamma,norm3,Linear SVM,0.5267,0.4943,0.6,0.5286
F_dasm_3d_8rm,theta,None,Ensemble (Majority Vote),0.7333,0.6469,0.5,0.5286
F_peak_3d_Cz,beta,None,Logistic Regression,0.5733,0.5708,0.6,0.5286
F_median_3d_10rm,beta,None,Logistic Regression,0.7333,0.6549,0.5,0.5286
F_peak_3d_Cz,beta,None,Linear SVM,0.5733,0.571,0.6,0.5286
F_peak_3d_10rm,all,norm2,Random Forest,0.98,0.8487,0.6,0.5286
F_median_3d_10rm,delta,None,Ensemble (Majority Vote),0.8733,0.751,0.5,0.5286
F_median_3d_10rm,delta,None,KNN,0.9933,0.8324,0.4,0.5286
F_dasm_3d_8rm,gamma,norm2,XGBoost,0.7933,0.6092,0.5,0.5286
F_peak_3d_10rm,alpha,norm3,KNN,0.9533,0.8301,0.7,0.5286
F_median_3d_C3,delta,norm3,Ensemble (Majority Vote),0.6533,0.5924,0.6,0.5286
F_dasm_3d_10rm,theta,norm3,Random Forest,0.72,0.6428,0.6,0.5286
F_peak_3d_C4,all,None,Random Forest,0.7733,0.6857,0.5,0.5286
F_median_3d_C3,beta,None,Random Forest,0.66,0.5954,0.5,0.5286
F_peak_3d_2area,gamma,norm3,Random Forest,0.8067,0.6207,0.6,0.5286
F_peak_3d_1area,delta,norm3,KNN,0.9667,0.6851,0.4,0.5286
F_peak_3d_3area,alpha,norm2,Ensemble (Majority Vote),0.8133,0.6457,0.6,0.5286
F_dasm_3d_3area,theta,norm3,Ensemble (Majority Vote),0.5667,0.5915,0.5,0.5286
F_dasm_3d_3area,theta,norm3,Random Forest,0.8,0.5922,0.6,0.5286
F_median_3d_8rm,delta,norm3,Linear SVM,0.6733,0.6103,0.6,0.5286
F_peak_3d_3area,all,None,Random Forest,0.8933,0.7655,0.7,0.5286
F_dasm_3d_8rm,all,None,KNN,1.0,0.8793,0.6,0.5286
F_dasm_3d_8rm,all,norm2,Ensemble (Majority Vote),0.98,0.7766,0.6,0.5286
F_peak_3d_2area,theta,norm3,Random Forest,0.7867,0.6193,0.4,0.5286
F_peak_3d_2area,theta,norm3,Linear SVM,0.5667,0.5366,0.6,0.5286
F_dasm_3d_8rm,all,norm2,Random Forest,1.0,0.7715,0.6,0.5286
F_peak_3d_2area,theta,norm2,Linear SVM,0.52,0.4998,0.5,0.5286
F_median_3d_8rm,delta,norm2,Random Forest,0.9267,0.6959,0.6,0.5286
F_median_3d_8rm,delta,norm2,KNN,0.9933,0.7106,0.8,0.5286
F_dasm_3d_3area,theta,norm2,Ensemble (Majority Vote),0.5667,0.5915,0.5,0.5286
F_median_3d_8rm,delta,None,Random Forest,0.82,0.7,0.5,0.5286
F_median_3d_8rm,delta,None,Ensemble (Majority Vote),0.84,0.7168,0.5,0.5286
F_median_3d_3area,theta,None,XGBoost,0.7867,0.6529,0.7,0.5286
F_median_3d_3area,theta,norm2,KNN,0.98,0.6862,0.6,0.5286
F_median_3d_3area,theta,norm2,Linear SVM,0.4933,0.4943,0.6,0.5286
F_median_3d_8rm,all,None,Ensemble (Majority Vote),0.9867,0.8857,0.6,0.5286
F_peak_3d_2area,gamma,norm3,Ensemble (Majority Vote),0.7067,0.6283,0.6,0.5286
F_median_3d_8rm,all,None,XGBoost,1.0,0.9706,0.6,0.5286
F_peak_3d_2area,beta,norm2,Linear SVM,0.5333,0.5129,0.5,0.5286
F_median_3d_8rm,beta,norm3,KNN,0.9933,0.7816,0.4,0.5286
F_peak_3d_2area,beta,None,Linear SVM,0.58,0.5683,0.5,0.5286
F_peak_3d_2area,alpha,norm2,Random Forest,0.8667,0.6161,0.5,0.5286
F_peak_3d_2area,alpha,norm2,Ensemble (Majority Vote),0.72,0.623,0.5,0.5286
F_dasm_3d_3area,theta,norm2,Random Forest,0.8,0.5922,0.6,0.5286
F_peak_3d_1area,delta,norm2,KNN,0.9667,0.6851,0.4,0.5286
F_peak_3d_C3,beta,None,KNN,0.9933,0.7085,0.7,0.5286
F_median_3d_2area,gamma,norm2,Linear SVM,0.5,0.5064,0.5,0.5286
F_peak_3d_10rm,beta,norm3,KNN,0.9933,0.8476,0.7,0.5286
F_peak_3d_10rm,delta,None,Linear SVM,0.6933,0.6471,0.5,0.5286
F_de_3d_1area,alpha,norm2,Ensemble (Majority Vote),0.6467,0.5959,0.6,0.5286
F_median_3d_2area,delta,norm2,KNN,0.9733,0.6876,0.6,0.5286
F_peak_3d_C3,all,None,XGBoost,0.8933,0.7237,0.5,0.5286
F_dasm_3d_8rm,beta,None,Logistic Regression,0.5933,0.5639,0.5,0.5286
F_peak_3d_10rm,theta,None,KNN,0.9933,0.8292,0.4,0.5286
F_de_3d_1area,alpha,norm2,Linear SVM,0.4933,0.5037,0.5,0.5286
F_median_3d_C3,all,None,Ensemble (Majority Vote),0.8,0.6848,0.5,0.5286
F_dasm_3d_8rm,beta,None,Linear SVM,0.5733,0.563,0.5,0.5286
F_dasm_3d_8rm,alpha,norm3,Random Forest,0.7333,0.6368,0.4,0.5286
F_peak_3d_8rm,gamma,norm2,Linear SVM,0.4867,0.5087,0.6,0.5286
F_peak_3d_1area,all,norm2,Ensemble (Majority Vote),0.86,0.6816,0.5,0.5286
F_peak_3d_8rm,delta,norm3,XGBoost,0.9333,0.7832,0.5,0.5286
F_de_3d_1area,alpha,norm3,Linear SVM,0.4933,0.5037,0.5,0.5286
F_median_3d_2area,theta,norm3,Ensemble (Majority Vote),0.7,0.6179,0.6,0.5286
F_median_3d_8rm,theta,norm3,Linear SVM,0.6467,0.5908,0.5,0.5286
F_median_3d_2area,theta,norm3,Random Forest,0.72,0.6048,0.6,0.5286
F_dasm_3d_3area,gamma,norm2,Linear SVM,0.5,0.4986,0.5,0.5286
F_peak_3d_1area,alpha,None,Ensemble (Majority Vote),0.72,0.626,0.5,0.5286
F_peak_3d_1area,alpha,None,Random Forest,0.6267,0.6051,0.6,0.5286
F_median_3d_8rm,theta,None,XGBoost,0.9533,0.7508,0.6,0.5286
F_median_3d_3area,all,norm3,Logistic Regression,0.8,0.6816,0.4,0.5286
F_peak_3d_3area,delta,norm3,Ensemble (Majority Vote),0.74,0.657,0.5,0.5286
F_dasm_3d_3area,gamma,norm3,Linear SVM,0.5,0.4986,0.5,0.5286
F_median_3d_3area,alpha,norm2,Random Forest,0.8933,0.6333,0.7,0.5286
F_de_3d_1area,alpha,norm3,Ensemble (Majority Vote),0.6467,0.5959,0.6,0.5286
F_dasm_3d_3area,theta,None,XGBoost,0.6267,0.5763,0.5,0.5286
F_median_3d_C4,all,norm3,Random Forest,0.76,0.6655,0.6,0.5286
F_median_3d_C4,all,norm3,XGBoost,0.8667,0.697,0.6,0.5286
F_peak_3d19,delta,norm2,XGBoost,1.0,0.8092,0.7,0.5286
F_peak_3d_F8,alpha,norm2,XGBoost,0.5533,0.546,0.6,0.5286
F_mean_3d_Fz,theta,norm3,XGBoost,0.5067,0.5354,0.6,0.5286
F_peak_3d_F8,delta,norm2,XGBoost,0.5467,0.5453,0.6,0.5286
F_median_3d_Cz,delta,None,Random Forest,0.6667,0.586,0.6,0.5286
F_mean_3d_T7,all,norm3,KNN,0.94,0.7494,0.6,0.5286
F_mean_3d_T7,alpha,norm2,Ensemble (Majority Vote),0.7533,0.6202,0.6,0.5286
F_mean_3d_T7,alpha,norm3,Ensemble (Majority Vote),0.7533,0.6202,0.6,0.5286
F_mean_3d_T7,beta,norm2,Random Forest,0.7933,0.5818,0.6,0.5286
F_peak_3d_F8,delta,norm2,KNN,0.9933,0.6802,0.6,0.5286
F_mean_3d_T7,beta,norm3,Random Forest,0.7933,0.5818,0.6,0.5286
F_peak_3d_F8,alpha,norm3,XGBoost,0.5533,0.546,0.6,0.5286
F_peak_3d_F8,alpha,norm3,Random Forest,0.6867,0.5878,0.5,0.5286
F_mean_3d_T7,delta,None,Linear SVM,0.54,0.5349,0.5,0.5286
F_peak_3d_F8,alpha,norm3,Ensemble (Majority Vote),0.54,0.5839,0.6,0.5286
F_mean_3d_T7,gamma,norm2,KNN,0.98,0.686,0.6,0.5286
F_mean_3d_Fz,theta,norm2,XGBoost,0.5067,0.5354,0.6,0.5286
F_peak_3d_F8,alpha,norm2,Random Forest,0.6867,0.5878,0.5,0.5286
F_peak_3d_F8,alpha,norm2,Ensemble (Majority Vote),0.54,0.5839,0.6,0.5286
F_peak_3d_F8,all,norm2,XGBoost,0.9467,0.6402,0.6,0.5286
F_mean_3d_T7,gamma,norm3,KNN,0.98,0.686,0.6,0.5286
F_peak_3d,alpha,norm2,Linear SVM,0.46,0.4949,0.4,0.5286
F_de_3d,theta,norm2,Linear SVM,0.4933,0.4961,0.5,0.5286
F_peak_3d_F7,alpha,norm3,Random Forest,0.8,0.5885,0.6,0.5286
F_peak_3d_F7,alpha,norm2,Random Forest,0.8,0.5885,0.6,0.5286
F_median_3d_Cz,beta,norm3,Linear SVM,0.5133,0.5016,0.6,0.5286
F_mean_3d_T8,alpha,None,Linear SVM,0.56,0.5428,0.5,0.5286
F_mean_3d_T8,alpha,None,Logistic Regression,0.56,0.5437,0.5,0.5286
F_mean_3d_T8,alpha,None,Random Forest,0.7,0.6037,0.6,0.5286
F_median_3d_Cz,beta,norm3,KNN,1.0,0.6869,0.6,0.5286
F_peak_3d_F8,delta,norm3,KNN,0.9933,0.6802,0.6,0.5286
F_peak_3d_F8,delta,norm3,XGBoost,0.5467,0.5453,0.6,0.5286
F_peak_3d_F4,theta,norm3,Ensemble (Majority Vote),0.6333,0.5722,0.5,0.5286
F_median_3d_Cz,gamma,norm2,KNN,0.9933,0.6931,0.5,0.5286
F_median_3d_T8,delta,norm2,Linear SVM,0.5,0.4961,0.6,0.5286
F_median_3d_T8,delta,norm3,Linear SVM,0.5,0.4961,0.6,0.5286
F_median_3d_T8,gamma,norm2,Ensemble (Majority Vote),0.7533,0.5869,0.7,0.5286
F_mean_3d_Fp2,theta,None,XGBoost,0.6667,0.5883,0.6,0.5286
F_median_3d_T8,gamma,norm3,Ensemble (Majority Vote),0.7533,0.5869,0.7,0.5286
F_median_3d_8rm,beta,norm2,Linear SVM,0.54,0.5099,0.7,0.5286
F_mean_3d_Fz,all,norm2,Ensemble (Majority Vote),0.8267,0.671,0.5,0.5286
F_median_3d_Cz,gamma,norm3,Linear SVM,0.5,0.5057,0.5,0.5286
F_mean_3d_Fz,all,norm2,Linear SVM,0.4867,0.5097,0.8,0.5286
F_median_3d_Cz,gamma,norm3,KNN,0.9933,0.6931,0.5,0.5286
F_median_3d_T8,theta,None,Linear SVM,0.5267,0.5274,0.5,0.5286
F_median_3d_Cz,gamma,norm2,Linear SVM,0.5,0.5057,0.5,0.5286
F_dasm_3d_10rm,all,None,Linear SVM,0.82,0.6933,0.6,0.5286
F_median_3d_T8,theta,None,Logistic Regression,0.5267,0.5271,0.5,0.5286
F_mean_3d_Fz,gamma,norm3,XGBoost,0.5933,0.5648,0.6,0.5286
F_de_3d19,all,norm3,Random Forest,0.9333,0.8669,0.4,0.5286
F_mean_3d_Fz,alpha,norm2,XGBoost,0.5867,0.5547,0.5,0.5286
F_peak_3d_F8,theta,None,XGBoost,0.6533,0.5855,0.6,0.5286
F_mean_3d_Fz,alpha,norm3,XGBoost,0.5867,0.5547,0.5,0.5286
F_mean_3d_Fz,beta,norm2,Random Forest,0.8467,0.6032,0.4,0.5286
F_mean_3d_Fz,beta,norm2,XGBoost,0.6667,0.5687,0.5,0.5286
F_mean_3d_Fz,beta,norm3,Random Forest,0.8467,0.6032,0.4,0.5286
F_mean_3d_Fz,beta,norm3,XGBoost,0.6667,0.5687,0.5,0.5286
F_peak_3d_F8,theta,None,Random Forest,0.6733,0.5903,0.7,0.5286
F_peak_3d_F8,gamma,norm3,KNN,0.9933,0.6899,0.6,0.5286
F_peak_3d_F8,gamma,norm2,KNN,0.9933,0.6899,0.6,0.5286
F_de_3d_1area,all,None,KNN,1.0,0.788,0.5,0.5286
F_mean_3d_Fz,gamma,norm2,XGBoost,0.5933,0.5648,0.6,0.5286
F_peak_3d_F7,all,None,Linear SVM,0.72,0.643,0.5,0.5286
F_peak_3d_F4,theta,norm2,Ensemble (Majority Vote),0.6333,0.5722,0.5,0.5286
F_median_3d19,gamma,None,Ensemble (Majority Vote),0.94,0.8117,0.5,0.5286
F_median_3d_C4,theta,norm2,Linear SVM,0.4933,0.5034,0.6,0.5286
F_peak_3d_F4,alpha,norm2,Linear SVM,0.4933,0.4995,0.5,0.5286
F_median_3d,gamma,norm3,XGBoost,0.9867,0.803,0.7,0.5286
F_de_3d_1area,all,norm2,Linear SVM,0.54,0.5087,0.6,0.5286
F_median_3d_Cz,all,norm2,Linear SVM,0.4867,0.5007,0.5,0.5286
F_peak_3d_F4,all,None,XGBoost,0.88,0.7292,0.5,0.5286
F_peak_3d_F3,gamma,norm3,Linear SVM,0.4933,0.5023,0.5,0.5286
F_peak_3d_F3,gamma,norm2,Linear SVM,0.4933,0.5023,0.5,0.5286
F_median_3d19,all,norm2,Ensemble (Majority Vote),0.9667,0.8616,0.6,0.5286
F_peak_3d_F3,delta,None,Random Forest,0.6467,0.5954,0.5,0.5286
F_median_3d_Cz,all,None,Logistic Regression,0.68,0.5823,0.5,0.5286
F_de_3d_2area,delta,norm3,Ensemble (Majority Vote),0.72,0.6637,0.5,0.5286
F_peak_3d,theta,norm2,Random Forest,0.94,0.7143,0.5,0.5286
F_median_3d_C4,theta,norm3,Linear SVM,0.4933,0.5034,0.6,0.5286
F_median_3d_C4,gamma,norm3,KNN,0.9933,0.6874,0.7,0.5286
F_median_3d_Cz,all,norm3,Random Forest,0.7733,0.6572,0.6,0.5286
F_median_3d19,alpha,None,Logistic Regression,0.7933,0.6609,0.6,0.5286
F_median_3d_C4,gamma,norm2,KNN,0.9933,0.6874,0.7,0.5286
F_median_3d_C4,delta,norm3,Ensemble (Majority Vote),0.7,0.6007,0.6,0.5286
F_median_3d19,alpha,norm3,Logistic Regression,0.7733,0.671,0.5,0.5286
F_median_3d_C4,delta,norm2,Ensemble (Majority Vote),0.7,0.6007,0.6,0.5286
F_median_3d19,beta,norm2,KNN,0.94,0.7115,0.5,0.5286
F_median_3d_C4,delta,None,KNN,0.9867,0.6966,0.6,0.5286
F_median_3d_C4,beta,norm3,XGBoost,0.56,0.5467,0.6,0.5286
F_median_3d_C4,beta,norm2,XGBoost,0.56,0.5467,0.6,0.5286
F_de_3d_2area,beta,norm2,XGBoost,0.8067,0.6032,0.6,0.5286
F_peak_3d19,beta,norm2,Random Forest,0.9867,0.7715,0.6,0.5286
F_dasm_3d_10rm,delta,norm2,Linear SVM,0.52,0.5092,0.6,0.5286
F_median_3d_C4,beta,None,Ensemble (Majority Vote),0.72,0.628,0.6,0.5286
F_peak_3d_F4,alpha,norm2,Random Forest,0.84,0.589,0.5,0.5286
F_median_3d,gamma,None,Random Forest,0.8867,0.7377,0.4,0.5286
F_median_3d_Cz,beta,norm2,Linear SVM,0.5133,0.5016,0.6,0.5286
F_dasm_3d,all,None,KNN,1.0,0.9423,0.6,0.5286
F_mean_3d_T8,beta,norm2,XGBoost,0.6867,0.5572,0.6,0.5286
F_median_3d_Cz,beta,norm2,KNN,1.0,0.6869,0.6,0.5286
F_mean_3d_T8,beta,norm3,XGBoost,0.6867,0.5572,0.6,0.5286
F_mean_3d_T8,gamma,norm2,Linear SVM,0.52,0.5046,0.7,0.5286
F_mean_3d_T8,gamma,norm3,Linear SVM,0.52,0.5046,0.7,0.5286
F_de_3d,delta,None,Linear SVM,0.76,0.6568,0.5,0.5286
F_mean_3d_T8,theta,None,Linear SVM,0.54,0.5264,0.6,0.5286
F_mean_3d_T8,theta,None,Logistic Regression,0.54,0.526,0.6,0.5286
F_mean_3d_T8,theta,norm2,Linear SVM,0.48,0.5085,0.5,0.5286
F_peak_3d_F4,theta,None,Ensemble (Majority Vote),0.6933,0.6195,0.5,0.5286
F_mean_3d_T8,theta,norm3,Linear SVM,0.48,0.5085,0.5,0.5286
F_peak_3d,gamma,None,KNN,1.0,0.8892,0.6,0.5286
F_peak_3d_F4,gamma,None,Linear SVM,0.5467,0.529,0.6,0.5286
F_median_3d,all,norm2,XGBoost,1.0,0.9483,0.6,0.5286
F_dasm_3d_10rm,beta,norm2,Linear SVM,0.5,0.5048,0.5,0.5286
F_peak_3d_F4,gamma,None,Ensemble (Majority Vote),0.7067,0.6149,0.6,0.5286
F_median_3d_Cz,alpha,norm3,Random Forest,0.7333,0.5851,0.6,0.5286
F_peak_3d_F4,beta,norm3,Linear SVM,0.48,0.4977,0.5,0.5286
F_median_3d,alpha,norm2,Ensemble (Majority Vote),0.92,0.7239,0.5,0.5286
F_peak_3d_F4,beta,norm2,Linear SVM,0.48,0.4977,0.5,0.5286
F_de_3d_2area,theta,norm2,Linear SVM,0.5,0.4936,0.5,0.5286
F_median_3d,beta,None,Logistic Regression,0.7867,0.6692,0.5,0.5286
F_dasm_3d_10rm,beta,None,Linear SVM,0.6133,0.5722,0.5,0.5286
F_median_3d_Cz,alpha,norm2,Random Forest,0.7333,0.5851,0.6,0.5286
F_de_3d,alpha,norm3,XGBoost,0.98,0.8237,0.5,0.5286
F_peak_3d_F4,beta,None,KNN,0.9533,0.7074,0.5,0.5286
F_peak_3d_F4,alpha,norm3,Random Forest,0.84,0.589,0.5,0.5286
F_peak_3d_F4,alpha,norm3,Linear SVM,0.4933,0.4995,0.5,0.5286
F_de_3d_2area,alpha,None,Linear SVM,0.56,0.5499,0.5,0.5286
F_de_3d_F3,theta,norm2,Linear SVM,0.5067,0.5037,0.5,0.5286
F_median_3d_C3,theta,norm3,KNN,0.9867,0.6915,0.7,0.5286
F_de_3d_F7,delta,norm3,Ensemble (Majority Vote),0.5733,0.5917,0.5,0.5286
F_de_3d_F7,alpha,None,KNN,0.9733,0.7037,0.6,0.5286
F_de_3d_F7,alpha,norm2,Ensemble (Majority Vote),0.7267,0.6255,0.5,0.5286
F_de_3d_F7,alpha,norm2,Linear SVM,0.4933,0.5011,0.5,0.5286
F_de_3d_Cz,delta,norm2,KNN,0.98,0.6839,0.5,0.5286
F_de_3d_F7,alpha,norm3,Ensemble (Majority Vote),0.7267,0.6255,0.5,0.5286
F_de_3d_F7,alpha,norm3,Linear SVM,0.4933,0.5011,0.5,0.5286
F_mean_3d,beta,norm2,Linear SVM,0.5267,0.5097,0.5,0.5286
F_de_3d_Cz,all,norm3,Ensemble (Majority Vote),0.7667,0.6763,0.5,0.5286
F_de_3d_Cz,delta,norm3,KNN,0.98,0.6839,0.5,0.5286
F_de_3d_Cz,all,None,KNN,0.9933,0.7676,0.5,0.5286
F_de_3d_C4,theta,norm3,Random Forest,0.7267,0.5936,0.6,0.5286
F_mean_3d,gamma,None,KNN,1.0,0.8264,0.5,0.5286
F_de_3d_F7,delta,norm2,Ensemble (Majority Vote),0.5733,0.5917,0.5,0.5286
F_de_3d_Cz,gamma,None,Random Forest,0.6667,0.5754,0.6,0.5286
F_mean_3d,gamma,norm2,KNN,0.9533,0.691,0.6,0.5286
F_de_3d_T7,delta,norm2,Ensemble (Majority Vote),0.6467,0.5966,0.5,0.5286
F_de_3d_T7,all,norm2,Linear SVM,0.5067,0.4995,0.6,0.5286
F_de_3d_C4,theta,norm2,Random Forest,0.7267,0.5936,0.6,0.5286
F_de_3d_F7,gamma,None,KNN,0.98,0.6933,0.6,0.5286
F_mean_3d,theta,None,Random Forest,0.8533,0.7083,0.5,0.5286
F_mean_3d,theta,None,XGBoost,0.9667,0.8025,0.5,0.5286
F_mean_3d,theta,norm2,Ensemble (Majority Vote),0.8867,0.7156,0.5,0.5286
F_mean_3d,theta,norm2,KNN,0.96,0.7101,0.5,0.5286
F_mean_3d,theta,norm3,KNN,0.98,0.8055,0.5,0.5286
F_mean_3d_3area,alpha,norm3,Random Forest,0.8,0.6322,0.7,0.5286
F_mean_3d_3area,alpha,norm2,XGBoost,0.7667,0.6103,0.5,0.5286
F_mean_3d_3area,alpha,norm2,Random Forest,0.8733,0.6331,0.6,0.5286
F_mean_3d_3area,alpha,norm2,Linear SVM,0.5067,0.5046,0.6,0.5286
F_mean_3d_3area,alpha,norm2,KNN,0.9667,0.6869,0.7,0.5286
F_de_3d_C4,theta,None,KNN,1.0,0.697,0.8,0.5286
F_de_3d_Cz,alpha,None,Linear SVM,0.5667,0.5359,0.6,0.5286
F_de_3d_F7,all,norm2,Linear SVM,0.4733,0.492,0.6,0.5286
F_mean_3d_8rm,delta,norm2,Random Forest,0.9,0.6864,0.6,0.5286
F_mean_3d_3area,theta,norm3,Random Forest,0.7867,0.64,0.5,0.5286
F_de_3d_T8,all,norm2,Ensemble (Majority Vote),0.8733,0.6726,0.7,0.5286
F_mean_3d_8rm,alpha,norm3,Linear SVM,0.72,0.6149,0.6,0.5286
F_mean_3d_8rm,alpha,None,Linear SVM,0.7267,0.6292,0.5,0.5286
F_mean_3d_8rm,alpha,None,Ensemble (Majority Vote),0.8667,0.7087,0.5,0.5286
F_de_3d_C3,delta,norm2,XGBoost,0.6267,0.56,0.6,0.5286
F_de_3d_F4,delta,None,XGBoost,0.6133,0.5768,0.5,0.5286
F_de_3d_Cz,beta,norm2,Linear SVM,0.56,0.5034,0.4,0.5286
F_de_3d_Cz,beta,norm2,Random Forest,0.74,0.5894,0.6,0.5286
F_mean_3d_8rm,all,None,XGBoost,1.0,0.9623,0.6,0.5286
F_de_3d_Cz,beta,norm2,XGBoost,0.5467,0.5471,0.5,0.5286
F_mean_3d,all,None,Logistic Regression,0.9533,0.7947,0.4,0.5286
F_de_3d_F4,gamma,None,KNN,0.98,0.7032,0.3,0.5286
F_de_3d_T7,gamma,norm3,Linear SVM,0.5,0.4993,0.5,0.5286
F_de_3d_F4,gamma,None,Random Forest,0.7,0.612,0.6,0.5286
F_de_3d_Cz,beta,norm3,Linear SVM,0.56,0.5034,0.4,0.5286
F_de_3d_Cz,alpha,None,Logistic Regression,0.5667,0.5354,0.6,0.5286
F_de_3d_Cz,beta,norm3,Random Forest,0.74,0.5894,0.6,0.5286
F_de_3d_T7,gamma,norm2,Linear SVM,0.5,0.4993,0.5,0.5286
F_de_3d_Cz,beta,norm3,XGBoost,0.5467,0.5471,0.5,0.5286
F_de_3d_Cz,alpha,norm3,Ensemble (Majority Vote),0.7067,0.6007,0.6,0.5286
F_de_3d_C3,delta,norm3,XGBoost,0.6267,0.56,0.6,0.5286
F_mean_3d_3area,gamma,norm3,Ensemble (Majority Vote),0.7,0.6359,0.6,0.5286
F_de_3d_T7,delta,norm3,XGBoost,0.5467,0.5556,0.6,0.5286
F_mean_3d_3area,gamma,norm2,Linear SVM,0.48,0.5002,0.5,0.5286
F_de_3d_Cz,alpha,norm2,Ensemble (Majority Vote),0.7067,0.6007,0.6,0.5286
F_de_3d_T7,delta,norm3,Ensemble (Majority Vote),0.6467,0.5966,0.5,0.5286
F_de_3d_T7,delta,norm2,XGBoost,0.5467,0.5556,0.6,0.5286
F_de_3d_F7,all,None,Linear SVM,0.7,0.6223,0.6,0.5286
F_mean_3d_3area,gamma,None,Linear SVM,0.58,0.5586,0.5,0.5286
F_de_3d_Cz,alpha,None,Random Forest,0.72,0.5952,0.6,0.5286
F_de_3d_Fz,gamma,norm3,KNN,0.9933,0.6887,0.7,0.5286
F_de_3d_F8,all,None,XGBoost,0.82,0.703,0.5,0.5286
F_mean_3d_3area,all,norm2,Ensemble (Majority Vote),0.9467,0.7437,0.5,0.5286
F_de_3d_F3,alpha,norm3,KNN,1.0,0.6749,0.5,0.5286
F_de_3d_C4,beta,None,Ensemble (Majority Vote),0.7467,0.6285,0.4,0.5286
F_de_3d_Fp1,all,norm2,XGBoost,0.9133,0.6632,0.5,0.5286
F_de_3d_Fp1,all,norm3,Ensemble (Majority Vote),0.7467,0.6956,0.7,0.5286
F_de_3d_C4,alpha,norm3,Ensemble (Majority Vote),0.72,0.592,0.6,0.5286
F_mean_3d_10rm,delta,norm2,Ensemble (Majority Vote),0.88,0.7106,0.6,0.5286
F_de_3d_Fp1,beta,None,KNN,0.98,0.6949,0.5,0.5286
F_mean_3d_1area,gamma,norm3,Random Forest,0.7667,0.5984,0.5,0.5286
F_mean_3d_10rm,delta,norm3,Ensemble (Majority Vote),0.8667,0.7356,0.4,0.5286
F_mean_3d_1area,gamma,norm2,Random Forest,0.7667,0.5984,0.5,0.5286
F_mean_3d_10rm,gamma,None,Ensemble (Majority Vote),0.8667,0.7306,0.5,0.5286
F_mean_3d_10rm,gamma,None,Linear SVM,0.6933,0.6115,0.5,0.5286
F_de_3d_C4,alpha,norm2,Ensemble (Majority Vote),0.72,0.592,0.6,0.5286
F_de_3d_F3,alpha,norm3,Linear SVM,0.4867,0.4977,0.5,0.5286
F_de_3d_Fp1,gamma,norm2,Random Forest,0.7267,0.5874,0.7,0.5286
F_mean_3d_1area,beta,norm3,XGBoost,0.5467,0.5513,0.6,0.5286
F_de_3d_Fz,gamma,norm2,KNN,0.9933,0.6887,0.7,0.5286
F_de_3d_T8,beta,norm3,Ensemble (Majority Vote),0.72,0.6085,0.6,0.5286
F_mean_3d_1area,beta,norm3,Ensemble (Majority Vote),0.6933,0.6078,0.4,0.5286
F_mean_3d_1area,beta,norm2,XGBoost,0.5467,0.5513,0.6,0.5286
F_mean_3d_10rm,theta,None,Linear SVM,0.74,0.6248,0.6,0.5286
F_de_3d_Fp1,gamma,norm3,Random Forest,0.7267,0.5874,0.7,0.5286
F_mean_3d_1area,beta,norm2,Ensemble (Majority Vote),0.6933,0.6078,0.4,0.5286
F_mean_3d_1area,beta,None,XGBoost,0.6467,0.5839,0.5,0.5286
F_mean_3d_1area,beta,None,Ensemble (Majority Vote),0.6933,0.6189,0.5,0.5286
F_de_3d_F3,alpha,norm2,KNN,1.0,0.6749,0.5,0.5286
F_de_3d_F3,alpha,norm2,Linear SVM,0.4867,0.4977,0.5,0.5286
F_mean_3d_10rm,theta,norm2,XGBoost,0.9467,0.7103,0.6,0.5286
F_de_3d_C4,all,norm2,Linear SVM,0.5133,0.5103,0.6,0.5286
F_mean_3d_1area,alpha,None,Random Forest,0.7267,0.6053,0.6,0.5286
F_mean_3d_10rm,theta,norm3,Linear SVM,0.7133,0.6218,0.6,0.5286
F_de_3d_Fp1,all,None,Random Forest,0.78,0.677,0.5,0.5286
F_mean_3d_10rm,alpha,norm3,KNN,0.9867,0.7754,0.4,0.5286
F_de_3d_F8,gamma,norm3,KNN,0.98,0.686,0.7,0.5286
F_de_3d_F8,gamma,norm2,KNN,0.98,0.686,0.7,0.5286
F_de_3d_Fz,delta,norm3,Random Forest,0.7267,0.5901,0.6,0.5286
F_de_3d_Fz,delta,norm3,KNN,0.98,0.6786,0.6,0.5286
F_de_3d_Fz,delta,norm2,Random Forest,0.7267,0.5901,0.6,0.5286
F_de_3d_Fz,delta,norm2,KNN,0.98,0.6786,0.6,0.5286
F_de_3d_F8,alpha,None,Random Forest,0.68,0.5982,0.6,0.5286
F_de_3d_F3,delta,None,XGBoost,0.6333,0.5768,0.4,0.5286
F_de_3d_Cz,theta,None,Random Forest,0.62,0.5975,0.4,0.5286
F_de_3d_C4,gamma,norm3,Ensemble (Majority Vote),0.76,0.6297,0.6,0.5286
F_mean_3d_2area,delta,norm3,Random Forest,0.76,0.6237,0.5,0.5286
F_de_3d_C3,theta,norm2,Linear SVM,0.4933,0.4945,0.5,0.5286
F_de_3d_F8,beta,norm2,Random Forest,0.7667,0.5897,0.6,0.5286
F_de_3d_C4,gamma,norm2,Ensemble (Majority Vote),0.76,0.6297,0.6,0.5286
F_mean_3d_2area,delta,norm2,Linear SVM,0.5,0.5057,0.6,0.5286
F_de_3d_C4,gamma,None,KNN,0.9733,0.6993,0.6,0.5286
F_de_3d_F8,beta,norm3,Random Forest,0.7667,0.5897,0.6,0.5286
F_de_3d_F3,all,None,Linear SVM,0.62,0.6051,0.6,0.5286
F_de_3d_C3,theta,norm3,Linear SVM,0.4933,0.4945,0.5,0.5286
F_de_3d_Fz,all,norm2,Linear SVM,0.5133,0.4998,0.5,0.5286
F_de_3d_F8,delta,norm2,Linear SVM,0.5,0.506,0.5,0.5286
F_de_3d_F8,delta,norm3,Linear SVM,0.5,0.506,0.5,0.5286
F_de_3d_Fp2,theta,norm3,KNN,0.96,0.6846,0.5,0.5286
F_de_3d_C4,delta,None,Random Forest,0.66,0.5929,0.6,0.5286
F_mean_3d_10rm,all,None,Ensemble (Majority Vote),0.9933,0.9002,0.6,0.5286
F_mean_3d_10rm,all,None,Logistic Regression,0.9067,0.7662,0.6,0.5286
F_mean_3d_10rm,all,None,Random Forest,0.94,0.8062,0.6,0.5286
F_de_3d_Fp2,theta,norm2,KNN,0.96,0.6846,0.5,0.5286
F_de_3d_F8,gamma,None,Linear SVM,0.5133,0.5149,0.4,0.5286
F_de_3d_F8,gamma,None,Logistic Regression,0.5133,0.5143,0.4,0.5286
F_de_3d_F8,gamma,None,XGBoost,0.6,0.5802,0.4,0.5286
F_mean_3d_8rm,beta,norm3,KNN,0.9933,0.7832,0.5,0.5286
F_mean_3d_1area,all,norm2,Ensemble (Majority Vote),0.8067,0.6618,0.6,0.5286
F_de_3d_Cz,beta,None,Random Forest,0.6333,0.594,0.6,0.5286
F_de_3d_T8,alpha,norm2,Random Forest,0.78,0.5929,0.5,0.5286
F_de_3d_F3,theta,norm3,KNN,0.98,0.6798,0.4,0.5286
F_mean_3d_8rm,theta,None,Ensemble (Majority Vote),0.8467,0.6862,0.5,0.5286
F_de_3d_T8,alpha,norm3,XGBoost,0.6467,0.5607,0.5,0.5286
F_de_3d_F3,theta,norm3,Linear SVM,0.5067,0.5037,0.5,0.5286
F_mean_3d_8rm,gamma,None,Logistic Regression,0.66,0.5901,0.6,0.5286
F_de_3d_T8,alpha,norm3,Random Forest,0.78,0.5929,0.5,0.5286
F_de_3d_T8,alpha,norm2,XGBoost,0.6467,0.5607,0.5,0.5286
F_de_3d_F3,theta,norm3,XGBoost,0.6467,0.5483,0.6,0.5286
F_de_3d_F3,theta,norm2,KNN,0.98,0.6798,0.4,0.5286
F_de_3d_T8,beta,norm2,Ensemble (Majority Vote),0.72,0.6085,0.6,0.5286
F_de_3d_F3,theta,norm2,XGBoost,0.6467,0.5483,0.6,0.5286
F_peak_3d_F7,alpha,norm2,KNN,0.9933,0.6855,0.6,0.5286
F_peak_3d_F7,alpha,norm3,KNN,0.9933,0.6855,0.6,0.5286
F_de_3d_F8,theta,None,Random Forest,0.6933,0.594,0.6,0.5286
F_peak_3d_2area,gamma,norm2,Ensemble (Majority Vote),0.86,0.6331,0.6,0.5286
F_peak_3d_Cz,alpha,None,Linear SVM,0.56,0.5384,0.6,0.5286
F_de_3d_1area,theta,None,KNN,0.9667,0.7048,0.6,0.5143
F_peak_3d_T7,delta,norm3,KNN,1.0,0.6966,0.5,0.5143
F_mean_3d,beta,None,Logistic Regression,0.7467,0.6513,0.4,0.5143
F_de_3d_3area,delta,norm3,XGBoost,0.7867,0.6464,0.5,0.5143
F_dasm_3d19,gamma,None,XGBoost,0.9333,0.7754,0.6,0.5143
F_median_3d,beta,None,Ensemble (Majority Vote),0.9,0.7768,0.5,0.5143
F_peak_3d_2area,alpha,norm2,XGBoost,0.74,0.5841,0.6,0.5143
F_median_3d_10rm,theta,norm3,Ensemble (Majority Vote),0.8667,0.7184,0.6,0.5143
F_mean_3d_3area,all,norm3,KNN,1.0,0.8439,0.5,0.5143
F_peak_3d_F8,gamma,norm3,Ensemble (Majority Vote),0.6733,0.6103,0.7,0.5143
F_dasm_3d_8rm,theta,norm3,Logistic Regression,0.5067,0.534,0.5,0.5143
F_mean_3d_1area,gamma,None,KNN,0.9667,0.7184,0.5,0.5143
F_peak_3d_F8,gamma,norm2,Ensemble (Majority Vote),0.6733,0.6103,0.7,0.5143
F_dasm_3d_8rm,theta,norm3,Linear SVM,0.5133,0.5345,0.5,0.5143
F_peak_3d_T7,delta,norm2,KNN,1.0,0.6966,0.5,0.5143
F_dasm_3d_8rm,theta,None,XGBoost,0.8,0.6556,0.5,0.5143
F_mean_3d_2area,theta,None,Ensemble (Majority Vote),0.7133,0.6368,0.6,0.5143
F_median_3d_C3,beta,norm3,Random Forest,0.78,0.594,0.6,0.5143
F_mean_3d_Fp1,theta,None,XGBoost,0.68,0.6025,0.5,0.5143
F_mean_3d_Fp1,theta,None,Random Forest,0.7267,0.6113,0.6,0.5143
F_dasm_3d_8rm,theta,norm2,Linear SVM,0.52,0.4977,0.5,0.5143
F_median_3d_C3,beta,norm2,Random Forest,0.78,0.594,0.6,0.5143
F_mean_3d_Fp2,delta,None,KNN,0.96,0.6961,0.6,0.5143
F_mean_3d19,beta,norm2,KNN,0.9467,0.7046,0.6,0.5143
F_peak_3d_F8,theta,None,KNN,0.9867,0.6989,0.6,0.5143
F_de_3d_F8,alpha,norm2,XGBoost,0.6467,0.5637,0.3,0.5143
F_mean_3d_Fp2,delta,norm2,Ensemble (Majority Vote),0.7267,0.5945,0.5,0.5143
F_mean_3d_Fp2,delta,norm3,Ensemble (Majority Vote),0.7267,0.5945,0.5,0.5143
F_mean_3d_Fp1,theta,None,Ensemble (Majority Vote),0.72,0.6285,0.4,0.5143
F_median_3d_C4,all,None,Ensemble (Majority Vote),0.7733,0.6738,0.5,0.5143
F_peak_3d_10rm,all,norm2,Ensemble (Majority Vote),0.9733,0.8543,0.5,0.5143
F_median_3d_C4,all,None,XGBoost,0.8333,0.6991,0.6,0.5143
F_de_3d_F4,all,norm3,Random Forest,0.7467,0.6586,0.4,0.5143
F_peak_3d19,delta,None,KNN,0.9933,0.9329,0.4,0.5143
F_peak_3d_Fp1,gamma,norm3,Random Forest,0.76,0.5818,0.6,0.5143
F_peak_3d_Fp1,delta,norm2,XGBoost,0.5733,0.5584,0.6,0.5143
F_peak_3d_Fp1,delta,norm2,KNN,1.0,0.6903,0.7,0.5143
F_median_3d_C3,delta,norm2,Random Forest,0.6667,0.5759,0.6,0.5143
F_median_3d_C3,gamma,None,Linear SVM,0.6,0.5402,0.4,0.5143
F_de_3d_F8,alpha,norm3,XGBoost,0.6467,0.5637,0.3,0.5143
F_median_3d_C3,delta,norm3,XGBoost,0.58,0.5637,0.7,0.5143
F_median_3d_C3,delta,norm3,Random Forest,0.6667,0.5759,0.6,0.5143
F_dasm_3d_8rm,gamma,norm3,Random Forest,0.7533,0.6189,0.6,0.5143
F_median_3d_C3,delta,norm2,XGBoost,0.58,0.5637,0.7,0.5143
F_peak_3d_Fp1,delta,norm3,KNN,1.0,0.6903,0.7,0.5143
F_peak_3d_Fp1,alpha,norm3,Linear SVM,0.5,0.4993,0.6,0.5143
F_peak_3d_Fp1,alpha,norm2,Linear SVM,0.5,0.4993,0.6,0.5143
F_de_3d_Fz,beta,None,Linear SVM,0.5267,0.5218,0.7,0.5143
F_peak_3d_Fp1,delta,norm3,XGBoost,0.5733,0.5584,0.6,0.5143
F_peak_3d19,theta,None,Logistic Regression,0.8467,0.697,0.5,0.5143
F_peak_3d_Fp1,gamma,norm2,Random Forest,0.76,0.5818,0.6,0.5143
F_peak_3d_Fp1,all,norm3,XGBoost,0.8267,0.7241,0.5,0.5143
F_dasm_3d_8rm,theta,norm3,Ensemble (Majority Vote),0.7267,0.623,0.5,0.5143
F_de_3d_Fz,beta,None,Logistic Regression,0.5267,0.5211,0.7,0.5143
F_peak_3d19,theta,norm2,KNN,0.9867,0.7232,0.6,0.5143
F_mean_3d_2area,gamma,None,KNN,0.96,0.7184,0.4,0.5143
F_median_3d_C3,theta,None,Logistic Regression,0.5667,0.5559,0.6,0.5143
F_peak_3d_F8,gamma,None,Linear SVM,0.5333,0.5398,0.4,0.5143
F_mean_3d_Fp2,gamma,norm2,Ensemble (Majority Vote),0.7467,0.5993,0.5,0.5143
F_peak_3d_F8,gamma,None,Logistic Regression,0.5333,0.5393,0.4,0.5143
F_peak_3d_10rm,delta,norm3,Ensemble (Majority Vote),0.8467,0.7589,0.5,0.5143
F_de_3d_F3,all,norm2,XGBoost,0.92,0.6434,0.4,0.5143
F_dasm_3d_8rm,beta,norm3,Ensemble (Majority Vote),0.7267,0.634,0.4,0.5143
F_de_3d_3area,delta,norm2,XGBoost,0.8133,0.6044,0.5,0.5143
F_mean_3d_Fz,beta,norm2,Linear SVM,0.5333,0.5032,0.6,0.5143
F_de_3d_Fp2,theta,norm3,XGBoost,0.68,0.5448,0.5,0.5143
F_peak_3d_F8,alpha,None,XGBoost,0.68,0.5874,0.5,0.5143
F_mean_3d_Fz,beta,norm3,Linear SVM,0.5333,0.5032,0.6,0.5143
F_mean_3d_Fz,delta,None,KNN,0.98,0.6892,0.6,0.5143
F_peak_3d_F8,alpha,None,Ensemble (Majority Vote),0.68,0.6,0.4,0.5143
F_de_3d_Fp2,theta,norm3,Random Forest,0.7467,0.5901,0.4,0.5143
F_mean_3d_2area,alpha,norm2,XGBoost,0.6733,0.5639,0.6,0.5143
F_de_3d_Fp2,theta,norm3,Ensemble (Majority Vote),0.62,0.6099,0.5,0.5143
F_de_3d_1area,alpha,norm3,Random Forest,0.74,0.5848,0.6,0.5143
F_de_3d_Fp2,theta,norm2,XGBoost,0.68,0.5448,0.5,0.5143
F_de_3d_C4,delta,None,XGBoost,0.7067,0.5894,0.6,0.5143
F_median_3d_Fp1,all,norm3,XGBoost,0.84,0.7133,0.6,0.5143
F_peak_3d_F8,all,norm2,KNN,0.9667,0.6903,0.6,0.5143
F_median_3d_8rm,beta,norm2,Random Forest,0.9467,0.7062,0.4,0.5143
F_peak_3d_F8,all,None,Random Forest,0.7267,0.668,0.5,0.5143
F_median_3d_8rm,beta,norm2,Ensemble (Majority Vote),0.9333,0.7041,0.4,0.5143
F_median_3d_8rm,beta,None,Logistic Regression,0.7067,0.6347,0.6,0.5143
F_median_3d_8rm,beta,None,Linear SVM,0.7,0.6347,0.6,0.5143
F_mean_3d_2area,alpha,norm2,Linear SVM,0.5,0.4984,0.6,0.5143
F_peak_3d_F7,theta,norm3,Linear SVM,0.5,0.4995,0.6,0.5143
F_peak_3d_10rm,delta,norm2,Random Forest,0.9067,0.7053,0.6,0.5143
F_peak_3d_10rm,delta,norm2,KNN,0.9933,0.7389,0.7,0.5143
F_dasm_3d_8rm,beta,norm3,Random Forest,0.7533,0.6333,0.4,0.5143
F_peak_3d_F8,delta,norm3,Ensemble (Majority Vote),0.6067,0.5821,0.5,0.5143
F_mean_3d_Fp2,gamma,norm3,Ensemble (Majority Vote),0.7467,0.5993,0.5,0.5143
F_median_3d_C4,all,norm2,Linear SVM,0.4867,0.5009,0.4,0.5143
F_dasm_3d_8rm,gamma,None,Logistic Regression,0.5933,0.5538,0.5,0.5143
F_dasm_3d_8rm,gamma,None,Linear SVM,0.5933,0.5543,0.5,0.5143
F_peak_3d_F8,delta,norm3,Random Forest,0.76,0.5883,0.5,0.5143
F_mean_3d_C3,beta,None,Logistic Regression,0.58,0.5386,0.5,0.5143
F_dasm_3d_8rm,delta,norm3,Logistic Regression,0.6,0.5575,0.6,0.5143
F_dasm_3d_8rm,delta,norm3,Linear SVM,0.6,0.5591,0.6,0.5143
F_peak_3d_10rm,beta,norm2,Linear SVM,0.5133,0.5064,0.5,0.5143
F_mean_3d19,gamma,norm2,Ensemble (Majority Vote),0.98,0.7752,0.5,0.5143
F_de_3d_1area,alpha,norm2,Random Forest,0.74,0.5848,0.6,0.5143
F_peak_3d_F8,delta,norm2,Random Forest,0.76,0.5883,0.5,0.5143
F_median_3d_8rm,theta,None,Logistic Regression,0.6933,0.6025,0.5,0.5143
F_dasm_3d_8rm,delta,norm2,Ensemble (Majority Vote),0.76,0.628,0.6,0.5143
F_mean_3d_C3,beta,None,Linear SVM,0.5733,0.5382,0.5,0.5143
F_de_3d_F3,beta,norm3,XGBoost,0.6733,0.5543,0.5,0.5143
F_median_3d_8rm,theta,norm2,Linear SVM,0.4933,0.4956,0.5,0.5143
F_mean_3d_Fz,all,norm2,Random Forest,0.9667,0.6821,0.6,0.5143
F_median_3d_8rm,theta,norm2,KNN,0.98,0.6963,0.6,0.5143
F_de_3d_3area,gamma,None,Random Forest,0.72,0.6543,0.5,0.5143
F_peak_3d_F8,delta,norm2,Ensemble (Majority Vote),0.6067,0.5821,0.5,0.5143
F_dasm_3d_10rm,all,norm2,Random Forest,1.0,0.7924,0.6,0.5143
F_de_3d_Fz,all,norm2,KNN,0.9933,0.7074,0.7,0.5143
F_dasm_3d_10rm,alpha,None,Ensemble (Majority Vote),0.8133,0.6791,0.5,0.5143
F_mean_3d_Fp1,gamma,None,Random Forest,0.7267,0.5931,0.4,0.5143
F_de_3d_T8,gamma,None,XGBoost,0.6933,0.5931,0.5,0.5143
F_peak_3d_Fp2,all,norm3,Linear SVM,0.6467,0.597,0.6,0.5143
F_median_3d_Cz,alpha,norm3,Ensemble (Majority Vote),0.74,0.5975,0.5,0.5143
F_peak_3d_Fz,delta,norm2,Ensemble (Majority Vote),0.74,0.6136,0.6,0.5143
F_de_3d_T8,delta,norm2,Linear SVM,0.48,0.4922,0.6,0.5143
F_de_3d_F7,gamma,norm2,Random Forest,0.7933,0.5899,0.6,0.5143
F_mean_3d_F8,all,norm3,XGBoost,0.8533,0.6791,0.5,0.5143
F_median_3d_Cz,beta,None,XGBoost,0.66,0.5782,0.7,0.5143
F_peak_3d_Fz,beta,norm3,Linear SVM,0.4867,0.4972,0.5,0.5143
F_de_3d_8rm,all,norm3,Random Forest,0.9133,0.811,0.6,0.5143
F_median_3d_T8,theta,norm2,Ensemble (Majority Vote),0.6733,0.6037,0.5,0.5143
F_median_3d_T8,theta,norm2,XGBoost,0.58,0.5572,0.5,0.5143
F_median_3d_T8,theta,norm3,Ensemble (Majority Vote),0.6733,0.6037,0.5,0.5143
F_de_3d_F7,gamma,norm3,Random Forest,0.7933,0.5899,0.6,0.5143
F_peak_3d_Fz,beta,norm2,Linear SVM,0.4867,0.4972,0.5,0.5143
F_median_3d_Cz,alpha,norm2,Ensemble (Majority Vote),0.74,0.5975,0.5,0.5143
F_peak_3d_Fp2,all,norm3,Logistic Regression,0.66,0.5956,0.6,0.5143
F_median_3d_T8,theta,norm3,XGBoost,0.58,0.5572,0.5,0.5143
F_de_3d19,all,norm3,Ensemble (Majority Vote),1.0,0.9733,0.5,0.5143
F_median_3d_Cz,alpha,None,KNN,0.9467,0.694,0.5,0.5143
F_de_3d19,all,None,Ensemble (Majority Vote),1.0,0.9639,0.5,0.5143
F_mean_3d_F8,delta,None,Linear SVM,0.5867,0.5526,0.6,0.5143
F_peak_3d,alpha,norm3,KNN,0.98,0.8623,0.5,0.5143
F_median_3d_C4,theta,norm3,Random Forest,0.74,0.5807,0.6,0.5143
F_de_3d_Fz,theta,None,Logistic Regression,0.5667,0.5211,0.5,0.5143
F_de_3d_Fz,theta,None,Linear SVM,0.5667,0.5211,0.5,0.5143
F_median_3d_C4,theta,norm2,Random Forest,0.74,0.5807,0.6,0.5143
F_de_3d_T8,delta,None,KNN,0.9533,0.7002,0.6,0.5143
F_de_3d,gamma,norm2,XGBoost,1.0,0.7517,0.6,0.5143
F_median_3d_T8,gamma,norm3,Random Forest,0.76,0.5853,0.6,0.5143
F_mean_3d_F8,all,norm2,Random Forest,0.92,0.6646,0.5,0.5143
F_de_3d_C4,theta,norm2,Ensemble (Majority Vote),0.5667,0.5979,0.6,0.5143
F_peak_3d_Fz,delta,norm3,Ensemble (Majority Vote),0.74,0.6136,0.6,0.5143
F_de_3d_C4,theta,norm3,Ensemble (Majority Vote),0.5667,0.5979,0.6,0.5143
F_median_3d_Cz,gamma,norm2,XGBoost,0.5667,0.5483,0.5,0.5143
F_de_3d_10rm,theta,norm3,Random Forest,0.8,0.7011,0.6,0.5143
F_de_3d_T8,delta,norm2,XGBoost,0.62,0.546,0.4,0.5143
F_median_3d_Cz,gamma,None,XGBoost,0.6133,0.5717,0.5,0.5143
F_median_3d_Cz,gamma,None,Random Forest,0.64,0.5892,0.5,0.5143
F_de_3d_C4,theta,norm2,KNN,0.98,0.6832,0.6,0.5143
F_de_3d_Cz,gamma,norm2,KNN,0.9733,0.6828,0.6,0.5143
F_median_3d_F8,theta,None,KNN,0.9667,0.6959,0.6,0.5143
F_median_3d_Cz,delta,norm3,Linear SVM,0.4667,0.4968,0.5,0.5143
F_de_3d_Cz,gamma,norm2,Linear SVM,0.4933,0.4979,0.5,0.5143
F_peak_3d_Fz,theta,None,Random Forest,0.64,0.588,0.5,0.5143
F_peak_3d_Fz,gamma,norm3,XGBoost,0.6667,0.5644,0.5,0.5143
F_mean_3d_F7,theta,None,XGBoost,0.72,0.5892,0.4,0.5143
F_mean_3d_F7,theta,norm2,Ensemble (Majority Vote),0.68,0.5984,0.6,0.5143
F_median_3d_Cz,delta,norm2,Linear SVM,0.4667,0.4968,0.5,0.5143
F_de_3d_1area,all,None,Ensemble (Majority Vote),0.84,0.7087,0.4,0.5143
F_median_3d_T8,gamma,norm2,Random Forest,0.76,0.5853,0.6,0.5143
F_de_3d_T8,delta,norm2,Random Forest,0.7133,0.5876,0.4,0.5143
F_mean_3d_F7,theta,norm3,Ensemble (Majority Vote),0.68,0.5984,0.6,0.5143
F_mean_3d_3area,beta,None,Random Forest,0.7933,0.6471,0.5,0.5143
F_peak_3d_Fz,gamma,norm2,XGBoost,0.6667,0.5644,0.5,0.5143
F_de_3d_T8,alpha,norm3,KNN,0.9667,0.6869,0.4,0.5143
F_mean_3d_F8,all,None,Random Forest,0.7667,0.6637,0.6,0.5143
F_mean_3d_F8,all,norm2,Ensemble (Majority Vote),0.88,0.6657,0.6,0.5143
F_dasm_3d19,delta,None,Logistic Regression,0.68,0.6131,0.4,0.5143
F_de_3d,gamma,norm2,Linear SVM,0.5533,0.5166,0.5,0.5143
F_de_3d,gamma,norm2,Ensemble (Majority Vote),0.94,0.7467,0.6,0.5143
F_median_3d_C4,beta,norm3,Linear SVM,0.5,0.5025,0.6,0.5143
F_mean_3d19,alpha,norm2,Ensemble (Majority Vote),0.98,0.7598,0.6,0.5143
F_median_3d_C4,beta,norm2,Linear SVM,0.5,0.5025,0.6,0.5143
F_peak_3d_Fp2,delta,None,Logistic Regression,0.54,0.54,0.5,0.5143
F_peak_3d_Fp2,delta,None,Linear SVM,0.54,0.5398,0.5,0.5143
F_de_3d,all,norm2,Linear SVM,0.5067,0.5094,0.5,0.5143
F_median_3d_C4,alpha,norm3,Linear SVM,0.4867,0.5011,0.5,0.5143
F_median_3d_C4,alpha,norm2,Linear SVM,0.4867,0.5011,0.5,0.5143
F_mean_3d19,alpha,norm2,XGBoost,1.0,0.7874,0.5,0.5143
F_mean_3d_2area,theta,norm3,Logistic Regression,0.5667,0.5471,0.5,0.5143
F_rasm_3d_8rm,beta,norm2,KNN,0.9867,0.7301,0.5,0.5143
F_peak_3d_Fp2,beta,None,KNN,0.9467,0.7062,0.4,0.5143
F_mean_3d_2area,theta,norm3,Linear SVM,0.5667,0.5469,0.5,0.5143
F_de_3d_F8,all,norm3,Random Forest,0.72,0.6552,0.4,0.5143
F_de_3d_F8,alpha,None,Ensemble (Majority Vote),0.7533,0.6172,0.6,0.5143
F_peak_3d19,beta,None,XGBoost,0.9933,0.906,0.5,0.5143
F_de_3d_F8,alpha,None,KNN,0.98,0.7143,0.4,0.5143
F_mean_3d_Fp1,delta,None,Random Forest,0.6667,0.5945,0.5,0.5143
F_de_3d_F8,alpha,None,Linear SVM,0.5867,0.5416,0.5,0.5143
F_mean_3d_Fp1,delta,norm2,Ensemble (Majority Vote),0.72,0.6122,0.6,0.5143
F_de_3d_T8,beta,norm3,XGBoost,0.6667,0.5653,0.5,0.5143
F_mean_3d_Fp1,delta,norm3,Ensemble (Majority Vote),0.72,0.6122,0.6,0.5143
F_de_3d_Cz,gamma,norm3,Linear SVM,0.4933,0.4979,0.5,0.5143
F_peak_3d19,delta,None,Ensemble (Majority Vote),0.9533,0.8492,0.6,0.5143
F_de_3d_F8,alpha,None,Logistic Regression,0.5867,0.5411,0.5,0.5143
F_peak_3d_Fp2,all,norm3,Random Forest,0.74,0.6768,0.6,0.5143
F_de_3d_Fz,gamma,norm2,Ensemble (Majority Vote),0.6667,0.5954,0.5,0.5143
F_mean_3d_Fp1,alpha,None,Logistic Regression,0.56,0.5366,0.5,0.5143
F_de_3d,gamma,None,Random Forest,0.8467,0.731,0.5,0.5143
F_mean_3d_Fp1,alpha,None,Linear SVM,0.56,0.5363,0.5,0.5143
F_mean_3d_3area,all,norm3,Linear SVM,0.78,0.6784,0.6,0.5143
F_mean_3d_F8,gamma,norm2,Linear SVM,0.5667,0.5094,0.6,0.5143
F_dasm_3d19,delta,norm2,Ensemble (Majority Vote),0.9333,0.7398,0.4,0.5143
F_de_3d_C4,theta,None,Ensemble (Majority Vote),0.74,0.6223,0.6,0.5143
F_mean_3d_F8,gamma,norm3,Linear SVM,0.5667,0.5094,0.6,0.5143
F_mean_3d_3area,all,norm2,XGBoost,0.9933,0.7605,0.5,0.5143
F_de_3d_T8,delta,None,Ensemble (Majority Vote),0.78,0.6292,0.5,0.5143
F_de_3d_Fz,gamma,norm3,Ensemble (Majority Vote),0.6667,0.5954,0.5,0.5143
F_median_3d_C4,gamma,None,Logistic Regression,0.5867,0.5536,0.5,0.5143
F_median_3d_C4,gamma,None,Linear SVM,0.5867,0.5533,0.5,0.5143
F_peak_3d_Fp2,theta,norm3,XGBoost,0.6533,0.5522,0.5,0.5143
F_dasm_3d19,gamma,None,Ensemble (Majority Vote),0.88,0.7457,0.6,0.5143
F_peak_3d_Fp2,theta,norm3,KNN,0.9867,0.6977,0.4,0.5143
F_peak_3d_Fp2,theta,norm2,XGBoost,0.6533,0.5522,0.5,0.5143
F_de_3d_F3,delta,norm2,XGBoost,0.5733,0.5497,0.5,0.5143
F_peak_3d_Fp2,theta,norm2,KNN,0.9867,0.6977,0.4,0.5143
F_rasm_3d_8rm,beta,None,KNN,0.9867,0.7011,0.6,0.5143
F_de_3d_Cz,gamma,norm3,KNN,0.9733,0.6828,0.6,0.5143
F_de_3d_F8,all,norm2,Linear SVM,0.54,0.5136,0.5,0.5143
F_de_3d_1area,all,norm3,KNN,0.98,0.7846,0.7,0.5143
F_rasm_3d_8rm,beta,None,Random Forest,0.8333,0.623,0.6,0.5143
F_rasm_3d_8rm,beta,norm2,Ensemble (Majority Vote),0.8267,0.7046,0.5,0.5143
F_median_3d_C4,delta,None,Random Forest,0.7333,0.5986,0.6,0.5143
F_de_3d,alpha,norm2,Random Forest,0.9533,0.7106,0.5,0.5143
F_de_3d_C3,theta,None,Linear SVM,0.5933,0.5582,0.6,0.5143
F_peak_3d_F7,theta,norm2,Linear SVM,0.5,0.4995,0.6,0.5143
F_de_3d_Fp2,theta,norm2,Ensemble (Majority Vote),0.62,0.6099,0.5,0.5143
F_mean_3d_Fz,theta,None,Ensemble (Majority Vote),0.7133,0.6041,0.4,0.5143
F_median_3d_1area,delta,norm2,Linear SVM,0.5,0.5039,0.5,0.5143
F_peak_3d_Cz,alpha,norm2,XGBoost,0.5933,0.5467,0.6,0.5143
F_peak_3d_Cz,alpha,None,XGBoost,0.6133,0.5867,0.5,0.5143
F_mean_3d_1area,delta,norm2,Random Forest,0.7333,0.5839,0.7,0.5143
F_peak_3d_Cz,all,norm2,XGBoost,0.9133,0.6322,0.7,0.5143
F_median_3d_Fp1,delta,None,Random Forest,0.7,0.608,0.5,0.5143
F_peak_3d_Cz,all,norm2,Ensemble (Majority Vote),0.88,0.6791,0.5,0.5143
F_median_3d,theta,norm2,Ensemble (Majority Vote),0.9267,0.7253,0.5,0.5143
F_peak_3d_Cz,all,None,KNN,0.9733,0.7697,0.4,0.5143
F_dasm_3d_10rm,theta,None,Linear SVM,0.5867,0.5743,0.5,0.5143
F_peak_3d_C4,theta,norm3,XGBoost,0.5533,0.5531,0.6,0.5143
F_median_3d_1area,delta,norm3,Linear SVM,0.5,0.5039,0.5,0.5143
F_peak_3d_C4,theta,norm2,XGBoost,0.5533,0.5531,0.6,0.5143
F_mean_3d_8rm,theta,None,Linear SVM,0.6467,0.6097,0.6,0.5143
F_de_3d_Fp2,theta,norm2,Random Forest,0.7467,0.5901,0.4,0.5143
F_median_3d19,all,norm3,Random Forest,0.8867,0.86,0.5,0.5143
F_median_3d_1area,beta,norm3,Linear SVM,0.4867,0.4989,0.6,0.5143
F_peak_3d_8rm,beta,norm2,KNN,0.9867,0.7071,0.6,0.5143
F_mean_3d_C3,all,None,Random Forest,0.8133,0.6699,0.5,0.5143
F_median_3d_1area,beta,norm2,Linear SVM,0.4867,0.4989,0.6,0.5143
F_median_3d19,alpha,norm2,KNN,0.9533,0.7083,0.6,0.5143
F_dasm_3d_3area,beta,None,XGBoost,0.62,0.5834,0.5,0.5143
F_mean_3d_10rm,theta,None,Ensemble (Majority Vote),0.8867,0.7198,0.6,0.5143
F_median_3d19,alpha,norm3,KNN,0.9933,0.8501,0.7,0.5143
F_median_3d19,alpha,norm3,Linear SVM,0.78,0.6715,0.5,0.5143
F_median_3d19,alpha,norm3,Random Forest,0.8667,0.7549,0.4,0.5143
F_median_3d19,beta,None,Ensemble (Majority Vote),0.9467,0.8011,0.4,0.5143
F_peak_3d_Cz,alpha,norm3,XGBoost,0.5933,0.5467,0.6,0.5143
F_median_3d_1area,theta,None,Random Forest,0.6667,0.5949,0.5,0.5143
F_peak_3d_3area,theta,None,Ensemble (Majority Vote),0.72,0.6434,0.6,0.5143
F_median_3d,delta,norm2,XGBoost,0.9867,0.746,0.5,0.5143
F_de_3d_3area,all,norm2,Linear SVM,0.5133,0.5103,0.6,0.5143
F_peak_3d_F3,all,norm2,Linear SVM,0.5133,0.5051,0.5,0.5143
F_mean_3d_10rm,delta,norm3,Linear SVM,0.6933,0.6322,0.4,0.5143
F_peak_3d_F3,all,None,Ensemble (Majority Vote),0.8,0.7039,0.5,0.5143
F_median_3d_2area,beta,norm2,Linear SVM,0.4933,0.4986,0.5,0.5143
F_de_3d_Fp1,beta,norm2,Ensemble (Majority Vote),0.7,0.614,0.5,0.5143
F_rasm_3d_8rm,theta,None,XGBoost,0.8133,0.6423,0.6,0.5143
F_de_3d_C4,alpha,norm2,Linear SVM,0.5067,0.4977,0.5,0.5143
F_de_3d_3area,all,None,Linear SVM,0.8,0.6876,0.4,0.5143
F_median_3d_2area,beta,None,Linear SVM,0.5933,0.554,0.5,0.5143
F_median_3d_2area,alpha,norm3,Random Forest,0.8133,0.617,0.5,0.5143
F_de_3d_Fp1,beta,norm3,Ensemble (Majority Vote),0.7,0.614,0.5,0.5143
F_median_3d,alpha,norm2,Random Forest,0.9733,0.7186,0.7,0.5143
F_median_3d_2area,alpha,None,XGBoost,0.78,0.6313,0.5,0.5143
F_median_3d_2area,alpha,None,Random Forest,0.68,0.6186,0.5,0.5143
F_dasm_3d_3area,theta,None,Random Forest,0.72,0.6034,0.5,0.5143
F_median_3d_2area,all,norm3,Logistic Regression,0.7,0.6467,0.5,0.5143
F_mean_3d_10rm,gamma,None,Logistic Regression,0.6667,0.6115,0.5,0.5143
F_mean_3d_10rm,gamma,None,Random Forest,0.8,0.7014,0.5,0.5143
F_de_3d_2area,theta,None,Linear SVM,0.62,0.5648,0.5,0.5143
F_de_3d_2area,theta,None,KNN,0.98,0.7216,0.4,0.5143
F_peak_3d_Cz,delta,None,KNN,0.96,0.6954,0.7,0.5143
F_median_3d,delta,None,KNN,0.9933,0.849,0.5,0.5143
F_median_3d,delta,None,Random Forest,0.8533,0.7177,0.5,0.5143
F_mean_3d_1area,delta,norm3,Random Forest,0.7333,0.5839,0.7,0.5143
F_peak_3d_8rm,delta,None,Logistic Regression,0.6733,0.6253,0.6,0.5143
F_median_3d_1area,alpha,norm3,XGBoost,0.6733,0.5621,0.5,0.5143
F_median_3d_Fp1,beta,None,Random Forest,0.6733,0.591,0.4,0.5143
F_de_3d_Fp1,theta,norm2,XGBoost,0.66,0.568,0.5,0.5143
F_median_3d19,theta,norm2,Random Forest,0.96,0.7483,0.6,0.5143
F_median_3d_10rm,gamma,norm3,Logistic Regression,0.7533,0.6354,0.5,0.5143
F_median_3d_10rm,gamma,norm3,Linear SVM,0.7533,0.6338,0.5,0.5143
F_peak_3d_C4,all,norm3,Ensemble (Majority Vote),0.7933,0.692,0.5,0.5143
F_median_3d_Fp1,beta,norm2,Linear SVM,0.4933,0.5005,0.5,0.5143
F_peak_3d_C3,beta,None,Linear SVM,0.5933,0.5501,0.4,0.5143
F_peak_3d_C3,beta,None,Logistic Regression,0.5933,0.5494,0.4,0.5143
F_median_3d_10rm,delta,norm3,XGBoost,0.9533,0.792,0.6,0.5143
F_de_3d_F3,theta,norm2,Random Forest,0.8,0.5885,0.5,0.5143
F_dasm_3d_3area,all,None,Linear SVM,0.72,0.6136,0.5,0.5143
F_peak_3d_C3,theta,norm3,XGBoost,0.58,0.5517,0.5,0.5143
F_de_3d_Fp1,theta,norm3,XGBoost,0.66,0.568,0.5,0.5143
F_mean_3d_1area,alpha,None,Ensemble (Majority Vote),0.7133,0.6269,0.4,0.5143
F_peak_3d_C3,theta,norm2,XGBoost,0.58,0.5517,0.5,0.5143
F_peak_3d_C3,theta,None,XGBoost,0.64,0.5945,0.6,0.5143
F_median_3d_10rm,alpha,norm2,Ensemble (Majority Vote),0.9133,0.7094,0.6,0.5143
F_median_3d_10rm,alpha,norm2,KNN,0.98,0.703,0.7,0.5143
F_peak_3d_C3,theta,None,Random Forest,0.6467,0.5915,0.5,0.5143
F_median_3d_10rm,delta,norm2,Ensemble (Majority Vote),0.8933,0.7211,0.6,0.5143
F_mean_3d_1area,all,None,Linear SVM,0.6933,0.5986,0.6,0.5143
F_mean_3d_1area,all,norm2,XGBoost,0.8733,0.6515,0.6,0.5143
F_mean_3d_1area,all,norm2,Random Forest,0.86,0.6515,0.6,0.5143
F_de_3d_2area,alpha,None,KNN,0.9533,0.714,0.4,0.5143
F_dasm_3d_3area,all,None,Logistic Regression,0.6733,0.6071,0.5,0.5143
F_median_3d_10rm,beta,None,Linear SVM,0.72,0.6559,0.6,0.5143
F_peak_3d_C3,all,norm3,Ensemble (Majority Vote),0.8133,0.7016,0.5,0.5143
F_de_3d_F3,alpha,norm2,XGBoost,0.5667,0.5533,0.5,0.5143
F_peak_3d_C4,delta,norm3,Linear SVM,0.5,0.4952,0.5,0.5143
F_de_3d_Fp2,all,norm3,KNN,0.9667,0.7593,0.5,0.5143
F_mean_3d_C3,all,None,KNN,0.9733,0.7566,0.6,0.5143
F_de_3d_Fp1,theta,None,Ensemble (Majority Vote),0.7333,0.6377,0.5,0.5143
F_peak_3d_8rm,delta,norm2,Linear SVM,0.5333,0.5099,0.5,0.5143
F_median_3d_1area,alpha,norm2,XGBoost,0.6733,0.5621,0.5,0.5143
F_de_3d_2area,delta,None,Linear SVM,0.6333,0.5855,0.5,0.5143
F_peak_3d_C4,delta,norm2,Linear SVM,0.5,0.4952,0.5,0.5143
F_mean_3d_1area,beta,None,Random Forest,0.6667,0.5975,0.5,0.5143
F_de_3d_Fp1,theta,None,KNN,0.9667,0.7014,0.4,0.5143
F_de_3d_2area,beta,norm2,Random Forest,0.8067,0.614,0.6,0.5143
F_dasm_3d_10rm,theta,None,Logistic Regression,0.5933,0.5736,0.5,0.5143
F_median_3d19,delta,norm2,KNN,1.0,0.7333,0.5,0.5143
F_median_3d_1area,alpha,None,Ensemble (Majority Vote),0.7133,0.6191,0.4,0.5143
F_median_3d_1area,all,norm3,Logistic Regression,0.6533,0.6028,0.5,0.5143
F_mean_3d_1area,alpha,norm3,XGBoost,0.64,0.5526,0.5,0.5143
F_median_3d_1area,all,norm2,Random Forest,0.8733,0.6664,0.4,0.5143
F_median_3d_1area,all,None,XGBoost,0.9,0.7315,0.5,0.5143
F_rasm_3d_8rm,theta,norm3,KNN,0.9733,0.7414,0.5,0.5143
F_de_3d_Fp1,theta,None,XGBoost,0.7133,0.6083,0.5,0.5143
F_mean_3d_1area,alpha,norm2,XGBoost,0.64,0.5526,0.5,0.5143
F_median_3d_Fp1,beta,norm3,Linear SVM,0.4933,0.5005,0.5,0.5143
F_peak_3d_8rm,theta,norm2,XGBoost,0.9333,0.6759,0.5,0.5143
F_de_3d_T8,beta,norm2,XGBoost,0.6667,0.5653,0.5,0.5143
F_peak_3d_C4,beta,None,Ensemble (Majority Vote),0.7067,0.6202,0.5,0.5143
F_de_3d_2area,beta,None,Ensemble (Majority Vote),0.7533,0.6455,0.5,0.5143
F_dasm_3d_10rm,theta,norm3,Ensemble (Majority Vote),0.74,0.6453,0.5,0.5143
F_median_3d_2area,beta,norm3,Linear SVM,0.5267,0.5276,0.4,0.5143
F_median_3d_2area,beta,norm3,Logistic Regression,0.5267,0.5271,0.4,0.5143
F_mean_3d_C3,all,norm3,Linear SVM,0.7133,0.6101,0.5,0.5143
F_de_3d_3area,beta,None,XGBoost,0.7867,0.6703,0.5,0.5143
F_mean_3d_10rm,all,norm3,KNN,1.0,0.9285,0.6,0.5143
F_de_3d_C4,delta,None,Ensemble (Majority Vote),0.7667,0.6255,0.5,0.5143
F_peak_3d_1area,beta,norm3,Linear SVM,0.5067,0.5074,0.5,0.5143
F_de_3d_F3,beta,norm2,XGBoost,0.6733,0.5543,0.5,0.5143
F_peak_3d_1area,delta,None,Linear SVM,0.5933,0.5609,0.5,0.5143
F_de_3d_C4,beta,norm3,Linear SVM,0.4467,0.4972,0.5,0.5143
F_peak_3d_1area,delta,None,Logistic Regression,0.5933,0.5609,0.5,0.5143
F_mean_3d_T7,delta,None,Logistic Regression,0.54,0.5356,0.5,0.5143
F_peak_3d_1area,gamma,None,XGBoost,0.6467,0.5995,0.4,0.5143
F_peak_3d_1area,gamma,norm2,Linear SVM,0.52,0.4982,0.5,0.5143
F_peak_3d_F4,gamma,None,Random Forest,0.68,0.5931,0.7,0.5143
F_peak_3d_1area,gamma,norm3,Linear SVM,0.52,0.4982,0.5,0.5143
F_median_3d_3area,delta,norm2,XGBoost,0.8067,0.6085,0.4,0.5143
F_mean_3d_C3,alpha,None,XGBoost,0.7133,0.5899,0.5,0.5143
F_peak_3d_1area,theta,None,Ensemble (Majority Vote),0.7333,0.6326,0.5,0.5143
F_peak_3d_1area,theta,None,Linear SVM,0.5533,0.5423,0.6,0.5143
F_peak_3d_1area,theta,None,Logistic Regression,0.56,0.5425,0.6,0.5143
F_peak_3d_1area,theta,None,Random Forest,0.72,0.6078,0.5,0.5143
F_median_3d_3area,delta,None,KNN,0.9867,0.7526,0.6,0.5143
F_median_3d_3area,beta,norm2,XGBoost,0.8067,0.6189,0.5,0.5143
F_peak_3d_F4,delta,None,KNN,0.96,0.6956,0.5,0.5143
F_peak_3d_F4,beta,norm3,XGBoost,0.66,0.5655,0.7,0.5143
F_de_3d_C4,beta,norm2,Linear SVM,0.4467,0.4972,0.5,0.5143
F_peak_3d_F4,beta,norm2,XGBoost,0.66,0.5655,0.7,0.5143
F_peak_3d_2area,all,norm2,Linear SVM,0.5,0.5067,0.4,0.5143
F_de_3d_3area,beta,None,Random Forest,0.7467,0.6549,0.5,0.5143
F_peak_3d_1area,beta,norm2,Linear SVM,0.5067,0.5074,0.5,0.5143
F_de_3d_3area,alpha,norm2,KNN,0.9933,0.6989,0.4,0.5143
F_peak_3d_1area,alpha,norm3,Random Forest,0.8267,0.5975,0.4,0.5143
F_mean_3d_Fz,theta,None,Linear SVM,0.5467,0.5161,0.5,0.5143
F_mean_3d_Fz,theta,None,Logistic Regression,0.5467,0.5168,0.5,0.5143
F_dasm_3d_8rm,alpha,norm3,KNN,0.9733,0.7064,0.5,0.5143
F_de_3d_T8,beta,None,Linear SVM,0.5733,0.5554,0.5,0.5143
F_de_3d_T8,beta,None,Logistic Regression,0.5733,0.5566,0.5,0.5143
F_median_3d_Fp1,alpha,None,XGBoost,0.66,0.5972,0.4,0.5143
F_median_3d_Cz,gamma,norm3,XGBoost,0.5667,0.5483,0.5,0.5143
F_peak_3d_F7,delta,norm3,Linear SVM,0.5,0.4989,0.6,0.5143
F_peak_3d_1area,all,norm3,XGBoost,0.8667,0.7292,0.5,0.5143
F_peak_3d_F7,delta,norm2,Linear SVM,0.5,0.4989,0.6,0.5143
F_peak_3d_1area,alpha,norm2,Ensemble (Majority Vote),0.72,0.6159,0.5,0.5143
F_peak_3d_F7,delta,None,Logistic Regression,0.5667,0.5469,0.6,0.5143
F_peak_3d_F7,delta,None,Linear SVM,0.5733,0.5476,0.6,0.5143
F_peak_3d_F7,delta,None,Ensemble (Majority Vote),0.72,0.6372,0.5,0.5143
F_mean_3d_T7,all,norm2,XGBoost,0.92,0.6563,0.5,0.5143
F_peak_3d_F7,beta,norm3,KNN,0.9733,0.6862,0.4,0.5143
F_median_3d_8rm,all,norm2,Linear SVM,0.4533,0.4975,0.5,0.5143
F_peak_3d_F7,beta,norm2,KNN,0.9733,0.6862,0.4,0.5143
F_peak_3d_1area,alpha,norm2,Random Forest,0.8267,0.5975,0.4,0.5143
F_peak_3d_F7,alpha,norm3,XGBoost,0.58,0.5478,0.6,0.5143
F_peak_3d_1area,alpha,norm3,Ensemble (Majority Vote),0.72,0.6159,0.5,0.5143
F_peak_3d_F7,alpha,norm2,XGBoost,0.58,0.5478,0.6,0.5143
F_de_3d_F3,beta,norm3,Ensemble (Majority Vote),0.7467,0.5945,0.6,0.5143
F_median_3d_8rm,all,None,Linear SVM,0.9267,0.7706,0.6,0.5143
F_de_3d_C4,delta,None,KNN,0.9733,0.6945,0.4,0.5143
F_de_3d_F8,theta,norm2,XGBoost,0.5667,0.5453,0.4,0.5143
F_de_3d_F8,theta,norm3,XGBoost,0.5667,0.5453,0.4,0.5143
F_mean_3d_T8,theta,norm3,Ensemble (Majority Vote),0.7533,0.6083,0.6,0.5143
F_mean_3d_T8,beta,norm3,Linear SVM,0.5,0.5021,0.5,0.5143
F_mean_3d_T8,delta,None,Linear SVM,0.56,0.5402,0.6,0.5143
F_mean_3d_T8,delta,None,Logistic Regression,0.56,0.5398,0.6,0.5143
F_de_3d_Fp1,all,norm3,XGBoost,0.8667,0.7333,0.6,0.5143
F_median_3d_2area,theta,None,Random Forest,0.7067,0.6214,0.6,0.5143
F_median_3d_2area,theta,None,Logistic Regression,0.5667,0.5499,0.5,0.5143
F_de_3d_C4,alpha,norm2,XGBoost,0.6333,0.5485,0.6,0.5143
F_mean_3d_T8,delta,norm2,XGBoost,0.7333,0.5793,0.5,0.5143
F_de_3d_Fp1,alpha,None,XGBoost,0.6667,0.5841,0.5,0.5143
F_peak_3d_2area,gamma,norm2,XGBoost,0.74,0.5759,0.5,0.5143
F_mean_3d_T8,delta,norm3,XGBoost,0.7333,0.5793,0.5,0.5143
F_mean_3d_10rm,delta,None,Ensemble (Majority Vote),0.9,0.7471,0.5,0.5143
F_peak_3d_F3,beta,None,KNN,0.98,0.7044,0.6,0.5143
F_peak_3d_2area,theta,None,Logistic Regression,0.6267,0.568,0.5,0.5143
F_peak_3d_2area,theta,norm2,KNN,1.0,0.6874,0.6,0.5143
F_mean_3d_1area,theta,None,Logistic Regression,0.5467,0.5349,0.5,0.5143
F_peak_3d_F3,alpha,norm3,Ensemble (Majority Vote),0.8,0.6108,0.5,0.5143
F_peak_3d_F3,alpha,norm2,Ensemble (Majority Vote),0.8,0.6108,0.5,0.5143
F_mean_3d_1area,theta,None,Linear SVM,0.54,0.5343,0.5,0.5143
F_median_3d_2area,delta,norm3,Random Forest,0.76,0.629,0.7,0.5143
F_de_3d_F3,theta,norm3,Random Forest,0.8,0.5885,0.5,0.5143
F_de_3d_F3,alpha,norm3,XGBoost,0.5667,0.5533,0.5,0.5143
F_peak_3d_F3,all,norm3,XGBoost,0.8467,0.6989,0.7,0.5143
F_median_3d_2area,delta,norm3,Ensemble (Majority Vote),0.7133,0.6471,0.6,0.5143
F_mean_3d_T8,theta,norm2,Ensemble (Majority Vote),0.7533,0.6083,0.6,0.5143
F_mean_3d_10rm,delta,norm2,Random Forest,0.9,0.6906,0.4,0.5143
F_mean_3d_T8,beta,norm3,Random Forest,0.78,0.5933,0.5,0.5143
F_peak_3d_F3,gamma,norm2,KNN,0.9667,0.6897,0.5,0.5143
F_de_3d_Fp1,all,None,Linear SVM,0.6867,0.6205,0.5,0.5143
F_mean_3d_1area,theta,norm2,Ensemble (Majority Vote),0.6667,0.6025,0.5,0.5143
F_median_3d_3area,alpha,norm2,Linear SVM,0.5067,0.5021,0.5,0.5143
F_median_3d_3area,alpha,norm2,Ensemble (Majority Vote),0.88,0.6434,0.6,0.5143
F_peak_3d_F4,alpha,None,Logistic Regression,0.5733,0.5485,0.5,0.5143
F_peak_3d_F4,alpha,None,Linear SVM,0.5733,0.5499,0.5,0.5143
F_peak_3d_F4,alpha,None,KNN,0.9467,0.7021,0.6,0.5143
F_median_3d_3area,alpha,None,Linear SVM,0.6267,0.5793,0.4,0.5143
F_median_3d_3area,alpha,None,KNN,0.9933,0.7457,0.4,0.5143
F_peak_3d_F4,all,norm3,Linear SVM,0.6267,0.589,0.5,0.5143
F_median_3d_3area,all,norm3,XGBoost,0.98,0.8729,0.4,0.5143
F_median_3d_3area,all,norm3,Ensemble (Majority Vote),0.9133,0.8034,0.6,0.5143
F_mean_3d_1area,theta,norm3,KNN,0.9933,0.6786,0.5,0.5143
F_peak_3d_F4,all,None,Logistic Regression,0.6267,0.5899,0.5,0.5143
F_median_3d_3area,all,norm2,Linear SVM,0.56,0.5186,0.6,0.5143
F_peak_3d_2area,delta,norm2,Linear SVM,0.4933,0.4924,0.6,0.5143
F_mean_3d_1area,theta,norm3,Ensemble (Majority Vote),0.6667,0.6025,0.5,0.5143
F_de_3d_C4,alpha,norm3,XGBoost,0.6333,0.5485,0.6,0.5143
F_median_3d_3area,all,None,Logistic Regression,0.7733,0.6678,0.5,0.5143
F_median_3d_3area,all,None,Linear SVM,0.82,0.688,0.5,0.5143
F_de_3d_C4,alpha,norm3,Linear SVM,0.5067,0.4977,0.5,0.5143
F_peak_3d_F3,gamma,norm3,KNN,0.9667,0.6897,0.5,0.5143
F_de_3d_T8,beta,None,Random Forest,0.68,0.6062,0.5,0.5143
F_de_3d_F3,beta,norm2,Ensemble (Majority Vote),0.7467,0.5945,0.6,0.5143
F_mean_3d_T8,beta,norm2,Linear SVM,0.5,0.5021,0.5,0.5143
F_mean_3d_T8,beta,norm2,Random Forest,0.78,0.5933,0.5,0.5143
F_mean_3d_1area,theta,norm2,KNN,0.9933,0.6786,0.5,0.5143
F_de_3d_10rm,theta,norm3,Logistic Regression,0.68,0.6287,0.6,0.5143
F_peak_3d19,delta,norm2,Linear SVM,0.54,0.4963,0.6,0.5143
F_median_3d_F4,gamma,None,Random Forest,0.7267,0.5977,0.5,0.5143
F_mean_3d_F3,delta,norm2,Random Forest,0.76,0.5846,0.4,0.5143
F_median_3d_F3,gamma,norm2,KNN,0.9867,0.6816,0.5,0.5143
F_rasm_3d_10rm,alpha,None,Linear SVM,0.4933,0.4998,0.5,0.5143
F_median_3d_T7,gamma,norm2,Random Forest,0.7867,0.5945,0.6,0.5143
F_mean_3d_F4,delta,norm3,Linear SVM,0.5,0.5046,0.6,0.5143
F_median_3d_F4,delta,None,Linear SVM,0.56,0.5375,0.5,0.5143
F_de_3d_C3,delta,None,Linear SVM,0.5867,0.5402,0.5,0.5143
F_median_3d_F7,theta,None,Linear SVM,0.5267,0.5464,0.4,0.5143
F_de_3d_8rm,theta,None,XGBoost,0.9467,0.7549,0.6,0.5143
F_peak_3d_T8,delta,norm3,Linear SVM,0.5,0.4926,0.5,0.5143
F_median_3d_F4,delta,None,Logistic Regression,0.5667,0.5384,0.5,0.5143
F_de_3d_T7,alpha,norm2,Linear SVM,0.5,0.5069,0.6,0.5143
F_rasm_3d19,all,None,Ensemble (Majority Vote),0.9933,0.8131,0.4,0.5143
F_de_3d_T8,gamma,None,Random Forest,0.68,0.6113,0.5,0.5143
F_median_3d_T7,gamma,norm3,Random Forest,0.7867,0.5945,0.6,0.5143
F_peak_3d_T8,gamma,None,KNN,0.9667,0.7023,0.4,0.5143
F_median_3d_F3,gamma,norm2,Linear SVM,0.5133,0.5099,0.5,0.5143
F_mean_3d_F4,delta,norm2,Linear SVM,0.5,0.5046,0.6,0.5143
F_de_3d_C3,delta,None,Logistic Regression,0.5867,0.5405,0.5,0.5143
F_mean_3d_C4,all,norm3,KNN,0.9733,0.7425,0.5,0.5143
F_de_3d_T7,alpha,norm3,Linear SVM,0.5,0.5069,0.6,0.5143
F_de_3d_F7,all,None,Logistic Regression,0.6867,0.6225,0.6,0.5143
F_mean_3d_3area,delta,None,Random Forest,0.7467,0.648,0.5,0.5143
F_de_3d_8rm,theta,norm2,Ensemble (Majority Vote),0.8667,0.7028,0.5,0.5143
F_rasm_3d_10rm,alpha,None,Logistic Regression,0.5333,0.5228,0.7,0.5143
F_median_3d_F3,gamma,norm3,KNN,0.9867,0.6816,0.5,0.5143
F_median_3d_F3,gamma,norm3,Linear SVM,0.5133,0.5099,0.5,0.5143
F_rasm_3d_10rm,alpha,None,XGBoost,0.8133,0.6593,0.5,0.5143
F_de_3d19,beta,norm2,Linear SVM,0.5533,0.5154,0.6,0.5143
F_mean_3d_3area,delta,norm2,Ensemble (Majority Vote),0.6867,0.6485,0.6,0.5143
F_dasm_3d,alpha,norm2,Linear SVM,0.5067,0.5041,0.4,0.5143
F_mean_3d_F3,delta,norm3,Random Forest,0.76,0.5846,0.4,0.5143
F_median_3d_F7,theta,None,Logistic Regression,0.5267,0.5471,0.4,0.5143
F_rasm_3d_10rm,all,norm2,Linear SVM,0.5067,0.5076,0.6,0.5143
F_mean_3d_C4,theta,None,Ensemble (Majority Vote),0.7533,0.6136,0.5,0.5143
F_mean_3d_3area,theta,norm3,XGBoost,0.8,0.6428,0.6,0.5143
F_mean_3d,delta,norm2,KNN,0.98,0.7034,0.6,0.5143
F_median_3d_T7,theta,norm3,XGBoost,0.5867,0.5411,0.4,0.5143
F_median_3d_Fp2,gamma,norm3,Ensemble (Majority Vote),0.6333,0.6117,0.6,0.5143
F_de_3d_10rm,gamma,norm2,Ensemble (Majority Vote),0.92,0.7269,0.6,0.5143
F_de_3d_T8,all,norm2,XGBoost,0.8867,0.6485,0.5,0.5143
F_median_3d_Fp2,gamma,norm3,Linear SVM,0.5,0.5039,0.4,0.5143
F_peak_3d_T8,beta,norm2,Random Forest,0.76,0.5936,0.4,0.5143
F_rasm_3d_10rm,all,None,Ensemble (Majority Vote),0.9733,0.7494,0.5,0.5143
F_mean_3d_C3,theta,norm2,Linear SVM,0.5067,0.5057,0.5,0.5143
F_median_3d_Fp2,alpha,None,Random Forest,0.7533,0.5961,0.4,0.5143
F_de_3d_F4,theta,norm3,KNN,0.9733,0.6853,0.5,0.5143
F_de_3d_T8,all,norm2,KNN,0.98,0.7041,0.7,0.5143
F_median_3d_T7,theta,norm2,XGBoost,0.5867,0.5411,0.4,0.5143
F_peak_3d_T8,beta,norm3,Random Forest,0.76,0.5936,0.4,0.5143
F_mean_3d_F3,beta,norm3,Linear SVM,0.5067,0.4949,0.5,0.5143
F_de_3d_T8,alpha,norm2,KNN,0.9667,0.6869,0.4,0.5143
F_mean_3d,all,None,XGBoost,1.0,0.9853,0.5,0.5143
F_de_3d_F4,alpha,norm3,Ensemble (Majority Vote),0.6067,0.6011,0.7,0.5143
F_mean_3d,delta,None,KNN,1.0,0.8418,0.5,0.5143
F_rasm_3d_10rm,theta,norm2,XGBoost,0.88,0.7189,0.5,0.5143
F_mean_3d_8rm,gamma,None,Random Forest,0.7733,0.6922,0.5,0.5143
F_de_3d19,delta,norm2,XGBoost,1.0,0.794,0.6,0.5143
F_peak_3d_T8,delta,norm2,Linear SVM,0.5,0.4926,0.5,0.5143
F_median_3d_T7,theta,None,Linear SVM,0.56,0.5499,0.5,0.5143
F_median_3d_Fp2,alpha,norm2,XGBoost,0.6733,0.5664,0.5,0.5143
F_median_3d_T7,theta,None,Ensemble (Majority Vote),0.68,0.6149,0.5,0.5143
F_de_3d19,beta,norm2,Ensemble (Majority Vote),0.96,0.772,0.5,0.5143
F_de_3d_8rm,gamma,None,Ensemble (Majority Vote),0.86,0.7343,0.5,0.5143
F_rasm_3d_10rm,theta,norm2,Linear SVM,0.4867,0.483,0.7,0.5143
F_de_3d_8rm,beta,None,XGBoost,0.9333,0.7897,0.6,0.5143
F_mean_3d_C4,all,None,XGBoost,0.88,0.6952,0.6,0.5143
F_mean_3d_Cz,delta,None,Random Forest,0.6467,0.5807,0.6,0.5143
F_rasm_3d_3area,all,norm3,Ensemble (Majority Vote),0.8467,0.706,0.5,0.5143
F_de_3d_8rm,gamma,norm2,Linear SVM,0.5333,0.5108,0.5,0.5143
F_de_3d_T7,beta,norm3,Linear SVM,0.4933,0.5028,0.5,0.5143
F_de_3d_10rm,theta,norm2,Linear SVM,0.5333,0.5023,0.5,0.5143
F_mean_3d_C4,all,norm2,XGBoost,0.9267,0.6554,0.5,0.5143
F_median_3d_Fz,alpha,None,XGBoost,0.5867,0.5717,0.5,0.5143
F_de_3d_8rm,gamma,norm2,KNN,0.9733,0.6943,0.6,0.5143
F_de_3d_T7,beta,norm2,Random Forest,0.8067,0.5929,0.4,0.5143
F_mean_3d_3area,gamma,None,Ensemble (Majority Vote),0.76,0.6614,0.5,0.5143
F_median_3d_F4,beta,norm3,Random Forest,0.7933,0.5777,0.5,0.5143
F_de_3d_T7,beta,norm2,Linear SVM,0.4933,0.5028,0.5,0.5143
F_de_3d_F4,alpha,norm2,Linear SVM,0.4867,0.4959,0.6,0.5143
F_de_3d_T8,gamma,None,Ensemble (Majority Vote),0.74,0.6221,0.5,0.5143
F_rasm_3d,alpha,None,Logistic Regression,0.5467,0.5152,0.5,0.5143
F_de_3d_F3,delta,norm3,XGBoost,0.5733,0.5497,0.5,0.5143
F_de_3d_F7,alpha,None,Random Forest,0.6467,0.5954,0.4,0.5143
F_rasm_3d,alpha,norm3,XGBoost,0.94,0.7499,0.5,0.5143
F_median_3d_F4,alpha,None,KNN,0.98,0.7039,0.6,0.5143
F_rasm_3d_10rm,beta,norm3,Ensemble (Majority Vote),0.8133,0.7011,0.5,0.5143
F_de_3d_C3,gamma,None,Random Forest,0.6267,0.5862,0.7,0.5143
F_de_3d_C3,delta,norm2,Random Forest,0.7467,0.5832,0.5,0.5143
F_median_3d_T7,alpha,norm3,Random Forest,0.7267,0.5887,0.5,0.5143
F_de_3d19,gamma,norm2,Random Forest,0.9867,0.7825,0.5,0.5143
F_median_3d_T7,alpha,norm2,Linear SVM,0.4867,0.5009,0.6,0.5143
F_median_3d_T7,alpha,norm2,Random Forest,0.7267,0.5887,0.5,0.5143
F_median_3d_F8,gamma,norm2,Linear SVM,0.5267,0.4977,0.6,0.5143
F_rasm_3d,beta,None,XGBoost,0.9067,0.6761,0.4,0.5143
F_rasm_3d,beta,norm3,Random Forest,0.74,0.6754,0.5,0.5143
F_de_3d_Cz,all,norm3,XGBoost,0.8133,0.6956,0.5,0.5143
F_median_3d_F7,delta,norm2,Ensemble (Majority Vote),0.6933,0.611,0.6,0.5143
F_median_3d_F7,delta,norm3,Ensemble (Majority Vote),0.6933,0.611,0.6,0.5143
F_median_3d_T7,alpha,norm3,Linear SVM,0.4867,0.5009,0.6,0.5143
F_rasm_3d_10rm,delta,None,KNN,0.9867,0.717,0.4,0.5143
F_de_3d_Cz,delta,norm3,Ensemble (Majority Vote),0.6533,0.6007,0.5,0.5143
F_rasm_3d,delta,norm2,Linear SVM,0.5533,0.5251,0.5,0.5143
F_rasm_3d,all,norm2,KNN,0.9933,0.7138,0.5,0.5143
F_median_3d_Fz,all,norm2,XGBoost,0.9133,0.643,0.5,0.5143
F_median_3d_Fz,all,norm2,Ensemble (Majority Vote),0.8533,0.6726,0.6,0.5143
F_rasm_3d,theta,norm2,Random Forest,0.8533,0.7108,0.7,0.5143
F_de_3d_F4,alpha,norm2,Ensemble (Majority Vote),0.6067,0.6011,0.7,0.5143
F_median_3d_F4,beta,norm3,Linear SVM,0.5,0.4995,0.6,0.5143
F_median_3d_T7,delta,norm3,KNN,0.9533,0.6869,0.4,0.5143
F_rasm_3d_10rm,gamma,norm3,Logistic Regression,0.56,0.5021,0.5,0.5143
F_de_3d_10rm,gamma,None,XGBoost,0.98,0.811,0.5,0.5143
F_median_3d_T7,delta,norm2,KNN,0.9533,0.6869,0.4,0.5143
F_rasm_3d_10rm,gamma,norm3,Linear SVM,0.5667,0.5025,0.5,0.5143
F_de_3d19,gamma,norm2,Ensemble (Majority Vote),0.98,0.7931,0.5,0.5143
F_median_3d_T7,delta,None,XGBoost,0.64,0.5867,0.6,0.5143
F_rasm_3d_10rm,gamma,norm2,Linear SVM,0.52,0.5034,0.6,0.5143
F_rasm_3d,theta,None,Random Forest,0.8067,0.6446,0.4,0.5143
F_rasm_3d,theta,None,Ensemble (Majority Vote),0.8333,0.6591,0.4,0.5143
F_mean_3d_C4,all,norm2,Linear SVM,0.5,0.5087,0.4,0.5143
F_median_3d_F7,beta,norm3,Ensemble (Majority Vote),0.7267,0.6002,0.5,0.5143
F_mean_3d_C3,theta,None,KNN,0.94,0.6899,0.4,0.5143
F_median_3d_F7,beta,norm2,Ensemble (Majority Vote),0.7267,0.6002,0.5,0.5143
F_median_3d_F4,beta,norm2,Random Forest,0.7933,0.5777,0.5,0.5143
F_mean_3d_8rm,alpha,None,Logistic Regression,0.7,0.6315,0.5,0.5143
F_de_3d_T8,delta,norm3,Random Forest,0.7133,0.5876,0.4,0.5143
F_median_3d_F4,beta,norm2,Linear SVM,0.5,0.4995,0.6,0.5143
F_mean_3d_C3,theta,None,Ensemble (Majority Vote),0.7133,0.6071,0.6,0.5143
F_mean_3d_Cz,all,norm2,KNN,0.9867,0.6903,0.4,0.5143
F_de_3d_F7,beta,None,XGBoost,0.68,0.6009,0.6,0.5143
F_de_3d_T7,theta,None,XGBoost,0.7133,0.591,0.5,0.5143
F_de_3d19,beta,norm2,XGBoost,0.9933,0.8,0.6,0.5143
F_de_3d_Cz,delta,norm2,Ensemble (Majority Vote),0.6533,0.6007,0.5,0.5143
F_median_3d_Fz,alpha,None,Ensemble (Majority Vote),0.68,0.5977,0.5,0.5143
F_de_3d_T8,delta,norm3,XGBoost,0.62,0.546,0.4,0.5143
F_mean_3d_C4,delta,norm3,Linear SVM,0.5267,0.4979,0.7,0.5143
F_median_3d_T7,all,norm2,Ensemble (Majority Vote),0.8067,0.6818,0.5,0.5143
F_median_3d_T8,all,None,Logistic Regression,0.66,0.5968,0.3,0.5143
F_dasm_3d,gamma,None,Logistic Regression,0.6333,0.5892,0.6,0.5143
F_median_3d_F3,all,None,XGBoost,0.9133,0.7101,0.5,0.5143
F_median_3d_Fp2,beta,norm2,Linear SVM,0.4867,0.4984,0.7,0.5143
F_median_3d_T8,alpha,norm3,Ensemble (Majority Vote),0.76,0.6074,0.6,0.5143
F_mean_3d_C3,theta,norm3,Linear SVM,0.5067,0.5057,0.5,0.5143
F_median_3d_F3,all,norm2,Random Forest,0.9067,0.671,0.7,0.5143
F_median_3d_Fp2,beta,norm3,Linear SVM,0.4867,0.4984,0.7,0.5143
F_de_3d_F7,delta,norm2,Linear SVM,0.5067,0.5014,0.5,0.5143
F_median_3d_F8,gamma,norm3,Linear SVM,0.5267,0.4977,0.6,0.5143
F_median_3d_F3,all,norm3,KNN,0.9867,0.7363,0.5,0.5143
F_de_3d_C3,delta,norm3,Random Forest,0.7467,0.5832,0.5,0.5143
F_peak_3d_T8,alpha,norm3,Linear SVM,0.4733,0.4984,0.5,0.5143
F_de_3d_Cz,alpha,norm3,Linear SVM,0.5267,0.5039,0.5,0.5143
F_median_3d_T8,alpha,norm2,Ensemble (Majority Vote),0.76,0.6074,0.6,0.5143
F_rasm_3d_3area,theta,None,Linear SVM,0.48,0.4986,0.4,0.5143
F_dasm_3d,delta,norm3,KNN,0.9867,0.7687,0.6,0.5143
F_mean_3d_3area,gamma,norm3,XGBoost,0.82,0.6354,0.5,0.5143
F_de_3d_10rm,all,norm2,XGBoost,1.0,0.9336,0.6,0.5143
F_median_3d_F3,alpha,None,KNN,0.9867,0.6924,0.4,0.5143
F_rasm_3d19,gamma,norm2,XGBoost,0.98,0.8177,0.6,0.5143
F_rasm_3d19,beta,norm3,KNN,0.9533,0.7579,0.6,0.5143
F_rasm_3d19,gamma,norm3,Random Forest,0.8067,0.7122,0.5,0.5143
F_de_3d_C4,theta,norm3,KNN,0.98,0.6832,0.6,0.5143
F_de_3d_8rm,alpha,norm3,Ensemble (Majority Vote),0.82,0.7143,0.5,0.5143
F_median_3d_Fz,gamma,norm3,Random Forest,0.76,0.5839,0.6,0.5143
F_median_3d_F7,all,norm2,KNN,0.9933,0.6961,0.6,0.5143
F_median_3d_Fp2,delta,norm2,Linear SVM,0.5,0.4926,0.5,0.5143
F_mean_3d_F3,alpha,None,XGBoost,0.6533,0.5846,0.5,0.5143
F_mean_3d_F3,alpha,norm2,Ensemble (Majority Vote),0.8,0.6244,0.4,0.5143
F_median_3d_F8,beta,None,Random Forest,0.64,0.5975,0.4,0.5143
F_de_3d_F4,alpha,norm3,XGBoost,0.6,0.5395,0.5,0.5143
F_mean_3d_3area,theta,None,Random Forest,0.7267,0.6391,0.5,0.5143
F_mean_3d_F3,all,norm2,XGBoost,0.9067,0.6474,0.6,0.5143
F_peak_3d_T7,all,norm2,Linear SVM,0.5,0.5016,0.5,0.5143
F_de_3d_F3,gamma,norm2,XGBoost,0.6333,0.5623,0.5,0.5143
F_rasm_3d19,delta,norm3,KNN,0.98,0.7547,0.5,0.5143
F_peak_3d_T7,all,norm3,KNN,0.96,0.7549,0.6,0.5143
F_de_3d_T8,delta,norm3,Linear SVM,0.48,0.4922,0.6,0.5143
F_de_3d_F4,alpha,norm3,Linear SVM,0.4867,0.4959,0.6,0.5143
F_median_3d_Fz,gamma,norm2,KNN,0.9733,0.6857,0.4,0.5143
F_median_3d_Fz,gamma,norm2,Random Forest,0.76,0.5839,0.6,0.5143
F_mean_3d_F7,delta,None,XGBoost,0.6067,0.5816,0.6,0.5143
F_rasm_3d_3area,delta,None,KNN,0.96,0.6901,0.4,0.5143
F_de_3d_F7,delta,norm3,Linear SVM,0.5067,0.5014,0.5,0.5143
F_rasm_3d_3area,theta,None,Ensemble (Majority Vote),0.8267,0.6313,0.6,0.5143
F_median_3d_Fz,gamma,norm3,KNN,0.9733,0.6857,0.4,0.5143
F_peak_3d_T7,alpha,norm2,Linear SVM,0.4867,0.5018,0.5,0.5143
F_mean_3d_F7,delta,None,KNN,0.9733,0.6922,0.5,0.5143
F_median_3d_Fp2,alpha,norm3,XGBoost,0.6733,0.5664,0.5,0.5143
F_median_3d_F4,theta,None,Logistic Regression,0.5667,0.5244,0.5,0.5143
F_peak_3d_T7,alpha,norm3,Linear SVM,0.4867,0.5018,0.5,0.5143
F_median_3d_Cz,theta,norm2,XGBoost,0.6,0.5379,0.7,0.5143
F_de_3d_C3,all,norm2,Linear SVM,0.5133,0.5032,0.5,0.5143
F_peak_3d_T7,beta,norm2,Linear SVM,0.4733,0.4991,0.6,0.5143
F_peak_3d_T7,beta,norm3,Linear SVM,0.4733,0.4991,0.6,0.5143
F_mean_3d,gamma,None,Linear SVM,0.7267,0.629,0.4,0.5143
F_median_3d_Cz,theta,norm3,XGBoost,0.6,0.5379,0.7,0.5143
F_rasm_3d_8rm,alpha,None,Linear SVM,0.48,0.4924,0.5,0.5143
F_median_3d_F4,theta,None,Linear SVM,0.5667,0.5244,0.5,0.5143
F_rasm_3d_8rm,alpha,None,Ensemble (Majority Vote),0.8,0.6531,0.5,0.5143
F_median_3d_Fp2,alpha,None,KNN,0.9667,0.697,0.4,0.5143
F_de_3d_F4,theta,norm2,KNN,0.9733,0.6853,0.5,0.5143
F_de_3d_T7,beta,norm3,Random Forest,0.8067,0.5929,0.4,0.5143
F_mean_3d_Cz,gamma,norm3,Random Forest,0.78,0.5846,0.6,0.5143
F_mean_3d_F3,alpha,norm3,XGBoost,0.5133,0.5411,0.5,0.5143
F_dasm_3d,gamma,norm2,Linear SVM,0.4733,0.4929,0.5,0.5143
F_de_3d_F4,alpha,norm2,XGBoost,0.6,0.5395,0.5,0.5143
F_de_3d_F7,delta,None,Linear SVM,0.5733,0.5469,0.6,0.5143
F_median_3d_Fp2,delta,norm3,Linear SVM,0.5,0.4926,0.5,0.5143
F_median_3d_Fz,theta,None,XGBoost,0.6867,0.5802,0.6,0.5143
F_rasm_3d19,alpha,norm2,Random Forest,0.8933,0.7276,0.5,0.5143
F_median_3d_Fp2,gamma,norm2,Ensemble (Majority Vote),0.6333,0.6117,0.6,0.5143
F_de_3d_Cz,alpha,norm2,Linear SVM,0.5267,0.5039,0.5,0.5143
F_de_3d_F7,delta,None,Ensemble (Majority Vote),0.7267,0.6186,0.6,0.5143
F_de_3d_8rm,beta,None,KNN,1.0,0.8294,0.6,0.5143
F_de_3d_F3,gamma,norm3,XGBoost,0.6333,0.5623,0.5,0.5143
F_rasm_3d_8rm,all,norm3,XGBoost,1.0,0.8782,0.6,0.5143
F_mean_3d_C4,delta,norm2,Linear SVM,0.5267,0.4979,0.7,0.5143
F_peak_3d_T8,alpha,norm2,Linear SVM,0.4733,0.4984,0.5,0.5143
F_mean_3d_F3,alpha,norm3,Random Forest,0.78,0.5915,0.6,0.5143
F_de_3d_10rm,gamma,norm2,Random Forest,0.9867,0.726,0.5,0.5143
F_median_3d_T8,all,norm2,KNN,0.98,0.6954,0.6,0.5143
F_median_3d_Fp2,gamma,norm2,Linear SVM,0.5,0.5039,0.4,0.5143
F_peak_3d_T7,theta,None,KNN,0.9667,0.7106,0.5,0.5143
F_mean_3d_8rm,beta,norm2,Linear SVM,0.54,0.5097,0.5,0.5143
F_rasm_3d19,beta,None,KNN,1.0,0.7303,0.7,0.5143
F_mean_3d,delta,norm2,Linear SVM,0.4933,0.5046,0.5,0.5143
F_mean_3d,delta,norm3,KNN,0.9933,0.8386,0.6,0.5143
F_mean_3d_F3,alpha,norm2,XGBoost,0.5133,0.5411,0.5,0.5143
F_mean_3d_F3,alpha,norm3,Ensemble (Majority Vote),0.8,0.6244,0.4,0.5143
F_mean_3d_Cz,gamma,norm2,Random Forest,0.78,0.5846,0.6,0.5143
F_median_3d_F8,alpha,None,Ensemble (Majority Vote),0.74,0.6202,0.6,0.5143
F_mean_3d_F3,beta,norm2,Linear SVM,0.5067,0.4949,0.5,0.5143
F_mean_3d_F3,alpha,norm2,Random Forest,0.78,0.5915,0.6,0.5143
F_de_3d_F7,delta,None,Logistic Regression,0.5733,0.5467,0.6,0.5143
F_median_3d_F4,theta,norm3,Linear SVM,0.4867,0.4929,0.5,0.5
F_median_3d_F7,beta,norm3,Logistic Regression,0.5,0.5,0.5,0.5
F_peak_3d_1area,theta,norm3,Logistic Regression,0.5,0.5,0.5,0.5
F_median_3d_Fz,beta,norm2,Logistic Regression,0.5,0.5,0.5,0.5
F_median_3d_Fp1,alpha,norm2,Logistic Regression,0.5,0.5,0.5,0.5
F_peak_3d_2area,delta,None,Linear SVM,0.6467,0.5949,0.5,0.5
F_mean_3d_10rm,beta,norm2,Logistic Regression,0.5,0.5,0.5,0.5
F_mean_3d_10rm,delta,norm2,Logistic Regression,0.5,0.5,0.5,0.5
F_median_3d_F7,beta,norm3,Linear SVM,0.5,0.5016,0.4,0.5
F_de_3d_C4,alpha,norm3,Logistic Regression,0.5,0.5,0.5,0.5
F_de_3d_Cz,beta,norm3,Logistic Regression,0.5,0.5,0.5,0.5
F_median_3d_F4,theta,norm3,Logistic Regression,0.5,0.5,0.5,0.5
F_de_3d_T7,theta,norm2,Logistic Regression,0.5,0.5,0.5,0.5
F_peak_3d_1area,theta,norm2,Random Forest,0.76,0.5945,0.4,0.5
F_de_3d_Fp2,delta,None,XGBoost,0.62,0.5855,0.5,0.5
F_median_3d_3area,all,None,KNN,0.9867,0.8568,0.5,0.5
F_peak_3d_1area,theta,norm3,Random Forest,0.76,0.5945,0.4,0.5
F_de_3d_Fp2,beta,norm3,XGBoost,0.5733,0.5607,0.6,0.5
F_median_3d_2area,delta,norm2,Logistic Regression,0.5,0.5,0.5,0.5
F_de_3d_10rm,gamma,norm2,Logistic Regression,0.5,0.5,0.5,0.5
F_median_3d_F7,delta,norm2,Random Forest,0.8133,0.5885,0.6,0.5
F_median_3d_3area,all,norm2,Logistic Regression,0.5,0.5,0.5,0.5
F_median_3d_F7,delta,norm2,Logistic Regression,0.5,0.5,0.5,0.5
F_median_3d_F4,theta,norm2,Logistic Regression,0.5,0.5,0.5,0.5
F_median_3d_F7,delta,norm2,KNN,0.98,0.6922,0.5,0.5
F_mean_3d,all,norm2,Ensemble (Majority Vote),0.9733,0.8389,0.5,0.5
F_median_3d_F4,theta,norm2,XGBoost,0.52,0.5462,0.4,0.5
F_median_3d_Fz,alpha,norm3,Logistic Regression,0.5,0.5,0.5,0.5
F_mean_3d_10rm,delta,norm3,KNN,1.0,0.8257,0.6,0.5
F_median_3d_Fz,gamma,None,XGBoost,0.72,0.5975,0.6,0.5
F_peak_3d_2area,delta,norm2,Logistic Regression,0.5,0.5,0.5,0.5
F_peak_3d_3area,all,norm3,XGBoost,1.0,0.8917,0.6,0.5
F_median_3d_3area,delta,None,Ensemble (Majority Vote),0.7933,0.6678,0.6,0.5
F_peak_3d_1area,theta,norm2,Logistic Regression,0.5,0.5,0.5,0.5
F_peak_3d_3area,all,norm3,Random Forest,0.88,0.7607,0.6,0.5
F_dasm_3d_3area,theta,norm3,Logistic Regression,0.5,0.5,0.5,0.5
F_de_3d_10rm,all,norm2,Ensemble (Majority Vote),0.9733,0.8526,0.5,0.5
F_median_3d_F7,alpha,None,Ensemble (Majority Vote),0.7067,0.6138,0.5,0.5
F_peak_3d_3area,all,norm3,KNN,0.9933,0.897,0.5,0.5
F_median_3d_F4,theta,norm3,XGBoost,0.52,0.5462,0.4,0.5
F_peak_3d_2area,delta,norm2,Ensemble (Majority Vote),0.7,0.6416,0.5,0.5
F_peak_3d_3area,all,norm2,Logistic Regression,0.5,0.5,0.5,0.5
F_median_3d_Fp1,alpha,norm3,Linear SVM,0.5067,0.5037,0.5,0.5
F_de_3d19,gamma,norm2,Logistic Regression,0.5,0.5,0.5,0.5
F_de_3d_T8,theta,norm2,Logistic Regression,0.5,0.5,0.5,0.5
F_median_3d_3area,beta,norm2,Logistic Regression,0.5,0.5,0.5,0.5
F_median_3d_F7,all,norm2,Logistic Regression,0.5,0.5,0.5,0.5
F_peak_3d_2area,beta,norm3,KNN,0.9733,0.7002,0.4,0.5
F_de_3d_1area,theta,None,Linear SVM,0.56,0.5414,0.5,0.5
F_median_3d_F7,alpha,norm3,Logistic Regression,0.5,0.5,0.5,0.5
F_peak_3d_2area,alpha,norm2,Logistic Regression,0.5,0.5,0.5,0.5
F_peak_3d_2area,gamma,norm2,Random Forest,0.9,0.6228,0.4,0.5
F_peak_3d_2area,gamma,norm2,Logistic Regression,0.5,0.5,0.5,0.5
F_peak_3d_2area,delta,norm3,KNN,0.9533,0.7218,0.4,0.5
F_median_3d_Fp2,alpha,norm2,Ensemble (Majority Vote),0.6933,0.6113,0.4,0.5
F_median_3d_F8,delta,norm2,Logistic Regression,0.5,0.5,0.5,0.5
F_peak_3d_2area,gamma,norm2,Linear SVM,0.5133,0.4963,0.4,0.5
F_de_3d_Cz,alpha,norm3,Logistic Regression,0.5,0.5,0.5,0.5
F_de_3d_Fp2,delta,norm3,Linear SVM,0.5133,0.5032,0.6,0.5
F_median_3d_F7,alpha,norm2,XGBoost,0.56,0.552,0.6,0.5
F_median_3d_Fz,delta,norm3,Logistic Regression,0.5,0.5,0.5,0.5
F_de_3d_1area,gamma,norm2,Logistic Regression,0.5,0.5,0.5,0.5
F_de_3d_T7,gamma,norm3,Logistic Regression,0.5,0.5,0.5,0.5
F_median_3d_F8,delta,norm2,XGBoost,0.5867,0.5464,0.6,0.5
F_de_3d_Fp2,delta,norm3,XGBoost,0.6,0.5607,0.5,0.5
F_de_3d_C4,beta,None,KNN,0.9667,0.6947,0.3,0.5
F_de_3d_T7,gamma,norm2,Logistic Regression,0.5,0.5,0.5,0.5
F_median_3d_F7,alpha,norm2,Logistic Regression,0.5,0.5,0.5,0.5
F_median_3d_3area,alpha,norm2,Logistic Regression,0.5,0.5,0.5,0.5
F_peak_3d_2area,gamma,None,XGBoost,0.7067,0.6343,0.5,0.5
F_median_3d_2area,theta,norm2,Linear SVM,0.4667,0.5014,0.6,0.5
F_median_3d_F7,alpha,norm2,Random Forest,0.8067,0.5917,0.5,0.5
F_mean_3d,all,norm2,Logistic Regression,0.5,0.5,0.5,0.5
F_median_3d_Fp1,alpha,norm2,Linear SVM,0.5067,0.5037,0.5,0.5
F_de_3d_1area,gamma,norm3,Logistic Regression,0.5,0.5,0.5,0.5
F_median_3d_2area,theta,norm2,Logistic Regression,0.5,0.5,0.5,0.5
F_median_3d_F7,alpha,norm3,Random Forest,0.8067,0.5917,0.5,0.5
F_median_3d_F7,alpha,norm3,XGBoost,0.56,0.552,0.6,0.5
F_median_3d_3area,beta,None,Ensemble (Majority Vote),0.8,0.6708,0.6,0.5
F_median_3d_Fz,beta,norm3,Logistic Regression,0.5,0.5,0.5,0.5
F_median_3d_F7,beta,norm2,Logistic Regression,0.5,0.5,0.5,0.5
F_dasm_3d_8rm,alpha,None,Ensemble (Majority Vote),0.7867,0.6646,0.5,0.5
F_de_3d_C4,beta,norm2,Logistic Regression,0.5,0.5,0.5,0.5
F_median_3d_F7,beta,norm2,Linear SVM,0.5,0.5016,0.4,0.5
F_median_3d_Fp1,delta,norm2,Logistic Regression,0.5,0.5,0.5,0.5
F_mean_3d_10rm,delta,norm3,Logistic Regression,0.7,0.6315,0.4,0.5
F_de_3d_Fp2,delta,norm3,Logistic Regression,0.5,0.5,0.5,0.5
F_dasm_3d_8rm,all,norm2,Logistic Regression,0.5,0.5,0.5,0.5
F_median_3d_F7,all,None,Ensemble (Majority Vote),0.82,0.6752,0.5,0.5
F_median_3d_Fz,gamma,None,Linear SVM,0.52,0.5269,0.5,0.5
F_peak_3d_2area,theta,norm2,Logistic Regression,0.5,0.5,0.5,0.5
F_median_3d_F8,delta,norm3,Logistic Regression,0.5,0.5,0.5,0.5
F_median_3d_Fz,delta,norm2,Logistic Regression,0.5,0.5,0.5,0.5
F_de_3d_Fp2,delta,norm2,XGBoost,0.6,0.5607,0.5,0.5
F_de_3d_T8,theta,norm3,Logistic Regression,0.5,0.5,0.5,0.5
F_de_3d_Fp2,delta,norm2,Linear SVM,0.5133,0.5032,0.6,0.5
F_de_3d_Cz,beta,norm2,Logistic Regression,0.5,0.5,0.5,0.5
F_peak_3d_2area,all,norm2,Logistic Regression,0.5,0.5,0.5,0.5
F_median_3d_2area,gamma,norm2,KNN,0.98,0.7005,0.6,0.5
F_peak_3d_2area,beta,norm2,Logistic Regression,0.5,0.5,0.5,0.5
F_median_3d_2area,gamma,norm2,Logistic Regression,0.5,0.5,0.5,0.5
F_peak_3d_2area,alpha,None,Ensemble (Majority Vote),0.7333,0.6457,0.6,0.5
F_median_3d_2area,gamma,norm2,Random Forest,0.8733,0.6195,0.3,0.5
F_median_3d_2area,theta,norm3,KNN,0.9867,0.7034,0.5,0.5
F_de_3d_1area,theta,None,Logistic Regression,0.56,0.5425,0.5,0.5
F_de_3d_Fp2,delta,norm2,Logistic Regression,0.5,0.5,0.5,0.5
F_de_3d_C4,alpha,norm2,Logistic Regression,0.5,0.5,0.5,0.5
F_de_3d19,theta,None,Ensemble (Majority Vote),0.9467,0.8016,0.4,0.5
F_de_3d_Fp2,beta,norm3,Logistic Regression,0.5,0.5,0.5,0.5
F_median_3d_Fp2,delta,norm3,Random Forest,0.8,0.5961,0.4,0.5
F_median_3d_1area,all,norm3,XGBoost,0.8533,0.7395,0.6,0.5
F_median_3d_1area,all,norm3,Random Forest,0.7733,0.6917,0.5,0.5
F_median_3d_Fp2,delta,norm3,XGBoost,0.6267,0.5646,0.4,0.5
F_de_3d_Fp2,alpha,None,Random Forest,0.7267,0.5963,0.6,0.5
F_peak_3d_8rm,gamma,norm2,Logistic Regression,0.5,0.5,0.5,0.5
F_median_3d_F8,all,norm3,KNN,0.98,0.7306,0.5,0.5
F_median_3d_1area,all,norm2,Logistic Regression,0.5,0.5,0.5,0.5
F_dasm_3d_3area,alpha,norm2,Logistic Regression,0.5,0.5,0.5,0.5
F_de_3d_2area,all,None,Random Forest,0.84,0.7172,0.5,0.5
F_median_3d_1area,all,norm2,Ensemble (Majority Vote),0.8933,0.6777,0.3,0.5
F_median_3d_Fp2,delta,norm3,Logistic Regression,0.5,0.5,0.5,0.5
F_median_3d_F8,all,norm2,XGBoost,0.8867,0.6428,0.6,0.5
F_median_3d_Fp2,delta,norm2,XGBoost,0.6267,0.5646,0.4,0.5
F_de_3d_2area,all,norm2,Ensemble (Majority Vote),0.88,0.7207,0.4,0.5
F_mean_3d_10rm,theta,norm2,Logistic Regression,0.5,0.5,0.5,0.5
F_peak_3d_8rm,theta,norm2,Logistic Regression,0.5,0.5,0.5,0.5
F_median_3d_Fp2,alpha,norm3,Ensemble (Majority Vote),0.6933,0.6113,0.4,0.5
F_median_3d_Fp2,delta,norm2,Random Forest,0.8,0.5961,0.4,0.5
F_median_3d_F8,alpha,None,Linear SVM,0.5067,0.5331,0.4,0.5
F_median_3d_F8,alpha,None,Logistic Regression,0.5067,0.5333,0.4,0.5
F_median_3d_10rm,theta,norm2,Logistic Regression,0.5,0.5,0.5,0.5
F_dasm_3d_3area,all,norm3,Logistic Regression,0.7,0.6179,0.5,0.5
F_median_3d_Fp1,beta,norm3,Logistic Regression,0.5,0.5,0.5,0.5
F_peak_3d_8rm,gamma,norm2,KNN,0.9933,0.6998,0.6,0.5
F_de_3d_F3,alpha,norm2,Logistic Regression,0.5,0.5,0.5,0.5
F_de_3d_T8,all,norm2,Logistic Regression,0.5,0.5,0.5,0.5
F_median_3d_F7,theta,norm2,Logistic Regression,0.5,0.5,0.5,0.5
F_de_3d19,theta,norm2,Logistic Regression,0.5,0.5,0.5,0.5
F_median_3d_Fp1,beta,norm3,Random Forest,0.8267,0.5864,0.4,0.5
F_median_3d_Fp2,theta,norm2,Logistic Regression,0.5,0.5,0.5,0.5
F_dasm_3d_3area,beta,None,KNN,0.9667,0.691,0.5,0.5
F_median_3d_F7,theta,norm3,Ensemble (Majority Vote),0.72,0.614,0.4,0.5
F_de_3d_Fp2,alpha,norm2,Logistic Regression,0.5,0.5,0.5,0.5
F_median_3d_Fp2,theta,norm2,KNN,0.98,0.6945,0.5,0.5
F_median_3d_F7,theta,norm3,Logistic Regression,0.5,0.5,0.5,0.5
F_de_3d_T8,all,norm2,Linear SVM,0.5133,0.5053,0.4,0.5
F_de_3d_T8,all,norm2,Random Forest,0.9067,0.6531,0.6,0.5
F_median_3d_1area,alpha,None,Logistic Regression,0.5733,0.552,0.4,0.5
F_median_3d_1area,alpha,norm3,Logistic Regression,0.5,0.5,0.5,0.5
F_median_3d_Fp2,gamma,norm3,Logistic Regression,0.5,0.5,0.5,0.5
F_peak_3d_8rm,delta,norm2,Ensemble (Majority Vote),0.88,0.7028,0.5,0.5
F_peak_3d_8rm,delta,norm2,Logistic Regression,0.5,0.5,0.5,0.5
F_de_3d_T8,gamma,norm3,Logistic Regression,0.5,0.5,0.5,0.5
F_median_3d_Fp2,gamma,norm2,Logistic Regression,0.5,0.5,0.5,0.5
F_peak_3d_8rm,delta,norm2,XGBoost,0.96,0.6931,0.7,0.5
F_median_3d_1area,alpha,norm2,Logistic Regression,0.5,0.5,0.5,0.5
F_median_3d_F8,all,norm2,Logistic Regression,0.5,0.5,0.5,0.5
F_dasm_3d_3area,alpha,norm3,Logistic Regression,0.5,0.5,0.5,0.5
F_median_3d_Fp2,delta,norm2,Logistic Regression,0.5,0.5,0.5,0.5
F_de_3d_T8,alpha,None,KNN,0.96,0.6906,0.5,0.5
F_median_3d_2area,beta,norm2,Logistic Regression,0.5,0.5,0.5,0.5
F_median_3d_Fp2,beta,None,KNN,0.9667,0.7007,0.7,0.5
F_de_3d_T8,gamma,norm2,Logistic Regression,0.5,0.5,0.5,0.5
F_peak_3d_C3,beta,norm2,Logistic Regression,0.5,0.5,0.5,0.5
F_median_3d_10rm,delta,norm3,Ensemble (Majority Vote),0.8533,0.7501,0.5,0.5
F_median_3d_10rm,delta,norm2,XGBoost,0.9867,0.7297,0.5,0.5
F_peak_3d_C3,beta,norm3,Linear SVM,0.5,0.5053,0.5,0.5
F_median_3d_10rm,delta,norm2,Logistic Regression,0.5,0.5,0.5,0.5
F_median_3d_F8,delta,None,KNN,0.98,0.7023,0.5,0.5
F_median_3d_F8,beta,norm2,KNN,1.0,0.6906,0.6,0.5
F_median_3d_F8,beta,norm2,Logistic Regression,0.5,0.5,0.5,0.5
F_peak_3d_C3,beta,norm3,Logistic Regression,0.5,0.5,0.5,0.5
F_median_3d_F8,beta,norm3,KNN,1.0,0.6906,0.6,0.5
F_median_3d_10rm,delta,norm3,Logistic Regression,0.76,0.6432,0.5,0.5
F_peak_3d_C3,delta,None,Random Forest,0.6733,0.5949,0.4,0.5
F_median_3d_Fp2,alpha,norm3,Logistic Regression,0.5,0.5,0.5,0.5
F_peak_3d_C3,delta,None,XGBoost,0.68,0.5968,0.4,0.5
F_median_3d_F8,beta,norm3,Logistic Regression,0.5,0.5,0.5,0.5
F_peak_3d_C3,delta,norm2,Logistic Regression,0.5,0.5,0.5,0.5
F_dasm_3d_3area,all,norm2,Logistic Regression,0.5,0.5,0.5,0.5
F_peak_3d_C3,delta,norm3,Logistic Regression,0.5,0.5,0.5,0.5
F_de_3d_2area,all,norm2,Logistic Regression,0.5,0.5,0.5,0.5
F_peak_3d_C3,gamma,norm2,Linear SVM,0.5,0.5,0.5,0.5
F_peak_3d_C3,gamma,norm2,Logistic Regression,0.5,0.5,0.5,0.5
F_peak_3d_C3,beta,norm2,Linear SVM,0.5,0.5053,0.5,0.5
F_median_3d_Fp2,beta,norm2,Logistic Regression,0.5,0.5,0.5,0.5
F_peak_3d_C3,all,norm2,Linear SVM,0.4733,0.5025,0.5,0.5
F_peak_3d_C3,alpha,norm2,Linear SVM,0.5,0.4961,0.5,0.5
F_peak_3d_C3,all,norm2,Logistic Regression,0.5,0.5,0.5,0.5
F_peak_3d_C3,all,norm2,XGBoost,0.92,0.6538,0.3,0.5
F_de_3d_10rm,delta,norm2,Logistic Regression,0.5,0.5,0.5,0.5
F_de_3d19,theta,norm3,KNN,1.0,0.8867,0.6,0.5
F_median_3d_10rm,gamma,norm3,XGBoost,0.9667,0.7703,0.5,0.5
F_median_3d_F8,alpha,norm2,Logistic Regression,0.5,0.5,0.5,0.5
F_median_3d_10rm,gamma,norm3,Random Forest,0.8333,0.7149,0.6,0.5
F_de_3d_10rm,delta,norm2,Linear SVM,0.52,0.5007,0.4,0.5
F_de_3d_10rm,delta,norm2,Ensemble (Majority Vote),0.84,0.7062,0.5,0.5
F_de_3d_Fp2,all,norm2,Logistic Regression,0.5,0.5,0.5,0.5
F_median_3d_10rm,gamma,norm2,Logistic Regression,0.5,0.5,0.5,0.5
F_median_3d_F8,beta,None,KNN,0.98,0.709,0.6,0.5
F_peak_3d_C3,alpha,norm2,Logistic Regression,0.5,0.5,0.5,0.5
F_de_3d_10rm,delta,None,Logistic Regression,0.7533,0.6448,0.5,0.5
F_median_3d_Fp2,beta,norm3,Logistic Regression,0.5,0.5,0.5,0.5
F_median_3d_Fp1,beta,norm2,Logistic Regression,0.5,0.5,0.5,0.5
F_peak_3d_C3,alpha,norm3,Linear SVM,0.5,0.4961,0.5,0.5
F_peak_3d_C3,alpha,norm3,Logistic Regression,0.5,0.5,0.5,0.5
F_median_3d_10rm,gamma,None,XGBoost,0.9667,0.7915,0.4,0.5
F_median_3d_F8,alpha,norm3,Logistic Regression,0.5,0.5,0.5,0.5
F_peak_3d_C3,beta,None,XGBoost,0.6133,0.5936,0.6,0.5
F_mean_3d_8rm,theta,norm2,Logistic Regression,0.5,0.5,0.5,0.5
F_dasm_3d_3area,beta,norm2,KNN,0.9933,0.6878,0.5,0.5
F_de_3d_2area,all,None,KNN,1.0,0.8455,0.5,0.5
F_median_3d_Fp2,theta,norm3,KNN,0.98,0.6945,0.5,0.5
F_peak_3d_3area,delta,norm2,Logistic Regression,0.5,0.5,0.5,0.5
F_median_3d_Fz,alpha,None,Random Forest,0.6933,0.589,0.5,0.5
F_median_3d_Fz,alpha,None,Logistic Regression,0.5533,0.5375,0.4,0.5
F_median_3d_Fz,alpha,None,Linear SVM,0.5667,0.5384,0.4,0.5
F_dasm_3d_3area,gamma,norm2,XGBoost,0.64,0.5543,0.6,0.5
F_median_3d_2area,all,norm2,Logistic Regression,0.5,0.5,0.5,0.5
F_median_3d_2area,all,norm2,Linear SVM,0.5733,0.5175,0.4,0.5
F_peak_3d_3area,delta,norm2,Linear SVM,0.4933,0.4989,0.3,0.5
F_median_3d_2area,all,norm2,Ensemble (Majority Vote),0.8867,0.7097,0.6,0.5
F_de_3d_T8,all,None,Ensemble (Majority Vote),0.7867,0.6954,0.5,0.5
F_median_3d_2area,all,None,XGBoost,0.9667,0.8097,0.5,0.5
F_peak_3d_3area,delta,norm2,XGBoost,0.8067,0.6143,0.5,0.5
F_dasm_3d_3area,gamma,norm3,Logistic Regression,0.5,0.5,0.5,0.5
F_de_3d_Fp2,gamma,norm2,Logistic Regression,0.5,0.5,0.5,0.5
F_median_3d_2area,all,None,KNN,0.9933,0.8363,0.5,0.5
F_de_3d_Fp2,beta,None,Random Forest,0.7,0.612,0.6,0.5
F_peak_3d_3area,delta,norm3,Linear SVM,0.5467,0.56,0.4,0.5
F_peak_3d_3area,delta,norm3,Logistic Regression,0.54,0.5598,0.4,0.5
F_median_3d_1area,theta,norm3,Logistic Regression,0.5,0.5,0.5,0.5
F_median_3d_F7,gamma,norm2,Logistic Regression,0.5,0.5,0.5,0.5
F_de_3d_Fp2,beta,None,KNN,0.98,0.7064,0.5,0.5
F_peak_3d_3area,gamma,norm2,Logistic Regression,0.5,0.5,0.5,0.5
F_peak_3d_3area,gamma,norm3,KNN,0.9733,0.7198,0.5,0.5
F_de_3d_T8,alpha,None,XGBoost,0.6467,0.5922,0.4,0.5
F_dasm_3d_3area,gamma,norm3,XGBoost,0.64,0.5543,0.6,0.5
F_median_3d_1area,beta,norm2,Logistic Regression,0.5,0.5,0.5,0.5
F_de_3d_Fp2,beta,norm2,XGBoost,0.5733,0.5607,0.6,0.5
F_median_3d_Fz,alpha,norm2,Logistic Regression,0.5,0.5,0.5,0.5
F_median_3d_Fp2,alpha,norm2,Logistic Regression,0.5,0.5,0.5,0.5
F_median_3d_F7,delta,norm3,KNN,0.98,0.6922,0.5,0.5
F_mean_3d_10rm,delta,norm3,XGBoost,0.96,0.7892,0.5,0.5
F_peak_3d_3area,alpha,norm2,Logistic Regression,0.5,0.5,0.5,0.5
F_median_3d_F7,delta,norm3,Logistic Regression,0.5,0.5,0.5,0.5
F_peak_3d_3area,alpha,norm2,Random Forest,0.9,0.6398,0.4,0.5
F_de_3d_10rm,beta,norm2,KNN,0.9733,0.7251,0.5,0.5
F_de_3d_1area,theta,norm2,Logistic Regression,0.5,0.5,0.5,0.5
F_peak_3d_3area,alpha,norm3,Random Forest,0.84,0.6386,0.5,0.5
F_median_3d_F7,delta,norm3,Random Forest,0.8133,0.5885,0.6,0.5
F_median_3d_2area,alpha,None,Ensemble (Majority Vote),0.76,0.6494,0.5,0.5
F_dasm_3d_3area,theta,norm2,Logistic Regression,0.5,0.5,0.5,0.5
F_peak_3d_3area,beta,norm2,Logistic Regression,0.5,0.5,0.5,0.5
F_median_3d_Fp1,alpha,norm3,Logistic Regression,0.5,0.5,0.5,0.5
F_de_3d_T7,theta,norm3,Logistic Regression,0.5,0.5,0.5,0.5
F_median_3d_2area,alpha,norm2,Logistic Regression,0.5,0.5,0.5,0.5
F_median_3d_F7,gamma,None,Ensemble (Majority Vote),0.7467,0.6207,0.5,0.5
F_median_3d_2area,alpha,norm2,Linear SVM,0.54,0.5154,0.6,0.5
F_de_3d_Fp2,beta,norm2,Logistic Regression,0.5,0.5,0.5,0.5
F_median_3d_2area,alpha,norm2,Ensemble (Majority Vote),0.7867,0.626,0.4,0.5
F_median_3d_2area,alpha,None,Logistic Regression,0.5667,0.5503,0.4,0.5
F_median_3d_1area,theta,norm2,Logistic Regression,0.5,0.5,0.5,0.5
F_median_3d_Fz,all,norm2,Logistic Regression,0.5,0.5,0.5,0.5
F_peak_3d_3area,theta,norm2,Logistic Regression,0.5,0.5,0.5,0.5
F_peak_3d_8rm,alpha,norm2,Logistic Regression,0.5,0.5,0.5,0.5
F_de_3d_T8,all,None,Random Forest,0.7533,0.6653,0.4,0.5
F_de_3d19,theta,norm2,Linear SVM,0.6067,0.5069,0.6,0.5
F_dasm_3d_3area,delta,None,XGBoost,0.6533,0.5766,0.5,0.5
F_median_3d_1area,delta,norm3,Logistic Regression,0.5,0.5,0.5,0.5
F_median_3d_Fp1,beta,None,KNN,0.9867,0.6924,0.4,0.5
F_median_3d_1area,delta,norm3,KNN,0.9933,0.688,0.4,0.5
F_median_3d_1area,delta,norm2,XGBoost,0.6067,0.5639,0.4,0.5
F_peak_3d_8rm,alpha,norm2,Linear SVM,0.48,0.5055,0.4,0.5
F_median_3d_1area,delta,norm2,Logistic Regression,0.5,0.5,0.5,0.5
F_median_3d_1area,delta,norm2,KNN,0.9933,0.688,0.4,0.5
F_peak_3d_8rm,alpha,norm2,Random Forest,0.9867,0.7221,0.4,0.5
F_dasm_3d_3area,gamma,norm2,Logistic Regression,0.5,0.5,0.5,0.5
F_dasm_3d_3area,delta,None,Ensemble (Majority Vote),0.7267,0.6216,0.5,0.5
F_dasm_3d_3area,beta,norm3,Logistic Regression,0.5,0.5,0.5,0.5
F_dasm_3d_3area,beta,norm3,KNN,0.9933,0.6878,0.5,0.5
F_de_3d_1area,theta,norm3,Logistic Regression,0.5,0.5,0.5,0.5
F_de_3d_T8,beta,norm2,Logistic Regression,0.5,0.5,0.5,0.5
F_median_3d_1area,beta,norm3,Logistic Regression,0.5,0.5,0.5,0.5
F_median_3d_Fp2,theta,norm3,Logistic Regression,0.5,0.5,0.5,0.5
F_median_3d_F7,theta,norm2,Ensemble (Majority Vote),0.72,0.614,0.4,0.5
F_peak_3d_8rm,beta,norm2,Logistic Regression,0.5,0.5,0.5,0.5
F_dasm_3d_3area,beta,norm2,Logistic Regression,0.5,0.5,0.5,0.5
F_median_3d_1area,delta,norm3,XGBoost,0.6067,0.5639,0.4,0.5
F_dasm_3d_3area,delta,norm2,Logistic Regression,0.5,0.5,0.5,0.5
F_peak_3d_8rm,all,norm2,XGBoost,1.0,0.9205,0.5,0.5
F_median_3d_1area,gamma,None,Random Forest,0.6533,0.6046,0.6,0.5
F_peak_3d_3area,theta,norm3,Random Forest,0.76,0.6405,0.6,0.5
F_median_3d_Fz,all,norm2,Linear SVM,0.4733,0.5,0.5,0.5
F_median_3d_1area,theta,None,KNN,0.9667,0.7099,0.3,0.5
F_de_3d_Fp2,alpha,norm3,Logistic Regression,0.5,0.5,0.5,0.5
F_median_3d_1area,gamma,norm3,XGBoost,0.5533,0.557,0.3,0.5
F_mean_3d_10rm,gamma,norm2,Linear SVM,0.4933,0.5113,0.4,0.5
F_median_3d_1area,gamma,norm3,Logistic Regression,0.5,0.5,0.5,0.5
F_median_3d_1area,gamma,norm3,Linear SVM,0.5333,0.508,0.5,0.5
F_mean_3d_10rm,gamma,norm2,Logistic Regression,0.5,0.5,0.5,0.5
F_median_3d_Fz,all,norm2,KNN,0.9867,0.6915,0.4,0.5
F_dasm_3d_3area,gamma,None,Random Forest,0.6467,0.5871,0.5,0.5
F_median_3d_1area,gamma,norm2,XGBoost,0.5533,0.557,0.3,0.5
F_dasm_3d_3area,delta,norm3,Logistic Regression,0.5,0.5,0.5,0.5
F_median_3d_1area,gamma,norm2,Logistic Regression,0.5,0.5,0.5,0.5
F_de_3d_T8,theta,None,Random Forest,0.7267,0.5933,0.6,0.5
F_median_3d_1area,gamma,norm2,Linear SVM,0.5333,0.508,0.5,0.5
F_peak_3d_8rm,all,norm2,Linear SVM,0.4933,0.494,0.5,0.5
F_median_3d_F7,gamma,norm3,Logistic Regression,0.5,0.5,0.5,0.5
F_peak_3d_8rm,all,norm2,Logistic Regression,0.5,0.5,0.5,0.5
F_median_3d_Fp1,delta,None,Ensemble (Majority Vote),0.72,0.6214,0.5,0.5
F_de_3d19,theta,None,KNN,1.0,0.891,0.5,0.5
F_median_3d_F4,theta,norm2,Linear SVM,0.4867,0.4929,0.5,0.5
F_median_3d_T8,delta,norm2,Logistic Regression,0.5,0.5,0.5,0.5
F_median_3d_3area,delta,norm2,Logistic Regression,0.5,0.5,0.5,0.5
F_median_3d_T7,theta,None,Logistic Regression,0.56,0.5503,0.4,0.5
F_mean_3d19,alpha,None,XGBoost,0.9933,0.8646,0.5,0.5
F_median_3d_C4,beta,norm2,Logistic Regression,0.5,0.5,0.5,0.5
F_peak_3d,theta,norm2,Logistic Regression,0.5,0.5,0.5,0.5
F_peak_3d,theta,norm2,XGBoost,0.9667,0.7214,0.4,0.5
F_de_3d_Cz,all,None,Random Forest,0.7733,0.6598,0.6,0.5
F_de_3d,all,norm3,Random Forest,0.9467,0.852,0.5,0.5
F_de_3d,all,norm2,Logistic Regression,0.5,0.5,0.5,0.5
F_median_3d_F3,delta,norm3,Logistic Regression,0.5,0.5,0.5,0.5
F_peak_3d19,all,norm2,Logistic Regression,0.5,0.5,0.5,0.5
F_mean_3d19,alpha,norm2,Logistic Regression,0.5,0.5,0.5,0.5
F_peak_3d19,all,norm3,KNN,1.0,0.9763,0.5,0.5
F_median_3d_C4,alpha,norm3,Logistic Regression,0.5,0.5,0.5,0.5
F_de_3d_C4,gamma,norm3,Random Forest,0.7267,0.5823,0.6,0.5
F_peak_3d19,alpha,norm2,Logistic Regression,0.5,0.5,0.5,0.5
F_peak_3d19,alpha,norm2,Random Forest,0.98,0.7526,0.5,0.5
F_median_3d_C4,alpha,norm2,Logistic Regression,0.5,0.5,0.5,0.5
F_median_3d_T7,gamma,norm3,Logistic Regression,0.5,0.5,0.5,0.5
F_median_3d_F3,gamma,None,KNN,0.9667,0.6975,0.5,0.5
F_de_3d_T7,alpha,norm2,Logistic Regression,0.5,0.5,0.5,0.5
F_de_3d_Fz,delta,norm3,Logistic Regression,0.5,0.5,0.5,0.5
F_de_3d_Fz,delta,norm3,Linear SVM,0.4933,0.492,0.5,0.5
F_median_3d_C4,beta,norm3,Logistic Regression,0.5,0.5,0.5,0.5
F_median_3d_F3,delta,norm2,Logistic Regression,0.5,0.5,0.5,0.5
F_median_3d_F8,theta,norm3,Logistic Regression,0.5,0.5,0.5,0.5
F_peak_3d,theta,None,Random Forest,0.84,0.7297,0.5,0.5
F_median_3d_F3,beta,norm2,Logistic Regression,0.5,0.5,0.5,0.5
F_de_3d,beta,norm2,Linear SVM,0.5733,0.5152,0.6,0.5
F_de_3d_T8,delta,norm3,Logistic Regression,0.5,0.5,0.5,0.5
F_median_3d_C4,delta,norm3,Random Forest,0.7867,0.5892,0.5,0.5
F_median_3d_T7,theta,norm3,Logistic Regression,0.5,0.5,0.5,0.5
F_median_3d_C4,delta,norm3,Logistic Regression,0.5,0.5,0.5,0.5
F_median_3d_F3,beta,norm3,Logistic Regression,0.5,0.5,0.5,0.5
F_median_3d_T7,theta,norm3,Linear SVM,0.48,0.5,0.6,0.5
F_peak_3d,gamma,norm2,Linear SVM,0.4733,0.5016,0.6,0.5
F_peak_3d,gamma,norm2,Logistic Regression,0.5,0.5,0.5,0.5
F_de_3d_T7,alpha,None,KNN,0.9667,0.7064,0.4,0.5
F_median_3d_C4,delta,norm2,Random Forest,0.7867,0.5892,0.5,0.5
F_median_3d_C4,delta,norm2,Logistic Regression,0.5,0.5,0.5,0.5
F_median_3d_T7,theta,norm2,Logistic Regression,0.5,0.5,0.5,0.5
F_de_3d_Fz,gamma,norm2,Logistic Regression,0.5,0.5,0.5,0.5
F_median_3d_T7,theta,norm2,Linear SVM,0.48,0.5,0.6,0.5
F_median_3d_F3,delta,None,Random Forest,0.6867,0.5936,0.4,0.5
F_de_3d_Cz,delta,norm3,Logistic Regression,0.5,0.5,0.5,0.5
F_de_3d,alpha,norm2,Logistic Regression,0.5,0.5,0.5,0.5
F_median_3d_10rm,beta,norm2,Logistic Regression,0.5,0.5,0.5,0.5
F_median_3d_C4,delta,None,Ensemble (Majority Vote),0.7133,0.6094,0.5,0.5
F_de_3d_T7,alpha,norm2,Random Forest,0.7533,0.5901,0.3,0.5
F_median_3d_T7,gamma,norm2,Logistic Regression,0.5,0.5,0.5,0.5
F_median_3d_C4,gamma,None,KNN,0.9533,0.7078,0.6,0.5
F_peak_3d19,delta,norm3,Linear SVM,0.8067,0.7051,0.6,0.5
F_median_3d_T7,delta,norm2,Logistic Regression,0.5,0.5,0.5,0.5
F_median_3d_C3,theta,norm2,Logistic Regression,0.5,0.5,0.5,0.5
F_mean_3d19,beta,norm2,Linear SVM,0.5467,0.5166,0.5,0.5
F_median_3d_F3,theta,norm2,Linear SVM,0.5267,0.5009,0.6,0.5
F_mean_3d19,beta,norm2,Logistic Regression,0.5,0.5,0.5,0.5
F_median_3d_F3,theta,norm2,Logistic Regression,0.5,0.5,0.5,0.5
F_median_3d_C3,theta,None,XGBoost,0.6667,0.5906,0.6,0.5
F_de_3d_Cz,all,norm2,Logistic Regression,0.5,0.5,0.5,0.5
F_dasm_3d_8rm,theta,norm3,KNN,0.98,0.706,0.5,0.5
F_median_3d_T7,delta,norm2,Ensemble (Majority Vote),0.7,0.6023,0.7,0.5
F_median_3d_C3,theta,None,Linear SVM,0.5733,0.5561,0.6,0.5
F_median_3d_F3,theta,norm3,Linear SVM,0.5267,0.5009,0.6,0.5
F_mean_3d19,beta,norm3,KNN,1.0,0.8508,0.5,0.5
F_de_3d_Cz,theta,None,KNN,0.9867,0.6961,0.4,0.5
F_median_3d_Fp1,theta,norm2,Linear SVM,0.52,0.5039,0.6,0.5
F_median_3d_C3,gamma,norm3,Logistic Regression,0.5,0.5,0.5,0.5
F_de_3d_Fz,beta,norm3,Logistic Regression,0.5,0.5,0.5,0.5
F_median_3d_Fp1,theta,None,KNN,0.9733,0.7007,0.7,0.5
F_de_3d_Cz,theta,None,XGBoost,0.6533,0.5857,0.4,0.5
F_median_3d_Fp1,gamma,norm3,Logistic Regression,0.5,0.5,0.5,0.5
F_de_3d_Cz,theta,norm2,Ensemble (Majority Vote),0.66,0.5786,0.6,0.5
F_median_3d_T7,delta,norm3,Ensemble (Majority Vote),0.7,0.6023,0.7,0.5
F_peak_3d19,delta,norm3,KNN,1.0,0.9246,0.4,0.5
F_peak_3d19,beta,norm2,Logistic Regression,0.5,0.5,0.5,0.5
F_de_3d_F3,theta,norm2,Logistic Regression,0.5,0.5,0.5,0.5
F_median_3d_F3,gamma,norm2,Logistic Regression,0.5,0.5,0.5,0.5
F_de_3d_Fz,delta,norm2,Logistic Regression,0.5,0.5,0.5,0.5
F_de_3d_Fz,delta,norm2,Linear SVM,0.4933,0.492,0.5,0.5
F_median_3d_Fp1,theta,norm2,Logistic Regression,0.5,0.5,0.5,0.5
F_median_3d_F3,gamma,norm2,XGBoost,0.58,0.5589,0.5,0.5
F_de_3d_T7,alpha,norm3,Logistic Regression,0.5,0.5,0.5,0.5
F_median_3d_C4,all,norm2,Logistic Regression,0.5,0.5,0.5,0.5
F_median_3d_F3,gamma,norm3,Logistic Regression,0.5,0.5,0.5,0.5
F_median_3d_F3,gamma,norm3,XGBoost,0.58,0.5589,0.5,0.5
F_de_3d_T7,alpha,norm3,Random Forest,0.7533,0.5901,0.3,0.5
F_median_3d_F3,theta,None,KNN,0.94,0.6867,0.6,0.5
F_de_3d_Cz,gamma,norm3,Logistic Regression,0.5,0.5,0.5,0.5
F_de_3d19,beta,norm2,Logistic Regression,0.5,0.5,0.5,0.5
F_peak_3d19,delta,None,Random Forest,0.8733,0.7517,0.5,0.5
F_peak_3d19,delta,None,XGBoost,0.9867,0.9129,0.5,0.5
F_peak_3d19,delta,norm2,Ensemble (Majority Vote),0.9467,0.7699,0.4,0.5
F_de_3d_10rm,beta,norm2,Logistic Regression,0.5,0.5,0.5,0.5
F_median_3d_T7,delta,norm3,Logistic Regression,0.5,0.5,0.5,0.5
F_peak_3d19,delta,norm2,Logistic Regression,0.5,0.5,0.5,0.5
F_de_3d_C4,gamma,norm3,Logistic Regression,0.5,0.5,0.5,0.5
F_median_3d_C3,theta,norm3,Logistic Regression,0.5,0.5,0.5,0.5
F_median_3d_C4,gamma,None,Ensemble (Majority Vote),0.72,0.6209,0.6,0.5
F_de_3d,beta,norm2,Logistic Regression,0.5,0.5,0.5,0.5
F_peak_3d19,gamma,norm2,Logistic Regression,0.5,0.5,0.5,0.5
F_median_3d_T8,gamma,norm3,Linear SVM,0.5333,0.5076,0.6,0.5
F_median_3d_Fp2,all,norm2,Logistic Regression,0.5,0.5,0.5,0.5
F_median_3d_Cz,beta,norm3,Logistic Regression,0.5,0.5,0.5,0.5
F_median_3d_T8,beta,None,Linear SVM,0.5333,0.5411,0.4,0.5
F_mean_3d,theta,norm2,Logistic Regression,0.5,0.5,0.5,0.5
F_de_3d19,alpha,norm2,Logistic Regression,0.5,0.5,0.5,0.5
F_mean_3d,theta,norm2,Random Forest,0.9533,0.7103,0.4,0.5
F_median_3d_T8,alpha,norm3,Logistic Regression,0.5,0.5,0.5,0.5
F_median_3d_T8,alpha,norm3,Linear SVM,0.4933,0.5009,0.5,0.5
F_median_3d_F3,all,norm2,Logistic Regression,0.5,0.5,0.5,0.5
F_median_3d_Cz,beta,norm2,Logistic Regression,0.5,0.5,0.5,0.5
F_de_3d_Fz,theta,norm3,Logistic Regression,0.5,0.5,0.5,0.5
F_median_3d_T8,alpha,norm2,Logistic Regression,0.5,0.5,0.5,0.5
F_median_3d_F3,all,norm3,Ensemble (Majority Vote),0.7467,0.6515,0.6,0.5
F_median_3d_F3,all,norm3,Linear SVM,0.6,0.58,0.5,0.5
F_median_3d_T8,theta,norm2,Logistic Regression,0.5,0.5,0.5,0.5
F_median_3d_F3,all,norm3,Logistic Regression,0.6067,0.5798,0.6,0.5
F_median_3d_Cz,beta,None,Ensemble (Majority Vote),0.7133,0.6163,0.4,0.5
F_median_3d_T8,alpha,norm2,Linear SVM,0.4933,0.5009,0.5,0.5
F_median_3d_Cz,alpha,norm3,Logistic Regression,0.5,0.5,0.5,0.5
F_median_3d_Cz,alpha,norm3,Linear SVM,0.5133,0.5044,0.5,0.5
F_median_3d_Cz,alpha,norm3,KNN,0.9867,0.6825,0.4,0.5
F_median_3d_T8,gamma,norm3,Logistic Regression,0.5,0.5,0.5,0.5
F_de_3d_Cz,gamma,norm2,Logistic Regression,0.5,0.5,0.5,0.5
F_median_3d_T8,theta,norm3,Logistic Regression,0.5,0.5,0.5,0.5
F_de_3d_T8,delta,norm2,Logistic Regression,0.5,0.5,0.5,0.5
F_median_3d_Cz,gamma,norm3,Logistic Regression,0.5,0.5,0.5,0.5
F_de_3d_T7,all,None,XGBoost,0.92,0.734,0.4,0.5
F_median_3d_T8,delta,norm3,Logistic Regression,0.5,0.5,0.5,0.5
F_median_3d_Cz,gamma,norm2,Logistic Regression,0.5,0.5,0.5,0.5
F_median_3d_T8,beta,norm3,Logistic Regression,0.5,0.5,0.5,0.5
F_de_3d_C4,theta,norm2,Logistic Regression,0.5,0.5,0.5,0.5
F_de_3d_C4,theta,norm2,Linear SVM,0.4733,0.4931,0.6,0.5
F_mean_3d,gamma,norm2,Linear SVM,0.5467,0.5149,0.5,0.5
F_de_3d_T7,all,norm2,Logistic Regression,0.5,0.5,0.5,0.5
F_mean_3d,theta,None,Ensemble (Majority Vote),0.8733,0.7343,0.5,0.5
F_median_3d_F8,gamma,norm3,Logistic Regression,0.5,0.5,0.5,0.5
F_median_3d_T8,gamma,None,Random Forest,0.66,0.594,0.4,0.5
F_median_3d_Cz,delta,norm3,Logistic Regression,0.5,0.5,0.5,0.5
F_median_3d_Cz,theta,norm2,Logistic Regression,0.5,0.5,0.5,0.5
F_de_3d_T7,all,None,KNN,0.9867,0.7749,0.5,0.5
F_median_3d_T8,gamma,norm2,Linear SVM,0.5333,0.5076,0.6,0.5
F_median_3d_T8,gamma,norm2,Logistic Regression,0.5,0.5,0.5,0.5
F_mean_3d,gamma,None,Random Forest,0.8467,0.7189,0.5,0.5
F_median_3d_Cz,delta,norm2,Logistic Regression,0.5,0.5,0.5,0.5
F_median_3d_T8,beta,norm2,Logistic Regression,0.5,0.5,0.5,0.5
F_median_3d_Cz,theta,norm3,Logistic Regression,0.5,0.5,0.5,0.5
F_median_3d_Fp2,all,norm2,Ensemble (Majority Vote),0.84,0.6708,0.4,0.5
F_mean_3d19,all,None,Random Forest,0.9067,0.8216,0.5,0.5
F_de_3d_10rm,theta,norm2,XGBoost,0.98,0.7274,0.4,0.5
F_median_3d_C4,theta,norm3,Logistic Regression,0.5,0.5,0.5,0.5
F_median_3d_F3,alpha,norm2,Random Forest,0.8067,0.5857,0.5,0.5
F_median_3d_C4,theta,norm2,Logistic Regression,0.5,0.5,0.5,0.5
F_median_3d_T8,all,norm3,Logistic Regression,0.6267,0.5906,0.5,0.5
F_de_3d,gamma,norm2,Random Forest,0.9867,0.7405,0.4,0.5
F_peak_3d,beta,norm2,Logistic Regression,0.5,0.5,0.5,0.5
F_median_3d_T8,all,norm3,Linear SVM,0.62,0.5917,0.5,0.5
F_de_3d,gamma,norm2,Logistic Regression,0.5,0.5,0.5,0.5
F_median_3d_F3,alpha,norm3,Logistic Regression,0.5,0.5,0.5,0.5
F_median_3d_F3,alpha,norm3,Random Forest,0.8067,0.5857,0.5,0.5
F_median_3d_T8,all,norm3,Ensemble (Majority Vote),0.7467,0.6761,0.4,0.5
F_de_3d,delta,norm2,XGBoost,0.9533,0.7283,0.6,0.5
F_de_3d,delta,norm2,Logistic Regression,0.5,0.5,0.5,0.5
F_median_3d_C4,gamma,norm3,Logistic Regression,0.5,0.5,0.5,0.5
F_median_3d_T8,all,norm2,Logistic Regression,0.5,0.5,0.5,0.5
F_median_3d_T8,all,None,Random Forest,0.74,0.6589,0.4,0.5
F_peak_3d,delta,norm2,Ensemble (Majority Vote),0.8867,0.7264,0.6,0.5
F_mean_3d,delta,norm2,Logistic Regression,0.5,0.5,0.5,0.5
F_peak_3d,delta,norm2,Logistic Regression,0.5,0.5,0.5,0.5
F_median_3d_C4,gamma,norm2,Logistic Regression,0.5,0.5,0.5,0.5
F_de_3d_Fz,gamma,norm3,Logistic Regression,0.5,0.5,0.5,0.5
F_mean_3d19,all,norm3,Random Forest,0.88,0.8476,0.4,0.5
F_median_3d_F3,alpha,norm2,Logistic Regression,0.5,0.5,0.5,0.5
F_de_3d_Cz,delta,norm3,XGBoost,0.6333,0.5593,0.5,0.5
F_median_3d_Cz,alpha,norm2,Logistic Regression,0.5,0.5,0.5,0.5
F_de_3d,theta,norm2,Logistic Regression,0.5,0.5,0.5,0.5
F_median_3d_Cz,alpha,norm2,Linear SVM,0.5133,0.5044,0.5,0.5
F_median_3d_Cz,alpha,norm2,KNN,0.9867,0.6825,0.4,0.5
F_mean_3d,gamma,None,Ensemble (Majority Vote),0.9,0.7529,0.4,0.5
F_de_3d_C4,theta,norm3,Linear SVM,0.4733,0.4931,0.6,0.5
F_median_3d_Cz,alpha,None,Ensemble (Majority Vote),0.76,0.623,0.5,0.5
F_de_3d19,all,norm2,Logistic Regression,0.5,0.5,0.5,0.5
F_de_3d_Fz,theta,norm2,Logistic Regression,0.5,0.5,0.5,0.5
F_peak_3d,all,norm2,Logistic Regression,0.5,0.5,0.5,0.5
F_de_3d19,all,None,XGBoost,1.0,0.9947,0.6,0.5
F_de_3d_1area,all,norm2,Logistic Regression,0.5,0.5,0.5,0.5
F_median_3d_Cz,all,norm2,Random Forest,0.9267,0.669,0.6,0.5
F_median_3d_Cz,all,norm2,Logistic Regression,0.5,0.5,0.5,0.5
F_mean_3d19,all,norm2,Logistic Regression,0.5,0.5,0.5,0.5
F_de_3d_C4,theta,norm3,Logistic Regression,0.5,0.5,0.5,0.5
F_median_3d_F8,theta,norm2,Logistic Regression,0.5,0.5,0.5,0.5
F_median_3d_Cz,all,None,Random Forest,0.7467,0.6471,0.5,0.5
F_median_3d_Fp1,theta,norm3,Logistic Regression,0.5,0.5,0.5,0.5
F_peak_3d,alpha,norm2,Logistic Regression,0.5,0.5,0.5,0.5
F_median_3d_Cz,all,None,Linear SVM,0.68,0.5846,0.6,0.5
F_median_3d_Fp1,theta,norm3,Linear SVM,0.52,0.5039,0.6,0.5
F_peak_3d,alpha,norm2,Random Forest,0.9867,0.737,0.5,0.5
F_median_3d_C3,gamma,norm2,Logistic Regression,0.5,0.5,0.5,0.5
F_median_3d_F3,theta,norm3,Logistic Regression,0.5,0.5,0.5,0.5
F_peak_3d_1area,gamma,norm3,Logistic Regression,0.5,0.5,0.5,0.5
F_median_3d_8rm,beta,norm2,Logistic Regression,0.5,0.5,0.5,0.5
F_de_3d_T8,beta,None,KNN,0.94,0.7011,0.6,0.5
F_dasm_3d_8rm,beta,None,Ensemble (Majority Vote),0.7667,0.6536,0.4,0.5
F_mean_3d,alpha,norm2,Logistic Regression,0.5,0.5,0.5,0.5
F_median_3d_F4,delta,norm2,Logistic Regression,0.5,0.5,0.5,0.5
F_peak_3d_10rm,theta,norm2,KNN,0.9867,0.7074,0.4,0.5
F_de_3d_10rm,alpha,norm2,Logistic Regression,0.5,0.5,0.5,0.5
F_peak_3d_10rm,theta,norm2,Logistic Regression,0.5,0.5,0.5,0.5
F_peak_3d_10rm,theta,norm2,Random Forest,0.9267,0.7021,0.4,0.5
F_de_3d_Cz,alpha,None,XGBoost,0.68,0.5821,0.6,0.5
F_peak_3d_10rm,theta,norm2,XGBoost,0.96,0.7002,0.5,0.5
F_median_3d_F4,delta,norm3,Logistic Regression,0.5,0.5,0.5,0.5
F_de_3d_T7,delta,norm3,KNN,0.98,0.6834,0.5,0.5
F_de_3d_1area,beta,norm2,Logistic Regression,0.5,0.5,0.5,0.5
F_median_3d_8rm,alpha,norm2,Logistic Regression,0.5,0.5,0.5,0.5
F_median_3d_8rm,alpha,norm2,Linear SVM,0.52,0.5025,0.4,0.5
F_de_3d_Fp2,theta,norm2,Logistic Regression,0.5,0.5,0.5,0.5
F_de_3d_1area,beta,norm2,Random Forest,0.76,0.5943,0.5,0.5
F_peak_3d_1area,all,norm2,Logistic Regression,0.5,0.5,0.5,0.5
F_median_3d_Fz,theta,norm3,Logistic Regression,0.5,0.5,0.5,0.5
F_peak_3d_1area,all,norm3,Ensemble (Majority Vote),0.8067,0.7051,0.4,0.5
F_de_3d_1area,beta,norm3,Logistic Regression,0.5,0.5,0.5,0.5
F_median_3d_T7,all,norm2,Logistic Regression,0.5,0.5,0.5,0.5
F_de_3d_T7,delta,norm2,Random Forest,0.7067,0.5949,0.5,0.5
F_de_3d_Cz,alpha,norm2,Logistic Regression,0.5,0.5,0.5,0.5
F_de_3d_T7,delta,norm2,Logistic Regression,0.5,0.5,0.5,0.5
F_median_3d_8rm,delta,norm3,XGBoost,0.94,0.7683,0.6,0.5
F_median_3d_8rm,delta,norm3,Random Forest,0.8333,0.7055,0.6,0.5
F_peak_3d_10rm,gamma,norm2,Ensemble (Majority Vote),0.9133,0.726,0.6,0.5
F_mean_3d19,theta,norm2,Ensemble (Majority Vote),0.96,0.7508,0.5,0.5
F_median_3d_F4,beta,norm3,Logistic Regression,0.5,0.5,0.5,0.5
F_mean_3d19,theta,norm2,Logistic Regression,0.5,0.5,0.5,0.5
F_peak_3d_10rm,gamma,norm2,Logistic Regression,0.5,0.5,0.5,0.5
F_mean_3d19,theta,norm2,Random Forest,0.96,0.7276,0.6,0.5
F_median_3d_8rm,delta,norm2,Logistic Regression,0.5,0.5,0.5,0.5
F_dasm_3d_8rm,beta,norm2,Logistic Regression,0.5,0.5,0.5,0.5
F_mean_3d19,theta,norm2,XGBoost,1.0,0.7848,0.6,0.5
F_de_3d_1area,alpha,norm3,Logistic Regression,0.5,0.5,0.5,0.5
F_de_3d_Fp2,theta,norm3,Logistic Regression,0.5,0.5,0.5,0.5
F_median_3d_8rm,delta,None,Linear SVM,0.6933,0.6085,0.5,0.5
F_median_3d_Fp1,delta,norm3,Random Forest,0.7467,0.5853,0.6,0.5
F_median_3d_Fp1,delta,norm3,Logistic Regression,0.5,0.5,0.5,0.5
F_de_3d19,delta,norm2,Logistic Regression,0.5,0.5,0.5,0.5
F_de_3d_T8,alpha,norm2,Logistic Regression,0.5,0.5,0.5,0.5
F_median_3d_Fp1,alpha,None,Ensemble (Majority Vote),0.72,0.631,0.4,0.5
F_dasm_3d_8rm,beta,None,KNN,0.9733,0.7416,0.5,0.5
F_mean_3d_10rm,all,None,Linear SVM,0.9667,0.7851,0.5,0.5
F_de_3d_1area,beta,norm3,Random Forest,0.76,0.5943,0.5,0.5
F_de_3d_10rm,all,norm2,Logistic Regression,0.5,0.5,0.5,0.5
F_de_3d_C4,delta,norm2,Logistic Regression,0.5,0.5,0.5,0.5
F_de_3d_1area,delta,norm2,Logistic Regression,0.5,0.5,0.5,0.5
F_de_3d_C4,beta,norm3,Logistic Regression,0.5,0.5,0.5,0.5
F_peak_3d_1area,beta,norm3,Logistic Regression,0.5,0.5,0.5,0.5
F_peak_3d_1area,beta,norm3,XGBoost,0.5267,0.5411,0.6,0.5
F_peak_3d_1area,delta,None,Ensemble (Majority Vote),0.7267,0.6345,0.4,0.5
F_peak_3d_1area,delta,None,KNN,0.96,0.7122,0.4,0.5
F_median_3d_3area,gamma,norm3,KNN,0.9867,0.7117,0.6,0.5
F_median_3d_Fp1,delta,norm2,Random Forest,0.7467,0.5853,0.6,0.5
F_median_3d_F4,theta,None,Ensemble (Majority Vote),0.7467,0.6101,0.4,0.5
F_median_3d_3area,gamma,norm2,Logistic Regression,0.5,0.5,0.5,0.5
F_de_3d_Fp2,gamma,norm3,Logistic Regression,0.5,0.5,0.5,0.5
F_peak_3d_1area,delta,norm2,Logistic Regression,0.5,0.5,0.5,0.5
F_dasm_3d_8rm,alpha,None,XGBoost,0.82,0.6669,0.5,0.5
F_peak_3d_1area,delta,norm3,Logistic Regression,0.5,0.5,0.5,0.5
F_peak_3d_1area,gamma,norm2,KNN,0.9733,0.6922,0.6,0.5
F_median_3d_3area,gamma,None,Ensemble (Majority Vote),0.7667,0.6685,0.6,0.5
F_peak_3d_1area,gamma,norm2,Logistic Regression,0.5,0.5,0.5,0.5
F_de_3d_1area,delta,norm3,Logistic Regression,0.5,0.5,0.5,0.5
F_mean_3d_10rm,alpha,norm2,Logistic Regression,0.5,0.5,0.5,0.5
F_de_3d_Fp2,gamma,norm2,Random Forest,0.8133,0.5924,0.6,0.5
F_peak_3d_1area,gamma,norm3,KNN,0.9733,0.6922,0.6,0.5
F_median_3d_Fz,gamma,norm2,Logistic Regression,0.5,0.5,0.5,0.5
F_mean_3d_10rm,all,norm3,Random Forest,0.9,0.817,0.5,0.5
F_peak_3d_1area,beta,norm2,XGBoost,0.5267,0.5411,0.6,0.5
F_mean_3d,gamma,norm2,Logistic Regression,0.5,0.5,0.5,0.5
F_median_3d_3area,theta,norm2,Ensemble (Majority Vote),0.72,0.643,0.5,0.5
F_median_3d_Fz,theta,norm2,Logistic Regression,0.5,0.5,0.5,0.5
F_de_3d_T7,delta,norm3,Logistic Regression,0.5,0.5,0.5,0.5
F_de_3d_Fp2,theta,None,Ensemble (Majority Vote),0.74,0.6232,0.5,0.5
F_peak_3d_1area,alpha,norm2,Logistic Regression,0.5,0.5,0.5,0.5
F_median_3d_8rm,all,norm2,Random Forest,1.0,0.829,0.5,0.5
F_median_3d_8rm,all,norm2,Logistic Regression,0.5,0.5,0.5,0.5
F_median_3d_F4,gamma,norm2,Logistic Regression,0.5,0.5,0.5,0.5
F_mean_3d_10rm,all,norm2,Logistic Regression,0.5,0.5,0.5,0.5
F_de_3d_T7,delta,norm3,Random Forest,0.7067,0.5949,0.5,0.5
F_de_3d_Fp2,gamma,norm3,Random Forest,0.8133,0.5924,0.6,0.5
F_median_3d_F8,delta,norm3,XGBoost,0.5867,0.5464,0.6,0.5
F_peak_3d_1area,alpha,norm3,Logistic Regression,0.5,0.5,0.5,0.5
F_de_3d_Cz,delta,None,Random Forest,0.7467,0.6041,0.5,0.5
F_median_3d_F4,gamma,norm3,Logistic Regression,0.5,0.5,0.5,0.5
F_dasm_3d_8rm,alpha,norm2,Logistic Regression,0.5,0.5,0.5,0.5
F_median_3d_3area,theta,norm3,KNN,0.96,0.7011,0.7,0.5
F_median_3d_3area,theta,norm3,Ensemble (Majority Vote),0.7267,0.6418,0.5,0.5
F_median_3d_Fp1,delta,norm2,XGBoost,0.5333,0.5547,0.5,0.5
F_peak_3d_1area,beta,norm2,Logistic Regression,0.5,0.5,0.5,0.5
F_median_3d_Fz,gamma,norm3,Logistic Regression,0.5,0.5,0.5,0.5
F_median_3d_3area,theta,norm2,Logistic Regression,0.5,0.5,0.5,0.5
F_dasm_3d_8rm,beta,norm2,Random Forest,0.9,0.6506,0.6,0.5
F_de_3d_F3,all,norm3,KNN,0.98,0.7524,0.5,0.5
F_de_3d_Fz,beta,norm2,Logistic Regression,0.5,0.5,0.5,0.5
F_de_3d_T8,alpha,norm3,Logistic Regression,0.5,0.5,0.5,0.5
F_median_3d_T7,beta,norm2,Logistic Regression,0.5,0.5,0.5,0.5
F_mean_3d19,delta,norm2,KNN,0.98,0.7297,0.4,0.5
F_mean_3d19,delta,norm2,Logistic Regression,0.5,0.5,0.5,0.5
F_de_3d_Cz,delta,norm2,Logistic Regression,0.5,0.5,0.5,0.5
F_median_3d_C3,beta,norm2,Logistic Regression,0.5,0.5,0.5,0.5
F_median_3d_Fp1,gamma,norm2,Logistic Regression,0.5,0.5,0.5,0.5
F_median_3d_F8,gamma,norm2,Logistic Regression,0.5,0.5,0.5,0.5
F_mean_3d19,delta,norm2,XGBoost,1.0,0.7837,0.6,0.5
F_de_3d_T7,beta,norm3,Logistic Regression,0.5,0.5,0.5,0.5
F_de_3d_1area,alpha,None,KNN,0.9667,0.7046,0.5,0.5
F_median_3d_Fp1,all,norm2,Linear SVM,0.5733,0.5113,0.6,0.5
F_de_3d_C4,gamma,None,XGBoost,0.6533,0.6007,0.6,0.5
F_de_3d_Cz,theta,norm3,Ensemble (Majority Vote),0.66,0.5786,0.6,0.5
F_de_3d_Fz,alpha,norm3,Logistic Regression,0.5,0.5,0.5,0.5
F_median_3d_Fp1,all,norm2,Logistic Regression,0.5,0.5,0.5,0.5
F_de_3d_Fz,alpha,norm3,Linear SVM,0.4933,0.5044,0.5,0.5
F_median_3d_T7,alpha,norm3,Logistic Regression,0.5,0.5,0.5,0.5
F_median_3d_C3,alpha,norm3,Logistic Regression,0.5,0.5,0.5,0.5
F_peak_3d_10rm,all,norm2,Logistic Regression,0.5,0.5,0.5,0.5
F_de_3d_Cz,theta,norm3,Logistic Regression,0.5,0.5,0.5,0.5
F_de_3d_Fz,alpha,norm2,Logistic Regression,0.5,0.5,0.5,0.5
F_median_3d_C3,beta,norm3,Logistic Regression,0.5,0.5,0.5,0.5
F_mean_3d19,delta,norm2,Ensemble (Majority Vote),0.9467,0.7522,0.6,0.5
F_de_3d_10rm,theta,norm2,Logistic Regression,0.5,0.5,0.5,0.5
F_de_3d_T7,beta,norm2,Logistic Regression,0.5,0.5,0.5,0.5
F_de_3d_Cz,theta,norm2,Logistic Regression,0.5,0.5,0.5,0.5
F_dasm_3d_8rm,theta,norm2,Random Forest,0.92,0.646,0.6,0.5
F_mean_3d,beta,norm2,Logistic Regression,0.5,0.5,0.5,0.5
F_median_3d_T7,delta,None,Random Forest,0.6467,0.5993,0.5,0.5
F_median_3d_C3,gamma,None,Logistic Regression,0.6067,0.5405,0.4,0.5
F_de_3d_T7,beta,None,KNN,0.98,0.7044,0.5,0.5
F_median_3d_C3,gamma,None,KNN,0.98,0.7055,0.5,0.5
F_peak_3d19,gamma,norm3,Logistic Regression,0.84,0.7011,0.5,0.5
F_de_3d_T7,beta,None,Random Forest,0.6333,0.5883,0.5,0.5
F_median_3d_C3,delta,norm3,Logistic Regression,0.5,0.5,0.5,0.5
F_dasm_3d_8rm,theta,norm2,Logistic Regression,0.5,0.5,0.5,0.5
F_de_3d_C4,gamma,norm2,Random Forest,0.7267,0.5823,0.6,0.5
F_median_3d_T7,beta,norm3,Logistic Regression,0.5,0.5,0.5,0.5
F_median_3d_C3,delta,norm2,Logistic Regression,0.5,0.5,0.5,0.5
F_de_3d_C4,gamma,norm2,Logistic Regression,0.5,0.5,0.5,0.5
F_peak_3d19,theta,None,Linear SVM,0.8667,0.7057,0.5,0.5
F_de_3d_Cz,delta,norm2,XGBoost,0.6333,0.5593,0.5,0.5
F_peak_3d19,theta,None,XGBoost,1.0,0.8972,0.5,0.5
F_peak_3d19,theta,norm2,Ensemble (Majority Vote),0.9533,0.7616,0.6,0.5
F_median_3d_F4,all,norm2,Logistic Regression,0.5,0.5,0.5,0.5
F_peak_3d19,theta,norm2,Logistic Regression,0.5,0.5,0.5,0.5
F_median_3d_C3,alpha,norm2,Logistic Regression,0.5,0.5,0.5,0.5
F_de_3d_Fz,alpha,norm2,Linear SVM,0.4933,0.5044,0.5,0.5
F_median_3d_Fp1,delta,norm3,XGBoost,0.5333,0.5547,0.5,0.5
F_median_3d_F4,beta,None,KNN,0.9467,0.7037,0.6,0.5
F_median_3d_T7,alpha,None,Logistic Regression,0.62,0.5586,0.6,0.5
F_de_3d_Cz,alpha,None,Ensemble (Majority Vote),0.7067,0.6055,0.5,0.5
F_de_3d_10rm,alpha,norm3,Logistic Regression,0.7,0.6324,0.4,0.5
F_median_3d_T7,alpha,None,Linear SVM,0.62,0.5595,0.6,0.5
F_median_3d_Fp1,gamma,None,KNN,0.9667,0.6972,0.6,0.5
F_median_3d_F8,gamma,None,Random Forest,0.7,0.5949,0.5,0.5
F_de_3d_F3,all,norm2,Linear SVM,0.4933,0.5,0.4,0.5
F_median_3d_F4,beta,norm2,Logistic Regression,0.5,0.5,0.5,0.5
F_median_3d_8rm,theta,None,Linear SVM,0.6933,0.6032,0.5,0.5
F_de_3d_F3,all,norm2,Logistic Regression,0.5,0.5,0.5,0.5
F_de_3d_1area,alpha,norm3,KNN,0.98,0.6883,0.4,0.5
F_peak_3d_10rm,delta,norm2,Logistic Regression,0.5,0.5,0.5,0.5
F_peak_3d_10rm,delta,norm2,XGBoost,0.9667,0.711,0.5,0.5
F_median_3d_8rm,gamma,norm2,Logistic Regression,0.5,0.5,0.5,0.5
F_peak_3d_10rm,delta,norm3,Linear SVM,0.72,0.6439,0.5,0.5
F_median_3d_8rm,gamma,norm2,KNN,0.98,0.6975,0.6,0.5
F_peak_3d_10rm,delta,norm3,Logistic Regression,0.7133,0.6446,0.5,0.5
F_de_3d_T8,gamma,None,KNN,0.96,0.7145,0.5,0.5
F_de_3d_T7,delta,norm2,KNN,0.98,0.6834,0.5,0.5
F_de_3d19,delta,norm2,Ensemble (Majority Vote),0.9333,0.768,0.4,0.5
F_dasm_3d_8rm,beta,norm2,XGBoost,0.8467,0.5991,0.4,0.5
F_median_3d_8rm,theta,norm2,Logistic Regression,0.5,0.5,0.5,0.5
F_dasm_3d_8rm,delta,norm2,Logistic Regression,0.5,0.5,0.5,0.5
F_de_3d_1area,alpha,norm2,KNN,0.98,0.6883,0.4,0.5
F_de_3d_C4,delta,norm3,Logistic Regression,0.5,0.5,0.5,0.5
F_median_3d_T7,alpha,norm3,KNN,0.9933,0.6862,0.4,0.5
F_dasm_3d_8rm,gamma,norm2,Logistic Regression,0.5,0.5,0.5,0.5
F_median_3d_F4,alpha,norm2,Logistic Regression,0.5,0.5,0.5,0.5
F_dasm_3d_8rm,gamma,norm2,KNN,0.98,0.6869,0.4,0.5
F_peak_3d_10rm,alpha,norm2,Logistic Regression,0.5,0.5,0.5,0.5
F_median_3d_C3,all,norm3,XGBoost,0.8467,0.6979,0.4,0.5
F_median_3d_C3,all,norm3,Random Forest,0.78,0.6743,0.4,0.5
F_median_3d_C3,all,norm3,Logistic Regression,0.6467,0.6007,0.4,0.5
F_de_3d_T8,beta,norm3,Logistic Regression,0.5,0.5,0.5,0.5
F_median_3d_T7,alpha,norm2,Logistic Regression,0.5,0.5,0.5,0.5
F_median_3d_C3,all,norm2,Logistic Regression,0.5,0.5,0.5,0.5
F_peak_3d_10rm,beta,None,KNN,1.0,0.8779,0.5,0.5
F_median_3d_T7,alpha,norm2,KNN,0.9933,0.6862,0.4,0.5
F_median_3d_F4,alpha,norm3,Logistic Regression,0.5,0.5,0.5,0.5
F_peak_3d_10rm,beta,norm2,Logistic Regression,0.5,0.5,0.5,0.5
F_median_3d_C3,all,None,KNN,0.9867,0.7639,0.6,0.5
F_de_3d19,delta,None,KNN,1.0,0.9145,0.5,0.5
F_mean_3d19,gamma,norm2,Logistic Regression,0.5,0.5,0.5,0.5
F_de_3d_1area,alpha,norm2,Logistic Regression,0.5,0.5,0.5,0.5
F_median_3d_8rm,theta,norm3,Logistic Regression,0.6533,0.5913,0.5,0.5
F_de_3d_Fz,all,norm2,Logistic Regression,0.5,0.5,0.5,0.5
F_de_3d,alpha,norm2,Linear SVM,0.58,0.5126,0.5,0.5
F_de_3d_2area,delta,norm2,Logistic Regression,0.5,0.5,0.5,0.5
F_median_3d_Fp1,beta,norm2,Random Forest,0.8267,0.5864,0.4,0.5
F_mean_3d_Cz,alpha,norm3,Random Forest,0.82,0.5963,0.6,0.5
F_peak_3d_Fp2,beta,norm3,Linear SVM,0.4933,0.5028,0.5,0.5
F_de_3d_F4,delta,norm2,KNN,0.9867,0.6839,0.5,0.5
F_peak_3d_Fp2,beta,norm3,Logistic Regression,0.5,0.5,0.5,0.5
F_mean_3d_Cz,alpha,norm3,Linear SVM,0.5133,0.5037,0.5,0.5
F_peak_3d_Fp2,beta,norm3,XGBoost,0.6733,0.5692,0.7,0.5
F_peak_3d_Fp2,delta,None,Ensemble (Majority Vote),0.7,0.6349,0.5,0.5
F_mean_3d_Fp1,alpha,norm3,Logistic Regression,0.5,0.5,0.5,0.5
F_mean_3d_Cz,alpha,norm3,Logistic Regression,0.5,0.5,0.5,0.5
F_peak_3d_Fp2,delta,norm2,Logistic Regression,0.5,0.5,0.5,0.5
F_dasm_3d19,gamma,norm2,XGBoost,0.9467,0.7,0.4,0.5
F_mean_3d_Fp1,alpha,norm2,Logistic Regression,0.5,0.5,0.5,0.5
F_median_3d_10rm,beta,norm2,KNN,0.9667,0.7055,0.5,0.5
F_peak_3d_Fp2,delta,norm3,Logistic Regression,0.5,0.5,0.5,0.5
F_mean_3d_Fp1,gamma,norm3,Logistic Regression,0.5,0.5,0.5,0.5
F_dasm_3d19,gamma,norm2,Random Forest,0.9933,0.7198,0.4,0.5
F_dasm_3d19,gamma,norm2,Logistic Regression,0.5,0.5,0.5,0.5
F_de_3d_8rm,gamma,None,XGBoost,0.9467,0.7766,0.6,0.5
F_de_3d_F3,delta,norm2,Logistic Regression,0.5,0.5,0.5,0.5
F_dasm_3d19,gamma,norm2,Linear SVM,0.52,0.5011,0.5,0.5
F_mean_3d_Fp1,all,norm3,Logistic Regression,0.64,0.6248,0.6,0.5
F_dasm_3d19,gamma,norm2,Ensemble (Majority Vote),0.9133,0.7097,0.5,0.5
F_de_3d_F8,all,norm2,Logistic Regression,0.5,0.5,0.5,0.5
F_peak_3d_Fp2,gamma,norm2,Logistic Regression,0.5,0.5,0.5,0.5
F_rasm_3d_10rm,beta,norm2,XGBoost,0.9,0.7244,0.5,0.5
F_mean_3d_Fp1,all,norm2,Logistic Regression,0.5,0.5,0.5,0.5
F_mean_3d_3area,all,norm2,KNN,0.9667,0.7189,0.5,0.5
F_peak_3d_Fp2,beta,norm2,XGBoost,0.6733,0.5692,0.7,0.5
F_peak_3d_Fp2,beta,norm2,Logistic Regression,0.5,0.5,0.5,0.5
F_peak_3d_Fp2,beta,norm2,Linear SVM,0.4933,0.5028,0.5,0.5
F_mean_3d_Cz,alpha,norm2,Random Forest,0.82,0.5963,0.6,0.5
F_mean_3d_Fp1,gamma,norm3,KNN,0.9933,0.6977,0.5,0.5
F_peak_3d_Fp2,all,None,KNN,0.9867,0.7782,0.5,0.5
F_mean_3d_8rm,all,norm3,Random Forest,0.9,0.8002,0.4,0.5
F_peak_3d_Fp2,all,norm2,Logistic Regression,0.5,0.5,0.5,0.5
F_mean_3d_Fp1,gamma,norm2,Logistic Regression,0.5,0.5,0.5,0.5
F_peak_3d_Fp2,all,norm2,Random Forest,0.9133,0.6547,0.6,0.5
F_mean_3d_Fp1,gamma,norm2,KNN,0.9933,0.6977,0.5,0.5
F_mean_3d_Fp1,gamma,None,XGBoost,0.62,0.5814,0.4,0.5
F_peak_3d_Fp2,all,norm3,Ensemble (Majority Vote),0.7933,0.6922,0.6,0.5
F_peak_3d_Fp2,alpha,None,Linear SVM,0.5933,0.5338,0.5,0.5
F_mean_3d_Fp1,delta,norm3,Logistic Regression,0.5,0.5,0.5,0.5
F_peak_3d_Fp2,alpha,None,Logistic Regression,0.5867,0.5338,0.5,0.5
F_de_3d_3area,theta,norm2,Logistic Regression,0.5,0.5,0.5,0.5
F_mean_3d_2area,theta,norm2,Logistic Regression,0.5,0.5,0.5,0.5
F_peak_3d_Fp2,alpha,norm2,Ensemble (Majority Vote),0.6667,0.5961,0.6,0.5
F_mean_3d_Fp1,delta,norm2,Logistic Regression,0.5,0.5,0.5,0.5
F_peak_3d_Fp2,alpha,norm2,Logistic Regression,0.5,0.5,0.5,0.5
F_mean_3d_2area,theta,norm2,XGBoost,0.82,0.5998,0.4,0.5
F_peak_3d_Fp2,alpha,norm3,Ensemble (Majority Vote),0.6667,0.5961,0.6,0.5
F_peak_3d_Fp2,alpha,norm3,Logistic Regression,0.5,0.5,0.5,0.5
F_mean_3d_Fp1,beta,norm3,Logistic Regression,0.5,0.5,0.5,0.5
F_peak_3d_Fp2,beta,None,Linear SVM,0.6,0.5717,0.6,0.5
F_mean_3d_Cz,alpha,norm2,Linear SVM,0.5133,0.5037,0.5,0.5
F_mean_3d_Fp1,beta,norm2,Logistic Regression,0.5,0.5,0.5,0.5
F_mean_3d_Cz,alpha,norm2,Logistic Regression,0.5,0.5,0.5,0.5
F_peak_3d_Fp2,gamma,norm3,Logistic Regression,0.5,0.5,0.5,0.5
F_de_3d_8rm,gamma,None,Logistic Regression,0.6467,0.6018,0.5,0.5
F_mean_3d_Fp1,all,None,Logistic Regression,0.6667,0.6067,0.5,0.5
F_dasm_3d19,beta,norm3,Random Forest,0.8067,0.6883,0.5,0.5
F_mean_3d_F8,delta,norm3,Logistic Regression,0.5,0.5,0.5,0.5
F_mean_3d_Cz,beta,norm2,Linear SVM,0.5067,0.5007,0.5,0.5
F_mean_3d_F8,delta,norm3,KNN,0.9933,0.6892,0.6,0.5
F_mean_3d_F8,delta,norm3,Ensemble (Majority Vote),0.5867,0.6009,0.6,0.5
F_mean_3d_Cz,beta,norm2,Logistic Regression,0.5,0.5,0.5,0.5
F_peak_3d_Fz,alpha,norm2,Logistic Regression,0.5,0.5,0.5,0.5
F_de_3d_C3,gamma,norm3,Logistic Regression,0.5,0.5,0.5,0.5
F_mean_3d_F8,delta,norm2,Logistic Regression,0.5,0.5,0.5,0.5
F_dasm_3d19,beta,norm2,Logistic Regression,0.5,0.5,0.5,0.5
F_mean_3d_F8,delta,norm2,KNN,0.9933,0.6892,0.6,0.5
F_mean_3d_F8,delta,norm2,Ensemble (Majority Vote),0.5867,0.6009,0.6,0.5
F_mean_3d_F8,delta,None,Logistic Regression,0.5933,0.5529,0.5,0.5
F_mean_3d_3area,alpha,norm2,Logistic Regression,0.5,0.5,0.5,0.5
F_dasm_3d19,beta,norm2,Linear SVM,0.4867,0.5002,0.5,0.5
F_de_3d_F4,delta,norm2,Logistic Regression,0.5,0.5,0.5,0.5
F_mean_3d_F8,beta,norm3,Logistic Regression,0.5,0.5,0.5,0.5
F_peak_3d_Fz,alpha,norm3,Logistic Regression,0.5,0.5,0.5,0.5
F_de_3d_C3,gamma,norm3,Linear SVM,0.5,0.4998,0.6,0.5
F_dasm_3d19,beta,norm2,KNN,0.9933,0.7067,0.6,0.5
F_dasm_3d,beta,norm3,XGBoost,0.86,0.6814,0.3,0.5
F_rasm_3d_10rm,alpha,norm3,Logistic Regression,0.5067,0.5262,0.5,0.5
F_de_3d_8rm,all,norm2,Linear SVM,0.52,0.5094,0.6,0.5
F_mean_3d_8rm,all,norm2,Linear SVM,0.4933,0.508,0.6,0.5
F_mean_3d_F8,beta,norm2,Logistic Regression,0.5,0.5,0.5,0.5
F_de_3d_C3,gamma,norm3,KNN,0.98,0.6917,0.4,0.5
F_mean_3d_3area,alpha,None,Logistic Regression,0.5933,0.5671,0.5,0.5
F_de_3d_F7,theta,norm2,Logistic Regression,0.5,0.5,0.5,0.5
F_rasm_3d_10rm,beta,norm2,Logistic Regression,0.5,0.5,0.5,0.5
F_mean_3d_F8,gamma,None,Linear SVM,0.5067,0.5099,0.5,0.5
F_peak_3d_Fp2,theta,norm2,Logistic Regression,0.5,0.5,0.5,0.5
F_mean_3d_F8,theta,norm3,Logistic Regression,0.5,0.5,0.5,0.5
F_peak_3d_Fp2,theta,norm3,Logistic Regression,0.5,0.5,0.5,0.5
F_mean_3d_F8,theta,norm2,Logistic Regression,0.5,0.5,0.5,0.5
F_mean_3d_3area,all,norm2,Logistic Regression,0.5,0.5,0.5,0.5
F_peak_3d_Fz,all,None,KNN,0.9867,0.7897,0.5,0.5
F_de_3d_F7,theta,norm3,Logistic Regression,0.5,0.5,0.5,0.5
F_dasm_3d19,delta,norm2,Logistic Regression,0.5,0.5,0.5,0.5
F_dasm_3d19,delta,norm2,Linear SVM,0.4733,0.4938,0.5,0.5
F_mean_3d_F8,theta,None,Logistic Regression,0.5667,0.523,0.5,0.5
F_mean_3d_F8,theta,None,Linear SVM,0.5667,0.5228,0.5,0.5
F_peak_3d_Fz,all,norm2,Logistic Regression,0.5,0.5,0.5,0.5
F_mean_3d_F8,theta,None,Ensemble (Majority Vote),0.7067,0.6189,0.5,0.5
F_mean_3d_3area,all,norm2,Random Forest,0.9467,0.7294,0.5,0.5
F_rasm_3d_10rm,beta,norm2,KNN,0.96,0.7285,0.4,0.5
F_mean_3d_F8,gamma,norm3,Logistic Regression,0.5,0.5,0.5,0.5
F_mean_3d_F8,gamma,norm3,KNN,0.9867,0.6846,0.5,0.5
F_rasm_3d_10rm,beta,norm2,Ensemble (Majority Vote),0.8267,0.717,0.5,0.5
F_de_3d_3area,theta,norm3,KNN,0.9667,0.7154,0.5,0.5
F_mean_3d_F8,gamma,norm2,Logistic Regression,0.5,0.5,0.5,0.5
F_mean_3d_F8,gamma,norm2,KNN,0.9867,0.6846,0.5,0.5
F_mean_3d_F8,gamma,None,XGBoost,0.6267,0.5846,0.5,0.5
F_mean_3d_3area,all,norm3,Logistic Regression,0.7733,0.6738,0.5,0.5
F_mean_3d_F8,gamma,None,Logistic Regression,0.5133,0.5094,0.5,0.5
F_mean_3d_8rm,all,norm2,Logistic Regression,0.5,0.5,0.5,0.5
F_peak_3d_Fp1,theta,norm3,Logistic Regression,0.5,0.5,0.5,0.5
F_peak_3d_Fp1,theta,norm3,Ensemble (Majority Vote),0.7,0.6294,0.6,0.5
F_de_3d_F4,beta,norm2,Logistic Regression,0.5,0.5,0.5,0.5
F_mean_3d_Fp2,gamma,norm2,XGBoost,0.58,0.5476,0.4,0.5
F_de_3d_F4,beta,norm2,XGBoost,0.6733,0.5503,0.5,0.5
F_mean_3d_Fp2,theta,norm2,Ensemble (Majority Vote),0.6867,0.5846,0.5,0.5
F_peak_3d_F8,delta,norm3,Logistic Regression,0.5,0.5,0.5,0.5
F_rasm_3d_10rm,theta,norm2,Random Forest,0.8267,0.689,0.6,0.5
F_de_3d_F8,beta,norm3,Logistic Regression,0.5,0.5,0.5,0.5
F_rasm_3d_10rm,theta,norm2,Logistic Regression,0.5,0.5,0.5,0.5
F_mean_3d_Fp2,theta,None,Ensemble (Majority Vote),0.6733,0.6005,0.5,0.5
F_mean_3d_Fp2,gamma,norm3,XGBoost,0.58,0.5476,0.4,0.5
F_mean_3d_2area,delta,None,KNN,0.9667,0.7129,0.4,0.5
F_mean_3d_Fp2,gamma,norm3,Logistic Regression,0.5,0.5,0.5,0.5
F_mean_3d_C4,gamma,norm3,Linear SVM,0.5067,0.5071,0.5,0.5
F_mean_3d_C4,gamma,norm3,Logistic Regression,0.5,0.5,0.5,0.5
F_mean_3d_Fp2,gamma,norm2,Logistic Regression,0.5,0.5,0.5,0.5
F_de_3d_C3,delta,norm2,Logistic Regression,0.5,0.5,0.5,0.5
F_dasm_3d_10rm,all,norm2,Logistic Regression,0.5,0.5,0.5,0.5
F_rasm_3d_10rm,theta,norm2,Ensemble (Majority Vote),0.8467,0.7166,0.5,0.5
F_de_3d_C3,theta,norm2,Logistic Regression,0.5,0.5,0.5,0.5
F_de_3d_8rm,theta,norm2,Logistic Regression,0.5,0.5,0.5,0.5
F_peak_3d_F8,gamma,norm2,Logistic Regression,0.5,0.5,0.5,0.5
F_peak_3d_F8,gamma,norm2,XGBoost,0.5467,0.5536,0.6,0.5
F_mean_3d_Fp2,delta,norm3,XGBoost,0.66,0.5641,0.5,0.5
F_mean_3d_C4,theta,norm2,Linear SVM,0.5,0.4975,0.5,0.5
F_mean_3d_Fp2,delta,norm3,Logistic Regression,0.5,0.5,0.5,0.5
F_peak_3d_F8,gamma,norm3,Logistic Regression,0.5,0.5,0.5,0.5
F_mean_3d_Fp2,delta,norm2,XGBoost,0.66,0.5641,0.5,0.5
F_peak_3d_F8,gamma,norm3,XGBoost,0.5467,0.5536,0.6,0.5
F_mean_3d_Fp2,theta,norm2,KNN,0.9933,0.6885,0.5,0.5
F_mean_3d_Fp2,theta,norm2,Linear SVM,0.5133,0.4984,0.6,0.5
F_mean_3d_Fp2,theta,norm2,Logistic Regression,0.5,0.5,0.5,0.5
F_mean_3d_Fp2,theta,norm2,Random Forest,0.7533,0.5864,0.4,0.5
F_peak_3d_F8,alpha,norm3,Logistic Regression,0.5,0.5,0.5,0.5
F_mean_3d_2area,beta,None,Linear SVM,0.58,0.5487,0.5,0.5
F_mean_3d_2area,beta,None,Logistic Regression,0.5867,0.5485,0.5,0.5
F_mean_3d_Fz,alpha,norm2,Logistic Regression,0.5,0.5,0.5,0.5
F_de_3d_F3,beta,norm3,Random Forest,0.7667,0.5823,0.5,0.5
F_mean_3d_Fz,alpha,norm2,KNN,0.9867,0.6828,0.5,0.5
F_rasm_3d_3area,all,None,Ensemble (Majority Vote),0.8867,0.6864,0.5,0.5
F_peak_3d_F8,beta,norm2,Logistic Regression,0.5,0.5,0.5,0.5
F_rasm_3d_10rm,theta,norm3,Random Forest,0.8067,0.6975,0.5,0.5
F_peak_3d_F8,beta,norm3,Logistic Regression,0.5,0.5,0.5,0.5
F_dasm_3d_10rm,all,norm3,KNN,1.0,0.9085,0.5,0.5
F_de_3d_3area,gamma,None,Ensemble (Majority Vote),0.74,0.669,0.4,0.5
F_mean_3d_C4,gamma,norm2,Linear SVM,0.5067,0.5071,0.5,0.5
F_mean_3d_2area,beta,norm2,Logistic Regression,0.5,0.5,0.5,0.5
F_mean_3d_Fz,all,norm2,Logistic Regression,0.5,0.5,0.5,0.5
F_peak_3d_F8,delta,norm2,Logistic Regression,0.5,0.5,0.5,0.5
F_de_3d_3area,gamma,norm2,Linear SVM,0.4867,0.5074,0.6,0.5
F_de_3d_3area,gamma,norm2,Logistic Regression,0.5,0.5,0.5,0.5
F_de_3d_F8,beta,norm3,XGBoost,0.6267,0.5566,0.6,0.5
F_mean_3d_C4,gamma,norm2,Logistic Regression,0.5,0.5,0.5,0.5
F_mean_3d_Fp2,theta,norm3,Random Forest,0.7533,0.5864,0.4,0.5
F_mean_3d_Fp2,theta,norm3,Logistic Regression,0.5,0.5,0.5,0.5
F_mean_3d_Fp2,theta,norm3,Linear SVM,0.5133,0.4984,0.6,0.5
F_mean_3d_Fp2,theta,norm3,KNN,0.9933,0.6885,0.5,0.5
F_de_3d_C3,theta,norm3,KNN,0.98,0.6837,0.5,0.5
F_mean_3d_C4,theta,norm2,Logistic Regression,0.5,0.5,0.5,0.5
F_mean_3d_Fp2,delta,norm2,Logistic Regression,0.5,0.5,0.5,0.5
F_de_3d_F8,beta,norm2,XGBoost,0.6267,0.5566,0.6,0.5
F_peak_3d_Fp1,beta,norm2,Logistic Regression,0.5,0.5,0.5,0.5
F_peak_3d_Fp1,beta,norm3,Logistic Regression,0.5,0.5,0.5,0.5
F_peak_3d_Fp1,delta,norm2,Logistic Regression,0.5,0.5,0.5,0.5
F_rasm_3d_10rm,gamma,None,Linear SVM,0.4933,0.5131,0.5,0.5
F_de_3d_F8,alpha,norm3,Logistic Regression,0.5,0.5,0.5,0.5
F_de_3d_3area,theta,norm2,Ensemble (Majority Vote),0.8,0.6306,0.5,0.5
F_peak_3d_Fp1,delta,norm3,Logistic Regression,0.5,0.5,0.5,0.5
F_peak_3d_Fp1,gamma,None,Linear SVM,0.6,0.5524,0.5,0.5
F_mean_3d_2area,gamma,norm2,KNN,0.96,0.6763,0.6,0.5
F_mean_3d_Fp2,all,norm2,Logistic Regression,0.5,0.5,0.5,0.5
F_peak_3d_Fp1,gamma,None,Logistic Regression,0.6,0.5522,0.5,0.5
F_mean_3d_2area,gamma,norm2,Logistic Regression,0.5,0.5,0.5,0.5
F_de_3d_C3,theta,None,Logistic Regression,0.5933,0.5582,0.6,0.5
F_mean_3d_Fp2,all,None,Linear SVM,0.6467,0.5752,0.5,0.5
F_peak_3d_Fp1,gamma,norm2,Logistic Regression,0.5,0.5,0.5,0.5
F_de_3d_8rm,gamma,norm2,Logistic Regression,0.5,0.5,0.5,0.5
F_dasm_3d,beta,norm2,XGBoost,0.8933,0.6372,0.5,0.5
F_mean_3d_Fp1,theta,norm3,Logistic Regression,0.5,0.5,0.5,0.5
F_peak_3d_Fp1,gamma,norm3,Logistic Regression,0.5,0.5,0.5,0.5
F_rasm_3d_10rm,delta,norm2,Logistic Regression,0.5,0.5,0.5,0.5
F_mean_3d_Fp1,theta,norm2,Logistic Regression,0.5,0.5,0.5,0.5
F_de_3d_F8,alpha,norm2,Logistic Regression,0.5,0.5,0.5,0.5
F_peak_3d_Fp1,theta,norm2,Ensemble (Majority Vote),0.7,0.6294,0.6,0.5
F_mean_3d_Fp1,theta,None,Linear SVM,0.5933,0.5575,0.4,0.5
F_peak_3d_Fp1,theta,norm2,Logistic Regression,0.5,0.5,0.5,0.5
F_dasm_3d19,theta,norm2,Logistic Regression,0.5,0.5,0.5,0.5
F_mean_3d_Cz,all,norm2,Logistic Regression,0.5,0.5,0.5,0.5
F_mean_3d_Cz,all,norm2,Linear SVM,0.4267,0.4952,0.4,0.5
F_mean_3d_2area,delta,norm2,Logistic Regression,0.5,0.5,0.5,0.5
F_mean_3d_Fp2,alpha,norm2,Linear SVM,0.5267,0.5064,0.4,0.5
F_de_3d_C3,delta,None,XGBoost,0.6733,0.5887,0.4,0.5
F_de_3d_F4,beta,norm3,Logistic Regression,0.5,0.5,0.5,0.5
F_mean_3d_8rm,alpha,norm2,Logistic Regression,0.5,0.5,0.5,0.5
F_de_3d_C3,theta,norm2,KNN,0.98,0.6837,0.5,0.5
F_de_3d_F8,beta,norm2,Logistic Regression,0.5,0.5,0.5,0.5
F_mean_3d_C4,theta,norm3,Linear SVM,0.5,0.4975,0.5,0.5
F_mean_3d_Fp2,beta,norm3,Logistic Regression,0.5,0.5,0.5,0.5
F_mean_3d_C4,theta,norm3,Logistic Regression,0.5,0.5,0.5,0.5
F_peak_3d_F8,theta,norm2,KNN,0.96,0.6811,0.5,0.5
F_peak_3d_F8,theta,norm2,Logistic Regression,0.5,0.5,0.5,0.5
F_peak_3d_F8,theta,norm3,KNN,0.96,0.6811,0.5,0.5
F_mean_3d_Fp2,beta,norm2,Logistic Regression,0.5,0.5,0.5,0.5
F_peak_3d_F8,theta,norm3,Logistic Regression,0.5,0.5,0.5,0.5
F_peak_3d_Fp1,all,norm2,Logistic Regression,0.5,0.5,0.5,0.5
F_rasm_3d_10rm,gamma,norm2,Logistic Regression,0.5,0.5,0.5,0.5
F_de_3d_8rm,theta,None,Ensemble (Majority Vote),0.8467,0.7044,0.6,0.5
F_peak_3d_Fp1,all,norm3,KNN,0.9667,0.8,0.5,0.5
F_peak_3d_Fp1,alpha,None,Ensemble (Majority Vote),0.76,0.6283,0.4,0.5
F_de_3d_F4,beta,norm3,XGBoost,0.6733,0.5503,0.5,0.5
F_mean_3d_Fp2,alpha,norm3,Logistic Regression,0.5,0.5,0.5,0.5
F_mean_3d_Fp2,alpha,norm3,Linear SVM,0.5267,0.5064,0.4,0.5
F_peak_3d_Fp1,alpha,norm2,Logistic Regression,0.5,0.5,0.5,0.5
F_peak_3d_Fp1,alpha,norm3,Logistic Regression,0.5,0.5,0.5,0.5
F_dasm_3d,beta,norm2,Logistic Regression,0.5,0.5,0.5,0.5
F_mean_3d_Fp2,alpha,norm2,Logistic Regression,0.5,0.5,0.5,0.5
F_de_3d_8rm,all,norm2,Logistic Regression,0.5,0.5,0.5,0.5
F_de_3d_8rm,all,norm2,Random Forest,1.0,0.8299,0.6,0.5
F_mean_3d_Cz,beta,norm3,Linear SVM,0.5067,0.5007,0.5,0.5
F_peak_3d_T8,theta,norm2,Logistic Regression,0.5,0.5,0.5,0.5
F_dasm_3d19,all,norm2,Logistic Regression,0.5,0.5,0.5,0.5
F_rasm_3d19,beta,norm2,Logistic Regression,0.5,0.5,0.5,0.5
F_de_3d_F4,theta,norm2,Logistic Regression,0.5,0.5,0.5,0.5
F_peak_3d_T8,gamma,norm2,Linear SVM,0.4867,0.4956,0.4,0.5
F_peak_3d_T8,gamma,norm2,Logistic Regression,0.5,0.5,0.5,0.5
F_rasm_3d19,beta,None,XGBoost,0.96,0.728,0.5,0.5
F_peak_3d_T8,gamma,norm3,Linear SVM,0.4867,0.4956,0.4,0.5
F_peak_3d_T8,gamma,norm3,Logistic Regression,0.5,0.5,0.5,0.5
F_mean_3d_F4,beta,norm3,Logistic Regression,0.5,0.5,0.5,0.5
F_mean_3d_F4,beta,norm3,Linear SVM,0.5,0.5037,0.5,0.5
F_de_3d_F7,beta,norm2,Logistic Regression,0.5,0.5,0.5,0.5
F_peak_3d_T8,theta,norm2,Ensemble (Majority Vote),0.6733,0.6044,0.5,0.5
F_mean_3d_F4,beta,norm2,Logistic Regression,0.5,0.5,0.5,0.5
F_mean_3d_Cz,beta,norm3,Logistic Regression,0.5,0.5,0.5,0.5
F_mean_3d_F4,beta,norm2,Linear SVM,0.5,0.5037,0.5,0.5
F_peak_3d_T8,theta,norm2,XGBoost,0.66,0.5713,0.5,0.5
F_peak_3d_T8,theta,norm3,Ensemble (Majority Vote),0.6733,0.6044,0.5,0.5
F_peak_3d_T8,theta,norm3,Logistic Regression,0.5,0.5,0.5,0.5
F_peak_3d_T8,theta,norm3,XGBoost,0.66,0.5713,0.5,0.5
F_mean_3d_3area,delta,norm2,Linear SVM,0.5333,0.5048,0.5,0.5
F_de_3d_8rm,beta,norm2,Logistic Regression,0.5,0.5,0.5,0.5
F_mean_3d_3area,delta,norm2,Logistic Regression,0.5,0.5,0.5,0.5
F_mean_3d_3area,delta,norm2,Random Forest,0.7867,0.6209,0.7,0.5
F_de_3d_F7,beta,norm2,Ensemble (Majority Vote),0.7467,0.6087,0.5,0.5
F_mean_3d_F4,alpha,norm3,Logistic Regression,0.5,0.5,0.5,0.5
F_mean_3d_F4,alpha,norm3,Linear SVM,0.5133,0.5034,0.5,0.5
F_mean_3d_F4,delta,norm2,Logistic Regression,0.5,0.5,0.5,0.5
F_de_3d_F4,theta,norm2,Linear SVM,0.5,0.494,0.5,0.5
F_de_3d_F3,gamma,norm2,Logistic Regression,0.5,0.5,0.5,0.5
F_mean_3d_F4,delta,norm3,Logistic Regression,0.5,0.5,0.5,0.5
F_peak_3d_T8,alpha,norm3,Logistic Regression,0.5,0.5,0.5,0.5
F_mean_3d_F4,theta,norm2,Logistic Regression,0.5,0.5,0.5,0.5
F_de_3d_F7,beta,norm3,XGBoost,0.62,0.5421,0.5,0.5
F_dasm_3d,delta,norm3,XGBoost,0.9133,0.7117,0.6,0.5
F_dasm_3d,gamma,None,Linear SVM,0.64,0.5878,0.6,0.5
F_de_3d_F7,beta,norm3,Random Forest,0.7867,0.5894,0.5,0.5
F_peak_3d_T8,beta,norm2,Logistic Regression,0.5,0.5,0.5,0.5
F_de_3d_F7,beta,norm3,Logistic Regression,0.5,0.5,0.5,0.5
F_mean_3d_3area,theta,None,XGBoost,0.7667,0.6517,0.5,0.5
F_peak_3d_T8,beta,norm3,Logistic Regression,0.5,0.5,0.5,0.5
F_de_3d_F7,beta,norm3,Ensemble (Majority Vote),0.7467,0.6087,0.5,0.5
F_peak_3d_T8,delta,None,Linear SVM,0.5933,0.5515,0.6,0.5
F_mean_3d_F4,gamma,norm3,Logistic Regression,0.5,0.5,0.5,0.5
F_rasm_3d19,delta,norm2,Logistic Regression,0.5,0.5,0.5,0.5
F_peak_3d_T8,delta,None,Logistic Regression,0.5933,0.5517,0.6,0.5
F_rasm_3d19,delta,None,Random Forest,0.8467,0.6945,0.4,0.5
F_de_3d_F7,beta,norm2,XGBoost,0.62,0.5421,0.5,0.5
F_mean_3d_F4,gamma,norm2,Logistic Regression,0.5,0.5,0.5,0.5
F_peak_3d_T8,delta,norm2,Logistic Regression,0.5,0.5,0.5,0.5
F_mean_3d_F3,all,norm2,Linear SVM,0.5467,0.5143,0.7,0.5
F_de_3d_8rm,beta,norm2,Ensemble (Majority Vote),0.9267,0.7085,0.4,0.5
F_mean_3d_F4,gamma,None,Linear SVM,0.5467,0.5306,0.4,0.5
F_mean_3d_F3,all,norm2,Logistic Regression,0.5,0.5,0.5,0.5
F_de_3d_F7,beta,norm2,Random Forest,0.7867,0.5894,0.5,0.5
F_peak_3d_T8,delta,norm3,Logistic Regression,0.5,0.5,0.5,0.5
F_mean_3d_F3,alpha,norm2,Logistic Regression,0.5,0.5,0.5,0.5
F_de_3d_F3,delta,norm3,Logistic Regression,0.5,0.5,0.5,0.5
F_mean_3d_F4,alpha,norm2,Logistic Regression,0.5,0.5,0.5,0.5
F_mean_3d_F3,theta,norm2,Linear SVM,0.5067,0.4984,0.5,0.5
F_mean_3d_F3,theta,norm2,KNN,0.96,0.6885,0.4,0.5
F_rasm_3d,delta,None,Random Forest,0.8267,0.668,0.5,0.5
F_rasm_3d,delta,norm2,Logistic Regression,0.5,0.5,0.5,0.5
F_mean_3d_F3,gamma,norm3,Logistic Regression,0.5,0.5,0.5,0.5
F_rasm_3d,gamma,norm2,Ensemble (Majority Vote),0.8733,0.732,0.4,0.5
F_rasm_3d,gamma,norm2,Logistic Regression,0.5,0.5,0.5,0.5
F_de_3d_F7,all,norm2,Random Forest,0.96,0.6761,0.4,0.5
F_rasm_3d19,alpha,norm2,Ensemble (Majority Vote),0.9133,0.7639,0.5,0.5
F_de_3d_F7,all,norm2,Logistic Regression,0.5,0.5,0.5,0.5
F_mean_3d_F3,gamma,norm2,Logistic Regression,0.5,0.5,0.5,0.5
F_rasm_3d,theta,norm2,Ensemble (Majority Vote),0.86,0.7386,0.6,0.5
F_rasm_3d,theta,norm2,Logistic Regression,0.5,0.5,0.5,0.5
F_mean_3d_F3,gamma,None,Logistic Regression,0.5267,0.5301,0.5,0.5
F_mean_3d_F3,gamma,None,Linear SVM,0.5333,0.5313,0.5,0.5
F_de_3d_F7,all,None,XGBoost,0.86,0.6993,0.5,0.5
F_mean_3d_F3,delta,norm3,XGBoost,0.5533,0.5483,0.5,0.5
F_mean_3d_F3,delta,norm3,Logistic Regression,0.5,0.5,0.5,0.5
F_de_3d_F4,theta,norm3,Linear SVM,0.5,0.494,0.5,0.5
F_mean_3d_F3,delta,norm2,XGBoost,0.5533,0.5483,0.5,0.5
F_mean_3d_F3,delta,norm2,Logistic Regression,0.5,0.5,0.5,0.5
F_mean_3d_F3,beta,norm3,Logistic Regression,0.5,0.5,0.5,0.5
F_rasm_3d19,all,norm2,Logistic Regression,0.5,0.5,0.5,0.5
F_mean_3d_F3,delta,None,Logistic Regression,0.5867,0.5287,0.5,0.5
F_de_3d_F4,theta,norm3,Logistic Regression,0.5,0.5,0.5,0.5
F_mean_3d_F3,delta,None,Linear SVM,0.5867,0.529,0.5,0.5
F_rasm_3d19,alpha,norm2,Linear SVM,0.4933,0.5085,0.5,0.5
F_mean_3d_F3,theta,norm2,Logistic Regression,0.5,0.5,0.5,0.5
F_mean_3d_F4,alpha,norm2,Linear SVM,0.5133,0.5034,0.5,0.5
F_de_3d_F7,alpha,norm2,Logistic Regression,0.5,0.5,0.5,0.5
F_rasm_3d,all,norm2,Logistic Regression,0.5,0.5,0.5,0.5
F_mean_3d_F4,alpha,None,XGBoost,0.5933,0.5807,0.6,0.5
F_mean_3d_F3,alpha,norm3,Logistic Regression,0.5,0.5,0.5,0.5
F_mean_3d_F4,alpha,None,KNN,0.98,0.6897,0.7,0.5
F_mean_3d_3area,gamma,norm2,Logistic Regression,0.5,0.5,0.5,0.5
F_dasm_3d,gamma,norm2,Logistic Regression,0.5,0.5,0.5,0.5
F_de_3d_F7,alpha,norm3,Logistic Regression,0.5,0.5,0.5,0.5
F_rasm_3d,alpha,norm2,Logistic Regression,0.5,0.5,0.5,0.5
F_rasm_3d,alpha,norm3,Ensemble (Majority Vote),0.8467,0.706,0.4,0.5
F_rasm_3d,alpha,norm3,Linear SVM,0.58,0.5329,0.5,0.5
F_rasm_3d19,alpha,norm3,Ensemble (Majority Vote),0.8867,0.7462,0.4,0.5
F_rasm_3d,alpha,norm3,Logistic Regression,0.5733,0.5345,0.5,0.5
F_mean_3d_F4,all,norm2,Logistic Regression,0.5,0.5,0.5,0.5
F_dasm_3d,theta,norm2,Logistic Regression,0.5,0.5,0.5,0.5
F_rasm_3d,beta,None,Logistic Regression,0.5,0.5099,0.6,0.5
F_rasm_3d,beta,norm2,Logistic Regression,0.5,0.5,0.5,0.5
F_rasm_3d,beta,norm3,Ensemble (Majority Vote),0.8133,0.6908,0.5,0.5
F_de_3d_8rm,beta,norm3,KNN,1.0,0.8124,0.5,0.5
F_mean_3d_F4,all,None,KNN,0.9867,0.7423,0.6,0.5
F_rasm_3d19,alpha,norm2,Logistic Regression,0.5,0.5,0.5,0.5
F_de_3d_C3,gamma,None,XGBoost,0.68,0.5841,0.5,0.5
F_mean_3d_F3,theta,norm3,Logistic Regression,0.5,0.5,0.5,0.5
F_mean_3d_F3,theta,norm3,Linear SVM,0.5067,0.4984,0.5,0.5
F_mean_3d_F3,theta,norm3,KNN,0.96,0.6885,0.4,0.5
F_mean_3d_F3,beta,norm2,Logistic Regression,0.5,0.5,0.5,0.5
F_mean_3d_F4,theta,norm2,XGBoost,0.5733,0.5418,0.4,0.5
F_mean_3d_Cz,theta,norm3,Logistic Regression,0.5,0.5,0.5,0.5
F_peak_3d_T8,alpha,norm2,Logistic Regression,0.5,0.5,0.5,0.5
F_mean_3d_F7,theta,norm3,XGBoost,0.66,0.5563,0.5,0.5
F_dasm_3d,delta,norm2,Logistic Regression,0.5,0.5,0.5,0.5
F_mean_3d_F7,theta,norm3,Logistic Regression,0.5,0.5,0.5,0.5
F_mean_3d_F7,theta,norm2,XGBoost,0.66,0.5563,0.5,0.5
F_mean_3d_F7,theta,norm2,Logistic Regression,0.5,0.5,0.5,0.5
F_peak_3d_Fz,gamma,norm3,Logistic Regression,0.5,0.5,0.5,0.5
F_peak_3d_Fz,gamma,norm3,Random Forest,0.7333,0.5899,0.4,0.5
F_mean_3d_F7,theta,None,Random Forest,0.6667,0.5924,0.5,0.5
F_dasm_3d19,beta,None,Ensemble (Majority Vote),0.8467,0.7145,0.5,0.5
F_dasm_3d19,alpha,norm3,XGBoost,0.92,0.7531,0.4,0.5
F_mean_3d_F7,gamma,norm3,XGBoost,0.62,0.5637,0.5,0.5
F_mean_3d_3area,beta,norm2,Logistic Regression,0.5,0.5,0.5,0.5
F_mean_3d_F7,gamma,norm3,Logistic Regression,0.5,0.5,0.5,0.5
F_mean_3d_F7,gamma,norm3,Linear SVM,0.5133,0.5005,0.5,0.5
F_de_3d_8rm,delta,norm3,XGBoost,0.9467,0.7731,0.4,0.5
F_peak_3d_Fz,theta,norm2,Ensemble (Majority Vote),0.7067,0.6085,0.5,0.5
F_mean_3d_F7,gamma,norm2,XGBoost,0.62,0.5637,0.5,0.5
F_de_3d_C3,gamma,norm2,Logistic Regression,0.5,0.5,0.5,0.5
F_mean_3d_F7,gamma,norm2,Logistic Regression,0.5,0.5,0.5,0.5
F_mean_3d_F7,gamma,norm2,Linear SVM,0.5133,0.5005,0.5,0.5
F_peak_3d_Fz,theta,norm2,Logistic Regression,0.5,0.5,0.5,0.5
F_peak_3d_Fz,theta,norm3,Ensemble (Majority Vote),0.7067,0.6085,0.5,0.5
F_mean_3d_F7,gamma,None,Logistic Regression,0.54,0.5175,0.5,0.5
F_mean_3d_F7,gamma,None,Linear SVM,0.5333,0.5177,0.5,0.5
F_peak_3d_Fz,theta,norm3,Logistic Regression,0.5,0.5,0.5,0.5
F_mean_3d_Cz,gamma,norm2,Linear SVM,0.4667,0.4995,0.5,0.5
F_peak_3d_Fz,gamma,norm2,Random Forest,0.7333,0.5899,0.4,0.5
F_peak_3d_Fz,gamma,norm2,Logistic Regression,0.5,0.5,0.5,0.5
F_peak_3d_T7,all,None,Linear SVM,0.6467,0.6055,0.6,0.5
F_mean_3d_F8,all,None,KNN,0.98,0.7407,0.6,0.5
F_peak_3d_Fz,beta,None,KNN,0.9667,0.7071,0.5,0.5
F_mean_3d_F8,beta,None,Logistic Regression,0.5133,0.5136,0.5,0.5
F_mean_3d_F8,beta,None,Linear SVM,0.5133,0.5133,0.5,0.5
F_de_3d_F4,delta,norm3,KNN,0.9867,0.6839,0.5,0.5
F_mean_3d_F8,alpha,norm3,XGBoost,0.64,0.5492,0.6,0.5
F_rasm_3d_10rm,alpha,norm2,XGBoost,0.92,0.7343,0.5,0.5
F_mean_3d_F8,alpha,norm3,Logistic Regression,0.5,0.5,0.5,0.5
F_mean_3d_F8,alpha,norm3,KNN,0.98,0.6899,0.5,0.5
F_mean_3d_F8,alpha,norm2,XGBoost,0.64,0.5492,0.6,0.5
F_peak_3d_Fz,beta,norm2,Logistic Regression,0.5,0.5,0.5,0.5
F_mean_3d_F8,alpha,norm2,Logistic Regression,0.5,0.5,0.5,0.5
F_mean_3d_F8,alpha,norm2,KNN,0.98,0.6899,0.5,0.5
F_de_3d_F7,gamma,norm3,Logistic Regression,0.5,0.5,0.5,0.5
F_rasm_3d_10rm,alpha,norm2,Logistic Regression,0.5,0.5,0.5,0.5
F_peak_3d_Fz,beta,norm3,Logistic Regression,0.5,0.5,0.5,0.5
F_de_3d_F7,gamma,norm2,Logistic Regression,0.5,0.5,0.5,0.5
F_rasm_3d_10rm,alpha,norm2,KNN,0.9733,0.7428,0.4,0.5
F_mean_3d_Cz,delta,norm2,Logistic Regression,0.5,0.5,0.5,0.5
F_dasm_3d19,beta,None,Linear SVM,0.68,0.5995,0.6,0.5
F_de_3d_F4,delta,norm3,Logistic Regression,0.5,0.5,0.5,0.5
F_mean_3d_F8,all,norm2,Logistic Regression,0.5,0.5,0.5,0.5
F_peak_3d_Fz,delta,norm2,Logistic Regression,0.5,0.5,0.5,0.5
F_rasm_3d_10rm,all,norm2,Logistic Regression,0.5,0.5,0.5,0.5
F_peak_3d_Fz,delta,norm3,Logistic Regression,0.5,0.5,0.5,0.5
F_mean_3d_Cz,delta,norm3,Logistic Regression,0.5,0.5,0.5,0.5
F_mean_3d_Cz,gamma,norm2,Logistic Regression,0.5,0.5,0.5,0.5
F_mean_3d_F7,delta,norm3,Logistic Regression,0.5,0.5,0.5,0.5
F_mean_3d_F4,theta,norm3,Logistic Regression,0.5,0.5,0.5,0.5
F_mean_3d_3area,theta,norm2,Logistic Regression,0.5,0.5,0.5,0.5
F_mean_3d_F7,alpha,norm2,Linear SVM,0.4733,0.4972,0.4,0.5
F_peak_3d_T7,gamma,norm2,Logistic Regression,0.5,0.5,0.5,0.5
F_rasm_3d19,gamma,norm2,Logistic Regression,0.5,0.5,0.5,0.5
F_mean_3d_F7,alpha,None,XGBoost,0.68,0.5832,0.3,0.5
F_mean_3d_3area,theta,norm2,Linear SVM,0.5,0.5046,0.4,0.5
F_mean_3d_Cz,theta,norm2,Logistic Regression,0.5,0.5,0.5,0.5
F_rasm_3d19,gamma,None,Random Forest,0.92,0.6945,0.4,0.5
F_de_3d_C3,gamma,norm2,Linear SVM,0.5,0.4998,0.6,0.5
F_peak_3d_T7,gamma,norm3,Logistic Regression,0.5,0.5,0.5,0.5
F_rasm_3d19,gamma,None,Logistic Regression,0.5733,0.5313,0.5,0.5
F_rasm_3d19,gamma,None,KNN,0.9933,0.7129,0.4,0.5
F_peak_3d_T7,theta,norm2,Ensemble (Majority Vote),0.6533,0.586,0.6,0.5
F_peak_3d_T7,theta,norm2,Linear SVM,0.4867,0.4952,0.5,0.5
F_peak_3d_T7,theta,norm2,Logistic Regression,0.5,0.5,0.5,0.5
F_mean_3d_F7,all,norm2,Logistic Regression,0.5,0.5,0.5,0.5
F_mean_3d_F7,all,norm2,Linear SVM,0.5,0.5051,0.5,0.5
F_peak_3d_T7,theta,norm3,Ensemble (Majority Vote),0.6533,0.586,0.6,0.5
F_peak_3d_T7,theta,norm3,Linear SVM,0.4867,0.4952,0.5,0.5
F_mean_3d_F7,all,None,XGBoost,0.8267,0.6853,0.4,0.5
F_peak_3d_T7,theta,norm3,Logistic Regression,0.5,0.5,0.5,0.5
F_peak_3d_T8,all,norm2,Logistic Regression,0.5,0.5,0.5,0.5
F_de_3d_8rm,delta,norm2,Logistic Regression,0.5,0.5,0.5,0.5
F_de_3d_C3,gamma,norm2,KNN,0.98,0.6917,0.4,0.5
F_de_3d_F4,gamma,norm3,Logistic Regression,0.5,0.5,0.5,0.5
F_mean_3d_F4,theta,norm3,XGBoost,0.5733,0.5418,0.4,0.5
F_mean_3d_F7,alpha,norm2,Logistic Regression,0.5,0.5,0.5,0.5
F_mean_3d_F7,alpha,norm3,Linear SVM,0.4733,0.4972,0.4,0.5
F_peak_3d_T7,all,None,Logistic Regression,0.6533,0.6011,0.5,0.5
F_mean_3d_F7,alpha,norm3,Logistic Regression,0.5,0.5,0.5,0.5
F_rasm_3d19,theta,norm2,Random Forest,0.8333,0.7232,0.4,0.5
F_peak_3d_T7,all,norm2,Logistic Regression,0.5,0.5,0.5,0.5
F_mean_3d_F7,delta,norm2,Logistic Regression,0.5,0.5,0.5,0.5
F_de_3d_C3,delta,norm3,Logistic Regression,0.5,0.5,0.5,0.5
F_de_3d_F7,delta,norm3,Random Forest,0.7533,0.5844,0.4,0.5
F_dasm_3d19,alpha,norm2,Logistic Regression,0.5,0.5,0.5,0.5
F_de_3d_F7,delta,norm3,Logistic Regression,0.5,0.5,0.5,0.5
F_mean_3d_F7,delta,None,Random Forest,0.6667,0.5963,0.5,0.5
F_peak_3d_T7,alpha,norm2,Logistic Regression,0.5,0.5,0.5,0.5
F_mean_3d_Cz,gamma,norm3,Linear SVM,0.4667,0.4995,0.5,0.5
F_peak_3d_T7,alpha,norm3,Logistic Regression,0.5,0.5,0.5,0.5
F_mean_3d_F7,beta,norm3,Logistic Regression,0.5,0.5,0.5,0.5
F_mean_3d_Cz,gamma,norm3,Logistic Regression,0.5,0.5,0.5,0.5
F_de_3d_8rm,alpha,norm2,Logistic Regression,0.5,0.5,0.5,0.5
F_peak_3d_T7,beta,norm2,Logistic Regression,0.5,0.5,0.5,0.5
F_peak_3d_T7,beta,norm3,Logistic Regression,0.5,0.5,0.5,0.5
F_mean_3d_F7,beta,norm2,Logistic Regression,0.5,0.5,0.5,0.5
F_rasm_3d19,theta,norm2,Logistic Regression,0.5,0.5,0.5,0.5
F_mean_3d_Cz,theta,None,Ensemble (Majority Vote),0.74,0.6087,0.5,0.5
F_de_3d_F7,delta,norm2,Random Forest,0.7533,0.5844,0.4,0.5
F_de_3d_F4,gamma,norm2,Logistic Regression,0.5,0.5,0.5,0.5
F_peak_3d_T7,delta,norm2,Logistic Regression,0.5,0.5,0.5,0.5
F_mean_3d_F7,beta,None,Ensemble (Majority Vote),0.6733,0.5945,0.5,0.5
F_peak_3d_T7,delta,norm3,Logistic Regression,0.5,0.5,0.5,0.5
F_de_3d_F7,delta,norm2,Logistic Regression,0.5,0.5,0.5,0.5
F_mean_3d_Fz,alpha,norm3,KNN,0.9867,0.6828,0.5,0.5
F_mean_3d_Fp2,theta,norm3,Ensemble (Majority Vote),0.6867,0.5846,0.5,0.5
F_mean_3d_Fz,alpha,norm3,Logistic Regression,0.5,0.5,0.5,0.5
F_mean_3d_C3,gamma,None,XGBoost,0.6733,0.5839,0.5,0.5
F_peak_3d_Cz,beta,norm3,Logistic Regression,0.5,0.5,0.5,0.5
F_mean_3d_C3,gamma,norm2,KNN,0.98,0.689,0.3,0.5
F_mean_3d_C3,gamma,norm2,Logistic Regression,0.5,0.5,0.5,0.5
F_peak_3d_Cz,delta,None,Logistic Regression,0.56,0.5317,0.4,0.5
F_peak_3d_Cz,delta,norm2,KNN,0.9733,0.6811,0.5,0.5
F_rasm_3d_8rm,all,norm2,Logistic Regression,0.5,0.5,0.5,0.5
F_peak_3d_Cz,delta,norm2,Logistic Regression,0.5,0.5,0.5,0.5
F_de_3d_Fp1,delta,norm2,Ensemble (Majority Vote),0.7667,0.6071,0.4,0.5
F_median_3d,beta,norm2,Logistic Regression,0.5,0.5,0.5,0.5
F_peak_3d_Cz,delta,norm3,KNN,0.9733,0.6811,0.5,0.5
F_mean_3d_C3,gamma,norm2,XGBoost,0.5733,0.5469,0.5,0.5
F_de_3d_F4,alpha,norm2,KNN,0.9867,0.6761,0.5,0.5
F_mean_3d_C3,gamma,norm3,KNN,0.98,0.689,0.3,0.5
F_peak_3d_Cz,delta,norm3,Logistic Regression,0.5,0.5,0.5,0.5
F_mean_3d_1area,gamma,None,Linear SVM,0.5733,0.5467,0.5,0.5
F_mean_3d_1area,gamma,None,Logistic Regression,0.56,0.5382,0.5,0.5
F_median_3d,beta,None,Linear SVM,0.7867,0.6699,0.5,0.5
F_mean_3d_C3,gamma,norm3,Logistic Regression,0.5,0.5,0.5,0.5
F_dasm_3d,alpha,norm2,Ensemble (Majority Vote),0.8,0.6749,0.5,0.5
F_mean_3d_C3,gamma,norm3,XGBoost,0.5733,0.5469,0.5,0.5
F_peak_3d_Cz,gamma,norm2,Logistic Regression,0.5,0.5,0.5,0.5
F_de_3d_2area,theta,norm2,Logistic Regression,0.5,0.5,0.5,0.5
F_de_3d_Fp1,beta,norm3,Logistic Regression,0.5,0.5,0.5,0.5
F_de_3d_Fp1,beta,norm3,Linear SVM,0.48,0.5002,0.5,0.5
F_de_3d_2area,theta,norm3,Ensemble (Majority Vote),0.7467,0.6294,0.5,0.5
F_de_3d_2area,gamma,norm3,KNN,0.96,0.697,0.4,0.5
F_mean_3d_C3,gamma,None,Random Forest,0.6733,0.5887,0.5,0.5
F_median_3d,alpha,norm2,Logistic Regression,0.5,0.5,0.5,0.5
F_peak_3d_Cz,beta,norm2,Logistic Regression,0.5,0.5,0.5,0.5
F_rasm_3d_8rm,alpha,norm2,Ensemble (Majority Vote),0.8267,0.7037,0.5,0.5
F_median_3d,theta,None,Logistic Regression,0.72,0.6336,0.4,0.5
F_peak_3d_Cz,all,norm2,Logistic Regression,0.5,0.5,0.5,0.5
F_mean_3d_C3,delta,norm3,Ensemble (Majority Vote),0.6733,0.6117,0.5,0.5
F_mean_3d_1area,delta,norm2,Logistic Regression,0.5,0.5,0.5,0.5
F_dasm_3d_10rm,gamma,norm2,Logistic Regression,0.5,0.5,0.5,0.5
F_dasm_3d_10rm,gamma,norm2,Linear SVM,0.4867,0.4998,0.6,0.5
F_dasm_3d_10rm,gamma,norm2,KNN,0.9667,0.6906,0.6,0.5
F_median_3d,gamma,norm2,Logistic Regression,0.5,0.5,0.5,0.5
F_mean_3d_C3,delta,norm3,Linear SVM,0.4933,0.4982,0.5,0.5
F_peak_3d_Cz,alpha,norm2,Logistic Regression,0.5,0.5,0.5,0.5
F_de_3d_Fp1,delta,norm3,Logistic Regression,0.5,0.5,0.5,0.5
F_mean_3d_C3,delta,norm3,Logistic Regression,0.5,0.5,0.5,0.5
F_peak_3d_Cz,alpha,norm3,Logistic Regression,0.5,0.5,0.5,0.5
F_peak_3d_Cz,beta,None,Ensemble (Majority Vote),0.6333,0.611,0.5,0.5
F_peak_3d_Cz,beta,None,KNN,0.96,0.703,0.5,0.5
F_de_3d_Fp1,delta,norm3,Ensemble (Majority Vote),0.7667,0.6071,0.4,0.5
F_mean_3d_1area,delta,norm3,Logistic Regression,0.5,0.5,0.5,0.5
F_de_3d_Fp1,delta,norm2,Logistic Regression,0.5,0.5,0.5,0.5
F_median_3d,delta,norm3,KNN,0.98,0.8432,0.7,0.5
F_de_3d_2area,gamma,norm2,Logistic Regression,0.5,0.5,0.5,0.5
F_mean_3d_8rm,gamma,norm2,Logistic Regression,0.5,0.5,0.5,0.5
F_median_3d,delta,norm2,Logistic Regression,0.5,0.5,0.5,0.5
F_mean_3d_C3,gamma,None,Ensemble (Majority Vote),0.7533,0.6308,0.4,0.5
F_rasm_3d_8rm,alpha,None,Logistic Regression,0.54,0.5274,0.5,0.5
F_de_3d_F4,alpha,norm2,Logistic Regression,0.5,0.5,0.5,0.5
F_peak_3d_Cz,gamma,norm3,Logistic Regression,0.5,0.5,0.5,0.5
F_median_3d,theta,norm2,Logistic Regression,0.5,0.5,0.5,0.5
F_mean_3d_C3,theta,norm3,Logistic Regression,0.5,0.5,0.5,0.5
F_de_3d_C3,theta,norm3,Logistic Regression,0.5,0.5,0.5,0.5
F_dasm_3d_10rm,delta,norm2,Logistic Regression,0.5,0.5,0.5,0.5
F_rasm_3d_3area,gamma,norm2,Logistic Regression,0.5,0.5,0.5,0.5
F_peak_3d_F3,all,norm3,Random Forest,0.76,0.6724,0.5,0.5
F_mean_3d_1area,theta,None,KNN,0.9667,0.6938,0.6,0.5
F_de_3d_Fp1,alpha,norm3,Random Forest,0.7267,0.5906,0.3,0.5
F_de_3d_Fp1,alpha,norm3,Logistic Regression,0.5,0.5,0.5,0.5
F_mean_3d_T8,gamma,norm3,Logistic Regression,0.5,0.5,0.5,0.5
F_peak_3d_F3,alpha,norm2,Linear SVM,0.5067,0.4989,0.5,0.5
F_peak_3d_F3,alpha,norm2,Logistic Regression,0.5,0.5,0.5,0.5
F_mean_3d_T8,gamma,norm2,Logistic Regression,0.5,0.5,0.5,0.5
F_rasm_3d_3area,gamma,None,Random Forest,0.7,0.5894,0.6,0.5
F_de_3d_Fp1,alpha,norm2,Random Forest,0.7267,0.5906,0.3,0.5
F_peak_3d_F3,alpha,norm3,Linear SVM,0.5067,0.4989,0.5,0.5
F_peak_3d_F3,alpha,norm3,Logistic Regression,0.5,0.5,0.5,0.5
F_de_3d_3area,all,norm3,Ensemble (Majority Vote),0.9133,0.8094,0.5,0.5
F_dasm_3d,alpha,norm2,Logistic Regression,0.5,0.5,0.5,0.5
F_de_3d_Fp1,alpha,norm2,Logistic Regression,0.5,0.5,0.5,0.5
F_peak_3d_F3,beta,norm2,Linear SVM,0.4933,0.4968,0.5,0.5
F_mean_3d_T8,delta,norm3,Random Forest,0.7933,0.5993,0.6,0.5
F_de_3d_C3,all,norm2,Logistic Regression,0.5,0.5,0.5,0.5
F_mean_3d_T8,delta,norm3,Logistic Regression,0.5,0.5,0.5,0.5
F_peak_3d_F3,beta,norm2,Logistic Regression,0.5,0.5,0.5,0.5
F_mean_3d_C4,all,norm2,Logistic Regression,0.5,0.5,0.5,0.5
F_mean_3d_T8,delta,norm3,KNN,0.9867,0.6841,0.6,0.5
F_rasm_3d_3area,gamma,norm3,Logistic Regression,0.5,0.5,0.5,0.5
F_mean_3d_T8,theta,norm2,Logistic Regression,0.5,0.5,0.5,0.5
F_de_3d_Fp1,beta,norm3,KNN,0.9667,0.6979,0.5,0.5
F_mean_3d_1area,gamma,norm3,Logistic Regression,0.5,0.5,0.5,0.5
F_mean_3d_1area,gamma,norm2,Ensemble (Majority Vote),0.7533,0.6324,0.5,0.5
F_de_3d_2area,theta,norm3,KNN,0.9667,0.7005,0.5,0.5
F_dasm_3d_10rm,delta,norm3,XGBoost,0.8667,0.6775,0.6,0.5
F_peak_3d_Cz,theta,None,KNN,0.98,0.6906,0.6,0.5
F_rasm_3d_3area,theta,norm3,Logistic Regression,0.5,0.5,0.5,0.5
F_rasm_3d_3area,theta,norm2,Logistic Regression,0.5,0.5,0.5,0.5
F_peak_3d_Cz,theta,norm2,Logistic Regression,0.5,0.5,0.5,0.5
F_de_3d_Fp1,beta,norm2,Logistic Regression,0.5,0.5,0.5,0.5
F_mean_3d_1area,gamma,norm2,Linear SVM,0.5,0.4979,0.5,0.5
F_mean_3d_1area,gamma,norm2,Logistic Regression,0.5,0.5,0.5,0.5
F_mean_3d_C3,theta,norm2,Logistic Regression,0.5,0.5,0.5,0.5
F_de_3d_Fp1,beta,norm2,Linear SVM,0.48,0.5002,0.5,0.5
F_de_3d_Fp1,beta,norm2,KNN,0.9667,0.6979,0.5,0.5
F_median_3d,all,norm2,Logistic Regression,0.5,0.5,0.5,0.5
F_mean_3d_8rm,gamma,None,Linear SVM,0.64,0.5936,0.5,0.5
F_peak_3d_Cz,theta,norm3,Logistic Regression,0.5,0.5,0.5,0.5
F_de_3d_F3,alpha,norm3,Logistic Regression,0.5,0.5,0.5,0.5
F_peak_3d_F3,all,None,Logistic Regression,0.66,0.6041,0.4,0.5
F_de_3d_3area,all,norm2,Logistic Regression,0.5,0.5,0.5,0.5
F_peak_3d_F3,all,norm2,Logistic Regression,0.5,0.5,0.5,0.5
F_mean_3d_1area,gamma,norm3,Ensemble (Majority Vote),0.7533,0.6324,0.5,0.5
F_dasm_3d_10rm,delta,norm2,Random Forest,0.9067,0.6531,0.5,0.5
F_mean_3d_T8,theta,norm3,Logistic Regression,0.5,0.5,0.5,0.5
F_mean_3d_1area,gamma,norm3,Linear SVM,0.5,0.4979,0.5,0.5
F_mean_3d_T8,theta,norm3,KNN,0.9933,0.6961,0.5,0.5
F_rasm_3d_8rm,alpha,norm2,Logistic Regression,0.5,0.5,0.5,0.5
F_mean_3d_C3,delta,norm2,Logistic Regression,0.5,0.5,0.5,0.5
F_mean_3d_T8,delta,norm2,Logistic Regression,0.5,0.5,0.5,0.5
F_peak_3d_C4,all,norm2,Logistic Regression,0.5,0.5,0.5,0.5
F_median_3d19,theta,norm3,Random Forest,0.9067,0.7676,0.6,0.5
F_de_3d_F3,theta,norm3,Logistic Regression,0.5,0.5,0.5,0.5
F_mean_3d_C3,alpha,None,Ensemble (Majority Vote),0.6933,0.5998,0.4,0.5
F_median_3d19,theta,norm3,KNN,1.0,0.8591,0.4,0.5
F_mean_3d_C3,alpha,None,Linear SVM,0.5867,0.5584,0.5,0.5
F_median_3d19,theta,norm2,XGBoost,1.0,0.8016,0.5,0.5
F_median_3d19,theta,norm2,Logistic Regression,0.5,0.5,0.5,0.5
F_mean_3d_C3,alpha,None,Logistic Regression,0.58,0.5582,0.5,0.5
F_mean_3d_C3,alpha,None,Random Forest,0.7,0.5995,0.6,0.5
F_median_3d19,theta,norm2,Ensemble (Majority Vote),0.94,0.7625,0.6,0.5
F_peak_3d_C4,alpha,norm2,Logistic Regression,0.5,0.5,0.5,0.5
F_de_3d_Fp1,theta,norm2,Logistic Regression,0.5,0.5,0.5,0.5
F_mean_3d_1area,alpha,norm2,Linear SVM,0.5333,0.506,0.5,0.5
F_dasm_3d_10rm,theta,norm3,KNN,0.98,0.7232,0.7,0.5
F_de_3d_Fp1,theta,norm2,Linear SVM,0.5,0.4986,0.6,0.5
F_peak_3d_C4,alpha,norm3,Logistic Regression,0.5,0.5,0.5,0.5
F_rasm_3d_8rm,gamma,norm3,Random Forest,0.7667,0.6545,0.6,0.5
F_mean_3d_C3,alpha,norm2,Logistic Regression,0.5,0.5,0.5,0.5
F_dasm_3d_10rm,theta,norm2,Logistic Regression,0.5,0.5,0.5,0.5
F_dasm_3d_10rm,theta,norm2,KNN,0.9733,0.6876,0.5,0.5
F_rasm_3d_8rm,gamma,norm3,Ensemble (Majority Vote),0.8667,0.6814,0.5,0.5
F_median_3d19,gamma,norm2,XGBoost,0.9933,0.8177,0.5,0.5
F_mean_3d_1area,alpha,norm2,Logistic Regression,0.5,0.5,0.5,0.5
F_median_3d19,gamma,norm2,Logistic Regression,0.5,0.5,0.5,0.5
F_rasm_3d_8rm,gamma,norm2,Logistic Regression,0.5,0.5,0.5,0.5
F_median_3d_10rm,all,None,Logistic Regression,0.92,0.7846,0.5,0.5
F_de_3d_Fp1,theta,norm3,Linear SVM,0.5,0.4986,0.6,0.5
F_peak_3d_C4,beta,norm2,Logistic Regression,0.5,0.5,0.5,0.5
F_mean_3d_C3,all,norm2,Random Forest,0.9333,0.6685,0.5,0.5
F_rasm_3d_8rm,theta,norm3,Logistic Regression,0.5533,0.5207,0.5,0.5
F_median_3d_10rm,beta,norm2,Ensemble (Majority Vote),0.9533,0.726,0.4,0.5
F_peak_3d_C3,gamma,norm3,Linear SVM,0.5,0.5,0.5,0.5
F_rasm_3d_8rm,theta,norm3,Linear SVM,0.56,0.5205,0.5,0.5
F_peak_3d_C3,gamma,norm3,Logistic Regression,0.5,0.5,0.5,0.5
F_de_3d_C3,alpha,norm2,Logistic Regression,0.5,0.5,0.5,0.5
F_de_3d_C3,alpha,norm2,Linear SVM,0.5,0.5009,0.4,0.5
F_de_3d_C4,all,norm2,Logistic Regression,0.5,0.5,0.5,0.5
F_mean_3d_8rm,theta,norm2,KNN,0.9733,0.6968,0.5,0.5
F_mean_3d_1area,all,norm2,Logistic Regression,0.5,0.5,0.5,0.5
F_de_3d_2area,alpha,None,Ensemble (Majority Vote),0.78,0.6497,0.5,0.5
F_median_3d_10rm,alpha,norm3,KNN,0.98,0.7903,0.4,0.5
F_mean_3d_C3,all,None,Linear SVM,0.6733,0.6092,0.5,0.5
F_mean_3d_C3,all,None,Logistic Regression,0.7067,0.6037,0.4,0.5
F_median_3d_10rm,alpha,norm2,Logistic Regression,0.5,0.5,0.5,0.5
F_de_3d_2area,alpha,None,XGBoost,0.6933,0.6262,0.5,0.5
F_de_3d_2area,alpha,norm2,Linear SVM,0.5067,0.5057,0.5,0.5
F_de_3d_2area,alpha,norm2,Logistic Regression,0.5,0.5,0.5,0.5
F_rasm_3d_8rm,theta,norm2,Logistic Regression,0.5,0.5,0.5,0.5
F_peak_3d_C3,theta,norm2,Logistic Regression,0.5,0.5,0.5,0.5
F_peak_3d_C3,theta,norm3,Logistic Regression,0.5,0.5,0.5,0.5
F_median_3d_10rm,all,norm2,Logistic Regression,0.5,0.5,0.5,0.5
F_mean_3d_C3,all,norm2,Logistic Regression,0.5,0.5,0.5,0.5
F_peak_3d_C4,all,None,XGBoost,0.9067,0.7398,0.5,0.5
F_de_3d_Fp1,theta,norm3,Logistic Regression,0.5,0.5,0.5,0.5
F_dasm_3d,all,norm2,Logistic Regression,0.5,0.5,0.5,0.5
F_de_3d_C4,all,norm2,Ensemble (Majority Vote),0.8067,0.6766,0.5,0.5
F_de_3d_Fp1,gamma,norm2,Logistic Regression,0.5,0.5,0.5,0.5
F_de_3d_2area,delta,norm2,KNN,0.9867,0.6972,0.5,0.5
F_mean_3d_1area,beta,norm2,Logistic Regression,0.5,0.5,0.5,0.5
F_de_3d_C3,alpha,None,Random Forest,0.6667,0.5993,0.4,0.5
F_rasm_3d_8rm,delta,norm2,Logistic Regression,0.5,0.5,0.5,0.5
F_median_3d19,alpha,norm2,Logistic Regression,0.5,0.5,0.5,0.5
F_peak_3d_C4,gamma,norm2,Linear SVM,0.5,0.5009,0.5,0.5
F_peak_3d_C4,gamma,norm2,Logistic Regression,0.5,0.5,0.5,0.5
F_de_3d_2area,delta,norm2,Linear SVM,0.5333,0.4936,0.6,0.5
F_mean_3d_C3,beta,norm2,Logistic Regression,0.5,0.5,0.5,0.5
F_rasm_3d_8rm,delta,None,Linear SVM,0.5133,0.5124,0.6,0.5
F_peak_3d_C4,gamma,norm3,Linear SVM,0.5,0.5009,0.5,0.5
F_mean_3d_1area,beta,norm3,Logistic Regression,0.5,0.5,0.5,0.5
F_peak_3d_C4,gamma,norm3,Logistic Regression,0.5,0.5,0.5,0.5
F_rasm_3d_8rm,delta,None,Ensemble (Majority Vote),0.8533,0.66,0.5,0.5
F_median_3d19,all,norm2,Random Forest,0.9733,0.8531,0.4,0.5
F_mean_3d_C3,beta,norm3,Logistic Regression,0.5,0.5,0.5,0.5
F_median_3d19,all,norm2,Logistic Regression,0.5,0.5,0.5,0.5
F_rasm_3d_8rm,beta,norm2,Random Forest,0.8333,0.6747,0.4,0.5
F_rasm_3d_8rm,beta,norm2,Logistic Regression,0.5,0.5,0.5,0.5
F_de_3d_F4,alpha,None,KNN,0.94,0.6936,0.6,0.5
F_peak_3d_C4,theta,norm2,Linear SVM,0.5,0.4952,0.5,0.5
F_peak_3d_C4,theta,norm2,Logistic Regression,0.5,0.5,0.5,0.5
F_mean_3d_C3,delta,norm2,Ensemble (Majority Vote),0.6733,0.6117,0.5,0.5
F_peak_3d_C4,theta,norm3,Linear SVM,0.5,0.4952,0.5,0.5
F_peak_3d_C4,theta,norm3,Logistic Regression,0.5,0.5,0.5,0.5
F_mean_3d_C3,delta,norm2,Linear SVM,0.4933,0.4982,0.5,0.5
F_de_3d_Fp1,gamma,norm3,Logistic Regression,0.5,0.5,0.5,0.5
F_peak_3d_C4,delta,norm3,Logistic Regression,0.5,0.5,0.5,0.5
F_mean_3d_1area,alpha,norm3,Linear SVM,0.5333,0.506,0.5,0.5
F_median_3d19,beta,None,Logistic Regression,0.7867,0.6793,0.5,0.5
F_mean_3d_1area,alpha,norm3,Logistic Regression,0.5,0.5,0.5,0.5
F_peak_3d_C4,beta,norm3,Logistic Regression,0.5,0.5,0.5,0.5
F_median_3d19,delta,norm3,XGBoost,0.9867,0.8782,0.4,0.5
F_de_3d_2area,beta,norm2,Ensemble (Majority Vote),0.74,0.626,0.6,0.5
F_mean_3d_C3,alpha,norm3,Logistic Regression,0.5,0.5,0.5,0.5
F_rasm_3d_8rm,gamma,None,Ensemble (Majority Vote),0.82,0.6503,0.6,0.5
F_de_3d_2area,beta,norm2,KNN,0.9733,0.692,0.4,0.5
F_dasm_3d_10rm,theta,None,XGBoost,0.8733,0.692,0.5,0.5
F_de_3d_2area,beta,norm2,Logistic Regression,0.5,0.5,0.5,0.5
F_dasm_3d_10rm,theta,None,Random Forest,0.72,0.6533,0.4,0.5
F_peak_3d_C4,delta,None,Linear SVM,0.56,0.5274,0.5,0.5
F_median_3d19,delta,norm2,Logistic Regression,0.5,0.5,0.5,0.5
F_median_3d19,delta,norm2,Ensemble (Majority Vote),0.94,0.7651,0.5,0.5
F_peak_3d_C4,delta,None,Logistic Regression,0.56,0.5274,0.5,0.5
F_mean_3d_C3,beta,None,Ensemble (Majority Vote),0.6467,0.5929,0.5,0.5
F_de_3d_C3,alpha,norm3,Linear SVM,0.5,0.5009,0.4,0.5
F_mean_3d_1area,beta,None,KNN,0.98,0.7011,0.4,0.5
F_de_3d_C3,alpha,norm3,Logistic Regression,0.5,0.5,0.5,0.5
F_mean_3d_1area,beta,None,Linear SVM,0.5467,0.5384,0.5,0.5
F_mean_3d_1area,beta,None,Logistic Regression,0.56,0.5421,0.5,0.5
F_de_3d_2area,delta,None,Logistic Regression,0.62,0.5823,0.4,0.5
F_peak_3d_C4,delta,norm2,Logistic Regression,0.5,0.5,0.5,0.5
F_median_3d19,beta,norm2,Random Forest,0.9933,0.7637,0.5,0.5
F_median_3d19,beta,norm2,Logistic Regression,0.5,0.5,0.5,0.5
F_de_3d_F4,all,norm2,Logistic Regression,0.5,0.5,0.5,0.5
F_mean_3d_T8,delta,norm2,Random Forest,0.7933,0.5993,0.6,0.5
F_mean_3d_T8,theta,norm2,KNN,0.9933,0.6961,0.5,0.5
F_peak_3d_F3,beta,norm3,Linear SVM,0.4933,0.4968,0.5,0.5
F_mean_3d_T7,alpha,norm2,Logistic Regression,0.5,0.5,0.5,0.5
F_rasm_3d_3area,beta,norm2,Ensemble (Majority Vote),0.7067,0.6274,0.5,0.5
F_de_3d_F8,gamma,norm2,Logistic Regression,0.5,0.5,0.5,0.5
F_peak_3d_F7,all,None,Random Forest,0.8,0.6897,0.5,0.5
F_mean_3d_T7,beta,None,Ensemble (Majority Vote),0.68,0.5998,0.5,0.5
F_peak_3d_F7,all,norm2,Logistic Regression,0.5,0.5,0.5,0.5
F_mean_3d_T7,alpha,norm3,Logistic Regression,0.5,0.5,0.5,0.5
F_dasm_3d_10rm,alpha,norm2,Logistic Regression,0.5,0.5,0.5,0.5
F_peak_3d_F7,alpha,None,Linear SVM,0.5467,0.5317,0.5,0.5
F_de_3d_C3,beta,norm2,Logistic Regression,0.5,0.5,0.5,0.5
F_de_3d_3area,beta,norm2,KNN,1.0,0.7037,0.5,0.5
F_peak_3d_F7,alpha,None,Logistic Regression,0.5467,0.532,0.5,0.5
F_mean_3d_C4,beta,norm2,Logistic Regression,0.5,0.5,0.5,0.5
F_mean_3d_C4,beta,norm3,Logistic Regression,0.5,0.5,0.5,0.5
F_peak_3d_F7,alpha,norm2,Logistic Regression,0.5,0.5,0.5,0.5
F_rasm_3d_3area,alpha,norm3,XGBoost,0.6867,0.6168,0.5,0.5
F_peak_3d_F7,alpha,norm3,Logistic Regression,0.5,0.5,0.5,0.5
F_de_3d_3area,beta,norm2,Logistic Regression,0.5,0.5,0.5,0.5
F_rasm_3d_3area,alpha,norm3,Random Forest,0.7333,0.626,0.5,0.5
F_rasm_3d_3area,alpha,norm3,Logistic Regression,0.5,0.5,0.5,0.5
F_peak_3d_F7,beta,norm2,Logistic Regression,0.5,0.5,0.5,0.5
F_mean_3d_T7,all,norm2,Random Forest,0.94,0.6795,0.5,0.5
F_mean_3d_T7,all,norm2,Logistic Regression,0.5,0.5,0.5,0.5
F_peak_3d_F7,beta,norm3,Logistic Regression,0.5,0.5,0.5,0.5
F_mean_3d_T7,all,norm2,Ensemble (Majority Vote),0.8533,0.6761,0.6,0.5
F_mean_3d_T7,beta,norm2,Ensemble (Majority Vote),0.7333,0.6221,0.4,0.5
F_peak_3d_F7,all,None,Ensemble (Majority Vote),0.8267,0.7071,0.5,0.5
F_mean_3d_T7,beta,norm2,Logistic Regression,0.5,0.5,0.5,0.5
F_de_3d_F3,beta,norm2,Random Forest,0.7667,0.5823,0.5,0.5
F_peak_3d_F4,delta,norm3,Logistic Regression,0.5,0.5,0.5,0.5
F_mean_3d_T7,gamma,None,Ensemble (Majority Vote),0.7,0.6278,0.5,0.5
F_mean_3d_8rm,delta,norm2,Logistic Regression,0.5,0.5,0.5,0.5
F_mean_3d_T7,delta,norm3,Logistic Regression,0.5,0.5,0.5,0.5
F_peak_3d_F4,gamma,norm2,Logistic Regression,0.5,0.5,0.5,0.5
F_peak_3d_F4,gamma,norm3,Logistic Regression,0.5,0.5,0.5,0.5
F_peak_3d_F4,theta,None,KNN,0.9533,0.7037,0.4,0.5
F_mean_3d_T7,delta,norm2,Logistic Regression,0.5,0.5,0.5,0.5
F_de_3d_C3,all,norm2,Ensemble (Majority Vote),0.86,0.6802,0.6,0.5
F_rasm_3d_3area,beta,norm3,Ensemble (Majority Vote),0.7067,0.6274,0.5,0.5
F_de_3d_F3,beta,norm2,Linear SVM,0.4933,0.4963,0.5,0.5
F_de_3d_F8,gamma,norm3,Logistic Regression,0.5,0.5,0.5,0.5
F_mean_3d_2area,all,norm2,Logistic Regression,0.5,0.5,0.5,0.5
F_mean_3d_T7,delta,None,Random Forest,0.6067,0.5938,0.6,0.5
F_rasm_3d_3area,beta,norm2,XGBoost,0.6667,0.592,0.5,0.5
F_rasm_3d_3area,beta,norm2,Logistic Regression,0.5,0.5,0.5,0.5
F_de_3d_3area,beta,None,Logistic Regression,0.6133,0.5745,0.6,0.5
F_peak_3d_F4,theta,norm2,Logistic Regression,0.5,0.5,0.5,0.5
F_mean_3d_T7,beta,norm3,Logistic Regression,0.5,0.5,0.5,0.5
F_de_3d_F3,beta,norm2,Logistic Regression,0.5,0.5,0.5,0.5
F_mean_3d_T8,delta,norm2,KNN,0.9867,0.6841,0.6,0.5
F_mean_3d_T7,beta,norm3,Ensemble (Majority Vote),0.7333,0.6221,0.4,0.5
F_peak_3d_F4,theta,norm3,Logistic Regression,0.5,0.5,0.5,0.5
F_rasm_3d_3area,alpha,norm2,XGBoost,0.6867,0.6168,0.5,0.5
F_peak_3d_F7,delta,norm2,Logistic Regression,0.5,0.5,0.5,0.5
F_peak_3d_F4,delta,norm3,Ensemble (Majority Vote),0.8067,0.6062,0.5,0.5
F_mean_3d_2area,alpha,norm3,KNN,0.9867,0.6901,0.5,0.5
F_peak_3d_F8,all,norm2,Logistic Regression,0.5,0.5,0.5,0.5
F_mean_3d_Fz,delta,norm3,XGBoost,0.6067,0.5572,0.4,0.5
F_mean_3d_2area,alpha,norm2,Logistic Regression,0.5,0.5,0.5,0.5
F_mean_3d_Fz,delta,norm3,Logistic Regression,0.5,0.5,0.5,0.5
F_de_3d_F8,delta,norm3,Logistic Regression,0.5,0.5,0.5,0.5
F_de_3d_3area,delta,None,KNN,0.9867,0.754,0.5,0.5
F_mean_3d_2area,alpha,norm2,Random Forest,0.78,0.5975,0.5,0.5
F_mean_3d_Fz,delta,norm2,XGBoost,0.6067,0.5572,0.4,0.5
F_mean_3d_Fz,delta,norm2,Logistic Regression,0.5,0.5,0.5,0.5
F_mean_3d_C4,gamma,None,Ensemble (Majority Vote),0.7333,0.6198,0.6,0.5
F_dasm_3d_10rm,alpha,norm2,KNN,0.9867,0.6949,0.6,0.5
F_mean_3d_Fz,delta,None,Random Forest,0.64,0.5874,0.5,0.5
F_peak_3d_F7,delta,norm3,Logistic Regression,0.5,0.5,0.5,0.5
F_peak_3d_F8,alpha,None,KNN,0.9667,0.6869,0.5,0.5
F_mean_3d_Fz,beta,norm3,Logistic Regression,0.5,0.5,0.5,0.5
F_peak_3d_F8,alpha,None,Random Forest,0.6667,0.5945,0.4,0.5
F_de_3d_F3,beta,norm3,Linear SVM,0.4933,0.4963,0.5,0.5
F_peak_3d_F8,alpha,norm2,KNN,0.9867,0.6874,0.4,0.5
F_mean_3d_Fz,beta,norm2,Logistic Regression,0.5,0.5,0.5,0.5
F_peak_3d_F8,alpha,norm2,Logistic Regression,0.5,0.5,0.5,0.5
F_de_3d_F3,beta,norm3,Logistic Regression,0.5,0.5,0.5,0.5
F_de_3d_3area,delta,norm2,Logistic Regression,0.5,0.5,0.5,0.5
F_de_3d_F8,delta,norm2,Logistic Regression,0.5,0.5,0.5,0.5
F_peak_3d_F8,alpha,norm3,KNN,0.9867,0.6874,0.4,0.5
F_rasm_3d_3area,all,norm2,Linear SVM,0.5667,0.5087,0.6,0.5
F_rasm_3d_3area,all,norm2,Logistic Regression,0.5,0.5,0.5,0.5
F_mean_3d_C4,delta,norm3,Logistic Regression,0.5,0.5,0.5,0.5
F_mean_3d_Fz,gamma,norm2,Ensemble (Majority Vote),0.6467,0.6021,0.6,0.5
F_peak_3d_F7,gamma,None,Ensemble (Majority Vote),0.76,0.6402,0.5,0.5
F_rasm_3d_3area,alpha,norm2,Random Forest,0.7333,0.626,0.5,0.5
F_mean_3d_Fz,theta,norm3,Logistic Regression,0.5,0.5,0.5,0.5
F_rasm_3d_3area,alpha,norm2,Logistic Regression,0.5,0.5,0.5,0.5
F_peak_3d_F7,gamma,norm2,Logistic Regression,0.5,0.5,0.5,0.5
F_mean_3d_Fz,theta,norm2,Logistic Regression,0.5,0.5,0.5,0.5
F_peak_3d_F7,gamma,norm3,Logistic Regression,0.5,0.5,0.5,0.5
F_peak_3d_F7,theta,None,Ensemble (Majority Vote),0.68,0.6103,0.3,0.5
F_de_3d_C3,beta,norm3,Logistic Regression,0.5,0.5,0.5,0.5
F_mean_3d_8rm,beta,norm2,Logistic Regression,0.5,0.5,0.5,0.5
F_mean_3d_Fz,theta,None,Random Forest,0.6933,0.5816,0.4,0.5
F_dasm_3d,alpha,norm3,Ensemble (Majority Vote),0.7867,0.6566,0.4,0.5
F_peak_3d_F7,theta,None,Logistic Regression,0.62,0.5839,0.4,0.5
F_peak_3d_F7,theta,None,XGBoost,0.68,0.6108,0.3,0.5
F_mean_3d_Fz,gamma,norm3,Logistic Regression,0.5,0.5,0.5,0.5
F_peak_3d_F7,theta,norm2,Logistic Regression,0.5,0.5,0.5,0.5
F_mean_3d_Fz,gamma,norm3,Ensemble (Majority Vote),0.6467,0.6021,0.6,0.5
F_peak_3d_F7,theta,norm3,Logistic Regression,0.5,0.5,0.5,0.5
F_mean_3d_Fz,gamma,norm2,Logistic Regression,0.5,0.5,0.5,0.5
F_mean_3d_C4,delta,norm2,Logistic Regression,0.5,0.5,0.5,0.5
F_de_3d_F3,gamma,norm3,Logistic Regression,0.5,0.5,0.5,0.5
F_dasm_3d,beta,None,Ensemble (Majority Vote),0.78,0.6731,0.6,0.5
F_de_3d_8rm,theta,norm2,XGBoost,0.98,0.6949,0.5,0.5
F_rasm_3d_3area,beta,norm3,Linear SVM,0.4933,0.5044,0.5,0.5
F_rasm_3d_3area,beta,norm2,Linear SVM,0.4933,0.5044,0.5,0.5
F_mean_3d_T7,gamma,None,Random Forest,0.6333,0.5913,0.5,0.5
F_peak_3d_F4,beta,norm3,Logistic Regression,0.5,0.5,0.5,0.5
F_mean_3d_T8,all,None,Logistic Regression,0.6533,0.5936,0.5,0.5
F_peak_3d_F4,alpha,norm2,Logistic Regression,0.5,0.5,0.5,0.5
F_peak_3d_F4,alpha,norm3,Logistic Regression,0.5,0.5,0.5,0.5
F_de_3d_Fp1,all,None,Ensemble (Majority Vote),0.8,0.6908,0.5,0.5
F_mean_3d_T8,alpha,norm3,Logistic Regression,0.5,0.5,0.5,0.5
F_mean_3d_T7,theta,norm3,Logistic Regression,0.5,0.5,0.5,0.5
F_peak_3d_F3,theta,norm2,KNN,0.9867,0.6986,0.6,0.5
F_de_3d_F8,theta,norm3,Logistic Regression,0.5,0.5,0.5,0.5
F_de_3d_F4,alpha,norm3,Logistic Regression,0.5,0.5,0.5,0.5
F_rasm_3d_3area,delta,norm3,Logistic Regression,0.5,0.5,0.5,0.5
F_mean_3d_C4,alpha,None,XGBoost,0.6533,0.589,0.4,0.5
F_mean_3d_1area,theta,norm3,Logistic Regression,0.5,0.5,0.5,0.5
F_rasm_3d_3area,delta,norm3,XGBoost,0.6733,0.603,0.5,0.5
F_peak_3d_F4,beta,norm2,Logistic Regression,0.5,0.5,0.5,0.5
F_peak_3d_F3,gamma,norm3,Logistic Regression,0.5,0.5,0.5,0.5
F_de_3d_C3,beta,None,XGBoost,0.6133,0.5754,0.5,0.5
F_mean_3d_T7,theta,norm2,Logistic Regression,0.5,0.5,0.5,0.5
F_de_3d_3area,alpha,norm2,Logistic Regression,0.5,0.5,0.5,0.5
F_peak_3d_F3,gamma,norm2,Logistic Regression,0.5,0.5,0.5,0.5
F_peak_3d_F3,theta,norm2,Linear SVM,0.4933,0.5014,0.5,0.5
F_peak_3d_F3,theta,norm2,Logistic Regression,0.5,0.5,0.5,0.5
F_peak_3d_F3,theta,norm3,KNN,0.9867,0.6986,0.6,0.5
F_rasm_3d_3area,delta,norm2,Logistic Regression,0.5,0.5,0.5,0.5
F_peak_3d_F4,all,norm2,KNN,0.9933,0.7149,0.4,0.5
F_de_3d_F4,alpha,norm3,KNN,0.9867,0.6761,0.5,0.5
F_peak_3d_F4,all,None,Random Forest,0.8,0.697,0.5,0.5
F_peak_3d_F4,all,None,Linear SVM,0.6133,0.5917,0.4,0.5
F_de_3d_Fp1,all,norm2,Logistic Regression,0.5,0.5,0.5,0.5
F_peak_3d_F4,all,norm2,Logistic Regression,0.5,0.5,0.5,0.5
F_rasm_3d_3area,delta,norm2,XGBoost,0.6733,0.603,0.5,0.5
F_de_3d_Fp1,all,norm2,Ensemble (Majority Vote),0.8267,0.6811,0.4,0.5
F_peak_3d_F4,all,norm3,Logistic Regression,0.62,0.5885,0.5,0.5
F_mean_3d_T8,all,None,Random Forest,0.7467,0.6621,0.4,0.5
F_peak_3d_F4,alpha,None,Ensemble (Majority Vote),0.6667,0.6152,0.4,0.5
F_peak_3d_F3,theta,norm3,Logistic Regression,0.5,0.5,0.5,0.5
F_mean_3d_T8,all,norm2,XGBoost,0.9133,0.6533,0.4,0.5
F_mean_3d_T8,alpha,norm2,Logistic Regression,0.5,0.5,0.5,0.5
F_mean_3d_T8,all,norm2,Logistic Regression,0.5,0.5,0.5,0.5
F_peak_3d_F3,theta,norm3,Linear SVM,0.4933,0.5014,0.5,0.5
F_dasm_3d_10rm,beta,norm2,Logistic Regression,0.5,0.5,0.5,0.5
F_mean_3d_C4,alpha,norm3,Logistic Regression,0.5,0.5,0.5,0.5
F_mean_3d_C4,alpha,norm2,Ensemble (Majority Vote),0.58,0.5876,0.6,0.5
F_de_3d_Fp1,all,norm2,Random Forest,0.9067,0.6648,0.5,0.5
F_de_3d_F8,theta,norm2,Logistic Regression,0.5,0.5,0.5,0.5
F_dasm_3d_10rm,beta,None,KNN,0.9933,0.748,0.4,0.5
F_peak_3d_F4,delta,norm2,Ensemble (Majority Vote),0.8067,0.6062,0.5,0.5
F_peak_3d_F3,delta,norm3,Logistic Regression,0.5,0.5,0.5,0.5
F_peak_3d_F3,delta,norm2,Logistic Regression,0.5,0.5,0.5,0.5
F_mean_3d_C4,alpha,norm2,Logistic Regression,0.5,0.5,0.5,0.5
F_de_3d_Fp1,alpha,None,KNN,0.96,0.692,0.3,0.5
F_mean_3d_1area,theta,None,Random Forest,0.7133,0.6055,0.5,0.5
F_mean_3d_C4,alpha,norm3,Ensemble (Majority Vote),0.58,0.5876,0.6,0.5
F_mean_3d_T7,gamma,norm3,Logistic Regression,0.5,0.5,0.5,0.5
F_de_3d_3area,beta,None,Ensemble (Majority Vote),0.78,0.6816,0.5,0.5
F_rasm_3d_3area,beta,norm3,Logistic Regression,0.5,0.5,0.5,0.5
F_mean_3d_T8,beta,norm3,Logistic Regression,0.5,0.5,0.5,0.5
F_de_3d_3area,beta,None,KNN,0.9733,0.7533,0.6,0.5
F_dasm_3d_10rm,alpha,norm3,XGBoost,0.8267,0.6678,0.4,0.5
F_rasm_3d_3area,beta,norm3,XGBoost,0.6667,0.592,0.5,0.5
F_rasm_3d_3area,delta,None,Ensemble (Majority Vote),0.76,0.6184,0.5,0.5
F_mean_3d_T7,gamma,norm2,Logistic Regression,0.5,0.5,0.5,0.5
F_peak_3d_F3,beta,norm3,Logistic Regression,0.5,0.5,0.5,0.5
F_mean_3d_1area,theta,norm2,Logistic Regression,0.5,0.5,0.5,0.5
F_mean_3d_2area,all,norm2,KNN,0.96,0.6991,0.4,0.5
F_mean_3d_2area,all,norm2,Linear SVM,0.5667,0.5161,0.4,0.5
F_mean_3d_T7,theta,None,KNN,0.9533,0.6913,0.6,0.5
F_mean_3d_T8,beta,norm2,Logistic Regression,0.5,0.5,0.5,0.5
F_peak_3d_F4,delta,norm2,Logistic Regression,0.5,0.5,0.5,0.5
F_dasm_3d_3area,all,None,KNN,0.96,0.7602,0.5,0.5
F_median_3d_3area,alpha,norm3,Logistic Regression,0.5467,0.5407,0.5,0.5
F_median_3d_3area,alpha,norm3,Linear SVM,0.5533,0.5414,0.5,0.5
F_mean_3d_F7,beta,None,Logistic Regression,0.5733,0.552,0.5,0.4857
F_median_3d_Fz,theta,None,Logistic Regression,0.5667,0.5195,0.5,0.4857
F_de_3d_Fp2,alpha,None,XGBoost,0.7,0.5837,0.5,0.4857
F_mean_3d_Fp1,theta,None,Logistic Regression,0.5933,0.5577,0.4,0.4857
F_mean_3d_F8,alpha,None,Random Forest,0.6733,0.6002,0.4,0.4857
F_rasm_3d19,all,norm2,XGBoost,1.0,0.9869,0.5,0.4857
F_de_3d_C3,theta,norm3,Random Forest,0.7667,0.5784,0.4,0.4857
F_mean_3d_F8,alpha,None,XGBoost,0.6733,0.5869,0.4,0.4857
F_de_3d_2area,gamma,None,Random Forest,0.6867,0.6317,0.4,0.4857
F_median_3d_Fz,theta,None,Linear SVM,0.5667,0.5202,0.5,0.4857
F_median_3d_C3,all,norm2,KNN,0.9867,0.7064,0.6,0.4857
F_dasm_3d_3area,theta,norm3,Linear SVM,0.5,0.5011,0.5,0.4857
F_de_3d_C3,theta,norm2,Random Forest,0.7667,0.5784,0.4,0.4857
F_peak_3d_Fp1,gamma,norm3,KNN,0.9733,0.6754,0.5,0.4857
F_de_3d_1area,all,norm2,XGBoost,0.8667,0.6545,0.5,0.4857
F_peak_3d_F8,alpha,None,Logistic Regression,0.5867,0.5499,0.4,0.4857
F_median_3d_F4,delta,None,Ensemble (Majority Vote),0.7,0.6076,0.6,0.4857
F_peak_3d_Fp1,gamma,norm2,KNN,0.9733,0.6754,0.5,0.4857
F_de_3d_Fp2,all,None,Linear SVM,0.64,0.588,0.5,0.4857
F_peak_3d_F8,alpha,None,Linear SVM,0.5867,0.5497,0.4,0.4857
F_mean_3d_F4,gamma,None,Logistic Regression,0.5467,0.5313,0.4,0.4857
F_de_3d_3area,delta,None,XGBoost,0.82,0.6756,0.5,0.4857
F_peak_3d_Fp1,all,norm2,KNN,0.9733,0.7002,0.6,0.4857
F_median_3d_C3,theta,None,KNN,0.9667,0.7014,0.5,0.4857
F_de_3d_F4,all,norm3,Linear SVM,0.6,0.5756,0.5,0.4857
F_mean_3d_F3,all,None,XGBoost,0.8867,0.708,0.4,0.4857
F_median_3d_8rm,delta,norm2,Ensemble (Majority Vote),0.8933,0.7064,0.5,0.4857
F_dasm_3d_3area,theta,norm2,Linear SVM,0.5,0.5011,0.5,0.4857
F_rasm_3d_3area,gamma,norm3,Ensemble (Majority Vote),0.76,0.6428,0.5,0.4857
F_rasm_3d_8rm,theta,norm2,Linear SVM,0.5133,0.5032,0.5,0.4857
F_median_3d_Fz,theta,norm3,XGBoost,0.5733,0.5467,0.4,0.4857
F_de_3d_T8,alpha,norm2,Ensemble (Majority Vote),0.7467,0.5995,0.4,0.4857
F_rasm_3d_10rm,beta,norm2,Random Forest,0.8,0.6846,0.4,0.4857
F_rasm_3d_3area,theta,None,Random Forest,0.78,0.5979,0.5,0.4857
F_rasm_3d_8rm,gamma,norm3,XGBoost,0.8533,0.6754,0.6,0.4857
F_rasm_3d_3area,all,norm2,Ensemble (Majority Vote),0.86,0.7432,0.5,0.4857
F_de_3d_Cz,beta,norm2,KNN,0.9867,0.6929,0.6,0.4857
F_median_3d_Fz,theta,norm2,XGBoost,0.5733,0.5467,0.4,0.4857
F_rasm_3d_8rm,theta,None,Ensemble (Majority Vote),0.88,0.654,0.4,0.4857
F_dasm_3d,gamma,norm2,Random Forest,0.9933,0.6791,0.5,0.4857
F_rasm_3d_10rm,theta,norm3,Linear SVM,0.5133,0.523,0.4,0.4857
F_rasm_3d_3area,gamma,norm2,Ensemble (Majority Vote),0.76,0.6428,0.5,0.4857
F_rasm_3d_8rm,theta,norm2,Ensemble (Majority Vote),0.84,0.7101,0.6,0.4857
F_rasm_3d_10rm,theta,norm3,Logistic Regression,0.54,0.5221,0.4,0.4857
F_median_3d_Fz,beta,norm3,KNN,0.9667,0.6846,0.4,0.4857
F_rasm_3d_3area,all,None,Linear SVM,0.4867,0.4887,0.5,0.4857
F_de_3d_T8,beta,norm2,KNN,0.9867,0.6821,0.3,0.4857
F_median_3d_Fp2,theta,norm2,Linear SVM,0.52,0.508,0.5,0.4857
F_rasm_3d_10rm,alpha,norm3,Linear SVM,0.5067,0.5246,0.5,0.4857
F_de_3d_F4,all,norm2,Linear SVM,0.5,0.5002,0.5,0.4857
F_rasm_3d_3area,delta,norm3,Ensemble (Majority Vote),0.7667,0.6393,0.5,0.4857
F_de_3d_F4,theta,norm2,Random Forest,0.74,0.5825,0.5,0.4857
F_rasm_3d_8rm,delta,None,KNN,0.9933,0.6984,0.4,0.4857
F_median_3d_Fp1,theta,norm2,KNN,0.9867,0.6853,0.4,0.4857
F_rasm_3d_3area,beta,None,XGBoost,0.64,0.5777,0.6,0.4857
F_de_3d_T8,alpha,None,Linear SVM,0.5733,0.5513,0.5,0.4857
F_de_3d19,gamma,norm3,KNN,1.0,0.9011,0.4,0.4857
F_median_3d_Fp1,theta,norm3,KNN,0.9867,0.6853,0.4,0.4857
F_dasm_3d,beta,norm3,Random Forest,0.7733,0.6561,0.5,0.4857
F_median_3d_Fz,delta,norm2,Linear SVM,0.4933,0.4979,0.5,0.4857
F_rasm_3d_8rm,alpha,norm3,Ensemble (Majority Vote),0.8133,0.6786,0.4,0.4857
F_median_3d_Fz,gamma,None,Logistic Regression,0.52,0.5264,0.5,0.4857
F_rasm_3d_8rm,alpha,norm2,Random Forest,0.8067,0.6713,0.4,0.4857
F_rasm_3d_10rm,gamma,None,KNN,1.0,0.7221,0.5,0.4857
F_de_3d_F4,delta,None,Random Forest,0.6667,0.5885,0.4,0.4857
F_median_3d_Fp2,beta,norm2,Ensemble (Majority Vote),0.8067,0.617,0.4,0.4857
F_median_3d_Fp2,all,norm2,Linear SVM,0.5133,0.5037,0.5,0.4857
F_dasm_3d,delta,norm3,Ensemble (Majority Vote),0.8133,0.686,0.6,0.4857
F_rasm_3d_10rm,all,None,Logistic Regression,0.6067,0.5313,0.5,0.4857
F_median_3d_Fz,alpha,norm2,KNN,0.9867,0.6883,0.5,0.4857
F_median_3d_Fz,delta,norm3,Linear SVM,0.4933,0.4979,0.5,0.4857
F_rasm_3d_8rm,alpha,None,XGBoost,0.7933,0.6324,0.4,0.4857
F_median_3d_Fp2,beta,norm2,KNN,0.9733,0.6887,0.3,0.4857
F_rasm_3d_10rm,delta,norm2,Ensemble (Majority Vote),0.8667,0.7159,0.5,0.4857
F_rasm_3d19,theta,None,Logistic Regression,0.58,0.5251,0.5,0.4857
F_rasm_3d19,theta,norm3,Random Forest,0.78,0.7055,0.5,0.4857
F_rasm_3d_8rm,alpha,None,Random Forest,0.7733,0.6241,0.3,0.4857
F_median_3d_Fp2,beta,norm3,Ensemble (Majority Vote),0.8067,0.617,0.4,0.4857
F_de_3d_T8,alpha,norm3,Ensemble (Majority Vote),0.7467,0.5995,0.4,0.4857
F_de_3d_T8,all,None,Linear SVM,0.6467,0.6037,0.5,0.4857
F_de_3d_T8,alpha,None,Logistic Regression,0.5733,0.551,0.5,0.4857
F_rasm_3d_8rm,delta,norm2,Ensemble (Majority Vote),0.84,0.7002,0.4,0.4857
F_rasm_3d_3area,alpha,norm3,Linear SVM,0.4067,0.4568,0.5,0.4857
F_rasm_3d_10rm,alpha,norm3,Ensemble (Majority Vote),0.8733,0.6933,0.4,0.4857
F_median_3d_Fz,beta,norm2,KNN,0.9667,0.6846,0.4,0.4857
F_median_3d_Fp2,theta,norm3,Linear SVM,0.52,0.508,0.5,0.4857
F_dasm_3d,all,norm2,Ensemble (Majority Vote),1.0,0.846,0.6,0.4857
F_de_3d_F4,all,None,Linear SVM,0.6467,0.6034,0.5,0.4857
F_rasm_3d_10rm,theta,None,Logistic Regression,0.58,0.5216,0.5,0.4857
F_rasm_3d_10rm,theta,None,Ensemble (Majority Vote),0.8533,0.643,0.5,0.4857
F_rasm_3d_10rm,alpha,norm2,Random Forest,0.8333,0.6945,0.4,0.4857
F_dasm_3d,alpha,norm2,XGBoost,0.9333,0.6448,0.3,0.4857
F_rasm_3d_3area,alpha,norm2,Linear SVM,0.4067,0.4568,0.5,0.4857
F_de_3d_Cz,beta,norm3,Ensemble (Majority Vote),0.6867,0.6133,0.4,0.4857
F_de_3d19,gamma,norm2,KNN,0.9933,0.7485,0.5,0.4857
F_dasm_3d,gamma,norm2,Ensemble (Majority Vote),0.9,0.6706,0.6,0.4857
F_rasm_3d_10rm,gamma,None,Logistic Regression,0.5467,0.5228,0.3,0.4857
F_de_3d_T8,alpha,None,Random Forest,0.6867,0.6016,0.5,0.4857
F_median_3d_Fz,gamma,norm3,Linear SVM,0.5267,0.5053,0.6,0.4857
F_rasm_3d_10rm,alpha,None,Ensemble (Majority Vote),0.78,0.6637,0.4,0.4857
F_de_3d19,gamma,norm2,XGBoost,1.0,0.8044,0.4,0.4857
F_rasm_3d19,delta,None,Logistic Regression,0.5333,0.5225,0.5,0.4857
F_rasm_3d_3area,delta,norm2,Ensemble (Majority Vote),0.7667,0.6393,0.5,0.4857
F_median_3d_Fp1,gamma,None,XGBoost,0.6667,0.5841,0.6,0.4857
F_rasm_3d19,delta,norm2,KNN,0.9867,0.7425,0.4,0.4857
F_rasm_3d_3area,beta,None,Random Forest,0.6933,0.5917,0.6,0.4857
F_median_3d_Fz,alpha,norm3,KNN,0.9867,0.6883,0.5,0.4857
F_de_3d_Cz,beta,norm3,KNN,0.9867,0.6929,0.6,0.4857
F_median_3d_Fz,gamma,norm2,Linear SVM,0.5267,0.5053,0.6,0.4857
F_rasm_3d19,all,norm3,Linear SVM,0.72,0.5963,0.7,0.4857
F_peak_3d_C3,gamma,norm3,KNN,0.98,0.686,0.6,0.4857
F_de_3d_F4,theta,norm3,Random Forest,0.74,0.5825,0.5,0.4857
F_peak_3d_2area,alpha,norm3,XGBoost,0.7,0.5995,0.4,0.4857
F_peak_3d_2area,delta,norm2,XGBoost,0.7533,0.6028,0.3,0.4857
F_peak_3d_2area,delta,norm2,Random Forest,0.7533,0.6145,0.4,0.4857
F_peak_3d_2area,delta,None,Logistic Regression,0.6267,0.5906,0.4,0.4857
F_de_3d_Fp1,all,norm2,Linear SVM,0.5067,0.5062,0.3,0.4857
F_peak_3d_2area,delta,None,KNN,0.9667,0.7283,0.4,0.4857
F_peak_3d_F4,all,norm3,KNN,0.9867,0.7736,0.4,0.4857
F_peak_3d_2area,beta,norm2,Ensemble (Majority Vote),0.7667,0.6023,0.4,0.4857
F_de_3d_F8,theta,norm3,Linear SVM,0.4867,0.4947,0.4,0.4857
F_peak_3d_F8,alpha,norm2,Linear SVM,0.5,0.4977,0.5,0.4857
F_peak_3d_F4,beta,norm2,Ensemble (Majority Vote),0.7267,0.629,0.5,0.4857
F_peak_3d_2area,all,norm2,XGBoost,0.9867,0.7322,0.4,0.4857
F_peak_3d_F4,beta,norm3,Ensemble (Majority Vote),0.7267,0.629,0.5,0.4857
F_peak_3d_1area,theta,norm3,XGBoost,0.6733,0.5731,0.4,0.4857
F_de_3d_F8,theta,norm2,Linear SVM,0.4867,0.4947,0.4,0.4857
F_peak_3d_1area,theta,norm3,Ensemble (Majority Vote),0.6933,0.6182,0.6,0.4857
F_peak_3d_1area,theta,norm2,XGBoost,0.6733,0.5731,0.4,0.4857
F_de_3d_Fp1,all,norm3,KNN,0.9667,0.7807,0.6,0.4857
F_de_3d_Fp2,delta,norm3,KNN,0.9733,0.6949,0.5,0.4857
F_de_3d_Fp2,delta,norm3,Ensemble (Majority Vote),0.6733,0.5961,0.6,0.4857
F_peak_3d_2area,theta,None,KNN,0.98,0.7145,0.4,0.4857
F_peak_3d_Cz,gamma,norm2,Linear SVM,0.4933,0.4998,0.4,0.4857
F_de_3d_Fp2,beta,norm2,Linear SVM,0.52,0.5101,0.4,0.4857
F_peak_3d_Cz,gamma,norm3,Linear SVM,0.4933,0.4998,0.4,0.4857
F_peak_3d_3area,beta,None,Ensemble (Majority Vote),0.7667,0.6837,0.5,0.4857
F_peak_3d_Cz,theta,norm2,Linear SVM,0.4667,0.4949,0.4,0.4857
F_de_3d_Fp2,beta,norm3,Linear SVM,0.52,0.5101,0.4,0.4857
F_peak_3d_Cz,theta,norm3,Linear SVM,0.4667,0.4949,0.4,0.4857
F_peak_3d_F3,all,norm3,KNN,0.9867,0.7524,0.4,0.4857
F_de_3d_Fp2,delta,None,Ensemble (Majority Vote),0.6733,0.6205,0.6,0.4857
F_de_3d_Fp2,delta,None,KNN,0.98,0.706,0.4,0.4857
F_dasm_3d_8rm,all,norm2,Linear SVM,0.5067,0.5074,0.5,0.4857
F_de_3d_Fp2,delta,None,Random Forest,0.64,0.6016,0.6,0.4857
F_de_3d_Fp2,delta,norm2,Ensemble (Majority Vote),0.6733,0.5961,0.6,0.4857
F_de_3d_Fp2,delta,norm2,KNN,0.9733,0.6949,0.5,0.4857
F_peak_3d_F3,beta,None,Random Forest,0.6733,0.5961,0.6,0.4857
F_peak_3d_1area,theta,norm2,Ensemble (Majority Vote),0.6933,0.6182,0.6,0.4857
F_peak_3d_F4,delta,norm2,Linear SVM,0.5267,0.5034,0.6,0.4857
F_peak_3d_1area,theta,None,XGBoost,0.6933,0.5968,0.6,0.4857
F_de_3d_Fp2,theta,None,KNN,0.98,0.7011,0.5,0.4857
F_dasm_3d_8rm,alpha,norm2,Random Forest,0.94,0.6538,0.3,0.4857
F_peak_3d_1area,all,norm3,Logistic Regression,0.58,0.5977,0.5,0.4857
F_de_3d_F8,gamma,None,Random Forest,0.6533,0.5825,0.3,0.4857
F_peak_3d_F7,gamma,norm2,Linear SVM,0.4733,0.4954,0.3,0.4857
F_peak_3d_F7,gamma,norm3,Linear SVM,0.4733,0.4954,0.3,0.4857
F_peak_3d_F7,theta,None,Linear SVM,0.62,0.5834,0.4,0.4857
F_peak_3d_1area,all,None,Linear SVM,0.6267,0.5936,0.5,0.4857
F_peak_3d_10rm,theta,norm3,KNN,0.9867,0.8205,0.4,0.4857
F_de_3d_F8,gamma,None,Ensemble (Majority Vote),0.66,0.6195,0.4,0.4857
F_peak_3d_10rm,theta,norm2,Ensemble (Majority Vote),0.9,0.708,0.5,0.4857
F_dasm_3d_8rm,alpha,norm3,XGBoost,0.7333,0.6331,0.4,0.4857
F_peak_3d_F8,all,None,Linear SVM,0.68,0.6005,0.5,0.4857
F_peak_3d_F8,all,None,Logistic Regression,0.68,0.6037,0.5,0.4857
F_de_3d_F3,beta,norm3,KNN,0.9867,0.6901,0.3,0.4857
F_peak_3d_F8,all,norm2,Ensemble (Majority Vote),0.9,0.6697,0.6,0.4857
F_peak_3d_F7,delta,None,XGBoost,0.6467,0.606,0.5,0.4857
F_peak_3d_F7,beta,None,KNN,0.98,0.717,0.5,0.4857
F_peak_3d_F4,delta,norm2,Random Forest,0.7933,0.5871,0.4,0.4857
F_peak_3d_1area,alpha,norm2,XGBoost,0.5733,0.552,0.5,0.4857
F_peak_3d_F4,delta,norm3,Linear SVM,0.5267,0.5034,0.6,0.4857
F_peak_3d_F4,delta,norm3,Random Forest,0.7933,0.5871,0.4,0.4857
F_de_3d_F8,theta,None,XGBoost,0.66,0.5943,0.6,0.4857
F_de_3d_F3,beta,norm2,KNN,0.9867,0.6901,0.3,0.4857
F_dasm_3d_8rm,alpha,None,KNN,0.9667,0.7345,0.6,0.4857
F_de_3d_F8,gamma,norm3,Linear SVM,0.4533,0.5037,0.4,0.4857
F_peak_3d_F4,theta,norm2,KNN,0.9867,0.6885,0.3,0.4857
F_peak_3d_F4,theta,norm3,KNN,0.9867,0.6885,0.3,0.4857
F_peak_3d_1area,beta,norm3,KNN,0.9933,0.6851,0.5,0.4857
F_peak_3d_F7,all,None,XGBoost,0.88,0.7366,0.5,0.4857
F_de_3d_F8,gamma,norm2,Linear SVM,0.4533,0.5037,0.4,0.4857
F_peak_3d_1area,beta,norm2,KNN,0.9933,0.6851,0.5,0.4857
F_peak_3d_1area,alpha,norm3,XGBoost,0.5733,0.552,0.5,0.4857
F_peak_3d_F7,alpha,norm2,Linear SVM,0.54,0.5046,0.6,0.4857
F_peak_3d_F7,alpha,norm3,Linear SVM,0.54,0.5046,0.6,0.4857
F_peak_3d_Cz,gamma,None,XGBoost,0.6667,0.5818,0.5,0.4857
F_peak_3d_3area,delta,None,KNN,0.9733,0.7575,0.6,0.4857
F_dasm_3d_3area,gamma,norm3,Ensemble (Majority Vote),0.6,0.5979,0.5,0.4857
F_peak_3d_C4,alpha,None,KNN,0.9467,0.7039,0.5,0.4857
F_peak_3d_C4,alpha,None,Random Forest,0.6867,0.6117,0.6,0.4857
F_de_3d_Fp1,theta,norm2,Random Forest,0.7467,0.5832,0.5,0.4857
F_peak_3d_C3,all,None,Ensemble (Majority Vote),0.82,0.6908,0.5,0.4857
F_dasm_3d_3area,all,norm3,XGBoost,0.84,0.6936,0.6,0.4857
F_dasm_3d_3area,alpha,None,KNN,0.98,0.6966,0.6,0.4857
F_de_3d_Fp1,theta,norm2,KNN,0.9867,0.6959,0.3,0.4857
F_peak_3d_8rm,theta,norm2,KNN,0.9867,0.6903,0.3,0.4857
F_dasm_3d_3area,alpha,norm2,Linear SVM,0.52,0.4961,0.4,0.4857
F_de_3d_Fp1,theta,norm2,Ensemble (Majority Vote),0.82,0.62,0.5,0.4857
F_dasm_3d_3area,alpha,norm2,XGBoost,0.58,0.5391,0.5,0.4857
F_de_3d_Fp2,alpha,None,Ensemble (Majority Vote),0.7067,0.6009,0.5,0.4857
F_peak_3d_8rm,gamma,None,XGBoost,0.9467,0.7834,0.5,0.4857
F_peak_3d_8rm,gamma,None,Ensemble (Majority Vote),0.8867,0.7501,0.5,0.4857
F_dasm_3d_3area,alpha,norm3,Linear SVM,0.52,0.4961,0.4,0.4857
F_peak_3d_8rm,delta,norm3,KNN,0.9867,0.8292,0.4,0.4857
F_dasm_3d_3area,all,norm3,Linear SVM,0.6933,0.6163,0.4,0.4857
F_dasm_3d_3area,all,norm3,KNN,0.9933,0.7506,0.5,0.4857
F_dasm_3d_3area,alpha,norm3,XGBoost,0.58,0.5391,0.5,0.4857
F_de_3d_Fp1,theta,norm3,Ensemble (Majority Vote),0.82,0.62,0.5,0.4857
F_peak_3d_C3,gamma,norm2,Random Forest,0.7667,0.589,0.5,0.4857
F_peak_3d_C3,gamma,norm2,KNN,0.98,0.686,0.6,0.4857
F_peak_3d_C3,gamma,None,Random Forest,0.6933,0.5963,0.5,0.4857
F_peak_3d_C3,gamma,None,KNN,0.9933,0.7005,0.4,0.4857
F_peak_3d_C3,gamma,norm3,Random Forest,0.7667,0.589,0.5,0.4857
F_de_3d_Fp2,all,None,Logistic Regression,0.62,0.5929,0.6,0.4857
F_peak_3d_C3,delta,None,Ensemble (Majority Vote),0.7533,0.6315,0.6,0.4857
F_peak_3d_C3,theta,norm2,Ensemble (Majority Vote),0.7533,0.6205,0.5,0.4857
F_peak_3d_C3,theta,norm3,Ensemble (Majority Vote),0.7533,0.6205,0.5,0.4857
F_de_3d_Fp1,theta,norm3,Random Forest,0.7467,0.5832,0.5,0.4857
F_de_3d_Fp2,all,norm2,KNN,0.98,0.7023,0.6,0.4857
F_peak_3d_C3,beta,None,Ensemble (Majority Vote),0.72,0.6306,0.4,0.4857
F_peak_3d_C4,all,norm3,KNN,0.9867,0.7756,0.3,0.4857
F_de_3d_Fp1,theta,norm3,KNN,0.9867,0.6959,0.3,0.4857
F_peak_3d_C3,alpha,None,Random Forest,0.64,0.5963,0.5,0.4857
F_de_3d_Fp1,gamma,norm3,XGBoost,0.5333,0.5469,0.6,0.4857
F_peak_3d_C4,gamma,norm2,Ensemble (Majority Vote),0.6133,0.5979,0.5,0.4857
F_peak_3d_Cz,delta,norm3,Linear SVM,0.5067,0.4959,0.5,0.4857
F_dasm_3d_3area,delta,norm3,Linear SVM,0.4933,0.5023,0.6,0.4857
F_dasm_3d_10rm,gamma,norm2,XGBoost,0.9133,0.6324,0.6,0.4857
F_de_3d_Fp1,gamma,None,Random Forest,0.6867,0.6057,0.5,0.4857
F_peak_3d_Cz,alpha,None,Ensemble (Majority Vote),0.68,0.6189,0.4,0.4857
F_peak_3d_Cz,alpha,norm2,Linear SVM,0.4933,0.5025,0.5,0.4857
F_peak_3d_Cz,alpha,norm3,Linear SVM,0.4933,0.5025,0.5,0.4857
F_dasm_3d_3area,gamma,norm2,Ensemble (Majority Vote),0.6,0.5979,0.5,0.4857
F_peak_3d_3area,theta,None,KNN,0.94,0.7225,0.5,0.4857
F_peak_3d_Cz,beta,norm2,Linear SVM,0.4933,0.4947,0.5,0.4857
F_peak_3d_3area,gamma,norm2,Ensemble (Majority Vote),0.8,0.6437,0.6,0.4857
F_peak_3d_3area,gamma,None,XGBoost,0.8067,0.6795,0.4,0.4857
F_peak_3d_Cz,beta,norm2,XGBoost,0.56,0.5338,0.5,0.4857
F_peak_3d_Cz,beta,norm3,Linear SVM,0.4933,0.4947,0.5,0.4857
F_peak_3d_Cz,beta,norm3,XGBoost,0.56,0.5338,0.5,0.4857
F_peak_3d_3area,delta,norm2,Random Forest,0.8267,0.6241,0.5,0.4857
F_peak_3d_Cz,delta,norm2,Linear SVM,0.5067,0.4959,0.5,0.4857
F_de_3d_Fp1,gamma,norm2,Linear SVM,0.5067,0.5074,0.5,0.4857
F_dasm_3d_3area,delta,norm2,Linear SVM,0.4933,0.5023,0.6,0.4857
F_peak_3d_C4,gamma,norm2,KNN,0.9867,0.6908,0.6,0.4857
F_peak_3d_C4,theta,norm3,Random Forest,0.8133,0.5938,0.6,0.4857
F_dasm_3d_3area,beta,norm2,Linear SVM,0.5133,0.5044,0.5,0.4857
F_peak_3d_C4,gamma,norm2,Random Forest,0.7733,0.6,0.4,0.4857
F_peak_3d_C4,gamma,norm3,Ensemble (Majority Vote),0.6133,0.5979,0.5,0.4857
F_peak_3d_C4,gamma,norm3,KNN,0.9867,0.6908,0.6,0.4857
F_peak_3d_C4,gamma,norm3,Random Forest,0.7733,0.6,0.4,0.4857
F_dasm_3d_3area,beta,norm3,Linear SVM,0.5133,0.5044,0.5,0.4857
F_peak_3d_C4,theta,None,Ensemble (Majority Vote),0.7333,0.62,0.5,0.4857
F_dasm_3d_3area,delta,None,Linear SVM,0.5333,0.523,0.5,0.4857
F_dasm_3d_3area,delta,None,Logistic Regression,0.5333,0.5216,0.5,0.4857
F_de_3d_Fp1,gamma,norm3,Linear SVM,0.5067,0.5074,0.5,0.4857
F_peak_3d_C4,theta,norm2,Ensemble (Majority Vote),0.6867,0.6177,0.5,0.4857
F_de_3d_Fp1,gamma,norm2,XGBoost,0.5333,0.5469,0.6,0.4857
F_peak_3d_C4,theta,norm2,Random Forest,0.8133,0.5938,0.6,0.4857
F_peak_3d_8rm,alpha,norm2,KNN,0.9733,0.7057,0.3,0.4857
F_peak_3d_C4,theta,norm3,Ensemble (Majority Vote),0.6867,0.6177,0.5,0.4857
F_dasm_3d_10rm,alpha,norm2,Linear SVM,0.4867,0.5053,0.4,0.4857
F_peak_3d_F8,alpha,norm3,Linear SVM,0.5,0.4977,0.5,0.4857
F_median_3d_T7,all,norm2,KNN,0.98,0.6991,0.5,0.4857
F_peak_3d_T7,gamma,norm2,Ensemble (Majority Vote),0.6067,0.5798,0.5,0.4857
F_median_3d_T8,beta,norm3,XGBoost,0.64,0.5602,0.4,0.4857
F_median_3d_T8,beta,norm3,Ensemble (Majority Vote),0.7067,0.609,0.5,0.4857
F_median_3d_T8,beta,norm2,XGBoost,0.64,0.5602,0.4,0.4857
F_de_3d_Cz,gamma,None,XGBoost,0.6667,0.5779,0.5,0.4857
F_median_3d_T8,beta,norm2,Ensemble (Majority Vote),0.7067,0.609,0.5,0.4857
F_peak_3d_T7,delta,norm2,Linear SVM,0.54,0.5023,0.4,0.4857
F_peak_3d_T7,delta,norm3,Linear SVM,0.54,0.5023,0.4,0.4857
F_peak_3d_T7,gamma,norm2,Linear SVM,0.4867,0.4952,0.6,0.4857
F_dasm_3d_8rm,beta,norm3,Linear SVM,0.5933,0.5483,0.5,0.4857
F_de_3d_F7,delta,None,XGBoost,0.66,0.5938,0.4,0.4857
F_peak_3d_T7,gamma,norm3,Ensemble (Majority Vote),0.6067,0.5798,0.5,0.4857
F_de_3d_F7,delta,None,Random Forest,0.66,0.5899,0.5,0.4857
F_peak_3d_T7,gamma,norm3,Linear SVM,0.4867,0.4952,0.6,0.4857
F_de_3d_Cz,gamma,None,Logistic Regression,0.5733,0.5347,0.4,0.4857
F_de_3d_Cz,gamma,None,Linear SVM,0.5733,0.5345,0.4,0.4857
F_median_3d_T8,all,norm3,Random Forest,0.7333,0.6687,0.3,0.4857
F_peak_3d_T7,all,None,XGBoost,0.86,0.7218,0.5,0.4857
F_peak_3d_T7,all,None,Ensemble (Majority Vote),0.7867,0.6949,0.5,0.4857
F_de_3d_Cz,gamma,norm2,Ensemble (Majority Vote),0.8,0.5938,0.3,0.4857
F_peak_3d_Fz,theta,norm3,Random Forest,0.8333,0.5903,0.5,0.4857
F_median_3d_T8,theta,norm3,Linear SVM,0.5067,0.4956,0.5,0.4857
F_median_3d_T8,theta,norm2,Linear SVM,0.5067,0.4956,0.5,0.4857
F_peak_3d_Fz,beta,norm3,Ensemble (Majority Vote),0.6667,0.609,0.5,0.4857
F_de_3d_Fz,theta,norm3,Random Forest,0.8067,0.603,0.4,0.4857
F_de_3d_F7,gamma,None,Random Forest,0.66,0.5961,0.6,0.4857
F_median_3d_T8,gamma,norm3,XGBoost,0.6067,0.5448,0.5,0.4857
F_peak_3d_Fz,delta,norm2,Linear SVM,0.4733,0.4959,0.4,0.4857
F_peak_3d_Fz,delta,norm3,Linear SVM,0.4733,0.4959,0.4,0.4857
F_peak_3d_Fz,gamma,norm2,Linear SVM,0.5467,0.5044,0.6,0.4857
F_median_3d_T8,gamma,norm2,XGBoost,0.6067,0.5448,0.5,0.4857
F_peak_3d_Fz,gamma,norm3,Linear SVM,0.5467,0.5044,0.6,0.4857
F_median_3d_T8,gamma,None,Logistic Regression,0.5467,0.5177,0.5,0.4857
F_median_3d_T8,gamma,None,Linear SVM,0.5467,0.5193,0.5,0.4857
F_peak_3d_Fz,theta,norm2,Random Forest,0.8333,0.5903,0.5,0.4857
F_dasm_3d19,alpha,norm3,Logistic Regression,0.7,0.6143,0.5,0.4857
F_de_3d_Cz,delta,norm3,Random Forest,0.7533,0.5894,0.5,0.4857
F_peak_3d_T8,alpha,norm2,KNN,0.9933,0.6816,0.4,0.4857
F_peak_3d_T8,alpha,norm3,KNN,0.9933,0.6816,0.4,0.4857
F_peak_3d_T8,theta,None,XGBoost,0.6467,0.5763,0.5,0.4857
F_rasm_3d,all,None,Logistic Regression,0.62,0.5287,0.5,0.4857
F_de_3d_F3,delta,norm3,Linear SVM,0.5067,0.5051,0.5,0.4857
F_de_3d_F3,delta,norm3,Random Forest,0.7733,0.5906,0.4,0.4857
F_de_3d_F7,alpha,norm3,Random Forest,0.7933,0.586,0.6,0.4857
F_rasm_3d,alpha,norm2,Ensemble (Majority Vote),0.9,0.7377,0.6,0.4857
F_de_3d_Cz,delta,norm2,Random Forest,0.7533,0.5894,0.5,0.4857
F_median_3d_T7,beta,None,Linear SVM,0.6267,0.5598,0.5,0.4857
F_rasm_3d,beta,norm3,Linear SVM,0.5733,0.5347,0.6,0.4857
F_rasm_3d,beta,norm3,Logistic Regression,0.58,0.534,0.6,0.4857
F_de_3d_F7,alpha,norm2,Random Forest,0.7933,0.586,0.6,0.4857
F_de_3d19,delta,None,Random Forest,0.8733,0.7485,0.4,0.4857
F_dasm_3d,theta,None,Random Forest,0.7467,0.6692,0.5,0.4857
F_rasm_3d,gamma,norm3,KNN,0.9533,0.7524,0.6,0.4857
F_rasm_3d,theta,norm3,XGBoost,0.9133,0.7398,0.5,0.4857
F_de_3d_F7,all,None,KNN,0.9733,0.766,0.6,0.4857
F_rasm_3d,all,None,Linear SVM,0.6133,0.5301,0.5,0.4857
F_peak_3d_T8,gamma,norm3,KNN,0.9867,0.6903,0.5,0.4857
F_de_3d19,alpha,norm3,Random Forest,0.9133,0.763,0.5,0.4857
F_peak_3d_T8,gamma,norm2,KNN,0.9867,0.6903,0.5,0.4857
F_peak_3d_T8,beta,norm2,KNN,0.9733,0.6768,0.6,0.4857
F_median_3d_T7,theta,norm3,KNN,0.98,0.6798,0.3,0.4857
F_peak_3d_T8,beta,norm3,KNN,0.9733,0.6768,0.6,0.4857
F_median_3d_T7,theta,norm2,KNN,0.98,0.6798,0.3,0.4857
F_de_3d_T7,alpha,norm2,Ensemble (Majority Vote),0.7267,0.6051,0.3,0.4857
F_peak_3d_T8,delta,None,Random Forest,0.6667,0.6044,0.5,0.4857
F_peak_3d_T8,delta,norm2,Ensemble (Majority Vote),0.7733,0.6223,0.5,0.4857
F_peak_3d_T8,delta,norm2,Random Forest,0.7733,0.5952,0.4,0.4857
F_peak_3d_T8,delta,norm2,XGBoost,0.64,0.5703,0.4,0.4857
F_peak_3d_T8,delta,norm3,Ensemble (Majority Vote),0.7733,0.6223,0.5,0.4857
F_de_3d_T7,alpha,norm3,Ensemble (Majority Vote),0.7267,0.6051,0.3,0.4857
F_peak_3d_T8,delta,norm3,Random Forest,0.7733,0.5952,0.4,0.4857
F_peak_3d_T8,delta,norm3,XGBoost,0.64,0.5703,0.4,0.4857
F_dasm_3d19,all,norm2,XGBoost,1.0,0.9232,0.5,0.4857
F_dasm_3d19,all,norm2,Linear SVM,0.52,0.5057,0.5,0.4857
F_peak_3d_Fz,beta,norm2,Ensemble (Majority Vote),0.6667,0.609,0.5,0.4857
F_peak_3d_Fz,beta,None,Logistic Regression,0.58,0.549,0.4,0.4857
F_peak_3d_Fz,beta,None,Linear SVM,0.5733,0.5476,0.4,0.4857
F_peak_3d_F8,gamma,norm3,Linear SVM,0.5,0.4979,0.5,0.4857
F_peak_3d_F8,theta,None,Linear SVM,0.58,0.5366,0.5,0.4857
F_peak_3d_F8,theta,None,Logistic Regression,0.58,0.5359,0.5,0.4857
F_dasm_3d_8rm,theta,norm2,KNN,0.9933,0.697,0.5,0.4857
F_de_3d_Fz,beta,None,KNN,0.9467,0.7152,0.4,0.4857
F_de_3d_F8,beta,norm2,Linear SVM,0.4667,0.4984,0.5,0.4857
F_peak_3d_Fp1,all,norm2,Random Forest,0.9133,0.6752,0.4,0.4857
F_peak_3d_Fp1,all,norm2,XGBoost,0.9067,0.654,0.5,0.4857
F_peak_3d_Fp1,alpha,None,KNN,0.9933,0.706,0.4,0.4857
F_peak_3d_Fp1,beta,None,Linear SVM,0.52,0.5244,0.4,0.4857
F_peak_3d19,theta,None,Ensemble (Majority Vote),0.98,0.8202,0.5,0.4857
F_peak_3d_Fp1,beta,None,Logistic Regression,0.5267,0.5237,0.4,0.4857
F_peak_3d_Fp1,beta,norm2,Linear SVM,0.5,0.4993,0.5,0.4857
F_peak_3d_Fp1,beta,norm3,Linear SVM,0.5,0.4993,0.5,0.4857
F_peak_3d19,gamma,norm3,Linear SVM,0.84,0.7011,0.5,0.4857
F_peak_3d_Fp1,gamma,norm2,Ensemble (Majority Vote),0.7,0.6002,0.6,0.4857
F_dasm_3d_8rm,theta,None,Random Forest,0.68,0.632,0.5,0.4857
F_peak_3d_10rm,all,norm2,XGBoost,1.0,0.9352,0.6,0.4857
F_peak_3d_Fp1,gamma,norm3,Ensemble (Majority Vote),0.7,0.6002,0.6,0.4857
F_peak_3d_F8,gamma,norm2,Linear SVM,0.5,0.4979,0.5,0.4857
F_peak_3d_F8,beta,None,KNN,0.98,0.7126,0.3,0.4857
F_dasm_3d_8rm,beta,norm3,Logistic Regression,0.5933,0.5485,0.5,0.4857
F_peak_3d_F8,beta,norm2,XGBoost,0.62,0.5483,0.6,0.4857
F_peak_3d_F8,beta,norm3,XGBoost,0.62,0.5483,0.6,0.4857
F_dasm_3d_10rm,all,norm2,XGBoost,1.0,0.8205,0.4,0.4857
F_peak_3d_F8,delta,norm2,Linear SVM,0.5067,0.5009,0.5,0.4857
F_peak_3d_F8,delta,norm3,Linear SVM,0.5067,0.5009,0.5,0.4857
F_de_3d_F3,all,None,Logistic Regression,0.6333,0.6062,0.4,0.4857
F_de_3d_F3,all,None,KNN,0.9933,0.7667,0.5,0.4857
F_dasm_3d_8rm,gamma,norm2,Ensemble (Majority Vote),0.8667,0.6517,0.6,0.4857
F_peak_3d_10rm,alpha,norm2,KNN,0.98,0.7005,0.4,0.4857
F_peak_3d_F8,gamma,None,KNN,0.9467,0.6966,0.4,0.4857
F_de_3d_Fz,alpha,None,XGBoost,0.6267,0.5772,0.5,0.4857
F_dasm_3d_8rm,gamma,norm3,KNN,0.98,0.7039,0.5,0.4857
F_de_3d_F8,beta,norm3,Linear SVM,0.4667,0.4984,0.5,0.4857
F_peak_3d_Fp1,gamma,norm2,XGBoost,0.68,0.56,0.5,0.4857
F_peak_3d_Fp1,gamma,norm3,XGBoost,0.68,0.56,0.5,0.4857
F_de_3d_Fz,theta,norm2,Random Forest,0.8067,0.603,0.4,0.4857
F_peak_3d_Fp2,gamma,norm2,XGBoost,0.54,0.549,0.5,0.4857
F_peak_3d_Fp2,gamma,norm3,XGBoost,0.54,0.549,0.5,0.4857
F_de_3d_F3,delta,norm2,Random Forest,0.7733,0.5906,0.4,0.4857
F_de_3d_Cz,gamma,norm3,Ensemble (Majority Vote),0.8,0.5938,0.3,0.4857
F_de_3d_Cz,gamma,norm2,Random Forest,0.8067,0.5887,0.3,0.4857
F_de_3d,delta,norm2,KNN,0.9867,0.72,0.4,0.4857
F_peak_3d,beta,norm3,KNN,0.9867,0.8766,0.6,0.4857
F_de_3d_F7,theta,None,XGBoost,0.6667,0.6002,0.5,0.4857
F_de_3d,theta,norm2,Ensemble (Majority Vote),0.9533,0.7414,0.5,0.4857
F_de_3d,theta,norm2,KNN,0.98,0.7085,0.4,0.4857
F_de_3d_Fz,theta,None,Random Forest,0.6933,0.5901,0.4,0.4857
F_de_3d19,all,None,KNN,1.0,0.9759,0.5,0.4857
F_de_3d_F7,theta,None,KNN,0.9467,0.7016,0.3,0.4857
F_de_3d19,all,norm2,Ensemble (Majority Vote),0.98,0.8729,0.4,0.4857
F_peak_3d_Fz,beta,None,Ensemble (Majority Vote),0.6867,0.6285,0.3,0.4857
F_de_3d19,all,norm2,Random Forest,0.9867,0.8554,0.4,0.4857
F_de_3d,beta,None,KNN,1.0,0.8777,0.5,0.4857
F_de_3d,alpha,norm2,KNN,0.9733,0.7205,0.6,0.4857
F_de_3d_Cz,gamma,norm3,Random Forest,0.8067,0.5887,0.3,0.4857
F_de_3d_F3,delta,norm2,Linear SVM,0.5067,0.5051,0.5,0.4857
F_peak_3d_Fp2,all,norm2,Ensemble (Majority Vote),0.82,0.6685,0.4,0.4857
F_dasm_3d_8rm,theta,norm3,XGBoost,0.72,0.6246,0.5,0.4857
F_peak_3d19,beta,norm2,Linear SVM,0.56,0.5087,0.4,0.4857
F_peak_3d_Fp2,beta,None,Ensemble (Majority Vote),0.6867,0.6154,0.5,0.4857
F_peak_3d_Fp2,beta,None,Logistic Regression,0.6,0.5715,0.6,0.4857
F_peak_3d_Fp2,beta,None,Random Forest,0.6733,0.6009,0.6,0.4857
F_peak_3d_Fp2,beta,None,XGBoost,0.6467,0.5977,0.5,0.4857
F_peak_3d19,alpha,norm2,Ensemble (Majority Vote),0.9933,0.7818,0.5,0.4857
F_de_3d_F8,all,norm3,Logistic Regression,0.64,0.5768,0.5,0.4857
F_peak_3d19,all,norm2,XGBoost,1.0,0.96,0.5,0.4857
F_de_3d_F8,all,norm3,Linear SVM,0.6333,0.5784,0.5,0.4857
F_peak_3d19,all,None,Logistic Regression,0.9933,0.8975,0.6,0.4857
F_peak_3d_Fp2,delta,norm2,Ensemble (Majority Vote),0.6067,0.5968,0.5,0.4857
F_de_3d_F8,all,norm3,KNN,0.9933,0.7434,0.5,0.4857
F_peak_3d_Fp2,delta,norm3,Ensemble (Majority Vote),0.6067,0.5968,0.5,0.4857
F_peak_3d,theta,norm2,Linear SVM,0.4933,0.5032,0.4,0.4857
F_median_3d_Fp2,beta,norm3,KNN,0.9733,0.6887,0.3,0.4857
F_mean_3d_F8,alpha,norm2,Random Forest,0.7667,0.5848,0.5,0.4857
F_de_3d_C4,alpha,norm2,KNN,0.9933,0.6837,0.5,0.4857
F_mean_3d,gamma,None,Logistic Regression,0.7133,0.6207,0.4,0.4857
F_mean_3d_F7,gamma,norm2,Ensemble (Majority Vote),0.6867,0.6136,0.5,0.4857
F_mean_3d_F7,gamma,norm2,KNN,0.9733,0.6906,0.5,0.4857
F_mean_3d_F7,gamma,norm3,Ensemble (Majority Vote),0.6867,0.6136,0.5,0.4857
F_mean_3d_T8,gamma,None,Ensemble (Majority Vote),0.8,0.6444,0.6,0.4857
F_mean_3d_F7,gamma,norm3,KNN,0.9733,0.6906,0.5,0.4857
F_median_3d_F3,all,norm2,Ensemble (Majority Vote),0.8067,0.6733,0.4,0.4857
F_mean_3d_3area,beta,norm2,KNN,0.9933,0.6821,0.4,0.4857
F_mean_3d_10rm,gamma,norm2,KNN,0.9733,0.6938,0.5,0.4857
F_mean_3d_F7,theta,norm2,Random Forest,0.8333,0.5972,0.4,0.4857
F_mean_3d_Cz,alpha,norm3,XGBoost,0.62,0.5559,0.5,0.4857
F_median_3d_F3,alpha,norm2,Linear SVM,0.48,0.4979,0.4,0.4857
F_mean_3d_F7,theta,norm3,Random Forest,0.8333,0.5972,0.4,0.4857
F_median_3d_F3,alpha,norm3,Linear SVM,0.48,0.4979,0.4,0.4857
F_mean_3d_3area,all,None,Logistic Regression,0.7533,0.6526,0.5,0.4857
F_de_3d_C4,theta,norm3,XGBoost,0.5933,0.5561,0.4,0.4857
F_mean_3d_F8,all,None,XGBoost,0.88,0.6979,0.4,0.4857
F_mean_3d_Cz,alpha,norm3,KNN,0.9867,0.6943,0.5,0.4857
F_mean_3d_Cz,alpha,norm2,XGBoost,0.62,0.5559,0.5,0.4857
F_de_3d_3area,gamma,norm2,XGBoost,0.7867,0.6014,0.5,0.4857
F_mean_3d_Cz,alpha,norm2,KNN,0.9867,0.6943,0.5,0.4857
F_median_3d_1area,delta,norm3,Ensemble (Majority Vote),0.7,0.5979,0.4,0.4857
F_median_3d_F3,beta,norm2,Linear SVM,0.5,0.5057,0.4,0.4857
F_median_3d_1area,delta,norm2,Ensemble (Majority Vote),0.7,0.5979,0.4,0.4857
F_mean_3d_F8,all,norm2,Linear SVM,0.5067,0.5057,0.3,0.4857
F_median_3d_F3,beta,norm3,Linear SVM,0.5,0.5057,0.4,0.4857
F_mean_3d_F8,alpha,norm2,Ensemble (Majority Vote),0.76,0.6085,0.5,0.4857
F_mean_3d_Fz,delta,norm3,Linear SVM,0.4933,0.4975,0.5,0.4857
F_median_3d_1area,theta,norm2,XGBoost,0.6533,0.569,0.3,0.4857
F_mean_3d_F7,delta,norm3,Linear SVM,0.4933,0.5007,0.5,0.4857
F_mean_3d_T8,delta,norm3,Linear SVM,0.4867,0.494,0.5,0.4857
F_median_3d_Cz,theta,None,Random Forest,0.7,0.5956,0.5,0.4857
F_mean_3d_Cz,gamma,norm3,XGBoost,0.5533,0.5444,0.6,0.4857
F_mean_3d_F7,beta,norm2,Linear SVM,0.5467,0.5055,0.4,0.4857
F_mean_3d,theta,norm3,Random Forest,0.86,0.7234,0.4,0.4857
F_median_3d_Cz,beta,None,Random Forest,0.6667,0.5857,0.6,0.4857
F_mean_3d_Cz,gamma,norm3,Ensemble (Majority Vote),0.8067,0.6179,0.4,0.4857
F_median_3d_2area,alpha,norm3,XGBoost,0.6733,0.5947,0.4,0.4857
F_mean_3d_Cz,gamma,norm2,XGBoost,0.5533,0.5444,0.6,0.4857
F_mean_3d_F7,beta,norm2,XGBoost,0.7267,0.5607,0.6,0.4857
F_median_3d_Cz,beta,norm2,XGBoost,0.5467,0.5384,0.5,0.4857
F_median_3d_Cz,beta,norm3,XGBoost,0.5467,0.5384,0.5,0.4857
F_mean_3d_F7,beta,norm3,Linear SVM,0.5467,0.5055,0.4,0.4857
F_median_3d_Cz,delta,norm2,XGBoost,0.6267,0.5584,0.5,0.4857
F_mean_3d_T8,delta,norm2,Ensemble (Majority Vote),0.76,0.6143,0.5,0.4857
F_mean_3d_Cz,gamma,norm2,Ensemble (Majority Vote),0.8067,0.6179,0.4,0.4857
F_mean_3d_F7,beta,norm3,XGBoost,0.7267,0.5607,0.6,0.4857
F_median_3d_2area,alpha,norm2,KNN,0.9933,0.6931,0.5,0.4857
F_median_3d_Cz,delta,norm3,XGBoost,0.6267,0.5584,0.5,0.4857
F_median_3d_Cz,gamma,None,Ensemble (Majority Vote),0.6867,0.6131,0.6,0.4857
F_median_3d_Cz,gamma,None,KNN,0.9733,0.7032,0.5,0.4857
F_median_3d_2area,alpha,None,Linear SVM,0.5667,0.5457,0.4,0.4857
F_de_3d_C4,theta,norm2,XGBoost,0.5933,0.5561,0.4,0.4857
F_mean_3d_T8,delta,norm2,Linear SVM,0.4867,0.494,0.5,0.4857
F_mean_3d_8rm,all,None,Random Forest,0.92,0.7975,0.5,0.4857
F_mean_3d_T8,delta,norm3,Ensemble (Majority Vote),0.76,0.6143,0.5,0.4857
F_de_3d_3area,delta,None,Ensemble (Majority Vote),0.7733,0.6685,0.6,0.4857
F_mean_3d_F7,delta,norm2,Linear SVM,0.4933,0.5007,0.5,0.4857
F_median_3d_1area,theta,norm3,XGBoost,0.6533,0.569,0.3,0.4857
F_mean_3d_F8,alpha,norm3,Ensemble (Majority Vote),0.76,0.6085,0.5,0.4857
F_median_3d_F3,delta,None,XGBoost,0.6067,0.5694,0.5,0.4857
F_mean_3d_F8,alpha,norm3,Random Forest,0.7667,0.5848,0.5,0.4857
F_median_3d_10rm,theta,norm2,KNN,0.92,0.6878,0.4,0.4857
F_median_3d_10rm,theta,None,Logistic Regression,0.6933,0.6092,0.5,0.4857
F_median_3d_F4,alpha,norm2,KNN,0.98,0.6738,0.5,0.4857
F_median_3d_F4,alpha,norm2,Linear SVM,0.4933,0.5018,0.5,0.4857
F_median_3d_F4,alpha,norm3,KNN,0.98,0.6738,0.5,0.4857
F_median_3d_F4,alpha,norm3,Linear SVM,0.4933,0.5018,0.5,0.4857
F_de_3d_Cz,alpha,None,KNN,0.9733,0.6901,0.5,0.4857
F_median_3d_F4,beta,norm2,KNN,0.9867,0.6862,0.7,0.4857
F_mean_3d,alpha,norm3,KNN,0.98,0.7897,0.5,0.4857
F_median_3d_F4,beta,norm3,KNN,0.9867,0.6862,0.7,0.4857
F_mean_3d_3area,all,norm2,Linear SVM,0.5333,0.5057,0.5,0.4857
F_de_3d_3area,beta,norm3,Ensemble (Majority Vote),0.7733,0.6434,0.5,0.4857
F_mean_3d,alpha,norm2,Random Forest,0.96,0.7129,0.4,0.4857
F_median_3d_F4,delta,norm2,Random Forest,0.76,0.5855,0.4,0.4857
F_median_3d_F4,delta,norm2,XGBoost,0.6133,0.5526,0.4,0.4857
F_median_3d_10rm,gamma,norm2,KNN,0.98,0.6991,0.5,0.4857
F_median_3d_F4,delta,norm3,Random Forest,0.76,0.5855,0.4,0.4857
F_median_3d_F4,delta,norm3,XGBoost,0.6133,0.5526,0.4,0.4857
F_median_3d_10rm,gamma,None,Random Forest,0.86,0.7244,0.3,0.4857
F_de_3d_Cz,alpha,norm2,KNN,0.9467,0.6823,0.4,0.4857
F_mean_3d_Fp2,delta,norm3,Random Forest,0.7267,0.5867,0.4,0.4857
F_mean_3d_8rm,beta,norm2,KNN,0.9867,0.6977,0.4,0.4857
F_mean_3d_Fp1,all,norm2,XGBoost,0.8733,0.6382,0.5,0.4857
F_median_3d_F4,gamma,norm2,Linear SVM,0.5067,0.4945,0.4,0.4857
F_de_3d_C3,beta,norm3,Linear SVM,0.5333,0.5074,0.5,0.4857
F_median_3d_F4,gamma,norm3,Linear SVM,0.5067,0.4945,0.4,0.4857
F_mean_3d_Fp1,all,norm3,Linear SVM,0.66,0.6239,0.6,0.4857
F_de_3d_C3,beta,norm3,Ensemble (Majority Vote),0.8133,0.606,0.4,0.4857
F_median_3d_10rm,theta,norm2,Ensemble (Majority Vote),0.8733,0.7039,0.4,0.4857
F_de_3d_C3,delta,None,Ensemble (Majority Vote),0.7333,0.6241,0.4,0.4857
F_mean_3d_8rm,alpha,None,XGBoost,0.92,0.7552,0.5,0.4857
F_mean_3d_C4,gamma,norm2,KNN,0.9733,0.6883,0.6,0.4857
F_median_3d_F3,delta,norm2,Random Forest,0.78,0.5883,0.5,0.4857
F_mean_3d_F8,beta,None,Ensemble (Majority Vote),0.6867,0.6161,0.4,0.4857
F_mean_3d_F8,beta,None,Random Forest,0.6867,0.5915,0.4,0.4857
F_mean_3d_F8,beta,None,XGBoost,0.6467,0.5745,0.4,0.4857
F_median_3d_F3,delta,norm3,Random Forest,0.78,0.5883,0.5,0.4857
F_de_3d_C4,alpha,None,KNN,0.94,0.7028,0.7,0.4857
F_median_3d_F3,gamma,None,Ensemble (Majority Vote),0.6867,0.6166,0.5,0.4857
F_de_3d_3area,theta,norm3,XGBoost,0.7467,0.6375,0.5,0.4857
F_mean_3d_Fp2,gamma,None,XGBoost,0.6267,0.5786,0.5,0.4857
F_median_3d_F3,theta,None,Ensemble (Majority Vote),0.7733,0.6287,0.5,0.4857
F_mean_3d_F8,delta,norm2,Linear SVM,0.5,0.5011,0.5,0.4857
F_mean_3d_F8,delta,norm3,Linear SVM,0.5,0.5011,0.5,0.4857
F_median_3d_1area,alpha,None,Random Forest,0.7133,0.603,0.4,0.4857
F_median_3d_1area,alpha,None,Linear SVM,0.5933,0.5556,0.4,0.4857
F_mean_3d_8rm,alpha,norm2,KNN,0.98,0.6963,0.5,0.4857
F_median_3d_1area,all,norm3,KNN,0.9733,0.7736,0.4,0.4857
F_median_3d_1area,all,norm3,Ensemble (Majority Vote),0.82,0.7067,0.5,0.4857
F_de_3d_2area,all,None,XGBoost,1.0,0.8161,0.6,0.4857
F_mean_3d_3area,all,norm3,Ensemble (Majority Vote),0.9,0.7982,0.5,0.4857
F_mean_3d_C4,gamma,norm3,XGBoost,0.5867,0.56,0.5,0.4857
F_median_3d_F4,all,None,Ensemble (Majority Vote),0.84,0.6943,0.6,0.4857
F_median_3d_1area,all,None,KNN,1.0,0.7841,0.5,0.4857
F_mean_3d_C4,gamma,norm3,Random Forest,0.8133,0.5903,0.4,0.4857
F_mean_3d_C4,gamma,norm3,KNN,0.9733,0.6883,0.6,0.4857
F_mean_3d_C4,gamma,norm2,XGBoost,0.5867,0.56,0.5,0.4857
F_mean_3d_F8,theta,None,KNN,0.9733,0.7039,0.4,0.4857
F_mean_3d_C4,gamma,norm2,Random Forest,0.8133,0.5903,0.4,0.4857
F_mean_3d_2area,all,None,Random Forest,0.8133,0.7002,0.5,0.4857
F_median_3d_2area,beta,None,Logistic Regression,0.6067,0.5515,0.5,0.4857
F_median_3d_2area,beta,norm2,Random Forest,0.8933,0.6214,0.5,0.4857
F_mean_3d_F4,alpha,norm2,XGBoost,0.5067,0.5393,0.5,0.4857
F_de_3d_1area,beta,norm3,XGBoost,0.6533,0.5572,0.4,0.4857
F_mean_3d19,beta,norm2,Random Forest,0.9867,0.7701,0.6,0.4857
F_mean_3d_Fz,gamma,norm2,Linear SVM,0.56,0.5069,0.5,0.4857
F_median_3d_8rm,all,norm3,KNN,1.0,0.9241,0.5,0.4857
F_mean_3d_Fz,beta,norm3,Ensemble (Majority Vote),0.76,0.6315,0.5,0.4857
F_median_3d_C3,theta,norm2,XGBoost,0.6667,0.5549,0.6,0.4857
F_mean_3d_F4,alpha,norm3,XGBoost,0.5067,0.5393,0.5,0.4857
F_median_3d_8rm,all,norm2,Ensemble (Majority Vote),0.9533,0.8221,0.5,0.4857
F_mean_3d_10rm,all,norm2,Random Forest,0.9733,0.8303,0.5,0.4857
F_median_3d_C3,theta,norm3,XGBoost,0.6667,0.5549,0.6,0.4857
F_mean_3d_T8,all,None,Linear SVM,0.6467,0.5936,0.5,0.4857
F_median_3d_8rm,all,None,Logistic Regression,0.8867,0.7623,0.5,0.4857
F_median_3d_C4,all,None,Linear SVM,0.7067,0.6172,0.5,0.4857
F_mean_3d_Fz,beta,norm2,Ensemble (Majority Vote),0.76,0.6315,0.5,0.4857
F_mean_3d_F3,delta,norm3,Ensemble (Majority Vote),0.5933,0.5871,0.5,0.4857
F_median_3d_C4,all,norm2,Ensemble (Majority Vote),0.8267,0.6699,0.5,0.4857
F_mean_3d_F4,beta,norm2,Ensemble (Majority Vote),0.8733,0.623,0.4,0.4857
F_median_3d_C4,all,norm3,Ensemble (Majority Vote),0.7667,0.672,0.5,0.4857
F_mean_3d_T8,alpha,norm3,Linear SVM,0.5133,0.5011,0.4,0.4857
F_mean_3d_F3,delta,norm2,Ensemble (Majority Vote),0.5933,0.5871,0.5,0.4857
F_mean_3d_3area,delta,norm2,KNN,0.9933,0.7002,0.6,0.4857
F_median_3d_3area,theta,norm2,XGBoost,0.8467,0.6057,0.4,0.4857
F_median_3d_C4,alpha,None,Ensemble (Majority Vote),0.64,0.6005,0.4,0.4857
F_median_3d_3area,gamma,norm3,Random Forest,0.7467,0.6377,0.4,0.4857
F_median_3d_3area,gamma,norm3,Logistic Regression,0.5733,0.552,0.5,0.4857
F_median_3d_3area,gamma,norm3,Linear SVM,0.5733,0.5533,0.5,0.4857
F_mean_3d_F4,beta,norm3,Ensemble (Majority Vote),0.8733,0.623,0.4,0.4857
F_de_3d_8rm,beta,norm2,XGBoost,0.9733,0.7039,0.4,0.4857
F_mean_3d_F3,gamma,None,Random Forest,0.6933,0.5995,0.5,0.4857
F_median_3d_C4,alpha,norm2,XGBoost,0.54,0.5391,0.5,0.4857
F_median_3d_C3,gamma,norm3,Ensemble (Majority Vote),0.8333,0.6198,0.5,0.4857
F_median_3d_C3,all,None,Logistic Regression,0.6733,0.6023,0.6,0.4857
F_median_3d_C3,all,None,Linear SVM,0.6933,0.6048,0.6,0.4857
F_mean_3d_Fz,delta,norm2,Linear SVM,0.4933,0.4975,0.5,0.4857
F_mean_3d_F4,all,norm2,KNN,0.98,0.6878,0.6,0.4857
F_median_3d_C3,all,norm2,Random Forest,0.9133,0.6639,0.4,0.4857
F_median_3d_C3,all,norm3,Ensemble (Majority Vote),0.8133,0.6853,0.4,0.4857
F_de_3d_C4,delta,norm3,KNN,0.9667,0.688,0.4,0.4857
F_de_3d_C4,gamma,None,Ensemble (Majority Vote),0.7667,0.6421,0.6,0.4857
F_median_3d_8rm,gamma,norm3,XGBoost,0.9,0.7444,0.4,0.4857
F_median_3d_8rm,gamma,None,Linear SVM,0.72,0.6161,0.5,0.4857
F_median_3d_8rm,delta,norm2,XGBoost,0.9533,0.7005,0.4,0.4857
F_median_3d_8rm,delta,None,Logistic Regression,0.7067,0.6122,0.5,0.4857
F_mean_3d_Fz,gamma,None,Linear SVM,0.5467,0.52,0.5,0.4857
F_de_3d_C4,delta,norm2,KNN,0.9667,0.688,0.4,0.4857
F_mean_3d_1area,theta,norm3,Linear SVM,0.48,0.5034,0.5,0.4857
F_de_3d_1area,beta,None,Ensemble (Majority Vote),0.7267,0.64,0.5,0.4857
F_de_3d_C4,gamma,None,Linear SVM,0.5667,0.5492,0.5,0.4857
F_de_3d_C4,gamma,None,Logistic Regression,0.5733,0.5492,0.5,0.4857
F_mean_3d_Fz,gamma,None,Logistic Regression,0.56,0.5218,0.5,0.4857
F_median_3d_C3,delta,None,Linear SVM,0.6,0.5526,0.5,0.4857
F_median_3d_C3,delta,None,Logistic Regression,0.5933,0.5517,0.5,0.4857
F_de_3d_3area,delta,norm2,Ensemble (Majority Vote),0.7133,0.623,0.5,0.4857
F_mean_3d_1area,theta,norm3,XGBoost,0.6667,0.5616,0.4,0.4857
F_de_3d_1area,beta,norm2,XGBoost,0.6533,0.5572,0.4,0.4857
F_median_3d_C3,gamma,norm2,Ensemble (Majority Vote),0.8333,0.6198,0.5,0.4857
F_mean_3d_F3,gamma,None,XGBoost,0.62,0.5791,0.5,0.4857
F_mean_3d_T8,alpha,norm2,Linear SVM,0.5133,0.5011,0.4,0.4857
F_mean_3d_Fz,gamma,norm2,Random Forest,0.6667,0.586,0.5,0.4857
F_median_3d_3area,gamma,None,Random Forest,0.76,0.6609,0.5,0.4857
F_mean_3d19,all,norm2,Ensemble (Majority Vote),0.9467,0.8559,0.4,0.4857
F_mean_3d_F4,theta,norm3,KNN,0.9933,0.6841,0.4,0.4857
F_median_3d_C4,gamma,None,Random Forest,0.66,0.6018,0.5,0.4857
F_mean_3d_10rm,beta,norm2,KNN,0.9667,0.703,0.5,0.4857
F_de_3d_1area,gamma,norm3,Linear SVM,0.5067,0.4989,0.5,0.4857
F_mean_3d_F3,alpha,None,Random Forest,0.7,0.5961,0.3,0.4857
F_mean_3d_10rm,beta,norm2,Linear SVM,0.48,0.5099,0.6,0.4857
F_mean_3d_3area,gamma,norm3,Random Forest,0.7467,0.6467,0.5,0.4857
F_mean_3d_F3,alpha,None,Ensemble (Majority Vote),0.7267,0.6108,0.4,0.4857
F_median_3d_3area,all,norm2,XGBoost,0.9933,0.7678,0.4,0.4857
F_median_3d_3area,all,norm2,Random Forest,0.9667,0.7363,0.7,0.4857
F_mean_3d_2area,alpha,None,XGBoost,0.74,0.6195,0.5,0.4857
F_de_3d_C4,alpha,norm3,KNN,0.9933,0.6837,0.5,0.4857
F_mean_3d_3area,theta,norm2,KNN,0.98,0.6857,0.5,0.4857
F_median_3d_C4,theta,norm2,Ensemble (Majority Vote),0.64,0.5777,0.5,0.4857
F_mean_3d_F7,all,norm2,KNN,0.98,0.6982,0.4,0.4857
F_mean_3d_2area,beta,norm2,KNN,0.9467,0.6874,0.6,0.4857
F_mean_3d_T8,delta,None,KNN,0.98,0.7034,0.6,0.4857
F_median_3d_C4,theta,norm2,XGBoost,0.5933,0.5434,0.5,0.4857
F_median_3d_C4,theta,norm3,Ensemble (Majority Vote),0.64,0.5777,0.5,0.4857
F_median_3d_C4,theta,norm3,XGBoost,0.5933,0.5434,0.5,0.4857
F_median_3d_Cz,all,None,Ensemble (Majority Vote),0.8067,0.6607,0.5,0.4857
F_de_3d_8rm,alpha,norm3,Logistic Regression,0.7,0.6225,0.5,0.4857
F_median_3d_Cz,all,None,XGBoost,0.8667,0.6924,0.5,0.4857
F_de_3d_8rm,alpha,norm3,Linear SVM,0.7,0.6232,0.5,0.4857
F_mean_3d_F7,alpha,None,Linear SVM,0.56,0.5329,0.5,0.4857
F_mean_3d_F7,alpha,None,Logistic Regression,0.56,0.5333,0.5,0.4857
F_de_3d_3area,gamma,None,XGBoost,0.7933,0.6623,0.4,0.4857
F_mean_3d_10rm,delta,norm2,XGBoost,0.9867,0.7149,0.5,0.4857
F_median_3d_C4,delta,norm3,XGBoost,0.6267,0.5694,0.4,0.4857
F_median_3d_3area,alpha,norm3,KNN,0.96,0.694,0.4,0.4857
F_mean_3d_F4,delta,None,KNN,0.9733,0.7076,0.5,0.4857
F_de_3d_1area,gamma,norm2,Linear SVM,0.5067,0.4989,0.5,0.4857
F_mean_3d_F4,delta,None,XGBoost,0.64,0.5759,0.4,0.4857
F_mean_3d_Fz,gamma,norm3,Linear SVM,0.56,0.5069,0.5,0.4857
F_mean_3d_Fz,alpha,norm3,Ensemble (Majority Vote),0.6533,0.586,0.5,0.4857
F_mean_3d_Fz,gamma,norm3,Random Forest,0.6667,0.586,0.5,0.4857
F_mean_3d_10rm,alpha,norm2,Random Forest,0.96,0.7057,0.4,0.4857
F_median_3d_C4,alpha,norm3,XGBoost,0.54,0.5391,0.5,0.4857
F_mean_3d_1area,theta,norm2,XGBoost,0.6667,0.5616,0.4,0.4857
F_mean_3d_T8,beta,None,Linear SVM,0.5467,0.5471,0.5,0.4857
F_median_3d_3area,delta,norm2,Linear SVM,0.5133,0.5092,0.4,0.4857
F_mean_3d_F4,gamma,norm2,Linear SVM,0.5267,0.5124,0.5,0.4857
F_median_3d_3area,delta,None,Random Forest,0.76,0.6483,0.4,0.4857
F_de_3d_C3,gamma,None,Ensemble (Majority Vote),0.7333,0.6163,0.4,0.4857
F_mean_3d_T8,beta,None,Logistic Regression,0.5467,0.5474,0.5,0.4857
F_mean_3d_F3,beta,None,Logistic Regression,0.5133,0.5214,0.5,0.4857
F_mean_3d_F3,beta,None,Linear SVM,0.5133,0.5207,0.5,0.4857
F_mean_3d_F4,gamma,norm3,Linear SVM,0.5267,0.5124,0.5,0.4857
F_mean_3d_Fz,alpha,norm2,Ensemble (Majority Vote),0.6533,0.586,0.5,0.4857
F_median_3d_3area,beta,norm3,KNN,0.9867,0.7198,0.5,0.4857
F_mean_3d_1area,theta,norm2,Linear SVM,0.48,0.5034,0.5,0.4857
F_mean_3d_10rm,alpha,norm3,XGBoost,0.9467,0.7687,0.4,0.4857
F_mean_3d19,alpha,None,Random Forest,0.8733,0.731,0.5,0.4857
F_mean_3d19,alpha,None,Logistic Regression,0.7467,0.652,0.5,0.4857
F_median_3d_C4,delta,None,Logistic Regression,0.5533,0.5379,0.5,0.4857
F_mean_3d_F4,theta,norm2,KNN,0.9933,0.6841,0.4,0.4857
F_mean_3d_3area,gamma,norm2,Random Forest,0.8533,0.6405,0.4,0.4857
F_median_3d_C4,delta,norm2,XGBoost,0.6267,0.5694,0.4,0.4857
F_de_3d_3area,delta,norm3,KNN,0.9733,0.7207,0.4,0.4857
F_mean_3d_Fp1,alpha,None,Ensemble (Majority Vote),0.7067,0.6257,0.5,0.4857
F_mean_3d_F4,all,None,Random Forest,0.8133,0.6763,0.5,0.4857
F_median_3d_F8,delta,norm3,Ensemble (Majority Vote),0.6933,0.6094,0.5,0.4857
F_mean_3d_C3,alpha,None,KNN,0.98,0.6966,0.5,0.4857
F_mean_3d_T7,beta,norm3,KNN,0.98,0.6793,0.5,0.4857
F_de_3d_Cz,beta,norm2,Ensemble (Majority Vote),0.6867,0.6133,0.4,0.4857
F_mean_3d_Fp1,theta,norm3,Random Forest,0.7267,0.5892,0.5,0.4857
F_mean_3d_1area,alpha,None,Linear SVM,0.56,0.5492,0.5,0.4857
F_de_3d_3area,beta,norm2,Ensemble (Majority Vote),0.8333,0.6579,0.4,0.4857
F_mean_3d_1area,alpha,None,Logistic Regression,0.5667,0.549,0.5,0.4857
F_mean_3d_2area,theta,norm2,Random Forest,0.8667,0.6143,0.5,0.4857
F_mean_3d_C3,alpha,norm2,Random Forest,0.7667,0.5876,0.5,0.4857
F_median_3d_10rm,all,None,Ensemble (Majority Vote),0.9933,0.9103,0.6,0.4857
F_mean_3d_Fp1,delta,norm3,Linear SVM,0.54,0.5062,0.4,0.4857
F_median_3d19,theta,norm3,Ensemble (Majority Vote),0.9667,0.7901,0.5,0.4857
F_de_3d_T8,gamma,norm3,KNN,0.9867,0.6844,0.5,0.4857
F_mean_3d_Fp1,gamma,None,Ensemble (Majority Vote),0.7733,0.6257,0.5,0.4857
F_mean_3d_8rm,delta,norm2,XGBoost,0.9467,0.6922,0.6,0.4857
F_de_3d_T8,gamma,norm3,Linear SVM,0.4733,0.494,0.5,0.4857
F_median_3d_F7,gamma,norm2,KNN,0.9733,0.6871,0.5,0.4857
F_median_3d_Fp1,all,norm3,KNN,0.9533,0.7607,0.6,0.4857
F_mean_3d_Fp1,delta,norm2,Linear SVM,0.54,0.5062,0.4,0.4857
F_median_3d19,alpha,norm2,XGBoost,1.0,0.7938,0.5,0.4857
F_de_3d_Cz,beta,None,Logistic Regression,0.5067,0.5239,0.4,0.4857
F_mean_3d_C4,alpha,None,Random Forest,0.6733,0.5961,0.5,0.4857
F_mean_3d_Fp1,beta,norm3,Ensemble (Majority Vote),0.72,0.5878,0.6,0.4857
F_de_3d_C3,all,norm2,KNN,0.98,0.7048,0.5,0.4857
F_mean_3d_Fp2,alpha,norm3,KNN,0.9533,0.6784,0.4,0.4857
F_median_3d19,all,norm3,KNN,1.0,0.9418,0.5,0.4857
F_mean_3d_Fp1,beta,norm3,Linear SVM,0.5067,0.5057,0.4,0.4857
F_mean_3d_1area,beta,norm3,Linear SVM,0.5267,0.4995,0.4,0.4857
F_median_3d,gamma,norm2,Ensemble (Majority Vote),0.92,0.731,0.5,0.4857
F_mean_3d_2area,gamma,norm3,KNN,0.9667,0.6834,0.3,0.4857
F_median_3d19,alpha,norm2,Linear SVM,0.5267,0.5055,0.4,0.4857
F_median_3d_F7,delta,None,Linear SVM,0.54,0.5457,0.6,0.4857
F_median_3d_Fp1,all,None,Logistic Regression,0.6667,0.6099,0.5,0.4857
F_median_3d_F7,delta,None,Logistic Regression,0.54,0.546,0.6,0.4857
F_mean_3d_T8,theta,None,Random Forest,0.7267,0.5876,0.4,0.4857
F_mean_3d_C4,alpha,norm3,KNN,0.96,0.6864,0.5,0.4857
F_median_3d19,alpha,norm2,Random Forest,0.98,0.7586,0.4,0.4857
F_de_3d_2area,alpha,norm3,KNN,0.98,0.6938,0.4,0.4857
F_mean_3d_C4,alpha,norm2,KNN,0.96,0.6864,0.5,0.4857
F_median_3d,gamma,None,Linear SVM,0.7733,0.6476,0.5,0.4857
F_median_3d_F7,gamma,norm3,KNN,0.9733,0.6871,0.5,0.4857
F_mean_3d_8rm,delta,norm2,Linear SVM,0.5533,0.5046,0.4,0.4857
F_median_3d_F8,all,norm2,Linear SVM,0.5267,0.5092,0.4,0.4857
F_median_3d19,delta,None,XGBoost,1.0,0.8903,0.3,0.4857
F_median_3d_F7,theta,norm2,XGBoost,0.5933,0.5556,0.4,0.4857
F_mean_3d_8rm,delta,norm3,KNN,0.98,0.7906,0.7,0.4857
F_mean_3d_C3,beta,None,XGBoost,0.62,0.5766,0.5,0.4857
F_mean_3d_Fp2,delta,None,Logistic Regression,0.5733,0.5395,0.5,0.4857
F_mean_3d_Fp1,gamma,norm3,Linear SVM,0.5067,0.4963,0.5,0.4857
F_median_3d19,gamma,None,Random Forest,0.9,0.7809,0.4,0.4857
F_de_3d_2area,gamma,norm3,XGBoost,0.7333,0.5938,0.5,0.4857
F_median_3d19,delta,norm2,XGBoost,0.9933,0.7961,0.4,0.4857
F_median_3d_F8,all,None,XGBoost,0.8733,0.7071,0.5,0.4857
F_de_3d_C3,all,norm2,Random Forest,0.9333,0.672,0.6,0.4857
F_median_3d_F8,all,None,Random Forest,0.7933,0.6745,0.5,0.4857
F_median_3d_F7,theta,norm3,XGBoost,0.5933,0.5556,0.4,0.4857
F_median_3d_Fp1,all,None,Linear SVM,0.72,0.6191,0.5,0.4857
F_mean_3d_Fp2,alpha,norm3,XGBoost,0.6333,0.5609,0.4,0.4857
F_de_3d_C3,beta,None,Random Forest,0.7067,0.5897,0.4,0.4857
F_de_3d_2area,gamma,norm2,XGBoost,0.7333,0.5828,0.7,0.4857
F_de_3d_2area,theta,None,Logistic Regression,0.5867,0.5625,0.4,0.4857
F_de_3d_2area,theta,None,Random Forest,0.7133,0.623,0.6,0.4857
F_mean_3d_2area,gamma,norm3,XGBoost,0.7333,0.6,0.5,0.4857
F_de_3d_10rm,alpha,norm3,Linear SVM,0.6933,0.6313,0.3,0.4857
F_mean_3d_Fp1,theta,norm2,Random Forest,0.7267,0.5892,0.5,0.4857
F_mean_3d_C3,theta,None,Random Forest,0.66,0.5929,0.5,0.4857
F_de_3d_3area,all,norm2,XGBoost,1.0,0.792,0.5,0.4857
F_median_3d_F7,theta,None,Ensemble (Majority Vote),0.7467,0.6264,0.4,0.4857
F_de_3d_3area,all,norm2,Ensemble (Majority Vote),0.9467,0.7487,0.5,0.4857
F_mean_3d_Fp1,gamma,norm2,Linear SVM,0.5067,0.4963,0.5,0.4857
F_mean_3d_1area,beta,norm2,Linear SVM,0.5267,0.4995,0.4,0.4857
F_mean_3d_C3,theta,None,XGBoost,0.66,0.5874,0.5,0.4857
F_mean_3d_Fp2,delta,norm2,Random Forest,0.7267,0.5867,0.4,0.4857
F_median_3d_F7,theta,None,KNN,0.9733,0.7115,0.6,0.4857
F_mean_3d_1area,delta,norm3,Linear SVM,0.4533,0.4931,0.4,0.4857
F_median_3d_F7,theta,None,Random Forest,0.68,0.5938,0.4,0.4857
F_median_3d19,beta,norm2,Ensemble (Majority Vote),0.9733,0.763,0.3,0.4857
F_mean_3d_Fp2,delta,None,Linear SVM,0.5733,0.54,0.5,0.4857
F_de_3d_2area,delta,None,Ensemble (Majority Vote),0.7133,0.6503,0.5,0.4857
F_mean_3d_Fp2,beta,norm2,KNN,0.9867,0.6908,0.4,0.4857
F_mean_3d_C3,alpha,norm3,Random Forest,0.7667,0.5876,0.5,0.4857
F_median_3d_10rm,alpha,norm2,XGBoost,0.9667,0.7062,0.6,0.4857
F_de_3d_2area,theta,norm3,XGBoost,0.74,0.6205,0.5,0.4857
F_de_3d_2area,all,norm3,Linear SVM,0.72,0.6439,0.5,0.4857
F_mean_3d_C3,delta,norm3,KNN,0.9933,0.6975,0.5,0.4857
F_mean_3d_C3,all,norm2,XGBoost,0.9467,0.6641,0.4,0.4857
F_mean_3d_Fp2,beta,norm3,Random Forest,0.8,0.5949,0.3,0.4857
F_de_3d_T8,beta,norm3,KNN,0.9867,0.6821,0.3,0.4857
F_median_3d_F7,alpha,norm3,KNN,0.98,0.6851,0.3,0.4857
F_median_3d_F7,all,None,KNN,0.9733,0.748,0.4,0.4857
F_mean_3d_1area,all,None,Logistic Regression,0.5933,0.5821,0.5,0.4857
F_de_3d_2area,theta,norm3,Linear SVM,0.56,0.5379,0.5,0.4857
F_median_3d,alpha,norm2,KNN,0.96,0.7002,0.6,0.4857
F_mean_3d_Fp2,alpha,norm2,KNN,0.9533,0.6784,0.4,0.4857
F_de_3d_T8,gamma,norm2,KNN,0.9867,0.6844,0.5,0.4857
F_mean_3d_1area,gamma,None,XGBoost,0.64,0.5952,0.5,0.4857
F_de_3d_2area,all,norm3,KNN,0.9867,0.8499,0.6,0.4857
F_median_3d_F7,alpha,norm2,KNN,0.98,0.6851,0.3,0.4857
F_median_3d_10rm,beta,norm3,KNN,0.9933,0.8117,0.5,0.4857
F_median_3d_F8,delta,norm2,Ensemble (Majority Vote),0.6933,0.6094,0.5,0.4857
F_median_3d_F7,alpha,None,XGBoost,0.6533,0.5938,0.5,0.4857
F_de_3d_C3,alpha,None,Ensemble (Majority Vote),0.68,0.617,0.4,0.4857
F_median_3d_F7,alpha,None,Random Forest,0.66,0.5954,0.4,0.4857
F_mean_3d_C3,delta,norm2,KNN,0.9933,0.6975,0.5,0.4857
F_median_3d_F8,beta,norm3,Linear SVM,0.5067,0.4963,0.4,0.4857
F_de_3d_2area,delta,norm3,Linear SVM,0.5867,0.572,0.4,0.4857
F_de_3d_2area,theta,norm2,XGBoost,0.6867,0.5917,0.5,0.4857
F_de_3d_Cz,alpha,norm3,KNN,0.9467,0.6823,0.4,0.4857
F_mean_3d_T7,beta,None,Random Forest,0.6533,0.5947,0.4,0.4857
F_mean_3d_Fp2,beta,norm3,KNN,0.9867,0.6908,0.4,0.4857
F_de_3d_C3,beta,norm2,Linear SVM,0.5333,0.5074,0.5,0.4857
F_mean_3d,all,norm2,Linear SVM,0.48,0.5048,0.5,0.4857
F_median_3d_F7,all,norm2,XGBoost,0.92,0.6469,0.4,0.4857
F_median_3d_F7,all,None,XGBoost,0.8867,0.7074,0.5,0.4857
F_mean_3d_C3,all,None,Ensemble (Majority Vote),0.8267,0.6752,0.5,0.4857
F_de_3d_2area,delta,norm3,Logistic Regression,0.5867,0.572,0.4,0.4857
F_mean_3d_2area,delta,norm3,KNN,0.9333,0.706,0.3,0.4857
F_de_3d_T8,gamma,norm2,Linear SVM,0.4733,0.494,0.5,0.4857
F_median_3d_F7,beta,norm3,KNN,0.96,0.6793,0.6,0.4857
F_mean_3d_Fp1,beta,norm2,Linear SVM,0.5067,0.5057,0.4,0.4857
F_de_3d_C3,beta,norm2,Ensemble (Majority Vote),0.8133,0.606,0.4,0.4857
F_mean_3d_Fp2,beta,norm2,Random Forest,0.8,0.5949,0.3,0.4857
F_de_3d_C3,theta,None,Random Forest,0.6933,0.5961,0.5,0.4857
F_median_3d_F8,beta,None,Ensemble (Majority Vote),0.74,0.6363,0.5,0.4857
F_mean_3d_T7,beta,norm2,KNN,0.98,0.6793,0.5,0.4857
F_de_3d_2area,theta,norm3,Random Forest,0.7467,0.6216,0.5,0.4857
F_median_3d_Fp1,beta,None,XGBoost,0.6467,0.5864,0.3,0.4857
F_median_3d_F8,beta,None,Linear SVM,0.52,0.5193,0.5,0.4857
F_median_3d_F8,beta,None,Logistic Regression,0.52,0.5191,0.5,0.4857
F_de_3d_Cz,beta,None,Linear SVM,0.5067,0.523,0.4,0.4857
F_mean_3d_Fp1,beta,norm2,Ensemble (Majority Vote),0.72,0.5878,0.6,0.4857
F_median_3d_F7,beta,norm2,KNN,0.96,0.6793,0.6,0.4857
F_mean_3d_Fp1,beta,None,Linear SVM,0.52,0.5223,0.5,0.4857
F_de_3d_2area,theta,norm3,Logistic Regression,0.56,0.5379,0.5,0.4857
F_mean_3d_Fp1,alpha,None,XGBoost,0.68,0.5961,0.5,0.4857
F_mean_3d_1area,delta,norm2,Linear SVM,0.4533,0.4931,0.4,0.4857
F_median_3d_F8,beta,norm2,Linear SVM,0.5067,0.4963,0.4,0.4857
F_mean_3d_8rm,gamma,norm2,Linear SVM,0.4933,0.5087,0.4,0.4857
F_mean_3d_Fp2,alpha,norm2,XGBoost,0.6333,0.5609,0.4,0.4857
F_mean_3d_Fp1,beta,None,Logistic Regression,0.5267,0.5234,0.5,0.4857
F_mean_3d_2area,gamma,None,Random Forest,0.6867,0.6276,0.5,0.4857
F_de_3d_3area,all,None,Ensemble (Majority Vote),0.94,0.8051,0.4,0.4714
F_de_3d_1area,gamma,None,XGBoost,0.6867,0.6149,0.4,0.4714
F_de_3d_Fz,gamma,norm2,Linear SVM,0.4867,0.4966,0.4,0.4714
F_de_3d_F8,alpha,norm3,Linear SVM,0.46,0.4922,0.4,0.4714
F_peak_3d_F3,beta,norm3,Random Forest,0.8333,0.5924,0.5,0.4714
F_de_3d_1area,all,None,Logistic Regression,0.6,0.5913,0.4,0.4714
F_median_3d_3area,beta,norm2,Linear SVM,0.5,0.5044,0.5,0.4714
F_peak_3d_T8,theta,norm3,Linear SVM,0.5133,0.4956,0.5,0.4714
F_mean_3d_3area,gamma,None,Logistic Regression,0.58,0.5653,0.4,0.4714
F_de_3d_F8,beta,None,Linear SVM,0.5133,0.5161,0.5,0.4714
F_median_3d_3area,theta,None,Random Forest,0.68,0.6366,0.5,0.4714
F_mean_3d_F4,theta,norm2,Ensemble (Majority Vote),0.64,0.6074,0.4,0.4714
F_mean_3d_T8,alpha,norm3,Random Forest,0.7133,0.5899,0.5,0.4714
F_mean_3d_2area,gamma,None,Linear SVM,0.5867,0.5508,0.5,0.4714
F_de_3d_Fz,gamma,None,XGBoost,0.68,0.6046,0.3,0.4714
F_de_3d_F4,all,norm3,Logistic Regression,0.6,0.5754,0.5,0.4714
F_median_3d,all,norm3,KNN,0.9933,0.9398,0.4,0.4714
F_peak_3d_C4,gamma,None,Random Forest,0.6933,0.6069,0.5,0.4714
F_de_3d_3area,theta,norm2,Linear SVM,0.52,0.5048,0.4,0.4714
F_de_3d,theta,norm3,Logistic Regression,0.6933,0.6444,0.5,0.4714
F_peak_3d_2area,beta,norm2,XGBoost,0.7667,0.5802,0.4,0.4714
F_peak_3d_3area,all,norm2,XGBoost,0.9867,0.7605,0.4,0.4714
F_median_3d_3area,gamma,norm2,KNN,0.96,0.6933,0.4,0.4714
F_peak_3d_F7,delta,norm3,XGBoost,0.58,0.5566,0.5,0.4714
F_median_3d_C4,alpha,norm3,Random Forest,0.7667,0.5871,0.4,0.4714
F_peak_3d_F3,theta,None,XGBoost,0.62,0.5743,0.6,0.4714
F_de_3d_8rm,delta,norm2,KNN,0.9667,0.7046,0.5,0.4714
F_dasm_3d19,alpha,None,Logistic Regression,0.6933,0.6168,0.5,0.4714
F_mean_3d_F7,all,None,Ensemble (Majority Vote),0.7933,0.6713,0.5,0.4714
F_mean_3d_Fz,alpha,None,Logistic Regression,0.58,0.5416,0.5,0.4714
F_dasm_3d,alpha,None,Logistic Regression,0.68,0.5931,0.5,0.4714
F_peak_3d_2area,gamma,None,Ensemble (Majority Vote),0.72,0.652,0.5,0.4714
F_median_3d_C4,alpha,norm2,Random Forest,0.7667,0.5871,0.4,0.4714
F_mean_3d_Fz,alpha,None,Linear SVM,0.58,0.5414,0.5,0.4714
F_mean_3d_F3,delta,None,KNN,0.9667,0.6864,0.4,0.4714
F_rasm_3d19,gamma,norm3,Linear SVM,0.6333,0.5591,0.6,0.4714
F_de_3d_C3,delta,norm3,Linear SVM,0.5,0.5002,0.4,0.4714
F_peak_3d19,alpha,None,XGBoost,1.0,0.8949,0.5,0.4714
F_peak_3d19,all,None,Linear SVM,1.0,0.9186,0.4,0.4714
F_peak_3d_F3,beta,norm3,XGBoost,0.58,0.554,0.3,0.4714
F_de_3d_F4,gamma,None,XGBoost,0.6333,0.5963,0.5,0.4714
F_peak_3d_T8,theta,norm2,Linear SVM,0.5133,0.4956,0.5,0.4714
F_mean_3d_F4,theta,norm3,Ensemble (Majority Vote),0.64,0.6074,0.4,0.4714
F_de_3d_10rm,beta,norm2,XGBoost,0.96,0.7336,0.3,0.4714
F_median_3d_3area,gamma,norm3,Ensemble (Majority Vote),0.7133,0.6315,0.6,0.4714
F_median_3d_F8,theta,None,Ensemble (Majority Vote),0.7467,0.6269,0.4,0.4714
F_peak_3d_3area,alpha,norm2,KNN,0.9733,0.689,0.5,0.4714
F_mean_3d_F7,beta,None,XGBoost,0.6933,0.5821,0.4,0.4714
F_de_3d_Fz,gamma,norm3,Linear SVM,0.4867,0.4966,0.4,0.4714
F_rasm_3d19,gamma,norm3,Logistic Regression,0.6267,0.5595,0.6,0.4714
F_de_3d_1area,all,norm2,KNN,0.98,0.7037,0.5,0.4714
F_mean_3d_F7,beta,None,Linear SVM,0.5733,0.5515,0.4,0.4714
F_de_3d_8rm,alpha,norm3,KNN,0.9867,0.7915,0.4,0.4714
F_rasm_3d19,gamma,norm3,KNN,0.96,0.7506,0.4,0.4714
F_peak_3d_F3,beta,norm2,XGBoost,0.58,0.554,0.3,0.4714
F_mean_3d_F8,theta,norm2,KNN,0.9667,0.6874,0.5,0.4714
F_mean_3d_2area,alpha,None,Ensemble (Majority Vote),0.7867,0.6494,0.3,0.4714
F_de_3d_T8,theta,norm3,Ensemble (Majority Vote),0.7267,0.6257,0.4,0.4714
F_de_3d_F8,beta,norm2,Ensemble (Majority Vote),0.7067,0.6122,0.6,0.4714
F_de_3d_2area,theta,norm2,KNN,0.9733,0.6903,0.6,0.4714
F_peak_3d_8rm,theta,norm2,Linear SVM,0.5333,0.5087,0.4,0.4714
F_de_3d_T8,theta,norm2,Random Forest,0.72,0.583,0.4,0.4714
F_de_3d_C4,gamma,None,Random Forest,0.6533,0.6002,0.5,0.4714
F_de_3d_1area,beta,None,Linear SVM,0.56,0.5476,0.5,0.4714
F_de_3d_1area,beta,None,XGBoost,0.62,0.5936,0.5,0.4714
F_dasm_3d,theta,norm3,Linear SVM,0.5733,0.5692,0.5,0.4714
F_dasm_3d,theta,norm3,Logistic Regression,0.5733,0.5699,0.5,0.4714
F_median_3d_1area,alpha,norm2,Ensemble (Majority Vote),0.7333,0.6147,0.4,0.4714
F_median_3d_1area,alpha,norm3,Ensemble (Majority Vote),0.7333,0.6147,0.4,0.4714
F_de_3d_F8,beta,None,XGBoost,0.6733,0.5814,0.5,0.4714
F_mean_3d_C4,alpha,None,KNN,0.9733,0.6984,0.4,0.4714
F_de_3d_T8,theta,norm2,Ensemble (Majority Vote),0.7267,0.6257,0.4,0.4714
F_rasm_3d,all,norm2,Random Forest,0.9733,0.8292,0.4,0.4714
F_mean_3d_3area,alpha,norm3,XGBoost,0.8267,0.6343,0.5,0.4714
F_de_3d_C3,delta,norm2,Linear SVM,0.5,0.5002,0.4,0.4714
F_de_3d_Fp1,all,None,XGBoost,0.8733,0.7186,0.4,0.4714
F_median_3d_10rm,theta,None,XGBoost,0.98,0.7768,0.5,0.4714
F_dasm_3d_10rm,beta,norm3,Random Forest,0.8,0.6545,0.4,0.4714
F_peak_3d_10rm,gamma,norm2,XGBoost,1.0,0.7366,0.6,0.4714
F_de_3d_C4,all,norm2,XGBoost,0.88,0.6563,0.3,0.4714
F_median_3d_F4,theta,None,Random Forest,0.66,0.5961,0.4,0.4714
F_dasm_3d_3area,all,norm2,Random Forest,0.9533,0.6713,0.5,0.4714
F_median_3d_Fz,gamma,None,Random Forest,0.7533,0.6122,0.5,0.4714
F_dasm_3d,alpha,norm3,KNN,0.98,0.7338,0.5,0.4714
F_median_3d_8rm,theta,None,Ensemble (Majority Vote),0.82,0.6936,0.4,0.4714
F_de_3d_F8,beta,norm3,Ensemble (Majority Vote),0.7067,0.6122,0.6,0.4714
F_de_3d_8rm,beta,norm2,Random Forest,0.9467,0.6995,0.4,0.4714
F_mean_3d_F8,theta,norm3,Random Forest,0.8067,0.5874,0.5,0.4714
F_mean_3d19,theta,None,XGBoost,0.9933,0.8667,0.5,0.4714
F_mean_3d_F4,alpha,None,Ensemble (Majority Vote),0.6533,0.6011,0.6,0.4714
F_mean_3d_F8,theta,norm3,KNN,0.9667,0.6874,0.5,0.4714
F_peak_3d_C3,alpha,None,KNN,0.9733,0.7083,0.4,0.4714
F_median_3d_F4,alpha,norm3,Random Forest,0.7467,0.5903,0.4,0.4714
F_median_3d_F4,alpha,norm2,Random Forest,0.7467,0.5903,0.4,0.4714
F_de_3d_T8,theta,norm3,Random Forest,0.72,0.583,0.4,0.4714
F_median_3d_10rm,theta,None,Linear SVM,0.72,0.6156,0.5,0.4714
F_mean_3d_F8,theta,norm2,Random Forest,0.8067,0.5874,0.5,0.4714
F_median_3d_10rm,theta,None,Random Forest,0.8267,0.6968,0.4,0.4714
F_rasm_3d_10rm,delta,norm3,KNN,0.98,0.7577,0.5,0.4714
F_de_3d_3area,beta,None,Linear SVM,0.6133,0.577,0.4,0.4714
F_median_3d_T8,all,None,Linear SVM,0.64,0.5968,0.3,0.4714
F_mean_3d_C3,alpha,norm2,XGBoost,0.6133,0.5561,0.3,0.4714
F_mean_3d_F4,alpha,norm2,KNN,0.9733,0.6864,0.5,0.4714
F_de_3d19,theta,None,XGBoost,1.0,0.8818,0.4,0.4714
F_mean_3d_2area,gamma,None,Logistic Regression,0.5867,0.5487,0.4,0.4714
F_peak_3d_C4,alpha,norm3,KNN,0.9733,0.6839,0.5,0.4714
F_mean_3d_F7,theta,norm3,Linear SVM,0.5,0.5,0.5,0.4714
F_mean_3d_F7,theta,norm2,Linear SVM,0.5,0.5,0.5,0.4714
F_mean_3d_8rm,all,norm2,XGBoost,1.0,0.9051,0.4,0.4714
F_peak_3d_3area,theta,norm3,XGBoost,0.8333,0.6529,0.5,0.4714
F_median_3d_F3,all,norm2,XGBoost,0.9533,0.6545,0.6,0.4714
F_dasm_3d19,alpha,norm3,Linear SVM,0.6933,0.6156,0.5,0.4714
F_peak_3d_F7,delta,norm2,XGBoost,0.58,0.5566,0.5,0.4714
F_peak_3d_Fp1,all,norm2,Linear SVM,0.5067,0.5,0.4,0.4714
F_mean_3d_C3,alpha,norm3,XGBoost,0.6133,0.5561,0.3,0.4714
F_mean_3d_F4,alpha,norm3,KNN,0.9733,0.6864,0.5,0.4714
F_peak_3d_3area,theta,norm2,Linear SVM,0.4933,0.4995,0.5,0.4714
F_mean_3d_Fp1,gamma,None,Logistic Regression,0.5667,0.5391,0.5,0.4714
F_mean_3d_T8,alpha,norm2,Random Forest,0.7133,0.5899,0.5,0.4714
F_mean_3d_Fp1,gamma,None,Linear SVM,0.5667,0.5391,0.5,0.4714
F_de_3d_F8,alpha,norm2,Linear SVM,0.46,0.4922,0.4,0.4714
F_mean_3d_3area,beta,None,Logistic Regression,0.62,0.5701,0.5,0.4714
F_peak_3d_C4,alpha,norm2,KNN,0.9733,0.6839,0.5,0.4714
F_peak_3d_F3,beta,norm2,Random Forest,0.8333,0.5924,0.5,0.4714
F_median_3d_F7,gamma,norm2,Random Forest,0.8267,0.5938,0.4,0.4714
F_median_3d_F7,gamma,norm3,Random Forest,0.8267,0.5938,0.4,0.4714
F_peak_3d_Cz,delta,None,Linear SVM,0.58,0.54,0.4,0.4714
F_peak_3d_Fp1,delta,None,KNN,0.96,0.6972,0.3,0.4714
F_de_3d_Fp2,gamma,norm2,KNN,0.98,0.6848,0.5,0.4714
F_rasm_3d,beta,norm2,Linear SVM,0.4667,0.4924,0.4,0.4714
F_de_3d_Fp2,gamma,norm3,XGBoost,0.5533,0.5395,0.4,0.4714
F_rasm_3d,alpha,norm3,Random Forest,0.7933,0.7,0.4,0.4714
F_de_3d_Fp2,gamma,norm2,Linear SVM,0.5267,0.5064,0.4,0.4714
F_dasm_3d_10rm,gamma,norm2,Random Forest,0.9333,0.6561,0.6,0.4714
F_mean_3d19,theta,norm2,Linear SVM,0.4733,0.4963,0.4,0.4714
F_de_3d_2area,gamma,norm3,Logistic Regression,0.5467,0.5209,0.4,0.4714
F_peak_3d_Fp1,beta,None,Ensemble (Majority Vote),0.6733,0.6172,0.5,0.4714
F_de_3d_2area,gamma,norm3,Linear SVM,0.5533,0.5198,0.4,0.4714
F_peak_3d_10rm,gamma,norm2,Random Forest,0.98,0.7411,0.4,0.4714
F_peak_3d_Fp1,beta,None,XGBoost,0.62,0.5752,0.3,0.4714
F_median_3d,delta,norm2,Random Forest,0.9,0.7023,0.3,0.4714
F_de_3d_2area,theta,norm2,Random Forest,0.8,0.612,0.4,0.4714
F_median_3d_8rm,theta,None,Random Forest,0.8267,0.6857,0.4,0.4714
F_median_3d_8rm,gamma,norm3,KNN,0.98,0.7646,0.5,0.4714
F_peak_3d_Cz,delta,None,Ensemble (Majority Vote),0.7,0.6085,0.5,0.4714
F_de_3d_Fp1,gamma,None,XGBoost,0.7067,0.606,0.5,0.4714
F_peak_3d_T8,delta,None,XGBoost,0.6333,0.592,0.4,0.4714
F_peak_3d_10rm,delta,norm3,KNN,1.0,0.8639,0.4,0.4714
F_median_3d_8rm,gamma,norm2,Linear SVM,0.4867,0.5067,0.3,0.4714
F_dasm_3d_10rm,delta,norm3,Logistic Regression,0.58,0.5605,0.4,0.4714
F_peak_3d_1area,theta,norm2,Linear SVM,0.4867,0.5053,0.3,0.4714
F_median_3d_8rm,gamma,None,XGBoost,0.94,0.7621,0.4,0.4714
F_peak_3d_Fp1,all,norm3,Ensemble (Majority Vote),0.7867,0.7016,0.5,0.4714
F_dasm_3d_8rm,beta,norm3,XGBoost,0.8,0.6368,0.5,0.4714
F_dasm_3d_8rm,delta,norm2,KNN,0.9733,0.6775,0.4,0.4714
F_peak_3d_10rm,gamma,None,KNN,0.9933,0.8609,0.4,0.4714
F_rasm_3d,alpha,norm2,Linear SVM,0.5,0.4947,0.5,0.4714
F_de_3d_3area,delta,norm2,Linear SVM,0.5267,0.5055,0.4,0.4714
F_median_3d,beta,norm2,Linear SVM,0.5067,0.5092,0.5,0.4714
F_de_3d_2area,gamma,norm2,Ensemble (Majority Vote),0.7067,0.6331,0.4,0.4714
F_dasm_3d_10rm,all,norm2,Ensemble (Majority Vote),0.9933,0.8078,0.5,0.4714
F_dasm_3d_10rm,delta,norm3,Ensemble (Majority Vote),0.7867,0.6655,0.5,0.4714
F_mean_3d_T8,alpha,None,XGBoost,0.6867,0.5989,0.6,0.4714
F_peak_3d_1area,delta,norm3,Linear SVM,0.4933,0.4933,0.5,0.4714
F_peak_3d_Cz,alpha,norm3,Ensemble (Majority Vote),0.7067,0.6083,0.4,0.4714
F_de_3d_1area,delta,norm2,Linear SVM,0.52,0.4961,0.4,0.4714
F_de_3d_Fp2,gamma,norm3,Linear SVM,0.5267,0.5064,0.4,0.4714
F_peak_3d_F3,theta,None,Random Forest,0.64,0.5963,0.5,0.4714
F_de_3d_1area,beta,norm2,KNN,0.96,0.6814,0.4,0.4714
F_peak_3d_F4,all,None,Ensemble (Majority Vote),0.8,0.7069,0.4,0.4714
F_de_3d_2area,gamma,None,XGBoost,0.7133,0.6326,0.4,0.4714
F_median_3d_8rm,alpha,None,KNN,0.9867,0.7733,0.4,0.4714
F_rasm_3d,all,norm3,KNN,0.9533,0.7198,0.4,0.4714
F_de_3d_3area,delta,norm2,KNN,0.96,0.6883,0.5,0.4714
F_peak_3d_1area,delta,norm2,Linear SVM,0.4933,0.4933,0.5,0.4714
F_de_3d_1area,beta,norm3,KNN,0.96,0.6814,0.4,0.4714
F_peak_3d_Fp1,alpha,None,XGBoost,0.6333,0.5844,0.5,0.4714
F_de_3d_Fp2,theta,norm2,Linear SVM,0.48,0.4989,0.5,0.4714
F_mean_3d_Fz,beta,None,Logistic Regression,0.5267,0.5317,0.5,0.4714
F_de_3d_1area,beta,None,KNN,0.9267,0.7067,0.5,0.4714
F_median_3d,gamma,norm2,KNN,0.9467,0.6864,0.6,0.4714
F_mean_3d_2area,gamma,None,Ensemble (Majority Vote),0.6933,0.6398,0.5,0.4714
F_peak_3d_Cz,gamma,None,Random Forest,0.6667,0.5892,0.5,0.4714
F_de_3d_Fp1,beta,norm2,Random Forest,0.7533,0.5853,0.3,0.4714
F_dasm_3d_8rm,beta,norm2,Ensemble (Majority Vote),0.8533,0.6609,0.4,0.4714
F_de_3d_Fp2,gamma,norm2,XGBoost,0.5533,0.5395,0.4,0.4714
F_peak_3d_1area,alpha,None,KNN,0.9667,0.7069,0.6,0.4714
F_median_3d,gamma,norm2,Random Forest,0.98,0.7303,0.4,0.4714
F_peak_3d_1area,all,norm2,Linear SVM,0.56,0.5113,0.4,0.4714
F_de_3d_1area,delta,norm3,Linear SVM,0.52,0.4961,0.4,0.4714
F_de_3d_Fp1,beta,norm3,Random Forest,0.7533,0.5853,0.3,0.4714
F_peak_3d_Cz,alpha,norm2,Ensemble (Majority Vote),0.7067,0.6083,0.4,0.4714
F_de_3d_Fp2,theta,norm3,Linear SVM,0.48,0.4989,0.5,0.4714
F_mean_3d_1area,gamma,None,Random Forest,0.6333,0.6074,0.5,0.4714
F_mean_3d_T8,alpha,None,Ensemble (Majority Vote),0.7267,0.6313,0.6,0.4714
F_mean_3d_Fz,beta,None,Linear SVM,0.5267,0.531,0.5,0.4714
F_de_3d_Fp2,gamma,norm3,KNN,0.98,0.6848,0.5,0.4714
F_dasm_3d19,all,norm2,Random Forest,1.0,0.8497,0.5,0.4714
F_dasm_3d_10rm,all,norm2,KNN,0.9933,0.7589,0.4,0.4714
F_peak_3d_1area,gamma,None,Random Forest,0.64,0.6168,0.4,0.4714
F_peak_3d_10rm,theta,norm2,Linear SVM,0.5267,0.5025,0.4,0.4714
F_peak_3d_C3,delta,None,Linear SVM,0.5733,0.5359,0.4,0.4714
F_peak_3d_1area,theta,norm3,Linear SVM,0.4867,0.5053,0.3,0.4714
F_dasm_3d19,beta,norm3,KNN,0.9867,0.7938,0.4,0.4714
F_median_3d_10rm,all,norm2,Ensemble (Majority Vote),0.9333,0.829,0.6,0.4714
F_dasm_3d_10rm,theta,norm3,XGBoost,0.7867,0.6584,0.5,0.4714
F_dasm_3d_3area,alpha,norm3,Random Forest,0.8067,0.5906,0.3,0.4714
F_median_3d_1area,alpha,norm3,Linear SVM,0.5067,0.4931,0.5,0.4714
F_mean_3d_Fp2,theta,None,KNN,0.9667,0.7053,0.3,0.4714
F_median_3d_1area,alpha,norm2,Linear SVM,0.5067,0.4931,0.5,0.4714
F_dasm_3d_3area,alpha,norm3,KNN,0.9867,0.6857,0.4,0.4714
F_de_3d_F7,theta,norm2,KNN,0.9867,0.6876,0.6,0.4714
F_peak_3d_C4,all,norm2,XGBoost,0.9133,0.652,0.2,0.4714
F_mean_3d_1area,gamma,norm3,XGBoost,0.58,0.5598,0.5,0.4714
F_peak_3d_8rm,gamma,norm2,XGBoost,0.98,0.7202,0.6,0.4714
F_mean_3d_Fp1,delta,None,KNN,0.9533,0.6975,0.4,0.4714
F_de_3d_F7,theta,norm2,Linear SVM,0.5133,0.5055,0.4,0.4714
F_dasm_3d_3area,alpha,norm2,Random Forest,0.8067,0.5906,0.3,0.4714
F_mean_3d_10rm,theta,norm2,Linear SVM,0.4933,0.4982,0.5,0.4714
F_dasm_3d_3area,alpha,norm2,KNN,0.9867,0.6857,0.4,0.4714
F_de_3d_Fp2,alpha,norm2,XGBoost,0.68,0.5759,0.4,0.4714
F_peak_3d_Fz,beta,norm2,KNN,0.9867,0.6844,0.4,0.4714
F_de_3d_Fp2,beta,None,Ensemble (Majority Vote),0.7267,0.626,0.5,0.4714
F_peak_3d_Fz,theta,None,KNN,0.98,0.697,0.4,0.4714
F_de_3d_Fp2,alpha,norm3,XGBoost,0.68,0.5759,0.4,0.4714
F_median_3d19,gamma,norm2,Linear SVM,0.5267,0.5074,0.3,0.4714
F_mean_3d_1area,gamma,norm2,XGBoost,0.58,0.5598,0.5,0.4714
F_median_3d19,gamma,norm3,KNN,0.9933,0.8582,0.4,0.4714
F_mean_3d_3area,beta,norm2,Linear SVM,0.4867,0.5087,0.6,0.4714
F_peak_3d_3area,theta,norm2,XGBoost,0.7467,0.5975,0.3,0.4714
F_dasm_3d_10rm,theta,norm2,Linear SVM,0.48,0.5007,0.5,0.4714
F_mean_3d_F7,theta,None,Logistic Regression,0.5933,0.5487,0.4,0.4714
F_peak_3d_Fp2,all,norm3,XGBoost,0.8667,0.7143,0.5,0.4714
F_de_3d_Fp1,alpha,norm2,Ensemble (Majority Vote),0.66,0.6034,0.3,0.4714
F_de_3d_3area,gamma,norm2,Ensemble (Majority Vote),0.7533,0.6395,0.5,0.4714
F_dasm_3d_3area,delta,None,Random Forest,0.66,0.5899,0.5,0.4714
F_peak_3d_C4,alpha,None,XGBoost,0.6667,0.5989,0.4,0.4714
F_mean_3d_Fp1,gamma,None,KNN,0.98,0.7016,0.5,0.4714
F_dasm_3d_3area,delta,None,KNN,0.98,0.6924,0.4,0.4714
F_peak_3d_Fz,beta,norm3,KNN,0.9867,0.6844,0.4,0.4714
F_peak_3d_8rm,theta,norm2,Random Forest,0.96,0.7113,0.4,0.4714
F_de_3d_F7,theta,norm3,KNN,0.9867,0.6876,0.6,0.4714
F_mean_3d_1area,all,norm2,Linear SVM,0.5467,0.5014,0.4,0.4714
F_peak_3d_Fp2,gamma,norm3,Ensemble (Majority Vote),0.6533,0.5901,0.5,0.4714
F_mean_3d_Fp1,beta,None,Ensemble (Majority Vote),0.74,0.6225,0.6,0.4714
F_mean_3d_3area,all,None,KNN,1.0,0.8425,0.4,0.4714
F_peak_3d_Fp2,delta,norm2,Linear SVM,0.5267,0.5041,0.5,0.4714
F_mean_3d_3area,all,None,Linear SVM,0.78,0.6779,0.4,0.4714
F_peak_3d_F8,gamma,norm3,Random Forest,0.7533,0.5954,0.4,0.4714
F_peak_3d_Fp2,gamma,norm3,Random Forest,0.78,0.5922,0.4,0.4714
F_peak_3d_Fp2,gamma,norm3,Linear SVM,0.4867,0.508,0.5,0.4714
F_median_3d_10rm,delta,norm3,Linear SVM,0.76,0.6441,0.5,0.4714
F_peak_3d_F8,gamma,norm2,Random Forest,0.7533,0.5954,0.4,0.4714
F_peak_3d_C3,beta,norm2,Random Forest,0.7867,0.591,0.5,0.4714
F_peak_3d_Fp2,gamma,norm2,Random Forest,0.78,0.5922,0.4,0.4714
F_peak_3d_Fp2,delta,norm3,Linear SVM,0.5267,0.5041,0.5,0.4714
F_peak_3d_Fp2,gamma,norm2,Linear SVM,0.4867,0.508,0.5,0.4714
F_peak_3d_Fp2,gamma,norm2,Ensemble (Majority Vote),0.6533,0.5901,0.5,0.4714
F_peak_3d_C3,beta,norm3,Random Forest,0.7867,0.591,0.5,0.4714
F_peak_3d_Fp2,gamma,None,KNN,0.9333,0.697,0.5,0.4714
F_peak_3d_C3,alpha,norm3,XGBoost,0.6667,0.5563,0.5,0.4714
F_dasm_3d19,gamma,None,Logistic Regression,0.6933,0.6239,0.5,0.4714
F_peak_3d_Fp2,theta,norm2,Linear SVM,0.4933,0.4975,0.4,0.4714
F_de_3d_Fp1,alpha,norm3,Ensemble (Majority Vote),0.66,0.6034,0.3,0.4714
F_mean_3d_Fp2,gamma,None,KNN,0.9867,0.697,0.5,0.4714
F_mean_3d_F8,theta,None,XGBoost,0.56,0.5743,0.5,0.4714
F_de_3d_F7,theta,norm3,Linear SVM,0.5133,0.5055,0.4,0.4714
F_dasm_3d_3area,all,norm3,Random Forest,0.8,0.6816,0.6,0.4714
F_mean_3d_Fp1,beta,None,Random Forest,0.7067,0.5894,0.5,0.4714
F_de_3d_Fp2,all,norm2,XGBoost,0.94,0.6664,0.3,0.4714
F_median_3d_10rm,theta,None,Ensemble (Majority Vote),0.88,0.7159,0.4,0.4714
F_dasm_3d_3area,all,norm3,Ensemble (Majority Vote),0.82,0.68,0.5,0.4714
F_peak_3d_Fp2,theta,norm3,Linear SVM,0.4933,0.4975,0.4,0.4714
F_median_3d_10rm,gamma,norm2,XGBoost,0.9867,0.7274,0.5,0.4714
F_de_3d_F3,delta,norm3,Ensemble (Majority Vote),0.7667,0.629,0.4,0.4714
F_de_3d_2area,all,norm3,Ensemble (Majority Vote),0.9,0.7706,0.5,0.4714
F_median_3d_10rm,gamma,norm2,Linear SVM,0.5133,0.5085,0.3,0.4714
F_peak_3d_C3,alpha,norm2,XGBoost,0.6667,0.5563,0.5,0.4714
F_mean_3d_T8,theta,None,Ensemble (Majority Vote),0.74,0.6189,0.4,0.4714
F_mean_3d_1area,alpha,norm2,Random Forest,0.74,0.5876,0.4,0.4714
F_peak_3d_Fz,theta,norm2,KNN,0.9867,0.6834,0.4,0.4714
F_peak_3d_2area,all,None,KNN,1.0,0.8669,0.5,0.4714
F_mean_3d_1area,delta,None,Ensemble (Majority Vote),0.7667,0.6354,0.5,0.4714
F_peak_3d_T8,alpha,norm2,Ensemble (Majority Vote),0.78,0.608,0.4,0.4714
F_peak_3d_2area,delta,norm2,KNN,0.98,0.7021,0.4,0.4714
F_median_3d_2area,theta,norm3,XGBoost,0.7467,0.6005,0.5,0.4714
F_peak_3d_T8,all,norm2,Linear SVM,0.5133,0.509,0.6,0.4714
F_median_3d_2area,theta,norm2,KNN,1.0,0.6979,0.5,0.4714
F_peak_3d_Fp1,gamma,None,KNN,0.96,0.7041,0.3,0.4714
F_mean_3d_2area,beta,norm2,Linear SVM,0.4867,0.5,0.4,0.4714
F_mean_3d_Fp2,all,None,Logistic Regression,0.6267,0.5729,0.6,0.4714
F_peak_3d_2area,beta,norm3,XGBoost,0.7133,0.5906,0.5,0.4714
F_mean_3d_F7,all,norm2,Random Forest,0.9467,0.668,0.6,0.4714
F_peak_3d_T7,theta,None,Random Forest,0.6533,0.5959,0.4,0.4714
F_de_3d_3area,gamma,None,KNN,0.9933,0.7402,0.5,0.4714
F_de_3d_3area,gamma,None,Linear SVM,0.6,0.563,0.5,0.4714
F_median_3d19,alpha,None,Random Forest,0.86,0.7428,0.4,0.4714
F_peak_3d_2area,theta,None,XGBoost,0.74,0.6191,0.4,0.4714
F_peak_3d_T7,gamma,norm3,XGBoost,0.62,0.5414,0.4,0.4714
F_de_3d_1area,theta,None,Ensemble (Majority Vote),0.7333,0.6239,0.3,0.4714
F_mean_3d_F4,theta,norm3,Linear SVM,0.4867,0.4993,0.4,0.4714
F_peak_3d_Fz,theta,norm3,KNN,0.9867,0.6834,0.4,0.4714
F_peak_3d_T8,beta,None,KNN,0.9733,0.6943,0.5,0.4714
F_mean_3d_F4,theta,None,Random Forest,0.6867,0.5899,0.4,0.4714
F_peak_3d_2area,all,norm2,Ensemble (Majority Vote),0.92,0.7237,0.4,0.4714
F_de_3d_3area,theta,None,Logistic Regression,0.5867,0.5752,0.4,0.4714
F_median_3d,theta,norm3,Random Forest,0.86,0.7122,0.5,0.4714
F_mean_3d_F4,theta,norm2,Linear SVM,0.4867,0.4993,0.4,0.4714
F_peak_3d_T8,beta,None,Random Forest,0.6467,0.588,0.5,0.4714
F_peak_3d_F8,beta,norm2,Linear SVM,0.5133,0.4954,0.3,0.4714
F_peak_3d_T8,alpha,norm3,XGBoost,0.6333,0.5506,0.6,0.4714
F_mean_3d_1area,delta,None,Linear SVM,0.5667,0.5375,0.5,0.4714
F_peak_3d_T8,alpha,norm3,Ensemble (Majority Vote),0.78,0.608,0.4,0.4714
F_peak_3d_T8,alpha,norm2,XGBoost,0.6333,0.5506,0.6,0.4714
F_peak_3d_F8,beta,norm3,Linear SVM,0.5133,0.4954,0.3,0.4714
F_median_3d_3area,alpha,None,Logistic Regression,0.6267,0.5736,0.4,0.4714
F_mean_3d_1area,delta,None,Logistic Regression,0.5667,0.537,0.5,0.4714
F_peak_3d_2area,beta,norm2,Random Forest,0.8133,0.597,0.4,0.4714
F_peak_3d_2area,beta,norm3,Logistic Regression,0.4867,0.5147,0.4,0.4714
F_mean_3d_F7,alpha,None,Random Forest,0.7067,0.5915,0.3,0.4714
F_de_3d_F3,alpha,None,Random Forest,0.7,0.6055,0.5,0.4714
F_peak_3d_T7,gamma,norm2,XGBoost,0.62,0.5414,0.4,0.4714
F_peak_3d_T7,alpha,norm2,Ensemble (Majority Vote),0.7867,0.6184,0.5,0.4714
F_mean_3d_Fp1,theta,norm2,Ensemble (Majority Vote),0.7667,0.6184,0.4,0.4714
F_peak_3d_T7,alpha,norm2,Random Forest,0.8133,0.5998,0.5,0.4714
F_median_3d_2area,all,norm3,Random Forest,0.76,0.7117,0.4,0.4714
F_de_3d_Fp2,beta,norm2,Ensemble (Majority Vote),0.6867,0.608,0.4,0.4714
F_peak_3d_Fp1,theta,norm2,KNN,0.98,0.6972,0.6,0.4714
F_median_3d_2area,all,norm3,Ensemble (Majority Vote),0.8533,0.7595,0.6,0.4714
F_mean_3d_1area,alpha,norm3,Random Forest,0.74,0.5876,0.4,0.4714
F_de_3d_Fp1,theta,None,Random Forest,0.7133,0.6055,0.5,0.4714
F_mean_3d_F7,alpha,norm2,KNN,0.9733,0.6832,0.6,0.4714
F_mean_3d_2area,theta,None,KNN,0.9933,0.7078,0.4,0.4714
F_mean_3d_F7,delta,norm2,KNN,0.9667,0.6747,0.4,0.4714
F_dasm_3d19,alpha,norm3,Ensemble (Majority Vote),0.8267,0.7074,0.5,0.4714
F_peak_3d_Fp1,theta,norm3,KNN,0.98,0.6972,0.6,0.4714
F_mean_3d_F7,delta,norm3,KNN,0.9667,0.6747,0.4,0.4714
F_peak_3d_3area,gamma,norm2,Linear SVM,0.4867,0.5069,0.3,0.4714
F_peak_3d_3area,gamma,norm2,Random Forest,0.9133,0.634,0.4,0.4714
F_peak_3d_T7,alpha,norm3,Ensemble (Majority Vote),0.7867,0.6184,0.5,0.4714
F_median_3d_2area,alpha,None,KNN,0.98,0.7108,0.4,0.4714
F_de_3d_Fp1,theta,None,Logistic Regression,0.62,0.5444,0.3,0.4714
F_de_3d_Fp1,theta,None,Linear SVM,0.62,0.5444,0.3,0.4714
F_peak_3d_3area,all,norm2,KNN,0.96,0.7034,0.3,0.4714
F_mean_3d_F7,alpha,norm3,KNN,0.9733,0.6832,0.6,0.4714
F_peak_3d_C3,delta,None,Logistic Regression,0.5733,0.5359,0.4,0.4714
F_dasm_3d_3area,theta,norm3,KNN,0.9733,0.6754,0.6,0.4714
F_peak_3d_3area,alpha,norm2,Linear SVM,0.5267,0.5048,0.5,0.4714
F_mean_3d_Fp1,theta,norm3,Ensemble (Majority Vote),0.7667,0.6184,0.4,0.4714
F_de_3d_Fp2,beta,norm3,Ensemble (Majority Vote),0.6867,0.608,0.4,0.4714
F_dasm_3d19,alpha,None,XGBoost,0.9133,0.7766,0.4,0.4714
F_dasm_3d19,alpha,norm2,Linear SVM,0.5,0.4995,0.3,0.4714
F_de_3d_F3,delta,norm2,Ensemble (Majority Vote),0.7667,0.629,0.4,0.4714
F_peak_3d_F3,all,None,Random Forest,0.7533,0.6837,0.5,0.4714
F_peak_3d_T7,beta,None,KNN,0.9533,0.7023,0.3,0.4714
F_peak_3d_T7,alpha,norm3,Random Forest,0.8133,0.5998,0.5,0.4714
F_dasm_3d_3area,theta,norm2,KNN,0.9733,0.6754,0.6,0.4714
F_median_3d19,delta,None,KNN,1.0,0.8851,0.4,0.4714
F_de_3d_Fp1,delta,None,KNN,0.9733,0.6966,0.5,0.4714
F_rasm_3d,alpha,norm2,Random Forest,0.84,0.7067,0.5,0.4714
F_de_3d_F3,all,norm2,Ensemble (Majority Vote),0.8067,0.6754,0.5,0.4714
F_de_3d,theta,None,Linear SVM,0.7133,0.6462,0.4,0.4714
F_mean_3d_T7,delta,norm2,KNN,0.98,0.6798,0.4,0.4714
F_de_3d,theta,norm2,XGBoost,0.9933,0.7549,0.4,0.4714
F_rasm_3d19,gamma,norm2,Linear SVM,0.5,0.4931,0.3,0.4714
F_median_3d_Cz,all,None,KNN,0.98,0.7363,0.4,0.4714
F_mean_3d_C4,alpha,None,Ensemble (Majority Vote),0.72,0.6211,0.5,0.4714
F_de_3d_10rm,delta,norm3,KNN,0.9933,0.8529,0.6,0.4714
F_rasm_3d_3area,delta,norm2,Random Forest,0.7133,0.6092,0.5,0.4714
F_mean_3d_Cz,theta,norm2,Random Forest,0.8133,0.5968,0.3,0.4714
F_de_3d,theta,norm3,Ensemble (Majority Vote),0.86,0.7453,0.5,0.4714
F_de_3d_T7,theta,norm3,XGBoost,0.6133,0.5448,0.5,0.4714
F_median_3d_F7,gamma,norm2,Ensemble (Majority Vote),0.6667,0.6168,0.3,0.4714
F_de_3d_T8,all,None,Logistic Regression,0.6467,0.6025,0.5,0.4714
F_median_3d_F7,gamma,norm3,Ensemble (Majority Vote),0.6667,0.6168,0.3,0.4714
F_mean_3d_Cz,theta,norm3,Random Forest,0.8133,0.5968,0.3,0.4714
F_rasm_3d_3area,delta,norm3,Random Forest,0.7133,0.6092,0.5,0.4714
F_de_3d_F4,gamma,norm3,XGBoost,0.5867,0.5533,0.5,0.4714
F_mean_3d_T7,delta,norm2,Linear SVM,0.5,0.506,0.5,0.4714
F_de_3d_T8,theta,norm2,Linear SVM,0.52,0.4945,0.5,0.4714
F_de_3d19,gamma,None,KNN,1.0,0.9177,0.4,0.4714
F_de_3d19,gamma,norm2,Linear SVM,0.5133,0.5087,0.5,0.4714
F_de_3d_T8,theta,norm3,XGBoost,0.58,0.5593,0.4,0.4714
F_de_3d_1area,all,norm2,Ensemble (Majority Vote),0.8733,0.6848,0.4,0.4714
F_rasm_3d19,theta,None,Ensemble (Majority Vote),0.9267,0.6931,0.6,0.4714
F_de_3d_10rm,gamma,None,Random Forest,0.8067,0.7108,0.4,0.4714
F_de_3d_T8,theta,norm3,Linear SVM,0.52,0.4945,0.5,0.4714
F_de_3d_T8,theta,norm2,XGBoost,0.58,0.5593,0.4,0.4714
F_peak_3d,all,norm2,Linear SVM,0.5333,0.5133,0.3,0.4714
F_median_3d_Cz,all,norm3,Logistic Regression,0.6,0.5745,0.5,0.4714
F_mean_3d_C4,alpha,norm2,Linear SVM,0.5267,0.5055,0.6,0.4714
F_de_3d_F4,gamma,norm2,XGBoost,0.5867,0.5533,0.5,0.4714
F_de_3d_T7,theta,norm2,XGBoost,0.6133,0.5448,0.5,0.4714
F_mean_3d19,all,norm2,KNN,0.8533,0.7209,0.5,0.4714
F_mean_3d_C4,alpha,norm3,Linear SVM,0.5267,0.5055,0.6,0.4714
F_median_3d_F7,delta,None,Random Forest,0.6867,0.5984,0.5,0.4714
F_de_3d,theta,norm3,XGBoost,0.98,0.8071,0.5,0.4714
F_de_3d_Fz,theta,norm2,KNN,0.9867,0.6766,0.5,0.4714
F_mean_3d_T7,alpha,None,Linear SVM,0.5733,0.5508,0.5,0.4714
F_mean_3d_F3,all,norm2,Ensemble (Majority Vote),0.82,0.6752,0.4,0.4714
F_rasm_3d_3area,gamma,None,Ensemble (Majority Vote),0.6867,0.608,0.3,0.4714
F_rasm_3d_3area,theta,norm3,Random Forest,0.7133,0.6152,0.4,0.4714
F_mean_3d_F3,alpha,norm3,Linear SVM,0.4867,0.4986,0.4,0.4714
F_median_3d_Fp2,gamma,None,KNN,0.94,0.7002,0.6,0.4714
F_median_3d_C4,delta,norm2,Linear SVM,0.4733,0.4975,0.3,0.4714
F_mean_3d_T7,theta,norm2,Ensemble (Majority Vote),0.7067,0.6168,0.5,0.4714
F_de_3d,alpha,norm2,XGBoost,0.9867,0.7361,0.4,0.4714
F_rasm_3d_3area,theta,norm2,Random Forest,0.7133,0.6152,0.4,0.4714
F_median_3d_C4,delta,None,Linear SVM,0.5467,0.5375,0.5,0.4714
F_de_3d,alpha,norm2,Ensemble (Majority Vote),0.9467,0.728,0.4,0.4714
F_median_3d_F3,gamma,norm3,Random Forest,0.7267,0.5915,0.3,0.4714
F_median_3d_C4,beta,norm3,Random Forest,0.7467,0.5885,0.5,0.4714
F_mean_3d_T7,beta,norm3,Linear SVM,0.4733,0.4929,0.6,0.4714
F_peak_3d,theta,norm2,KNN,0.9933,0.7048,0.5,0.4714
F_rasm_3d_8rm,all,None,Ensemble (Majority Vote),0.9667,0.7255,0.5,0.4714
F_median_3d_C4,beta,norm2,Random Forest,0.7467,0.5885,0.5,0.4714
F_peak_3d_F7,theta,None,KNN,0.9733,0.712,0.4,0.4714
F_mean_3d_2area,all,norm3,Linear SVM,0.7067,0.6414,0.5,0.4714
F_mean_3d_T7,alpha,None,Logistic Regression,0.5733,0.5506,0.5,0.4714
F_de_3d_1area,all,norm3,Ensemble (Majority Vote),0.82,0.7044,0.5,0.4714
F_rasm_3d_3area,gamma,norm3,XGBoost,0.7333,0.6103,0.5,0.4714
F_de_3d_C3,all,norm2,XGBoost,0.92,0.6529,0.4,0.4714
F_median_3d_F7,theta,norm2,Linear SVM,0.5,0.5002,0.4,0.4714
F_median_3d_F7,theta,norm2,Random Forest,0.82,0.5954,0.3,0.4714
F_median_3d_C4,gamma,norm3,Linear SVM,0.54,0.508,0.4,0.4714
F_median_3d_F7,theta,norm3,Linear SVM,0.5,0.5002,0.4,0.4714
F_median_3d_F7,theta,norm3,Random Forest,0.82,0.5954,0.3,0.4714
F_mean_3d_3area,gamma,norm3,KNN,0.9733,0.7113,0.5,0.4714
F_median_3d_C4,gamma,norm2,Linear SVM,0.54,0.508,0.4,0.4714
F_rasm_3d_3area,gamma,None,XGBoost,0.62,0.5807,0.4,0.4714
F_rasm_3d19,beta,norm2,Ensemble (Majority Vote),0.92,0.7754,0.5,0.4714
F_mean_3d_F3,alpha,norm2,Linear SVM,0.4867,0.4986,0.4,0.4714
F_rasm_3d_3area,gamma,norm2,XGBoost,0.7333,0.6103,0.5,0.4714
F_de_3d,beta,norm2,KNN,0.9733,0.7338,0.6,0.4714
F_median_3d_Fp2,gamma,norm3,Random Forest,0.7867,0.6009,0.7,0.4714
F_median_3d_C4,delta,norm3,Linear SVM,0.4733,0.4975,0.3,0.4714
F_median_3d_Fp2,gamma,norm2,Random Forest,0.7867,0.6009,0.7,0.4714
F_de_3d_Cz,alpha,norm3,XGBoost,0.6133,0.5501,0.5,0.4714
F_median_3d_F7,alpha,None,Logistic Regression,0.6267,0.551,0.5,0.4714
F_rasm_3d_8rm,all,norm3,Random Forest,0.82,0.7384,0.5,0.4714
F_median_3d_F4,alpha,None,Ensemble (Majority Vote),0.6667,0.606,0.4,0.4714
F_mean_3d_T7,delta,norm3,KNN,0.98,0.6798,0.4,0.4714
F_mean_3d_Cz,alpha,None,XGBoost,0.7467,0.5926,0.5,0.4714
F_rasm_3d_3area,all,None,KNN,0.9867,0.7152,0.3,0.4714
F_median_3d_T8,all,norm2,Ensemble (Majority Vote),0.8533,0.6775,0.5,0.4714
F_median_3d_T8,all,norm2,Linear SVM,0.5267,0.5122,0.5,0.4714
F_median_3d_T7,beta,None,Logistic Regression,0.6333,0.5598,0.5,0.4714
F_rasm_3d_3area,all,None,Random Forest,0.8067,0.6605,0.4,0.4714
F_peak_3d_F8,all,norm2,Random Forest,0.96,0.6674,0.4,0.4714
F_mean_3d_Cz,alpha,None,Ensemble (Majority Vote),0.82,0.6317,0.4,0.4714
F_mean_3d_C4,gamma,None,KNN,0.98,0.706,0.4,0.4714
F_de_3d19,alpha,norm3,KNN,0.9933,0.8825,0.5,0.4714
F_de_3d_10rm,theta,norm2,KNN,0.9933,0.7147,0.3,0.4714
F_de_3d_T7,delta,norm2,Linear SVM,0.4933,0.5005,0.4,0.4714
F_peak_3d_F4,gamma,norm3,Linear SVM,0.5,0.5044,0.4,0.4714
F_median_3d_T7,all,norm2,XGBoost,0.9533,0.6543,0.4,0.4714
F_rasm_3d_10rm,beta,norm2,Linear SVM,0.5067,0.5076,0.4,0.4714
F_median_3d_T8,all,None,Ensemble (Majority Vote),0.8067,0.6887,0.3,0.4714
F_peak_3d_F4,gamma,norm2,Linear SVM,0.5,0.5044,0.4,0.4714
F_median_3d_F7,alpha,None,Linear SVM,0.62,0.5503,0.5,0.4714
F_de_3d_Cz,all,None,XGBoost,0.92,0.7166,0.4,0.4714
F_median_3d_F3,gamma,norm2,Random Forest,0.7267,0.5915,0.3,0.4714
F_de_3d_8rm,theta,None,KNN,0.9933,0.7913,0.5,0.4714
F_median_3d_F3,gamma,norm2,Ensemble (Majority Vote),0.6333,0.5931,0.5,0.4714
F_dasm_3d,beta,norm2,Ensemble (Majority Vote),0.88,0.672,0.5,0.4714
F_mean_3d_T7,delta,norm3,Linear SVM,0.5,0.506,0.5,0.4714
F_median_3d_F3,theta,None,Random Forest,0.6333,0.5926,0.5,0.4714
F_dasm_3d,beta,norm2,Linear SVM,0.5533,0.5025,0.5,0.4714
F_median_3d_F3,delta,norm3,Ensemble (Majority Vote),0.64,0.611,0.4,0.4714
F_de_3d_Cz,all,norm3,Logistic Regression,0.6067,0.5726,0.4,0.4714
F_de_3d_8rm,theta,norm2,Linear SVM,0.52,0.5,0.3,0.4714
F_rasm_3d_10rm,theta,None,KNN,0.9667,0.697,0.5,0.4714
F_median_3d_T7,theta,None,XGBoost,0.66,0.5894,0.5,0.4714
F_median_3d_F3,delta,norm2,Ensemble (Majority Vote),0.64,0.611,0.4,0.4714
F_de_3d_F4,delta,None,Ensemble (Majority Vote),0.6267,0.6011,0.4,0.4714
F_median_3d_F4,all,None,KNN,0.9733,0.7522,0.4,0.4714
F_de_3d_Cz,all,norm3,Linear SVM,0.6,0.5708,0.4,0.4714
F_median_3d_F3,all,norm2,KNN,0.9933,0.7011,0.4,0.4714
F_de_3d_C3,beta,norm3,Random Forest,0.84,0.592,0.3,0.4714
F_mean_3d_Cz,beta,norm2,Ensemble (Majority Vote),0.6067,0.5878,0.4,0.4714
F_median_3d_Cz,delta,norm3,Random Forest,0.7133,0.5899,0.5,0.4714
F_de_3d_Cz,delta,None,Ensemble (Majority Vote),0.7533,0.6264,0.5,0.4714
F_rasm_3d_10rm,alpha,None,Random Forest,0.76,0.6382,0.4,0.4714
F_rasm_3d_3area,beta,None,Linear SVM,0.4667,0.4906,0.6,0.4714
F_mean_3d_C4,beta,norm2,Linear SVM,0.4667,0.4975,0.3,0.4714
F_de_3d_3area,beta,norm2,XGBoost,0.8467,0.6193,0.5,0.4714
F_mean_3d_8rm,all,None,Logistic Regression,0.8733,0.7375,0.4,0.4714
F_mean_3d_8rm,all,None,Linear SVM,0.9267,0.7529,0.5,0.4714
F_de_3d_10rm,theta,norm3,XGBoost,0.94,0.7697,0.5,0.4714
F_mean_3d,alpha,norm2,Linear SVM,0.5067,0.5074,0.4,0.4714
F_median_3d_Cz,delta,norm2,Random Forest,0.7133,0.5899,0.5,0.4714
F_mean_3d,theta,None,Logistic Regression,0.7467,0.6331,0.5,0.4714
F_median_3d_Cz,delta,None,KNN,0.98,0.6975,0.2,0.4714
F_median_3d_F7,all,norm2,Ensemble (Majority Vote),0.8467,0.6772,0.4,0.4714
F_mean_3d,theta,norm3,Ensemble (Majority Vote),0.8533,0.7384,0.4,0.4714
F_de_3d_Fz,theta,norm3,KNN,0.9867,0.6766,0.5,0.4714
F_median_3d_F7,all,norm2,Random Forest,0.96,0.6754,0.6,0.4714
F_median_3d_Cz,theta,None,Linear SVM,0.56,0.5421,0.5,0.4714
F_median_3d_F4,theta,norm3,Ensemble (Majority Vote),0.7533,0.612,0.5,0.4714
F_rasm_3d_3area,beta,None,Ensemble (Majority Vote),0.74,0.6168,0.5,0.4714
F_median_3d_F4,theta,norm2,Ensemble (Majority Vote),0.7533,0.612,0.5,0.4714
F_de_3d_T7,delta,norm3,Linear SVM,0.4933,0.5005,0.4,0.4714
F_median_3d_Fz,theta,norm3,Ensemble (Majority Vote),0.6467,0.6062,0.4,0.4714
F_median_3d_F3,all,None,KNN,0.9733,0.7423,0.4,0.4714
F_de_3d_Cz,alpha,norm2,XGBoost,0.6133,0.5501,0.5,0.4714
F_median_3d_T8,beta,norm2,Random Forest,0.8,0.592,0.5,0.4714
F_mean_3d_Cz,beta,norm3,Ensemble (Majority Vote),0.6067,0.5878,0.4,0.4714
F_median_3d_Fz,theta,norm2,Ensemble (Majority Vote),0.6467,0.6062,0.4,0.4714
F_mean_3d_C4,beta,norm3,Random Forest,0.7133,0.5828,0.4,0.4714
F_mean_3d_C4,beta,norm3,Linear SVM,0.4667,0.4975,0.3,0.4714
F_median_3d_T8,beta,norm3,Random Forest,0.8,0.592,0.5,0.4714
F_median_3d_Cz,theta,None,Logistic Regression,0.56,0.5418,0.5,0.4714
F_de_3d_C3,beta,norm2,Random Forest,0.84,0.592,0.3,0.4714
F_de_3d19,alpha,None,XGBoost,1.0,0.8963,0.5,0.4714
F_mean_3d_C4,beta,norm2,Random Forest,0.7133,0.5828,0.4,0.4714
F_mean_3d_T7,gamma,None,XGBoost,0.6133,0.5841,0.5,0.4714
F_peak_3d19,all,None,Ensemble (Majority Vote),1.0,0.9717,0.6,0.4714
F_median_3d_F3,gamma,norm3,Ensemble (Majority Vote),0.6333,0.5931,0.5,0.4714
F_mean_3d_C3,beta,norm3,Linear SVM,0.52,0.5018,0.4,0.4714
F_de_3d_Fz,delta,norm3,Ensemble (Majority Vote),0.78,0.6106,0.4,0.4714
F_de_3d_10rm,beta,None,KNN,1.0,0.8616,0.4,0.4714
F_de_3d_10rm,all,norm2,Random Forest,0.9867,0.8356,0.3,0.4714
F_mean_3d_F3,delta,norm3,Linear SVM,0.5333,0.5062,0.4,0.4714
F_rasm_3d,theta,norm3,Ensemble (Majority Vote),0.88,0.6991,0.5,0.4714
F_mean_3d_T7,alpha,norm2,Linear SVM,0.5,0.5028,0.5,0.4714
F_median_3d_C3,theta,None,Random Forest,0.6667,0.6,0.6,0.4714
F_dasm_3d_8rm,gamma,norm3,XGBoost,0.78,0.632,0.5,0.4714
F_rasm_3d,delta,None,XGBoost,0.8867,0.6903,0.4,0.4714
F_rasm_3d_8rm,delta,norm2,Random Forest,0.82,0.6706,0.5,0.4714
F_rasm_3d_8rm,beta,None,Linear SVM,0.4867,0.486,0.4,0.4714
F_mean_3d_C3,beta,norm2,KNN,0.9867,0.6848,0.5,0.4714
F_rasm_3d19,all,norm3,Logistic Regression,0.72,0.5952,0.6,0.4714
F_median_3d_C3,alpha,None,KNN,0.9667,0.6952,0.4,0.4714
F_rasm_3d_8rm,delta,norm2,KNN,0.9933,0.7297,0.4,0.4714
F_de_3d_Fz,delta,norm3,XGBoost,0.5533,0.5366,0.5,0.4714
F_de_3d_3area,alpha,None,Linear SVM,0.62,0.5784,0.5,0.4714
F_rasm_3d,gamma,norm2,KNN,1.0,0.7384,0.4,0.4714
F_median_3d_Fp1,theta,norm3,Ensemble (Majority Vote),0.7533,0.6168,0.5,0.4714
F_mean_3d_F3,gamma,norm3,KNN,0.9867,0.6851,0.3,0.4714
F_mean_3d_F3,gamma,norm3,XGBoost,0.6133,0.5623,0.5,0.4714
F_de_3d_Fz,delta,norm2,XGBoost,0.5533,0.5366,0.5,0.4714
F_median_3d_C3,all,norm3,Linear SVM,0.6533,0.5989,0.4,0.4714
F_rasm_3d_8rm,gamma,None,Logistic Regression,0.5067,0.5124,0.3,0.4714
F_de_3d_F7,alpha,None,Linear SVM,0.5667,0.5285,0.4,0.4714
F_median_3d_C4,all,None,Logistic Regression,0.66,0.611,0.5,0.4714
F_mean_3d_F3,delta,norm2,Linear SVM,0.5333,0.5062,0.4,0.4714
F_de_3d_Fz,delta,norm2,Ensemble (Majority Vote),0.78,0.6106,0.4,0.4714
F_de_3d_F7,alpha,None,Logistic Regression,0.5667,0.5292,0.4,0.4714
F_median_3d_Fp2,all,None,Logistic Regression,0.6133,0.5908,0.6,0.4714
F_dasm_3d,alpha,None,Linear SVM,0.6867,0.5943,0.5,0.4714
F_median_3d_F8,theta,None,Random Forest,0.66,0.5929,0.4,0.4714
F_median_3d_C4,all,norm3,Linear SVM,0.6333,0.6032,0.5,0.4714
F_median_3d_F8,gamma,norm3,KNN,0.9733,0.6862,0.5,0.4714
F_de_3d_Fp1,all,None,Logistic Regression,0.6933,0.6175,0.4,0.4714
F_dasm_3d,all,norm2,XGBoost,1.0,0.8595,0.5,0.4714
F_de_3d_F4,alpha,None,Ensemble (Majority Vote),0.6867,0.6099,0.5,0.4714
F_de_3d_C3,alpha,norm3,XGBoost,0.5867,0.5464,0.4,0.4714
F_median_3d_F8,gamma,norm2,KNN,0.9733,0.6862,0.5,0.4714
F_peak_3d19,delta,norm3,Logistic Regression,0.8067,0.7055,0.5,0.4714
F_rasm_3d_8rm,delta,norm3,KNN,0.9733,0.7451,0.5,0.4714
F_mean_3d19,alpha,norm3,KNN,0.9867,0.8428,0.4,0.4714
F_peak_3d_10rm,all,norm2,Linear SVM,0.48,0.5055,0.4,0.4714
F_rasm_3d19,alpha,norm2,KNN,0.9933,0.7386,0.4,0.4714
F_mean_3d_T8,all,None,Ensemble (Majority Vote),0.7733,0.6802,0.3,0.4714
F_de_3d_F7,all,norm3,KNN,0.9733,0.7526,0.5,0.4714
F_peak_3d_F4,alpha,None,Random Forest,0.7,0.603,0.4,0.4714
F_rasm_3d,theta,None,KNN,0.9667,0.7005,0.5,0.4714
F_mean_3d_C3,beta,norm2,Linear SVM,0.52,0.5018,0.4,0.4714
F_de_3d_C3,all,norm3,Random Forest,0.7733,0.6851,0.4,0.4714
F_peak_3d19,all,norm3,Logistic Regression,1.0,0.9182,0.6,0.4714
F_mean_3d_F3,gamma,norm2,XGBoost,0.6133,0.5623,0.5,0.4714
F_mean_3d_F3,gamma,norm2,KNN,0.9867,0.6851,0.3,0.4714
F_peak_3d19,all,norm2,Random Forest,0.9867,0.8593,0.4,0.4714
F_mean_3d_F3,theta,norm3,Random Forest,0.78,0.5906,0.4,0.4714
F_mean_3d_8rm,gamma,norm2,KNN,0.98,0.6977,0.4,0.4714
F_mean_3d_T7,theta,norm3,Ensemble (Majority Vote),0.7067,0.6168,0.5,0.4714
F_mean_3d_T7,beta,None,XGBoost,0.6667,0.5848,0.4,0.4714
F_peak_3d19,theta,norm2,Random Forest,0.9467,0.7306,0.5,0.4714
F_de_3d_C3,alpha,norm3,Ensemble (Majority Vote),0.7133,0.6223,0.6,0.4714
F_mean_3d19,delta,None,Random Forest,0.8333,0.7274,0.4,0.4714
F_median_3d_Fp1,theta,norm2,Ensemble (Majority Vote),0.7533,0.6168,0.5,0.4714
F_mean_3d_T7,beta,norm2,Linear SVM,0.4733,0.4929,0.6,0.4714
F_median_3d_Fp1,alpha,norm3,XGBoost,0.7067,0.5674,0.4,0.4714
F_peak_3d_F8,all,norm2,Linear SVM,0.5267,0.5021,0.4,0.4714
F_de_3d_C3,alpha,norm2,Ensemble (Majority Vote),0.7133,0.6223,0.6,0.4714
F_de_3d_C3,alpha,norm2,XGBoost,0.5867,0.5464,0.4,0.4714
F_peak_3d19,all,norm3,XGBoost,1.0,0.9963,0.5,0.4714
F_de_3d_F7,alpha,None,Ensemble (Majority Vote),0.6733,0.6175,0.6,0.4714
F_median_3d_Fp2,alpha,norm3,Linear SVM,0.54,0.5087,0.5,0.4714
F_mean_3d_F3,theta,norm2,Random Forest,0.78,0.5906,0.4,0.4714
F_de_3d_10rm,beta,norm2,Linear SVM,0.52,0.5074,0.3,0.4714
F_mean_3d_C3,all,norm3,Ensemble (Majority Vote),0.8067,0.688,0.5,0.4714
F_de_3d_F7,alpha,None,XGBoost,0.6133,0.5839,0.4,0.4714
F_mean_3d_C3,beta,norm3,KNN,0.9867,0.6848,0.5,0.4714
F_mean_3d_T7,alpha,norm3,Linear SVM,0.5,0.5028,0.5,0.4714
F_median_3d_Fp1,alpha,norm2,XGBoost,0.7067,0.5674,0.4,0.4714
F_dasm_3d_10rm,alpha,norm2,XGBoost,0.9067,0.6333,0.4,0.4714
F_rasm_3d,theta,None,Logistic Regression,0.5733,0.5207,0.5,0.4714
F_mean_3d19,delta,norm2,Random Forest,0.92,0.7172,0.3,0.4714
F_median_3d_Fp2,alpha,norm2,Linear SVM,0.54,0.5087,0.5,0.4714
F_rasm_3d19,alpha,None,KNN,0.9867,0.7195,0.6,0.4714
F_peak_3d_F7,alpha,None,XGBoost,0.6,0.5766,0.5,0.4571
F_de_3d_C3,beta,norm2,XGBoost,0.64,0.5545,0.4,0.4571
F_de_3d19,delta,norm3,Random Forest,0.9,0.7641,0.3,0.4571
F_mean_3d_C4,delta,None,Linear SVM,0.5533,0.5329,0.5,0.4571
F_median_3d_F4,delta,norm3,Linear SVM,0.5067,0.5023,0.4,0.4571
F_mean_3d_8rm,delta,None,KNN,0.9933,0.8009,0.3,0.4571
F_dasm_3d,alpha,norm3,Logistic Regression,0.6667,0.592,0.4,0.4571
F_median_3d_Fp1,all,norm2,Ensemble (Majority Vote),0.86,0.663,0.5,0.4571
F_dasm_3d,all,norm2,Random Forest,1.0,0.8308,0.4,0.4571
F_median_3d_F4,delta,norm2,Linear SVM,0.5067,0.5023,0.4,0.4571
F_dasm_3d,alpha,norm3,Linear SVM,0.6733,0.5913,0.4,0.4571
F_rasm_3d_3area,alpha,norm3,Ensemble (Majority Vote),0.84,0.6726,0.5,0.4571
F_mean_3d_T7,delta,norm3,Ensemble (Majority Vote),0.6333,0.6055,0.4,0.4571
F_de_3d_2area,gamma,norm3,Ensemble (Majority Vote),0.7133,0.631,0.4,0.4571
F_mean_3d_C4,delta,norm3,KNN,0.9867,0.7018,0.5,0.4571
F_mean_3d_C4,delta,None,Logistic Regression,0.56,0.5333,0.5,0.4571
F_mean_3d_Fp2,delta,norm3,Linear SVM,0.5133,0.5014,0.4,0.4571
F_de_3d_2area,theta,None,Ensemble (Majority Vote),0.7267,0.6421,0.6,0.4571
F_dasm_3d_10rm,alpha,norm3,Ensemble (Majority Vote),0.7733,0.6483,0.3,0.4571
F_mean_3d_C4,delta,None,KNN,0.98,0.694,0.2,0.4571
F_rasm_3d_3area,alpha,norm2,Ensemble (Majority Vote),0.84,0.6726,0.5,0.4571
F_peak_3d_Cz,delta,None,Random Forest,0.68,0.5936,0.4,0.4571
F_mean_3d_C4,delta,norm2,KNN,0.9867,0.7018,0.5,0.4571
F_de_3d_F8,all,norm3,Ensemble (Majority Vote),0.7533,0.6641,0.4,0.4571
F_peak_3d_Cz,delta,None,XGBoost,0.6667,0.5816,0.4,0.4571
F_mean_3d_T8,gamma,norm3,XGBoost,0.6133,0.5609,0.3,0.4571
F_mean_3d_Fp1,all,norm2,Ensemble (Majority Vote),0.82,0.6671,0.4,0.4571
F_median_3d_F4,alpha,norm2,XGBoost,0.5333,0.546,0.5,0.4571
F_peak_3d_F7,alpha,None,Random Forest,0.6,0.5779,0.4,0.4571
F_de_3d_C3,gamma,norm3,XGBoost,0.58,0.5577,0.4,0.4571
F_mean_3d_C3,all,norm3,XGBoost,0.8533,0.708,0.5,0.4571
F_median_3d_F4,all,norm2,Random Forest,0.9333,0.6738,0.3,0.4571
F_median_3d_Fp1,alpha,norm2,KNN,0.9867,0.7016,0.4,0.4571
F_median_3d_10rm,theta,norm3,Logistic Regression,0.7133,0.6202,0.5,0.4571
F_median_3d_Fp1,alpha,norm2,Random Forest,0.8067,0.5933,0.5,0.4571
F_de_3d_T7,beta,None,XGBoost,0.6,0.5789,0.5,0.4571
F_median_3d_F4,all,None,Linear SVM,0.6333,0.6,0.4,0.4571
F_peak_3d_8rm,theta,norm2,Ensemble (Majority Vote),0.8267,0.6995,0.5,0.4571
F_de_3d_F7,theta,norm3,Ensemble (Majority Vote),0.6333,0.6161,0.5,0.4571
F_dasm_3d,beta,None,Linear SVM,0.6467,0.5818,0.4,0.4571
F_de_3d_F8,beta,norm3,KNN,0.9733,0.6816,0.4,0.4571
F_de_3d_F4,beta,norm3,Linear SVM,0.5067,0.5044,0.5,0.4571
F_mean_3d_3area,all,norm3,Random Forest,0.86,0.7499,0.5,0.4571
F_median_3d_Fp1,alpha,norm3,KNN,0.9867,0.7016,0.4,0.4571
F_de_3d_2area,theta,norm2,Ensemble (Majority Vote),0.6733,0.628,0.5,0.4571
F_median_3d_1area,all,norm2,Linear SVM,0.5133,0.5126,0.4,0.4571
F_median_3d_T7,delta,norm2,Random Forest,0.7933,0.5855,0.6,0.4571
F_median_3d_Fp1,alpha,norm3,Random Forest,0.8067,0.5933,0.5,0.4571
F_dasm_3d,beta,None,Logistic Regression,0.6467,0.5782,0.4,0.4571
F_mean_3d_T7,alpha,norm3,KNN,0.9867,0.6885,0.5,0.4571
F_de_3d_8rm,theta,None,Random Forest,0.8667,0.689,0.5,0.4571
F_mean_3d_3area,alpha,None,Linear SVM,0.6267,0.5694,0.4,0.4571
F_median_3d,alpha,norm2,Linear SVM,0.5333,0.5085,0.2,0.4571
F_median_3d_T7,delta,norm3,Random Forest,0.7933,0.5855,0.6,0.4571
F_de_3d_F7,theta,norm2,Ensemble (Majority Vote),0.6333,0.6161,0.5,0.4571
F_rasm_3d_10rm,gamma,norm3,KNN,0.9667,0.7501,0.4,0.4571
F_de_3d19,beta,norm2,Random Forest,0.9867,0.7566,0.6,0.4571
F_de_3d_F7,theta,None,Random Forest,0.6467,0.608,0.4,0.4571
F_de_3d_T8,beta,norm2,Random Forest,0.76,0.5938,0.4,0.4571
F_median_3d_Fp1,alpha,None,Random Forest,0.7267,0.608,0.4,0.4571
F_mean_3d_F8,theta,norm3,XGBoost,0.56,0.551,0.5,0.4571
F_median_3d_T7,alpha,norm2,XGBoost,0.5667,0.5359,0.4,0.4571
F_de_3d_Fp1,delta,None,Random Forest,0.68,0.6039,0.5,0.4571
F_rasm_3d_8rm,gamma,None,Linear SVM,0.5067,0.508,0.4,0.4571
F_peak_3d_Fp1,all,norm2,Ensemble (Majority Vote),0.84,0.6775,0.4,0.4571
F_mean_3d_Fp2,gamma,None,Ensemble (Majority Vote),0.7,0.6308,0.5,0.4571
F_de_3d_C3,beta,norm3,XGBoost,0.64,0.5545,0.4,0.4571
F_peak_3d_F4,gamma,norm2,XGBoost,0.5667,0.5531,0.4,0.4571
F_median_3d_10rm,gamma,norm3,Ensemble (Majority Vote),0.84,0.7232,0.5,0.4571
F_median_3d_F4,alpha,norm3,XGBoost,0.5333,0.546,0.5,0.4571
F_peak_3d_C3,alpha,None,Ensemble (Majority Vote),0.7067,0.6099,0.5,0.4571
F_de_3d_2area,theta,None,XGBoost,0.7467,0.6333,0.5,0.4571
F_median_3d_F4,alpha,norm3,Ensemble (Majority Vote),0.74,0.6131,0.5,0.4571
F_mean_3d_F8,theta,norm3,Ensemble (Majority Vote),0.7067,0.6085,0.6,0.4571
F_median_3d_10rm,gamma,norm3,KNN,0.9933,0.7885,0.4,0.4571
F_mean_3d_F8,theta,norm2,XGBoost,0.56,0.551,0.5,0.4571
F_de_3d_C3,delta,None,KNN,0.98,0.7046,0.3,0.4571
F_median_3d_F4,alpha,norm2,Ensemble (Majority Vote),0.74,0.6131,0.5,0.4571
F_de_3d_F4,beta,norm2,Linear SVM,0.5067,0.5044,0.5,0.4571
F_median_3d_T7,alpha,norm3,XGBoost,0.5667,0.5359,0.4,0.4571
F_median_3d_T7,beta,None,Ensemble (Majority Vote),0.6867,0.5961,0.4,0.4571
F_dasm_3d_10rm,delta,norm3,Linear SVM,0.58,0.5616,0.4,0.4571
F_peak_3d_Fp1,all,None,KNN,0.9667,0.7931,0.5,0.4571
F_de_3d_10rm,alpha,norm2,XGBoost,0.9867,0.7216,0.3,0.4571
F_median_3d_T7,beta,None,Random Forest,0.6667,0.5887,0.4,0.4571
F_median_3d_10rm,theta,norm2,Linear SVM,0.5,0.4986,0.3,0.4571
F_mean_3d_T8,gamma,norm2,XGBoost,0.6133,0.5609,0.3,0.4571
F_de_3d_10rm,alpha,norm2,Random Forest,0.9667,0.7002,0.5,0.4571
F_mean_3d_F8,theta,norm2,Ensemble (Majority Vote),0.7067,0.6085,0.6,0.4571
F_de_3d_10rm,alpha,norm2,Linear SVM,0.5267,0.5048,0.4,0.4571
F_peak_3d_Cz,beta,norm3,Ensemble (Majority Vote),0.76,0.6057,0.5,0.4571
F_de_3d_Fp1,beta,None,Linear SVM,0.5267,0.5216,0.4,0.4571
F_mean_3d_Fp1,alpha,norm2,Linear SVM,0.5133,0.5076,0.4,0.4571
F_de_3d_10rm,beta,norm2,Ensemble (Majority Vote),0.94,0.734,0.3,0.4571
F_median_3d_Fp2,gamma,norm2,XGBoost,0.6,0.5671,0.4,0.4571
F_rasm_3d_3area,gamma,norm3,Linear SVM,0.5133,0.4952,0.4,0.4571
F_mean_3d_C4,all,None,Ensemble (Majority Vote),0.7733,0.6623,0.5,0.4571
F_median_3d_F8,delta,norm3,KNN,0.9867,0.6839,0.3,0.4571
F_peak_3d_Fp1,theta,norm2,Linear SVM,0.4867,0.4947,0.4,0.4571
F_median_3d_F8,delta,norm3,Linear SVM,0.5133,0.4961,0.4,0.4571
F_median_3d_Fp2,gamma,norm3,XGBoost,0.6,0.5671,0.4,0.4571
F_mean_3d_1area,delta,norm2,Ensemble (Majority Vote),0.7533,0.6161,0.5,0.4571
F_rasm_3d_3area,gamma,norm2,Linear SVM,0.5133,0.4952,0.4,0.4571
F_de_3d_Fp1,beta,None,Logistic Regression,0.52,0.5221,0.4,0.4571
F_peak_3d_Fp1,theta,norm3,Linear SVM,0.4867,0.4947,0.4,0.4571
F_mean_3d_T7,beta,None,Logistic Regression,0.6133,0.5586,0.5,0.4571
F_mean_3d_T7,alpha,norm2,KNN,0.9867,0.6885,0.5,0.4571
F_mean_3d_Fp2,delta,None,Random Forest,0.7067,0.5954,0.6,0.4571
F_median_3d_F8,delta,norm2,KNN,0.9867,0.6839,0.3,0.4571
F_dasm_3d19,theta,norm2,Linear SVM,0.5067,0.5138,0.3,0.4571
F_de_3d_C4,all,None,KNN,0.9933,0.7667,0.4,0.4571
F_de_3d_C3,theta,norm2,Ensemble (Majority Vote),0.7,0.6069,0.4,0.4571
F_median_3d,all,norm2,Linear SVM,0.5267,0.5099,0.2,0.4571
F_median_3d,theta,None,Linear SVM,0.74,0.6361,0.4,0.4571
F_mean_3d_Fp2,delta,norm2,Linear SVM,0.5133,0.5014,0.4,0.4571
F_de_3d_F8,alpha,None,XGBoost,0.6333,0.5871,0.5,0.4571
F_dasm_3d19,theta,norm2,Ensemble (Majority Vote),0.9333,0.7103,0.4,0.4571
F_de_3d19,theta,norm2,KNN,0.9867,0.7301,0.3,0.4571
F_peak_3d_Fp2,all,norm2,KNN,0.9933,0.7057,0.2,0.4571
F_mean_3d_T7,beta,None,Linear SVM,0.6267,0.5575,0.5,0.4571
F_peak_3d_Fp2,all,norm2,Linear SVM,0.52,0.5048,0.3,0.4571
F_median_3d,theta,None,Ensemble (Majority Vote),0.9,0.7326,0.4,0.4571
F_median_3d_F8,delta,norm2,Linear SVM,0.5133,0.4961,0.4,0.4571
F_median_3d19,delta,None,Random Forest,0.8333,0.7352,0.4,0.4571
F_median_3d_F7,gamma,norm3,XGBoost,0.6267,0.5623,0.5,0.4571
F_de_3d_T8,all,norm3,Linear SVM,0.6467,0.6041,0.3,0.4571
F_median_3d_F8,alpha,norm3,Linear SVM,0.4667,0.4945,0.3,0.4571
F_mean_3d_2area,all,norm3,Logistic Regression,0.7,0.6356,0.5,0.4571
F_peak_3d_F4,theta,norm3,Random Forest,0.7067,0.5897,0.3,0.4571
F_median_3d_F8,alpha,norm2,Linear SVM,0.4667,0.4945,0.3,0.4571
F_de_3d_C4,all,None,Random Forest,0.7867,0.6561,0.4,0.4571
F_mean_3d_2area,gamma,norm3,Linear SVM,0.5467,0.5232,0.4,0.4571
F_mean_3d_2area,gamma,norm3,Logistic Regression,0.5467,0.5248,0.4,0.4571
F_dasm_3d,alpha,norm2,KNN,0.9733,0.6851,0.5,0.4571
F_peak_3d_F3,all,None,KNN,0.98,0.7779,0.5,0.4571
F_median_3d_Fp2,delta,None,Random Forest,0.68,0.5989,0.6,0.4571
F_peak_3d_F4,theta,norm3,Linear SVM,0.52,0.5011,0.4,0.4571
F_de_3d_3area,all,None,XGBoost,0.9933,0.883,0.4,0.4571
F_median_3d_F8,alpha,None,KNN,0.9733,0.6938,0.4,0.4571
F_peak_3d_C4,theta,None,XGBoost,0.6267,0.5839,0.4,0.4571
F_de_3d_10rm,delta,norm2,XGBoost,0.9533,0.7097,0.3,0.4571
F_peak_3d_F7,alpha,norm3,Ensemble (Majority Vote),0.6467,0.5883,0.6,0.4571
F_peak_3d_F4,theta,norm2,Random Forest,0.7067,0.5897,0.3,0.4571
F_median_3d19,all,None,Random Forest,0.9467,0.8347,0.5,0.4571
F_median_3d19,beta,None,Linear SVM,0.7733,0.6818,0.4,0.4571
F_median_3d_F8,delta,None,Linear SVM,0.6533,0.5554,0.4,0.4571
F_median_3d_F8,delta,None,Logistic Regression,0.6533,0.5559,0.4,0.4571
F_peak_3d_F3,all,None,XGBoost,0.8867,0.7363,0.6,0.4571
F_peak_3d_F4,theta,norm2,Linear SVM,0.52,0.5011,0.4,0.4571
F_median_3d,theta,norm3,XGBoost,0.98,0.7917,0.5,0.4571
F_de_3d_C4,all,None,XGBoost,0.9133,0.7163,0.4,0.4571
F_median_3d19,beta,norm2,XGBoost,1.0,0.7986,0.3,0.4571
F_mean_3d_8rm,gamma,None,Ensemble (Majority Vote),0.8667,0.714,0.5,0.4571
F_rasm_3d_3area,theta,None,KNN,0.98,0.6963,0.3,0.4571
F_rasm_3d_3area,delta,norm3,KNN,0.96,0.7064,0.4,0.4571
F_peak_3d_Fp2,all,norm3,KNN,0.9733,0.754,0.4,0.4571
F_dasm_3d_3area,all,norm2,Ensemble (Majority Vote),0.9,0.6816,0.6,0.4571
F_peak_3d_Fp1,alpha,None,Logistic Regression,0.52,0.5225,0.5,0.4571
F_median_3d_Fz,beta,None,Linear SVM,0.5533,0.5186,0.4,0.4571
F_mean_3d_1area,all,norm3,KNN,0.9733,0.7747,0.4,0.4571
F_mean_3d_Fp1,beta,norm3,KNN,0.9667,0.6828,0.4,0.4571
F_mean_3d_2area,theta,norm3,Random Forest,0.7733,0.6228,0.4,0.4571
F_de_3d_3area,beta,norm2,Random Forest,0.84,0.6354,0.3,0.4571
F_peak_3d_Fp1,alpha,None,Random Forest,0.7067,0.5991,0.4,0.4571
F_mean_3d_Fp1,beta,norm2,KNN,0.9667,0.6828,0.4,0.4571
F_de_3d_T8,theta,norm3,KNN,0.9867,0.6903,0.3,0.4571
F_peak_3d_F7,alpha,norm2,Ensemble (Majority Vote),0.6467,0.5883,0.6,0.4571
F_de_3d_Fp1,delta,norm3,Linear SVM,0.52,0.5021,0.3,0.4571
F_de_3d_T8,beta,norm3,Random Forest,0.76,0.5938,0.4,0.4571
F_mean_3d_1area,theta,None,Ensemble (Majority Vote),0.7133,0.6278,0.5,0.4571
F_peak_3d_F4,gamma,norm3,XGBoost,0.5667,0.5531,0.4,0.4571
F_peak_3d_Fp1,alpha,None,Linear SVM,0.52,0.5234,0.5,0.4571
F_peak_3d_C3,theta,norm2,Linear SVM,0.5,0.4975,0.4,0.4571
F_de_3d_2area,gamma,norm2,Linear SVM,0.5,0.5018,0.5,0.4571
F_de_3d_Fp1,delta,norm2,Linear SVM,0.52,0.5021,0.3,0.4571
F_peak_3d_Cz,beta,norm2,Ensemble (Majority Vote),0.76,0.6057,0.5,0.4571
F_de_3d_2area,all,norm2,Linear SVM,0.54,0.5136,0.5,0.4571
F_mean_3d_Fp1,alpha,norm3,Random Forest,0.7867,0.5908,0.4,0.4571
F_mean_3d_Fp1,alpha,norm3,Linear SVM,0.5133,0.5076,0.4,0.4571
F_de_3d_2area,all,norm2,KNN,0.9867,0.7211,0.3,0.4571
F_de_3d_C3,beta,None,Ensemble (Majority Vote),0.7067,0.6168,0.3,0.4571
F_peak_3d_Fp2,delta,None,Random Forest,0.6467,0.606,0.4,0.4571
F_mean_3d,all,norm3,KNN,1.0,0.9283,0.5,0.4571
F_de_3d_C4,all,norm2,Random Forest,0.8867,0.6667,0.2,0.4571
F_mean_3d_Fp1,alpha,norm2,Random Forest,0.7867,0.5908,0.4,0.4571
F_mean_3d_Fp2,beta,None,KNN,0.9933,0.7076,0.3,0.4571
F_peak_3d_C3,theta,norm2,KNN,0.9933,0.6864,0.5,0.4571
F_mean_3d_Fp1,delta,None,Ensemble (Majority Vote),0.7467,0.6207,0.5,0.4571
F_median_3d_F7,gamma,norm2,XGBoost,0.6267,0.5623,0.5,0.4571
F_de_3d_T8,theta,norm2,KNN,0.9867,0.6903,0.3,0.4571
F_de_3d_F8,beta,None,Logistic Regression,0.5067,0.5156,0.5,0.4571
F_mean_3d_C4,all,norm3,Random Forest,0.7667,0.6547,0.5,0.4571
F_mean_3d_1area,delta,norm3,Ensemble (Majority Vote),0.7533,0.6161,0.5,0.4571
F_mean_3d_2area,theta,norm2,Ensemble (Majority Vote),0.7667,0.6398,0.3,0.4571
F_median_3d_Fz,alpha,None,KNN,0.9533,0.6841,0.5,0.4571
F_median_3d19,theta,norm3,Linear SVM,0.8333,0.6724,0.5,0.4571
F_median_3d19,theta,norm3,Logistic Regression,0.8067,0.6722,0.5,0.4571
F_median_3d19,theta,norm3,XGBoost,0.9933,0.8726,0.5,0.4571
F_peak_3d_C4,all,norm2,Random Forest,0.9,0.6706,0.4,0.4571
F_peak_3d_Cz,alpha,None,KNN,0.9667,0.6975,0.5,0.4571
F_median_3d,gamma,norm2,XGBoost,0.9933,0.7506,0.4,0.4571
F_mean_3d_T7,delta,norm2,Ensemble (Majority Vote),0.6333,0.6055,0.4,0.4571
F_rasm_3d_3area,delta,norm2,KNN,0.96,0.7064,0.4,0.4571
F_peak_3d_C4,all,norm2,Ensemble (Majority Vote),0.86,0.6837,0.4,0.4571
F_de_3d_F4,all,norm3,XGBoost,0.8467,0.7016,0.3,0.4571
F_mean_3d_T8,theta,None,XGBoost,0.68,0.5779,0.4,0.4571
F_rasm_3d_8rm,beta,norm2,Linear SVM,0.48,0.4952,0.3,0.4571
F_peak_3d_F7,all,norm2,Linear SVM,0.4933,0.5023,0.4,0.4571
F_de_3d_T8,delta,None,XGBoost,0.6667,0.5915,0.4,0.4571
F_mean_3d_8rm,gamma,norm2,XGBoost,0.9733,0.7055,0.4,0.4571
F_median_3d_10rm,all,norm2,Random Forest,0.9667,0.8269,0.5,0.4571
F_mean_3d_2area,theta,norm3,Ensemble (Majority Vote),0.7467,0.6322,0.5,0.4571
F_median_3d_Fp2,all,None,Random Forest,0.78,0.668,0.5,0.4571
F_median_3d_10rm,all,norm3,KNN,1.0,0.9375,0.3,0.4571
F_mean_3d_1area,all,norm3,XGBoost,0.8867,0.7283,0.4,0.4571
F_peak_3d_C3,theta,norm3,Linear SVM,0.5,0.4975,0.4,0.4571
F_peak_3d_C3,theta,norm3,KNN,0.9933,0.6864,0.5,0.4571
F_de_3d_F8,beta,norm2,KNN,0.9733,0.6816,0.4,0.4571
F_de_3d_T8,theta,None,KNN,0.9667,0.6995,0.2,0.4571
F_median_3d_T8,all,norm3,KNN,0.96,0.7522,0.3,0.4571
F_mean_3d_2area,delta,None,Random Forest,0.7133,0.6274,0.4,0.4571
F_peak_3d19,all,norm2,Ensemble (Majority Vote),0.9733,0.8708,0.6,0.4571
F_de_3d_3area,alpha,norm2,Linear SVM,0.4867,0.5007,0.4,0.4571
F_median_3d_3area,beta,norm3,XGBoost,0.7533,0.6366,0.5,0.4571
F_peak_3d_F7,theta,None,Random Forest,0.66,0.611,0.4,0.4571
F_rasm_3d19,alpha,norm3,Linear SVM,0.6067,0.5653,0.3,0.4571
F_rasm_3d19,alpha,norm3,Logistic Regression,0.6067,0.5678,0.4,0.4571
F_peak_3d_F8,beta,None,Linear SVM,0.5067,0.5241,0.4,0.4571
F_de_3d_1area,all,norm3,Logistic Regression,0.6067,0.5869,0.4,0.4571
F_de_3d_F8,theta,norm3,Ensemble (Majority Vote),0.7533,0.6198,0.4,0.4571
F_mean_3d_F4,theta,None,Ensemble (Majority Vote),0.6733,0.6103,0.4,0.4571
F_mean_3d_Fz,theta,norm2,Ensemble (Majority Vote),0.7067,0.6094,0.5,0.4571
F_mean_3d_1area,theta,None,XGBoost,0.6733,0.5899,0.4,0.4571
F_peak_3d_F8,beta,None,Logistic Regression,0.5067,0.5239,0.4,0.4571
F_de_3d_F7,beta,norm3,Linear SVM,0.5067,0.4975,0.5,0.4571
F_peak_3d_F8,beta,None,XGBoost,0.66,0.6,0.5,0.4571
F_de_3d_1area,gamma,None,Random Forest,0.7067,0.6207,0.4,0.4571
F_de_3d_F4,theta,norm2,XGBoost,0.5667,0.548,0.4,0.4571
F_mean_3d_F4,theta,None,XGBoost,0.68,0.5834,0.4,0.4571
F_de_3d_C3,theta,norm3,XGBoost,0.5867,0.549,0.4,0.4571
F_de_3d_C4,beta,norm2,XGBoost,0.6,0.5554,0.4,0.4571
F_peak_3d_T8,beta,None,XGBoost,0.7467,0.5977,0.5,0.4571
F_peak_3d19,all,norm2,KNN,0.86,0.7959,0.6,0.4571
F_rasm_3d19,all,norm2,Random Forest,0.98,0.8506,0.5,0.4571
F_de_3d_Fp1,all,None,KNN,0.9933,0.7924,0.5,0.4571
F_peak_3d19,alpha,norm3,Linear SVM,0.7933,0.6864,0.4,0.4571
F_median_3d_C4,alpha,norm2,Ensemble (Majority Vote),0.7333,0.6062,0.5,0.4571
F_mean_3d_F4,beta,norm3,XGBoost,0.7,0.5674,0.4,0.4571
F_dasm_3d_8rm,alpha,None,Linear SVM,0.64,0.5851,0.4,0.4571
F_peak_3d19,alpha,norm2,Linear SVM,0.52,0.5046,0.3,0.4571
F_peak_3d_1area,gamma,None,Ensemble (Majority Vote),0.7133,0.6361,0.5,0.4571
F_peak_3d_1area,gamma,None,KNN,0.9667,0.7085,0.4,0.4571
F_peak_3d19,alpha,norm2,KNN,0.98,0.7366,0.5,0.4571
F_median_3d_C4,alpha,norm3,Ensemble (Majority Vote),0.7333,0.6062,0.5,0.4571
F_mean_3d_3area,gamma,norm2,Ensemble (Majority Vote),0.78,0.646,0.5,0.4571
F_mean_3d_10rm,alpha,norm2,Linear SVM,0.4533,0.4977,0.4,0.4571
F_de_3d_Fz,gamma,None,Ensemble (Majority Vote),0.76,0.6451,0.4,0.4571
F_peak_3d19,all,norm3,Ensemble (Majority Vote),1.0,0.9775,0.4,0.4571
F_de_3d_3area,alpha,None,KNN,0.9733,0.7372,0.3,0.4571
F_de_3d_1area,all,norm3,XGBoost,0.8733,0.7278,0.5,0.4571
F_peak_3d_F8,beta,norm2,KNN,0.9867,0.6818,0.5,0.4571
F_peak_3d_T8,beta,None,Logistic Regression,0.5467,0.5338,0.5,0.4571
F_dasm_3d_8rm,alpha,norm2,KNN,0.9667,0.694,0.3,0.4571
F_de_3d_Cz,gamma,norm2,XGBoost,0.5867,0.5464,0.5,0.4571
F_peak_3d_T8,alpha,norm2,Random Forest,0.7333,0.589,0.5,0.4571
F_mean_3d_Fz,theta,norm2,Random Forest,0.8533,0.5982,0.5,0.4571
F_peak_3d_2area,beta,norm3,Linear SVM,0.4867,0.5163,0.4,0.4571
F_peak_3d,delta,norm2,KNN,0.9733,0.734,0.4,0.4571
F_dasm_3d,gamma,norm2,KNN,0.9733,0.6885,0.4,0.4571
F_mean_3d_F4,theta,norm3,Random Forest,0.7333,0.5834,0.4,0.4571
F_median_3d_C4,gamma,norm3,Random Forest,0.7533,0.591,0.4,0.4571
F_mean_3d_T8,delta,None,Ensemble (Majority Vote),0.76,0.6198,0.4,0.4571
F_de_3d_3area,alpha,norm3,KNN,0.9733,0.6966,0.4,0.4571
F_de_3d_3area,alpha,norm3,Linear SVM,0.5333,0.5416,0.5,0.4571
F_mean_3d_F3,all,norm2,KNN,0.9867,0.6998,0.4,0.4571
F_de_3d_3area,alpha,norm3,Logistic Regression,0.5467,0.543,0.5,0.4571
F_mean_3d_F7,all,None,Linear SVM,0.7133,0.6074,0.5,0.4571
F_mean_3d_Cz,theta,norm3,XGBoost,0.62,0.5499,0.3,0.4571
F_peak_3d_2area,delta,norm3,Ensemble (Majority Vote),0.78,0.6609,0.5,0.4571
F_peak_3d_2area,delta,norm3,Linear SVM,0.5533,0.5621,0.5,0.4571
F_peak_3d_2area,delta,norm3,Logistic Regression,0.5533,0.5634,0.5,0.4571
F_median_3d_C4,gamma,norm2,Random Forest,0.7533,0.591,0.4,0.4571
F_mean_3d_Fz,theta,norm2,Linear SVM,0.4667,0.4959,0.4,0.4571
F_de_3d_C4,beta,None,Logistic Regression,0.5867,0.5474,0.5,0.4571
F_peak_3d_F8,beta,norm3,KNN,0.9867,0.6818,0.5,0.4571
F_peak_3d_T8,beta,None,Linear SVM,0.5467,0.534,0.5,0.4571
F_mean_3d19,alpha,None,Ensemble (Majority Vote),0.9467,0.7818,0.5,0.4571
F_peak_3d_2area,alpha,None,Random Forest,0.6333,0.6159,0.6,0.4571
F_mean_3d_2area,beta,norm2,Ensemble (Majority Vote),0.7067,0.6285,0.4,0.4571
F_de_3d_Fp2,gamma,None,KNN,0.9533,0.6947,0.5,0.4571
F_peak_3d,gamma,norm2,KNN,0.9733,0.706,0.3,0.4571
F_dasm_3d_8rm,all,norm2,XGBoost,1.0,0.7789,0.4,0.4571
F_de_3d_C4,beta,None,Linear SVM,0.5933,0.5485,0.5,0.4571
F_de_3d_Fp2,gamma,None,Ensemble (Majority Vote),0.6933,0.6117,0.4,0.4571
F_peak_3d,gamma,norm2,Ensemble (Majority Vote),0.94,0.7439,0.5,0.4571
F_peak_3d_T8,alpha,norm3,Random Forest,0.7333,0.589,0.5,0.4571
F_mean_3d_F4,theta,norm2,Random Forest,0.7333,0.5834,0.4,0.4571
F_peak_3d_2area,alpha,norm3,Linear SVM,0.5267,0.5237,0.4,0.4571
F_peak_3d_2area,alpha,norm3,Logistic Regression,0.5267,0.5239,0.4,0.4571
F_mean_3d_2area,all,None,Linear SVM,0.72,0.631,0.5,0.4571
F_peak_3d_2area,beta,None,Ensemble (Majority Vote),0.7467,0.6451,0.5,0.4571
F_median_3d_3area,alpha,norm2,XGBoost,0.8333,0.6136,0.6,0.4571
F_mean_3d_10rm,alpha,norm2,Ensemble (Majority Vote),0.9133,0.7097,0.4,0.4571
F_mean_3d_F4,beta,norm2,XGBoost,0.7,0.5674,0.4,0.4571
F_de_3d_F4,gamma,norm3,Linear SVM,0.5,0.5002,0.4,0.4571
F_rasm_3d,delta,norm2,Ensemble (Majority Vote),0.8933,0.7269,0.4,0.4571
F_de_3d_F3,all,None,Ensemble (Majority Vote),0.8467,0.7014,0.5,0.4571
F_median_3d_8rm,gamma,None,Ensemble (Majority Vote),0.8667,0.7221,0.4,0.4571
F_median_3d_C3,alpha,norm2,KNN,0.98,0.6855,0.6,0.4571
F_dasm_3d_10rm,beta,norm2,XGBoost,0.9133,0.6209,0.4,0.4571
F_mean_3d_F3,gamma,norm3,Random Forest,0.7933,0.5851,0.5,0.4571
F_rasm_3d,gamma,None,KNN,0.9733,0.714,0.3,0.4571
F_peak_3d_F8,all,norm3,Random Forest,0.7867,0.6667,0.5,0.4571
F_de_3d_C4,delta,norm2,Linear SVM,0.5267,0.5032,0.5,0.4571
F_dasm_3d_8rm,beta,norm2,KNN,0.9867,0.7025,0.5,0.4571
F_median_3d_C3,alpha,norm3,KNN,0.98,0.6855,0.6,0.4571
F_rasm_3d,gamma,None,Linear SVM,0.5133,0.5129,0.3,0.4571
F_median_3d_8rm,delta,None,KNN,1.0,0.8037,0.5,0.4571
F_de_3d_Cz,theta,norm3,KNN,0.9867,0.6789,0.3,0.4571
F_mean_3d_T8,alpha,None,KNN,0.9867,0.7099,0.4,0.4571
F_dasm_3d_8rm,theta,None,KNN,0.9933,0.729,0.3,0.4571
F_de_3d_1area,beta,None,Logistic Regression,0.5533,0.5462,0.5,0.4571
F_mean_3d_F3,gamma,norm3,Ensemble (Majority Vote),0.7067,0.6108,0.4,0.4571
F_median_3d_8rm,gamma,None,Random Forest,0.8667,0.7094,0.3,0.4571
F_de_3d_F3,all,norm2,Random Forest,0.9333,0.6657,0.4,0.4571
F_rasm_3d,alpha,None,Ensemble (Majority Vote),0.86,0.6747,0.4,0.4571
F_dasm_3d_8rm,gamma,norm2,Linear SVM,0.5267,0.5032,0.5,0.4571
F_rasm_3d,beta,norm2,XGBoost,0.9533,0.7634,0.4,0.4571
F_mean_3d19,gamma,None,Random Forest,0.8933,0.7669,0.4,0.4571
F_de_3d_F3,all,norm2,KNN,1.0,0.7108,0.3,0.4571
F_rasm_3d,beta,norm2,Ensemble (Majority Vote),0.8867,0.7441,0.3,0.4571
F_peak_3d_F4,all,norm2,XGBoost,0.9333,0.6457,0.3,0.4571
F_median_3d_C3,all,norm2,Linear SVM,0.52,0.512,0.4,0.4571
F_mean_3d19,gamma,norm3,KNN,0.9933,0.8501,0.4,0.4571
F_de_3d_C4,delta,norm3,Linear SVM,0.5267,0.5032,0.5,0.4571
F_mean_3d_3area,delta,norm3,KNN,0.9667,0.7062,0.5,0.4571
F_rasm_3d,beta,None,Linear SVM,0.44,0.4862,0.5,0.4571
F_median_3d_C3,alpha,None,Ensemble (Majority Vote),0.7533,0.6329,0.5,0.4571
F_de_3d_Fz,alpha,None,Linear SVM,0.5733,0.5428,0.4,0.4571
F_mean_3d19,theta,None,KNN,1.0,0.863,0.3,0.4571
F_dasm_3d_10rm,alpha,norm2,Ensemble (Majority Vote),0.78,0.6733,0.4,0.4571
F_median_3d_8rm,gamma,norm2,Random Forest,0.9667,0.7087,0.3,0.4571
F_de_3d_Fz,alpha,None,Logistic Regression,0.5733,0.543,0.4,0.4571
F_dasm_3d,theta,norm3,Ensemble (Majority Vote),0.7733,0.666,0.5,0.4571
F_mean_3d_T8,alpha,norm2,Ensemble (Majority Vote),0.6667,0.6087,0.4,0.4571
F_peak_3d19,theta,norm2,Linear SVM,0.5,0.5053,0.5,0.4571
F_de_3d_F4,theta,norm3,XGBoost,0.5667,0.548,0.4,0.4571
F_de_3d_Cz,gamma,norm3,XGBoost,0.5867,0.5464,0.5,0.4571
F_peak_3d19,delta,norm2,KNN,1.0,0.7761,0.4,0.4571
F_de_3d_8rm,beta,norm2,Linear SVM,0.54,0.5113,0.5,0.4571
F_mean_3d_Fz,beta,norm2,KNN,0.9867,0.691,0.3,0.4571
F_mean_3d19,alpha,norm3,Random Forest,0.92,0.7508,0.4,0.4571
F_de_3d_F7,beta,norm2,Linear SVM,0.5067,0.4975,0.5,0.4571
F_median_3d_C4,all,norm2,KNN,0.98,0.6825,0.4,0.4571
F_dasm_3d_8rm,alpha,norm2,Linear SVM,0.4267,0.4933,0.3,0.4571
F_peak_3d_1area,beta,norm2,Ensemble (Majority Vote),0.7267,0.594,0.5,0.4571
F_median_3d_C4,all,norm3,Logistic Regression,0.6333,0.6028,0.4,0.4571
F_peak_3d_1area,beta,norm2,Random Forest,0.8333,0.5945,0.4,0.4571
F_de_3d_C4,beta,norm3,XGBoost,0.6,0.5554,0.4,0.4571
F_peak_3d_1area,beta,norm3,Ensemble (Majority Vote),0.7267,0.594,0.5,0.4571
F_peak_3d_1area,beta,norm3,Random Forest,0.8333,0.5945,0.4,0.4571
F_median_3d_C4,alpha,None,Linear SVM,0.5867,0.5487,0.3,0.4571
F_median_3d_C4,alpha,None,Logistic Regression,0.58,0.5483,0.3,0.4571
F_peak_3d_F8,all,None,Ensemble (Majority Vote),0.8,0.692,0.4,0.4571
F_mean_3d_10rm,alpha,None,XGBoost,0.9467,0.7811,0.4,0.4571
F_mean_3d19,beta,None,Logistic Regression,0.76,0.6717,0.5,0.4571
F_peak_3d19,delta,norm3,Ensemble (Majority Vote),0.9533,0.8437,0.5,0.4571
F_mean_3d_F3,gamma,norm2,Random Forest,0.7933,0.5851,0.5,0.4571
F_mean_3d19,beta,norm2,Ensemble (Majority Vote),0.98,0.7772,0.3,0.4571
F_peak_3d_1area,all,None,Ensemble (Majority Vote),0.8133,0.7113,0.5,0.4571
F_dasm_3d,theta,norm3,XGBoost,0.8533,0.6848,0.5,0.4571
F_de_3d_1area,beta,norm2,Linear SVM,0.4933,0.5108,0.3,0.4571
F_median_3d_C3,delta,None,XGBoost,0.64,0.5738,0.4,0.4571
F_mean_3d_Fz,beta,norm3,KNN,0.9867,0.691,0.3,0.4571
F_de_3d_1area,beta,norm3,Linear SVM,0.4933,0.5108,0.3,0.4571
F_rasm_3d,all,norm2,Linear SVM,0.5533,0.508,0.3,0.4571
F_peak_3d_1area,all,norm3,Linear SVM,0.5867,0.5989,0.5,0.4571
F_mean_3d_F3,gamma,norm2,Ensemble (Majority Vote),0.7067,0.6108,0.4,0.4571
F_peak_3d_1area,all,norm3,Random Forest,0.78,0.6839,0.4,0.4571
F_de_3d_Cz,theta,norm2,KNN,0.9867,0.6789,0.3,0.4571
F_median_3d_C3,gamma,norm2,Linear SVM,0.5133,0.4979,0.3,0.4571
F_mean_3d_2area,all,None,Ensemble (Majority Vote),0.8467,0.7359,0.4,0.4571
F_median_3d_C3,gamma,norm3,Linear SVM,0.5133,0.4979,0.3,0.4571
F_mean_3d_3area,gamma,None,KNN,0.9867,0.7303,0.4,0.4571
F_peak_3d_1area,alpha,None,XGBoost,0.6267,0.5926,0.4,0.4571
F_mean_3d_T8,alpha,norm3,Ensemble (Majority Vote),0.6667,0.6087,0.4,0.4571
F_peak_3d_T8,all,norm2,KNN,0.9667,0.7046,0.5,0.4571
F_dasm_3d_10rm,delta,norm3,Random Forest,0.7533,0.6582,0.4,0.4571
F_peak_3d,beta,norm2,KNN,0.9667,0.7106,0.4,0.4571
F_mean_3d_8rm,all,norm3,KNN,1.0,0.9032,0.4,0.4571
F_peak_3d_3area,theta,norm2,Random Forest,0.8733,0.6221,0.3,0.4571
F_median_3d_F3,all,norm2,Linear SVM,0.5267,0.5074,0.3,0.4571
F_dasm_3d19,alpha,norm3,Random Forest,0.8133,0.6975,0.4,0.4571
F_de_3d_Fp2,alpha,norm3,Random Forest,0.7667,0.5915,0.4,0.4571
F_median_3d_T8,alpha,norm2,XGBoost,0.62,0.5568,0.5,0.4571
F_median_3d_T8,alpha,norm2,Random Forest,0.74,0.5874,0.4,0.4571
F_mean_3d_F7,theta,None,Linear SVM,0.5933,0.5483,0.4,0.4571
F_median_3d_F3,all,norm3,Random Forest,0.76,0.6487,0.5,0.4571
F_peak_3d_F7,delta,norm2,Ensemble (Majority Vote),0.74,0.6205,0.4,0.4571
F_de_3d_T7,all,norm2,KNN,0.9933,0.6998,0.5,0.4571
F_de_3d_8rm,gamma,None,Random Forest,0.7867,0.7011,0.4,0.4571
F_rasm_3d_10rm,beta,norm3,KNN,0.94,0.7453,0.4,0.4571
F_mean_3d_10rm,gamma,norm2,XGBoost,0.9667,0.7324,0.4,0.4571
F_peak_3d_8rm,all,norm2,Ensemble (Majority Vote),0.9933,0.8561,0.6,0.4571
F_median_3d_T8,all,norm3,XGBoost,0.8133,0.6943,0.3,0.4571
F_peak_3d_F7,delta,None,Random Forest,0.6133,0.606,0.5,0.4571
F_de_3d_F4,delta,norm2,Linear SVM,0.52,0.5014,0.4,0.4571
F_peak_3d_8rm,all,norm2,Random Forest,1.0,0.8448,0.6,0.4571
F_median_3d_T8,alpha,norm3,Random Forest,0.74,0.5874,0.4,0.4571
F_median_3d_T8,alpha,norm3,XGBoost,0.62,0.5568,0.5,0.4571
F_peak_3d_3area,theta,None,XGBoost,0.8,0.6462,0.4,0.4571
F_mean_3d_Cz,beta,norm2,Random Forest,0.8467,0.5998,0.4,0.4571
F_peak_3d_3area,gamma,None,Ensemble (Majority Vote),0.7533,0.6775,0.4,0.4571
F_peak_3d_F7,delta,norm3,Ensemble (Majority Vote),0.74,0.6205,0.4,0.4571
F_median_3d_Cz,theta,norm2,KNN,0.98,0.677,0.4,0.4571
F_peak_3d_T7,all,None,KNN,0.9933,0.7779,0.6,0.4571
F_median_3d_1area,theta,norm3,Linear SVM,0.52,0.5041,0.4,0.4571
F_peak_3d_Fz,theta,norm3,Linear SVM,0.4933,0.4975,0.3,0.4571
F_median_3d_Cz,theta,norm3,KNN,0.98,0.677,0.4,0.4571
F_de_3d_3area,beta,norm3,XGBoost,0.8067,0.6322,0.5,0.4571
F_peak_3d_3area,gamma,norm2,XGBoost,0.84,0.6074,0.5,0.4571
F_de_3d_3area,beta,norm3,Random Forest,0.8,0.6356,0.4,0.4571
F_de_3d_T7,all,norm2,XGBoost,0.94,0.6591,0.6,0.4571
F_peak_3d_Fz,theta,norm2,Linear SVM,0.4933,0.4975,0.3,0.4571
F_peak_3d_3area,gamma,norm3,Random Forest,0.7267,0.6315,0.5,0.4571
F_peak_3d_3area,gamma,norm3,XGBoost,0.78,0.648,0.4,0.4571
F_median_3d_1area,theta,norm2,Linear SVM,0.52,0.5041,0.4,0.4571
F_de_3d19,alpha,norm2,Linear SVM,0.5133,0.5007,0.4,0.4571
F_median_3d_F3,all,None,Linear SVM,0.6667,0.597,0.4,0.4571
F_median_3d_1area,gamma,None,Logistic Regression,0.5267,0.5276,0.5,0.4571
F_median_3d_1area,gamma,None,Linear SVM,0.5267,0.528,0.5,0.4571
F_peak_3d_Fz,gamma,None,KNN,0.9533,0.6989,0.4,0.4571
F_peak_3d_8rm,beta,norm2,Ensemble (Majority Vote),0.9133,0.7166,0.4,0.4571
F_mean_3d_Cz,all,norm2,Ensemble (Majority Vote),0.8333,0.6671,0.4,0.4571
F_dasm_3d19,beta,None,XGBoost,0.9467,0.7655,0.3,0.4571
F_median_3d_F3,delta,norm2,XGBoost,0.6533,0.5575,0.4,0.4571
F_de_3d_T7,alpha,norm2,KNN,0.9933,0.6857,0.5,0.4571
F_mean_3d_F8,beta,None,KNN,0.98,0.6949,0.4,0.4571
F_dasm_3d_3area,beta,norm2,Ensemble (Majority Vote),0.6867,0.606,0.5,0.4571
F_de_3d_Fp2,alpha,norm2,Random Forest,0.7667,0.5915,0.4,0.4571
F_median_3d_1area,beta,None,Logistic Regression,0.5533,0.5428,0.5,0.4571
F_median_3d_1area,beta,None,Linear SVM,0.5467,0.5432,0.5,0.4571
F_median_3d_F3,delta,norm3,XGBoost,0.6533,0.5575,0.4,0.4571
F_mean_3d_8rm,alpha,norm2,Ensemble (Majority Vote),0.9333,0.7101,0.4,0.4571
F_de_3d_8rm,all,norm2,Ensemble (Majority Vote),0.98,0.8457,0.5,0.4571
F_de_3d_C3,theta,norm2,XGBoost,0.5867,0.549,0.4,0.4571
F_median_3d_F3,gamma,None,Random Forest,0.62,0.5931,0.6,0.4571
F_peak_3d_8rm,delta,norm2,Random Forest,0.9,0.6839,0.4,0.4571
F_dasm_3d_10rm,alpha,norm3,Random Forest,0.7733,0.6421,0.3,0.4571
F_de_3d_T7,alpha,norm3,KNN,0.9933,0.6857,0.5,0.4571
F_de_3d_F8,theta,norm2,Ensemble (Majority Vote),0.7533,0.6198,0.4,0.4571
F_de_3d_Cz,all,None,Logistic Regression,0.6133,0.5798,0.4,0.4571
F_peak_3d_Fz,delta,norm3,Random Forest,0.78,0.5993,0.5,0.4571
F_de_3d_8rm,all,norm2,XGBoost,1.0,0.9124,0.6,0.4571
F_median_3d_T8,all,norm2,XGBoost,0.9267,0.6572,0.6,0.4571
F_median_3d_1area,gamma,None,KNN,0.9733,0.7057,0.5,0.4571
F_median_3d_1area,gamma,None,Ensemble (Majority Vote),0.6933,0.6223,0.5,0.4571
F_mean_3d,delta,norm2,XGBoost,0.9867,0.7439,0.4,0.4571
F_de_3d_3area,gamma,norm2,KNN,0.98,0.6908,0.3,0.4571
F_median_3d_1area,delta,norm3,Random Forest,0.74,0.5894,0.5,0.4571
F_peak_3d_Fz,delta,norm2,Random Forest,0.78,0.5993,0.5,0.4571
F_de_3d_10rm,theta,norm3,Ensemble (Majority Vote),0.84,0.7225,0.5,0.4571
F_median_3d_1area,delta,norm2,Random Forest,0.74,0.5894,0.5,0.4571
F_dasm_3d_10rm,beta,norm3,Logistic Regression,0.5867,0.5634,0.4,0.4571
F_de_3d_C3,theta,norm3,Ensemble (Majority Vote),0.7,0.6069,0.4,0.4571
F_de_3d_F7,gamma,None,XGBoost,0.5933,0.5671,0.5,0.4571
F_de_3d_F7,gamma,norm2,KNN,0.9867,0.6878,0.4,0.4571
F_de_3d_F7,gamma,norm3,KNN,0.9867,0.6878,0.4,0.4571
F_de_3d_C3,gamma,norm2,XGBoost,0.58,0.5577,0.4,0.4571
F_peak_3d_F7,delta,None,KNN,0.9667,0.7085,0.4,0.4571
F_dasm_3d_3area,beta,norm3,Ensemble (Majority Vote),0.6867,0.606,0.5,0.4571
F_de_3d_F7,gamma,None,Ensemble (Majority Vote),0.6867,0.6055,0.5,0.4571
F_dasm_3d19,alpha,norm3,KNN,0.9933,0.8046,0.3,0.4571
F_mean_3d_Cz,beta,norm3,Random Forest,0.8467,0.5998,0.4,0.4571
F_mean_3d_T8,delta,None,Random Forest,0.7,0.5908,0.5,0.4571
F_mean_3d_2area,beta,norm2,Random Forest,0.8933,0.6221,0.4,0.4571
F_de_3d,theta,norm3,Linear SVM,0.7067,0.6437,0.4,0.4571
F_median_3d_Cz,all,norm2,KNN,0.9867,0.7011,0.4,0.4571
F_mean_3d_Fz,theta,norm3,Random Forest,0.8533,0.5982,0.5,0.4571
F_dasm_3d_10rm,beta,norm3,Linear SVM,0.5867,0.5628,0.4,0.4571
F_de_3d_Fz,theta,norm2,Linear SVM,0.52,0.4995,0.4,0.4571
F_de_3d_F3,alpha,None,XGBoost,0.6933,0.5906,0.5,0.4571
F_median_3d_Cz,all,norm3,Linear SVM,0.6067,0.5729,0.5,0.4571
F_peak_3d_3area,all,None,XGBoost,0.9867,0.8814,0.4,0.4571
F_peak_3d_3area,all,norm2,Ensemble (Majority Vote),0.92,0.7444,0.5,0.4571
F_peak_3d,all,norm2,XGBoost,1.0,0.9508,0.5,0.4571
F_peak_3d_3area,all,norm2,Linear SVM,0.5467,0.5097,0.4,0.4571
F_mean_3d_F7,alpha,norm2,Random Forest,0.8267,0.5871,0.4,0.4571
F_peak_3d_F3,delta,None,Ensemble (Majority Vote),0.6867,0.617,0.4,0.4571
F_dasm_3d19,alpha,None,Linear SVM,0.66,0.6154,0.4,0.4571
F_median_3d_T8,delta,norm2,Ensemble (Majority Vote),0.76,0.6078,0.4,0.4571
F_peak_3d_T7,delta,norm3,XGBoost,0.5933,0.5559,0.4,0.4571
F_mean_3d_F7,all,norm3,XGBoost,0.8467,0.6871,0.5,0.4571
F_rasm_3d19,gamma,norm2,Random Forest,0.9067,0.7379,0.5,0.4571
F_median_3d_2area,beta,norm3,KNN,0.98,0.6924,0.5,0.4571
F_mean_3d_10rm,delta,None,Logistic Regression,0.72,0.6343,0.4,0.4571
F_peak_3d_2area,gamma,None,Linear SVM,0.6067,0.5692,0.5,0.4571
F_peak_3d_T7,theta,norm3,KNN,0.9867,0.6864,0.4,0.4571
F_mean_3d_Cz,theta,norm2,XGBoost,0.62,0.5499,0.3,0.4571
F_de_3d,theta,None,Logistic Regression,0.72,0.6434,0.4,0.4571
F_de_3d,theta,None,Random Forest,0.82,0.7067,0.5,0.4571
F_median_3d_2area,theta,None,Ensemble (Majority Vote),0.7133,0.6372,0.5,0.4571
F_de_3d_F4,gamma,norm3,Ensemble (Majority Vote),0.7267,0.6149,0.4,0.4571
F_peak_3d_T7,theta,norm2,KNN,0.9867,0.6864,0.4,0.4571
F_peak_3d_T7,theta,None,XGBoost,0.7067,0.5929,0.4,0.4571
F_mean_3d_Fz,theta,norm3,Ensemble (Majority Vote),0.7067,0.6094,0.5,0.4571
F_de_3d,theta,norm2,Random Forest,0.9267,0.7131,0.5,0.4571
F_peak_3d_2area,theta,None,Ensemble (Majority Vote),0.7133,0.6276,0.5,0.4571
F_mean_3d_Fz,theta,norm3,Linear SVM,0.4667,0.4959,0.4,0.4571
F_dasm_3d19,alpha,None,Ensemble (Majority Vote),0.8467,0.7262,0.4,0.4571
F_median_3d_2area,gamma,None,XGBoost,0.7467,0.6276,0.5,0.4571
F_peak_3d_2area,theta,None,Random Forest,0.68,0.6092,0.4,0.4571
F_peak_3d_2area,theta,norm2,Ensemble (Majority Vote),0.74,0.6292,0.4,0.4571
F_de_3d19,all,norm2,KNN,0.9,0.8018,0.5,0.4571
F_mean_3d_F7,alpha,norm3,Random Forest,0.8267,0.5871,0.4,0.4571
F_de_3d_F4,delta,norm3,Linear SVM,0.52,0.5014,0.4,0.4571
F_peak_3d_T7,alpha,None,Random Forest,0.66,0.603,0.3,0.4571
F_median_3d_T8,delta,norm3,Ensemble (Majority Vote),0.76,0.6078,0.4,0.4571
F_mean_3d_F7,delta,None,Ensemble (Majority Vote),0.64,0.5984,0.6,0.4571
F_median_3d_T8,delta,norm3,KNN,0.9667,0.6768,0.4,0.4571
F_rasm_3d_10rm,alpha,None,KNN,0.98,0.7129,0.5,0.4571
F_de_3d_F4,gamma,None,Ensemble (Majority Vote),0.76,0.6363,0.4,0.4571
F_median_3d_2area,alpha,norm3,Ensemble (Majority Vote),0.74,0.6248,0.4,0.4571
F_de_3d_Fp1,alpha,None,Random Forest,0.6933,0.5959,0.5,0.4571
F_rasm_3d_10rm,all,None,Linear SVM,0.5867,0.5299,0.4,0.4571
F_rasm_3d_10rm,all,None,KNN,0.98,0.6917,0.4,0.4571
F_de_3d19,all,norm3,XGBoost,1.0,0.9954,0.4,0.4571
F_mean_3d_3area,beta,norm3,KNN,0.9733,0.7216,0.3,0.4571
F_de_3d_Fp2,beta,None,XGBoost,0.7,0.6039,0.5,0.4571
F_mean_3d,theta,norm3,Logistic Regression,0.7267,0.6366,0.4,0.4571
F_peak_3d_3area,alpha,norm3,XGBoost,0.86,0.6333,0.4,0.4571
F_de_3d_Fz,theta,norm3,Linear SVM,0.52,0.4995,0.4,0.4571
F_mean_3d_3area,theta,norm3,KNN,0.9733,0.7115,0.3,0.4571
F_median_3d_T8,delta,norm2,KNN,0.9667,0.6768,0.4,0.4571
F_peak_3d_T7,delta,norm3,Ensemble (Majority Vote),0.6067,0.6018,0.5,0.4571
F_peak_3d_3area,alpha,None,Linear SVM,0.5867,0.5697,0.3,0.4571
F_de_3d19,all,norm2,XGBoost,1.0,0.9657,0.4,0.4571
F_peak_3d_T7,delta,norm2,XGBoost,0.5933,0.5559,0.4,0.4571
F_median_3d_2area,all,norm2,Random Forest,0.9333,0.7062,0.5,0.4571
F_peak_3d_T7,delta,norm2,Ensemble (Majority Vote),0.6067,0.6018,0.5,0.4571
F_de_3d_F4,gamma,norm2,Linear SVM,0.5,0.5002,0.4,0.4571
F_de_3d_F4,gamma,norm2,Ensemble (Majority Vote),0.7267,0.6149,0.4,0.4571
F_median_3d_Cz,beta,None,KNN,0.9933,0.6943,0.2,0.4571
F_de_3d_1area,all,None,XGBoost,0.92,0.7287,0.4,0.4571
F_dasm_3d19,alpha,norm2,KNN,0.9867,0.7143,0.4,0.4571
F_mean_3d_F7,delta,None,Linear SVM,0.5667,0.5448,0.5,0.4571
F_peak_3d_F3,delta,norm2,Linear SVM,0.5,0.5002,0.4,0.4429
F_peak_3d_F3,delta,norm3,Linear SVM,0.5,0.5002,0.4,0.4429
F_mean_3d_Fz,gamma,None,XGBoost,0.6533,0.5903,0.5,0.4429
F_dasm_3d_10rm,delta,None,Logistic Regression,0.6067,0.577,0.6,0.4429
F_peak_3d_F7,gamma,norm2,KNN,0.9667,0.6857,0.3,0.4429
F_mean_3d_2area,alpha,None,KNN,0.9733,0.7106,0.3,0.4429
F_mean_3d_Fp2,gamma,None,Random Forest,0.66,0.5832,0.4,0.4429
F_peak_3d_F7,gamma,norm3,KNN,0.9667,0.6857,0.3,0.4429
F_peak_3d_F4,alpha,norm3,XGBoost,0.58,0.5462,0.5,0.4429
F_de_3d_3area,delta,None,Random Forest,0.7467,0.6503,0.5,0.4429
F_dasm_3d_10rm,beta,norm2,Ensemble (Majority Vote),0.8933,0.6664,0.4,0.4429
F_peak_3d_F4,alpha,norm2,XGBoost,0.58,0.5462,0.5,0.4429
F_peak_3d_F4,alpha,None,XGBoost,0.64,0.5851,0.4,0.4429
F_de_3d_3area,all,norm3,XGBoost,1.0,0.8922,0.5,0.4429
F_dasm_3d_10rm,beta,norm3,XGBoost,0.7933,0.6598,0.3,0.4429
F_de_3d_3area,beta,norm3,Logistic Regression,0.56,0.5434,0.4,0.4429
F_mean_3d_2area,alpha,None,Logistic Regression,0.56,0.5529,0.3,0.4429
F_peak_3d_F7,beta,None,Ensemble (Majority Vote),0.7333,0.634,0.5,0.4429
F_de_3d_3area,all,norm2,Random Forest,0.9667,0.726,0.4,0.4429
F_mean_3d_F4,gamma,norm2,KNN,0.9867,0.6917,0.5,0.4429
F_mean_3d_F4,theta,None,Logistic Regression,0.5667,0.5306,0.4,0.4429
F_dasm_3d_8rm,alpha,None,Logistic Regression,0.64,0.5848,0.4,0.4429
F_median_3d_3area,theta,norm2,Random Forest,0.8267,0.6241,0.3,0.4429
F_peak_3d_T8,theta,norm2,Random Forest,0.7333,0.5862,0.3,0.4429
F_mean_3d_F4,beta,norm2,KNN,0.9933,0.6867,0.4,0.4429
F_peak_3d_T8,theta,norm3,Random Forest,0.7333,0.5862,0.3,0.4429
F_mean_3d_F4,alpha,norm3,Random Forest,0.7933,0.5913,0.4,0.4429
F_de_3d_1area,delta,None,KNN,0.9667,0.7051,0.4,0.4429
F_median_3d_F4,all,norm3,KNN,0.9667,0.7499,0.4,0.4429
F_mean_3d_F4,alpha,norm2,Random Forest,0.7933,0.5913,0.4,0.4429
F_median_3d_F4,all,norm2,XGBoost,0.9,0.6457,0.3,0.4429
F_mean_3d_F4,alpha,None,Logistic Regression,0.5533,0.5497,0.4,0.4429
F_peak_3d_1area,all,None,Logistic Regression,0.6067,0.5938,0.4,0.4429
F_dasm_3d,theta,norm3,Random Forest,0.7733,0.6628,0.4,0.4429
F_peak_3d_Fp1,all,None,XGBoost,0.8533,0.7179,0.6,0.4429
F_de_3d_1area,beta,None,Random Forest,0.64,0.6005,0.4,0.4429
F_median_3d_8rm,beta,norm2,KNN,0.9867,0.6995,0.2,0.4429
F_dasm_3d,beta,norm2,KNN,1.0,0.7044,0.4,0.4429
F_mean_3d_F4,alpha,None,Linear SVM,0.5467,0.5503,0.4,0.4429
F_mean_3d_F4,beta,norm3,KNN,0.9933,0.6867,0.4,0.4429
F_mean_3d_F4,delta,norm2,Random Forest,0.76,0.5867,0.4,0.4429
F_median_3d_8rm,gamma,norm2,XGBoost,0.9667,0.6966,0.5,0.4429
F_de_3d_Fp2,gamma,norm3,Ensemble (Majority Vote),0.6533,0.5954,0.4,0.4429
F_peak_3d_T8,beta,None,Ensemble (Majority Vote),0.7267,0.6278,0.4,0.4429
F_de_3d_Fp2,gamma,None,Logistic Regression,0.5733,0.5257,0.4,0.4429
F_peak_3d_2area,all,norm3,XGBoost,0.9533,0.8241,0.5,0.4429
F_median_3d_3area,beta,None,Linear SVM,0.66,0.5933,0.4,0.4429
F_de_3d_1area,all,norm2,Random Forest,0.8933,0.6653,0.4,0.4429
F_rasm_3d_3area,beta,norm3,KNN,0.96,0.6894,0.3,0.4429
F_mean_3d_F4,theta,None,Linear SVM,0.5667,0.5303,0.4,0.4429
F_rasm_3d_3area,beta,norm2,KNN,0.96,0.6894,0.3,0.4429
F_de_3d_Fp2,gamma,None,XGBoost,0.6533,0.5782,0.4,0.4429
F_de_3d_T7,theta,None,KNN,0.9667,0.6908,0.4,0.4429
F_peak_3d_T8,delta,None,KNN,0.94,0.7034,0.3,0.4429
F_de_3d_Fp2,gamma,norm2,Ensemble (Majority Vote),0.6533,0.5954,0.4,0.4429
F_mean_3d_F4,gamma,norm3,KNN,0.9867,0.6917,0.5,0.4429
F_peak_3d_F7,alpha,None,KNN,0.9867,0.7007,0.4,0.4429
F_median_3d_Fz,gamma,None,Ensemble (Majority Vote),0.8,0.6349,0.5,0.4429
F_median_3d_F4,delta,None,Random Forest,0.6867,0.6,0.4,0.4429
F_mean_3d_F4,delta,norm3,Random Forest,0.76,0.5867,0.4,0.4429
F_median_3d_F3,gamma,None,XGBoost,0.6133,0.5821,0.4,0.4429
F_mean_3d_F4,all,None,XGBoost,0.8667,0.6892,0.4,0.4429
F_peak_3d_2area,beta,norm2,KNN,0.9733,0.6775,0.4,0.4429
F_peak_3d19,alpha,None,Linear SVM,0.8067,0.692,0.4,0.4429
F_median_3d_Cz,theta,None,XGBoost,0.68,0.5809,0.4,0.4429
F_mean_3d_F3,beta,norm2,XGBoost,0.5933,0.5526,0.4,0.4429
F_de_3d_Fz,gamma,None,KNN,0.9867,0.7044,0.3,0.4429
F_mean_3d_F3,beta,norm2,Random Forest,0.7667,0.5897,0.4,0.4429
F_mean_3d_Cz,beta,norm3,XGBoost,0.52,0.5326,0.4,0.4429
F_de_3d_F4,theta,norm3,Ensemble (Majority Vote),0.7,0.6166,0.4,0.4429
F_mean_3d19,alpha,norm2,Linear SVM,0.4867,0.5007,0.5,0.4429
F_de_3d_Fz,gamma,None,Random Forest,0.64,0.6037,0.4,0.4429
F_rasm_3d19,alpha,norm3,XGBoost,0.92,0.817,0.4,0.4429
F_de_3d_1area,all,norm3,Linear SVM,0.64,0.589,0.4,0.4429
F_de_3d,beta,norm2,Random Forest,0.9733,0.746,0.4,0.4429
F_rasm_3d19,beta,norm2,XGBoost,0.9867,0.8255,0.5,0.4429
F_de_3d_8rm,delta,norm2,Ensemble (Majority Vote),0.84,0.6968,0.4,0.4429
F_de_3d_F4,theta,norm2,Ensemble (Majority Vote),0.7,0.6166,0.4,0.4429
F_de_3d,gamma,norm2,KNN,0.96,0.7198,0.4,0.4429
F_dasm_3d,delta,norm3,Logistic Regression,0.6133,0.5703,0.6,0.4429
F_mean_3d_Cz,theta,None,XGBoost,0.68,0.5791,0.5,0.4429
F_rasm_3d_10rm,alpha,norm3,Random Forest,0.78,0.6724,0.3,0.4429
F_mean_3d_Cz,beta,norm2,XGBoost,0.52,0.5326,0.4,0.4429
F_rasm_3d,beta,norm2,Random Forest,0.8867,0.7041,0.5,0.4429
F_mean_3d_F3,beta,norm3,Random Forest,0.7667,0.5897,0.4,0.4429
F_de_3d_F3,all,None,XGBoost,0.9133,0.7216,0.4,0.4429
F_mean_3d_Cz,all,norm2,XGBoost,0.8867,0.64,0.5,0.4429
F_median_3d_C3,alpha,norm2,Linear SVM,0.54,0.5083,0.3,0.4429
F_median_3d_C3,alpha,norm3,Linear SVM,0.54,0.5083,0.3,0.4429
F_median_3d_C3,delta,None,KNN,0.9267,0.6876,0.4,0.4429
F_median_3d_F3,alpha,norm3,Ensemble (Majority Vote),0.7667,0.6205,0.4,0.4429
F_dasm_3d,gamma,norm2,XGBoost,0.94,0.6416,0.3,0.4429
F_median_3d_F3,alpha,norm2,Ensemble (Majority Vote),0.7667,0.6205,0.4,0.4429
F_median_3d_C3,gamma,None,Random Forest,0.6467,0.5954,0.3,0.4429
F_mean_3d_8rm,all,norm2,Random Forest,1.0,0.8303,0.5,0.4429
F_peak_3d19,delta,norm3,XGBoost,0.9933,0.9028,0.5,0.4429
F_mean_3d19,alpha,norm3,XGBoost,1.0,0.863,0.3,0.4429
F_rasm_3d19,all,None,Random Forest,0.98,0.8126,0.6,0.4429
F_mean_3d19,alpha,norm3,Ensemble (Majority Vote),0.92,0.7782,0.5,0.4429
F_de_3d_F7,all,None,Ensemble (Majority Vote),0.82,0.6834,0.4,0.4429
F_mean_3d_F3,beta,norm3,XGBoost,0.5933,0.5526,0.4,0.4429
F_peak_3d19,alpha,norm3,Logistic Regression,0.7867,0.6876,0.4,0.4429
F_de_3d_Fp2,delta,norm3,Random Forest,0.7733,0.5963,0.5,0.4429
F_de_3d_8rm,delta,norm2,Random Forest,0.8667,0.6743,0.5,0.4429
F_median_3d_3area,all,norm3,KNN,0.9933,0.8552,0.4,0.4429
F_mean_3d_1area,delta,norm2,KNN,0.9933,0.6949,0.4,0.4429
F_de_3d_T8,delta,None,Random Forest,0.7,0.5963,0.4,0.4429
F_median_3d_3area,all,norm2,KNN,0.96,0.709,0.3,0.4429
F_median_3d_10rm,theta,norm3,Linear SVM,0.7,0.6214,0.5,0.4429
F_de_3d_3area,theta,norm2,XGBoost,0.7933,0.6041,0.3,0.4429
F_median_3d_Fp1,theta,None,Logistic Regression,0.5867,0.5607,0.3,0.4429
F_de_3d_F7,theta,None,Logistic Regression,0.6133,0.569,0.5,0.4429
F_de_3d_Fp2,alpha,norm2,KNN,0.98,0.6917,0.4,0.4429
F_de_3d_Fp2,alpha,norm3,KNN,0.98,0.6917,0.4,0.4429
F_median_3d_1area,alpha,norm2,KNN,1.0,0.6922,0.4,0.4429
F_de_3d_F7,theta,None,Linear SVM,0.6133,0.5692,0.5,0.4429
F_median_3d_1area,alpha,norm3,KNN,1.0,0.6922,0.4,0.4429
F_mean_3d_F8,all,norm3,Linear SVM,0.6133,0.5729,0.5,0.4429
F_median_3d_Fp2,beta,norm3,XGBoost,0.6467,0.5653,0.3,0.4429
F_median_3d_1area,delta,None,Random Forest,0.6733,0.6099,0.4,0.4429
F_peak_3d_C3,alpha,norm2,Ensemble (Majority Vote),0.7333,0.6214,0.5,0.4429
F_peak_3d_C3,alpha,norm3,Ensemble (Majority Vote),0.7333,0.6214,0.5,0.4429
F_mean_3d_Fp1,all,None,Ensemble (Majority Vote),0.78,0.6779,0.4,0.4429
F_median_3d_Fp2,beta,norm2,XGBoost,0.6467,0.5653,0.3,0.4429
F_mean_3d_8rm,gamma,norm2,Random Forest,0.9867,0.7113,0.4,0.4429
F_peak_3d_C4,delta,norm3,XGBoost,0.62,0.5595,0.6,0.4429
F_de_3d_2area,delta,None,XGBoost,0.7533,0.6471,0.5,0.4429
F_rasm_3d_8rm,beta,None,Ensemble (Majority Vote),0.88,0.6476,0.4,0.4429
F_mean_3d_Fp1,all,norm3,Ensemble (Majority Vote),0.7667,0.6936,0.6,0.4429
F_rasm_3d_8rm,beta,None,Logistic Regression,0.52,0.5067,0.4,0.4429
F_peak_3d_C3,gamma,norm2,Ensemble (Majority Vote),0.68,0.6108,0.4,0.4429
F_peak_3d_C3,gamma,norm3,Ensemble (Majority Vote),0.68,0.6108,0.4,0.4429
F_peak_3d_C4,delta,norm2,XGBoost,0.62,0.5595,0.6,0.4429
F_median_3d19,delta,norm2,Random Forest,0.9267,0.7347,0.5,0.4429
F_median_3d19,theta,None,XGBoost,1.0,0.872,0.5,0.4429
F_de_3d_C4,all,norm2,KNN,0.9867,0.7005,0.3,0.4429
F_de_3d_F3,delta,norm2,KNN,0.9933,0.6903,0.4,0.4429
F_peak_3d_C4,beta,None,Linear SVM,0.5933,0.5602,0.4,0.4429
F_median_3d_1area,delta,None,XGBoost,0.66,0.5943,0.4,0.4429
F_de_3d_10rm,delta,norm2,KNN,0.9933,0.7262,0.3,0.4429
F_peak_3d_3area,beta,None,Random Forest,0.72,0.6618,0.4,0.4429
F_mean_3d_1area,gamma,None,Ensemble (Majority Vote),0.6533,0.6177,0.4,0.4429
F_median_3d_2area,theta,norm2,Ensemble (Majority Vote),0.7467,0.6455,0.5,0.4429
F_peak_3d_2area,gamma,norm2,KNN,0.9867,0.6929,0.2,0.4429
F_median_3d_F7,gamma,None,Linear SVM,0.54,0.5191,0.5,0.4429
F_de_3d_F3,delta,norm3,KNN,0.9933,0.6903,0.4,0.4429
F_de_3d_Fp2,delta,norm2,Random Forest,0.7733,0.5963,0.5,0.4429
F_peak_3d_2area,theta,norm2,Random Forest,0.7733,0.6051,0.5,0.4429
F_median_3d_2area,gamma,None,KNN,0.9533,0.7218,0.6,0.4429
F_mean_3d_C4,all,norm3,Ensemble (Majority Vote),0.76,0.6618,0.4,0.4429
F_dasm_3d_8rm,all,norm2,KNN,1.0,0.7563,0.4,0.4429
F_peak_3d_Cz,beta,norm3,KNN,0.98,0.6966,0.3,0.4429
F_peak_3d_Cz,beta,norm2,KNN,0.98,0.6966,0.3,0.4429
F_rasm_3d_3area,theta,norm2,Ensemble (Majority Vote),0.8267,0.651,0.3,0.4429
F_peak_3d_Cz,all,None,XGBoost,0.8733,0.7076,0.3,0.4429
F_mean_3d_1area,delta,norm3,KNN,0.9933,0.6949,0.4,0.4429
F_peak_3d_Fp1,alpha,norm2,Random Forest,0.78,0.5952,0.4,0.4429
F_median_3d_2area,all,None,Logistic Regression,0.6933,0.6253,0.4,0.4429
F_median_3d_1area,gamma,None,XGBoost,0.64,0.5926,0.5,0.4429
F_median_3d_Fp1,theta,None,Linear SVM,0.5933,0.5607,0.3,0.4429
F_peak_3d_3area,theta,norm2,Ensemble (Majority Vote),0.76,0.6478,0.4,0.4429
F_median_3d_Fp2,delta,None,XGBoost,0.7067,0.5959,0.6,0.4429
F_rasm_3d_8rm,gamma,None,KNN,0.9733,0.6917,0.3,0.4429
F_peak_3d_C4,beta,None,Logistic Regression,0.5933,0.5602,0.4,0.4429
F_peak_3d_T7,alpha,None,Ensemble (Majority Vote),0.6667,0.6198,0.4,0.4429
F_peak_3d_Fp1,alpha,norm3,Random Forest,0.78,0.5952,0.4,0.4429
F_rasm_3d_3area,theta,norm3,Ensemble (Majority Vote),0.8267,0.651,0.3,0.4429
F_de_3d_F4,all,norm3,KNN,0.9933,0.7662,0.4,0.4429
F_rasm_3d19,theta,None,Linear SVM,0.5467,0.5087,0.5,0.4429
F_rasm_3d_8rm,beta,norm3,Logistic Regression,0.5467,0.5244,0.5,0.4429
F_mean_3d_Cz,delta,None,KNN,0.9867,0.6959,0.4,0.4429
F_mean_3d_C3,all,norm2,Linear SVM,0.4933,0.5023,0.3,0.4429
F_de_3d_8rm,delta,norm2,XGBoost,0.9533,0.686,0.5,0.4429
F_de_3d_F4,all,norm3,Ensemble (Majority Vote),0.7733,0.671,0.3,0.4429
F_mean_3d_Cz,all,None,KNN,0.9733,0.7308,0.4,0.4429
F_rasm_3d_10rm,beta,None,Logistic Regression,0.5,0.5094,0.5,0.4429
F_rasm_3d_8rm,beta,norm3,Linear SVM,0.5667,0.5267,0.5,0.4429
F_rasm_3d_3area,delta,None,Logistic Regression,0.48,0.4963,0.5,0.4429
F_mean_3d_C4,alpha,None,Linear SVM,0.5533,0.5524,0.4,0.4429
F_mean_3d_T7,alpha,None,Ensemble (Majority Vote),0.7733,0.637,0.4,0.4429
F_rasm_3d_3area,gamma,None,KNN,0.96,0.6839,0.3,0.4429
F_rasm_3d_3area,theta,None,XGBoost,0.72,0.5853,0.4,0.4429
F_rasm_3d_3area,beta,None,KNN,1.0,0.6972,0.5,0.4429
F_rasm_3d_3area,theta,norm2,XGBoost,0.7067,0.6161,0.5,0.4429
F_peak_3d_F7,beta,norm2,Ensemble (Majority Vote),0.7133,0.594,0.4,0.4429
F_dasm_3d,beta,None,KNN,0.9867,0.7591,0.4,0.4429
F_rasm_3d_3area,theta,norm3,XGBoost,0.7067,0.6161,0.5,0.4429
F_rasm_3d_3area,all,norm2,KNN,0.9933,0.7508,0.4,0.4429
F_mean_3d_8rm,gamma,None,XGBoost,0.9467,0.7566,0.5,0.4429
F_mean_3d_C4,gamma,None,Random Forest,0.6667,0.5901,0.4,0.4429
F_mean_3d_C3,gamma,norm3,Ensemble (Majority Vote),0.6533,0.5885,0.4,0.4429
F_peak_3d_F7,beta,norm3,Ensemble (Majority Vote),0.7133,0.594,0.4,0.4429
F_mean_3d_C3,gamma,norm2,Ensemble (Majority Vote),0.6533,0.5885,0.4,0.4429
F_mean_3d_2area,all,norm3,XGBoost,0.9667,0.8069,0.5,0.4429
F_mean_3d_T7,all,norm2,Linear SVM,0.5067,0.5057,0.2,0.4429
F_dasm_3d,beta,norm3,Logistic Regression,0.68,0.5798,0.2,0.4429
F_rasm_3d_10rm,delta,norm2,Random Forest,0.8267,0.6823,0.4,0.4429
F_rasm_3d_8rm,beta,None,XGBoost,0.8133,0.623,0.3,0.4429
F_mean_3d_C3,delta,None,KNN,0.98,0.7138,0.5,0.4429
F_de_3d_C3,alpha,None,KNN,0.96,0.7067,0.3,0.4429
F_peak_3d_Fp1,all,None,Random Forest,0.7867,0.683,0.4,0.4429
F_rasm_3d,alpha,None,KNN,0.9933,0.7062,0.5,0.4429
F_rasm_3d19,gamma,norm2,Ensemble (Majority Vote),0.92,0.7756,0.5,0.4429
F_de_3d_F8,all,None,Logistic Regression,0.6667,0.603,0.5,0.4429
F_mean_3d_Fz,all,norm2,KNN,0.9867,0.6876,0.2,0.4429
F_mean_3d_F7,alpha,norm2,Ensemble (Majority Vote),0.78,0.6198,0.3,0.4429
F_mean_3d_F7,alpha,norm3,Ensemble (Majority Vote),0.78,0.6198,0.3,0.4429
F_mean_3d_F7,beta,norm2,Random Forest,0.8333,0.5972,0.3,0.4429
F_mean_3d_F7,beta,norm3,Random Forest,0.8333,0.5972,0.3,0.4429
F_mean_3d_F7,delta,None,Logistic Regression,0.56,0.5439,0.5,0.4429
F_mean_3d_F7,delta,norm2,Ensemble (Majority Vote),0.66,0.5961,0.5,0.4429
F_dasm_3d19,alpha,norm2,Random Forest,0.9933,0.7214,0.4,0.4429
F_mean_3d_F7,delta,norm3,Ensemble (Majority Vote),0.66,0.5961,0.5,0.4429
F_peak_3d_Fz,delta,norm3,XGBoost,0.5867,0.5554,0.5,0.4429
F_peak_3d_Fz,delta,norm2,XGBoost,0.5867,0.5554,0.5,0.4429
F_mean_3d_F8,all,norm3,KNN,0.9933,0.7241,0.2,0.4429
F_de_3d_F7,theta,norm2,Random Forest,0.7667,0.5899,0.3,0.4429
F_de_3d_F7,theta,norm3,Random Forest,0.7667,0.5899,0.3,0.4429
F_mean_3d_Fp1,all,None,Linear SVM,0.6867,0.6067,0.3,0.4429
F_peak_3d_T7,theta,norm2,XGBoost,0.6067,0.5508,0.5,0.4429
F_mean_3d_Fp1,all,None,Random Forest,0.76,0.6595,0.5,0.4429
F_mean_3d_Fp1,alpha,None,Random Forest,0.7133,0.6016,0.4,0.4429
F_peak_3d_Fp2,alpha,norm3,Linear SVM,0.54,0.5078,0.4,0.4429
F_dasm_3d19,gamma,norm3,KNN,0.9933,0.7945,0.5,0.4429
F_peak_3d_Fp2,alpha,norm2,Linear SVM,0.54,0.5078,0.4,0.4429
F_dasm_3d19,gamma,norm3,XGBoost,0.96,0.7703,0.4,0.4429
F_dasm_3d19,theta,norm2,Random Forest,0.9733,0.7117,0.3,0.4429
F_mean_3d_2area,gamma,norm3,Ensemble (Majority Vote),0.7067,0.6115,0.4,0.4429
F_mean_3d_Fp2,all,norm2,Linear SVM,0.54,0.5133,0.6,0.4429
F_de_3d_C3,theta,None,XGBoost,0.6533,0.5906,0.4,0.4429
F_peak_3d_Fp1,beta,norm3,KNN,0.98,0.6855,0.4,0.4429
F_de_3d_3area,theta,None,Ensemble (Majority Vote),0.76,0.6611,0.4,0.4429
F_peak_3d_Fp1,beta,norm2,KNN,0.98,0.6855,0.4,0.4429
F_peak_3d_Fp1,all,norm3,Linear SVM,0.62,0.609,0.5,0.4429
F_peak_3d_T7,theta,norm2,Random Forest,0.8133,0.5933,0.4,0.4429
F_peak_3d_T7,theta,norm3,Random Forest,0.8133,0.5933,0.4,0.4429
F_rasm_3d19,delta,norm2,Linear SVM,0.56,0.5149,0.3,0.4429
F_mean_3d_F4,all,norm3,KNN,0.9667,0.7425,0.5,0.4429
F_rasm_3d19,beta,norm2,KNN,0.9867,0.7414,0.4,0.4429
F_rasm_3d19,beta,None,Random Forest,0.88,0.6862,0.4,0.4429
F_mean_3d_F3,beta,norm2,Ensemble (Majority Vote),0.6733,0.606,0.4,0.4429
F_mean_3d_F3,beta,norm3,Ensemble (Majority Vote),0.6733,0.606,0.4,0.4429
F_peak_3d_F7,theta,norm2,Random Forest,0.7733,0.5947,0.3,0.4429
F_rasm_3d19,alpha,None,Ensemble (Majority Vote),0.9533,0.7149,0.4,0.4429
F_peak_3d_F7,theta,norm3,Random Forest,0.7733,0.5947,0.3,0.4429
F_rasm_3d,theta,norm2,Linear SVM,0.4867,0.4943,0.3,0.4429
F_rasm_3d,theta,None,Linear SVM,0.54,0.5189,0.4,0.4429
F_mean_3d_F3,gamma,norm2,Linear SVM,0.5067,0.5018,0.3,0.4429
F_mean_3d_F3,gamma,norm3,Linear SVM,0.5067,0.5018,0.3,0.4429
F_rasm_3d,gamma,None,Logistic Regression,0.5267,0.5246,0.3,0.4429
F_dasm_3d,theta,norm2,Linear SVM,0.5067,0.5069,0.5,0.4429
F_de_3d_F7,alpha,norm2,XGBoost,0.62,0.5451,0.3,0.4429
F_rasm_3d,alpha,None,Random Forest,0.78,0.6556,0.2,0.4429
F_peak_3d_T7,theta,norm3,XGBoost,0.6067,0.5508,0.5,0.4429
F_de_3d_F8,delta,norm3,KNN,0.9867,0.6961,0.5,0.4429
F_de_3d_F7,alpha,norm3,XGBoost,0.62,0.5451,0.3,0.4429
F_mean_3d_F4,alpha,norm2,Ensemble (Majority Vote),0.8733,0.6308,0.3,0.4429
F_mean_3d_F4,alpha,norm3,Ensemble (Majority Vote),0.8733,0.6308,0.3,0.4429
F_de_3d_8rm,beta,norm2,KNN,0.9933,0.7166,0.5,0.4429
F_dasm_3d19,all,norm2,Ensemble (Majority Vote),1.0,0.8772,0.4,0.4429
F_mean_3d_Fz,alpha,norm3,Linear SVM,0.4867,0.5014,0.3,0.4429
F_de_3d_F8,delta,norm2,KNN,0.9867,0.6961,0.5,0.4429
F_mean_3d_Fz,alpha,norm2,Linear SVM,0.4867,0.5014,0.3,0.4429
F_peak_3d_F8,beta,None,Ensemble (Majority Vote),0.76,0.6552,0.4,0.4429
F_mean_3d_F4,gamma,None,KNN,0.9733,0.7016,0.3,0.4429
F_peak_3d_T8,delta,None,Ensemble (Majority Vote),0.82,0.6418,0.3,0.4429
F_mean_3d_F4,theta,None,KNN,0.96,0.6908,0.4,0.4429
F_peak_3d_F8,beta,None,Random Forest,0.6733,0.597,0.5,0.4429
F_mean_3d_2area,all,norm3,Random Forest,0.8,0.7126,0.4,0.4429
F_de_3d_10rm,alpha,norm2,Ensemble (Majority Vote),0.92,0.7193,0.5,0.4429
F_dasm_3d_3area,beta,norm2,XGBoost,0.64,0.5637,0.5,0.4429
F_median_3d_T7,gamma,None,Linear SVM,0.56,0.5283,0.4,0.4429
F_peak_3d_C3,gamma,None,XGBoost,0.6267,0.5754,0.4,0.4429
F_mean_3d_T8,delta,None,XGBoost,0.7133,0.5903,0.5,0.4429
F_de_3d19,alpha,norm3,XGBoost,1.0,0.8903,0.4,0.4429
F_de_3d_Fp1,alpha,norm2,Linear SVM,0.5267,0.5051,0.3,0.4429
F_median_3d_10rm,beta,norm2,Linear SVM,0.5467,0.5159,0.3,0.4429
F_peak_3d_2area,all,norm2,Random Forest,0.9333,0.7021,0.3,0.4429
F_mean_3d,delta,norm2,Ensemble (Majority Vote),0.9067,0.7287,0.5,0.4429
F_mean_3d_T8,gamma,None,XGBoost,0.64,0.589,0.5,0.4429
F_median_3d_10rm,alpha,norm2,Linear SVM,0.5,0.4972,0.3,0.4429
F_mean_3d_T8,gamma,norm2,Random Forest,0.7867,0.5917,0.4,0.4429
F_mean_3d_10rm,alpha,norm2,XGBoost,0.9667,0.7131,0.3,0.4429
F_mean_3d_1area,all,norm3,Random Forest,0.74,0.6784,0.5,0.4429
F_de_3d_Fp1,alpha,norm3,Linear SVM,0.5267,0.5051,0.3,0.4429
F_mean_3d_T8,gamma,norm3,Random Forest,0.7867,0.5917,0.4,0.4429
F_peak_3d_F3,all,norm2,XGBoost,0.9133,0.6563,0.5,0.4429
F_median_3d_3area,gamma,None,Logistic Regression,0.5933,0.5807,0.5,0.4429
F_de_3d_3area,all,norm2,KNN,0.9867,0.7241,0.5,0.4429
F_median_3d_T8,beta,norm2,KNN,0.9733,0.6805,0.3,0.4429
F_median_3d_3area,gamma,None,XGBoost,0.82,0.6671,0.5,0.4429
F_median_3d_T8,beta,norm3,KNN,0.9733,0.6805,0.3,0.4429
F_peak_3d_C4,all,norm3,Random Forest,0.7733,0.68,0.5,0.4429
F_median_3d_T7,gamma,None,Logistic Regression,0.5533,0.529,0.4,0.4429
F_median_3d_3area,all,norm2,Ensemble (Majority Vote),0.92,0.7453,0.4,0.4429
F_de_3d_T7,theta,norm2,Ensemble (Majority Vote),0.7333,0.6264,0.5,0.4429
F_de_3d_T7,beta,None,Ensemble (Majority Vote),0.6667,0.5991,0.4,0.4429
F_peak_3d_F4,all,norm2,Random Forest,0.94,0.6793,0.5,0.4429
F_peak_3d_C3,beta,norm2,Ensemble (Majority Vote),0.7733,0.6154,0.2,0.4429
F_peak_3d_F4,all,norm2,Linear SVM,0.4733,0.4926,0.4,0.4429
F_peak_3d_F4,all,norm2,Ensemble (Majority Vote),0.9067,0.6899,0.4,0.4429
F_mean_3d_T8,alpha,norm2,KNN,0.9667,0.6894,0.3,0.4429
F_median_3d_F4,gamma,norm3,KNN,0.9933,0.686,0.4,0.4429
F_peak_3d_C3,beta,norm2,KNN,0.98,0.6763,0.3,0.4429
F_peak_3d_2area,theta,norm2,XGBoost,0.7,0.583,0.5,0.4429
F_median_3d_F4,gamma,norm2,KNN,0.9933,0.686,0.4,0.4429
F_median_3d_Fz,theta,norm2,Random Forest,0.8467,0.5931,0.3,0.4429
F_median_3d_Fz,theta,norm3,Random Forest,0.8467,0.5931,0.3,0.4429
F_median_3d_T7,all,norm2,Linear SVM,0.5333,0.5067,0.3,0.4429
F_peak_3d_C3,beta,norm3,Ensemble (Majority Vote),0.7733,0.6154,0.2,0.4429
F_mean_3d_T8,alpha,norm3,KNN,0.9667,0.6894,0.3,0.4429
F_peak_3d_C3,beta,norm3,KNN,0.98,0.6763,0.3,0.4429
F_median_3d_F4,delta,None,KNN,0.96,0.6945,0.4,0.4429
F_mean_3d_1area,theta,norm2,Random Forest,0.72,0.5857,0.4,0.4429
F_de_3d_3area,all,norm3,Random Forest,0.8733,0.7457,0.5,0.4429
F_median_3d_10rm,delta,None,Random Forest,0.8133,0.7078,0.4,0.4429
F_peak_3d_2area,gamma,None,Random Forest,0.7133,0.64,0.4,0.4429
F_de_3d_Fp2,all,norm2,Ensemble (Majority Vote),0.8933,0.6855,0.3,0.4429
F_median_3d_3area,theta,norm3,Random Forest,0.76,0.643,0.3,0.4429
F_median_3d_8rm,all,norm2,KNN,0.82,0.7048,0.3,0.4429
F_de_3d_C4,delta,None,Linear SVM,0.5867,0.5331,0.5,0.4429
F_peak_3d_Cz,gamma,None,Logistic Regression,0.5467,0.5389,0.4,0.4429
F_de_3d_Fp2,alpha,norm3,Ensemble (Majority Vote),0.82,0.6064,0.4,0.4429
F_peak_3d,delta,norm2,Random Forest,0.9,0.6993,0.5,0.4429
F_de_3d_Fz,alpha,None,Random Forest,0.6733,0.5956,0.4,0.4429
F_de_3d_C4,gamma,norm3,XGBoost,0.5867,0.5561,0.5,0.4429
F_median_3d,theta,None,KNN,0.9933,0.8234,0.3,0.4429
F_peak_3d_Cz,all,norm2,Linear SVM,0.5667,0.5101,0.4,0.4429
F_de_3d,all,norm2,XGBoost,1.0,0.949,0.6,0.4429
F_peak_3d19,alpha,norm3,Ensemble (Majority Vote),0.9133,0.8136,0.4,0.4429
F_peak_3d19,alpha,norm3,Random Forest,0.86,0.7657,0.4,0.4429
F_peak_3d_C4,gamma,None,XGBoost,0.6467,0.6028,0.5,0.4429
F_median_3d19,alpha,norm2,Ensemble (Majority Vote),0.9867,0.7745,0.4,0.4429
F_de_3d_C4,gamma,norm2,KNN,0.9733,0.6972,0.4,0.4429
F_median_3d19,alpha,None,KNN,1.0,0.8754,0.4,0.4429
F_de_3d_2area,delta,norm3,KNN,0.94,0.7195,0.5,0.4429
F_median_3d_C3,beta,norm2,Linear SVM,0.4933,0.4979,0.5,0.4429
F_median_3d,theta,norm3,KNN,0.9733,0.8053,0.4,0.4429
F_median_3d_C3,beta,norm3,Linear SVM,0.4933,0.4979,0.5,0.4429
F_median_3d_C3,delta,norm2,KNN,0.98,0.683,0.3,0.4429
F_de_3d_C4,gamma,norm3,KNN,0.9733,0.6972,0.4,0.4429
F_median_3d_C3,delta,norm3,KNN,0.98,0.683,0.3,0.4429
F_de_3d_C4,gamma,norm2,XGBoost,0.5867,0.5561,0.5,0.4429
F_de_3d_Fp1,gamma,None,Ensemble (Majority Vote),0.78,0.6349,0.5,0.4429
F_de_3d_C4,delta,norm3,Ensemble (Majority Vote),0.6733,0.6177,0.3,0.4429
F_de_3d,delta,norm2,Random Forest,0.9,0.6975,0.3,0.4429
F_de_3d_2area,gamma,norm3,Random Forest,0.7733,0.6239,0.4,0.4429
F_peak_3d_Cz,gamma,None,Linear SVM,0.5467,0.5393,0.4,0.4429
F_median_3d19,theta,norm2,Linear SVM,0.5533,0.5074,0.2,0.4429
F_de_3d_1area,beta,norm3,Ensemble (Majority Vote),0.7867,0.5998,0.2,0.4429
F_peak_3d_1area,all,None,KNN,0.9867,0.8048,0.4,0.4429
F_median_3d_T8,theta,None,Ensemble (Majority Vote),0.7667,0.6276,0.4,0.4429
F_mean_3d,theta,norm3,Linear SVM,0.72,0.6356,0.4,0.4429
F_median_3d19,theta,None,Ensemble (Majority Vote),0.9467,0.7961,0.5,0.4429
F_de_3d_Fz,theta,norm3,Ensemble (Majority Vote),0.72,0.6101,0.3,0.4429
F_mean_3d19,all,None,KNN,1.0,0.9611,0.4,0.4429
F_mean_3d19,all,None,XGBoost,1.0,0.9943,0.4,0.4429
F_median_3d_8rm,gamma,None,Logistic Regression,0.6933,0.6103,0.4,0.4429
F_de_3d_1area,beta,norm2,Ensemble (Majority Vote),0.7867,0.5998,0.2,0.4429
F_de_3d_C4,delta,None,Logistic Regression,0.5867,0.5329,0.5,0.4429
F_de_3d_Fz,theta,norm2,Ensemble (Majority Vote),0.72,0.6101,0.3,0.4429
F_de_3d_2area,gamma,norm2,Random Forest,0.8667,0.617,0.6,0.4429
F_mean_3d19,all,norm2,XGBoost,1.0,0.9559,0.4,0.4429
F_de_3d_C4,delta,norm2,Ensemble (Majority Vote),0.6733,0.6177,0.3,0.4429
F_de_3d,theta,None,Ensemble (Majority Vote),0.8867,0.7451,0.4,0.4429
F_median_3d_8rm,delta,norm2,Linear SVM,0.48,0.506,0.4,0.4429
F_peak_3d,beta,norm2,Linear SVM,0.5333,0.5074,0.3,0.4429
F_de_3d_Cz,delta,None,KNN,0.98,0.7007,0.3,0.4429
F_peak_3d_F3,gamma,None,KNN,0.9667,0.6913,0.4,0.4429
F_peak_3d_C3,beta,None,Random Forest,0.7,0.5982,0.5,0.4429
F_dasm_3d_3area,alpha,None,Logistic Regression,0.52,0.5366,0.4,0.4429
F_median_3d_Fp1,theta,norm2,Random Forest,0.76,0.5915,0.5,0.4429
F_peak_3d_F4,gamma,None,KNN,0.98,0.7053,0.4,0.4429
F_median_3d_Fp1,theta,norm3,Random Forest,0.76,0.5915,0.5,0.4429
F_median_3d_Fp2,all,None,Linear SVM,0.6267,0.5899,0.5,0.4429
F_de_3d_T8,alpha,norm3,Linear SVM,0.5133,0.5032,0.5,0.4429
F_median_3d_1area,all,norm2,XGBoost,0.86,0.6533,0.2,0.4429
F_de_3d_T8,alpha,norm2,Linear SVM,0.5133,0.5032,0.5,0.4429
F_dasm_3d_3area,alpha,None,Linear SVM,0.52,0.5368,0.4,0.4429
F_median_3d_F8,all,norm2,KNN,0.9667,0.6917,0.5,0.4429
F_dasm_3d_3area,gamma,norm3,Random Forest,0.7733,0.5908,0.4,0.4429
F_de_3d_3area,alpha,norm3,XGBoost,0.7333,0.6154,0.4,0.4429
F_de_3d_T8,gamma,norm2,XGBoost,0.62,0.5453,0.4,0.4429
F_de_3d_T8,all,norm3,Logistic Regression,0.6467,0.603,0.3,0.4429
F_de_3d_F8,theta,norm2,Random Forest,0.8,0.5821,0.3,0.4429
F_peak_3d_C3,alpha,norm2,KNN,0.9867,0.6966,0.4,0.4429
F_mean_3d_T7,theta,norm2,Linear SVM,0.4867,0.4945,0.4,0.4429
F_median_3d_Fp1,all,None,Ensemble (Majority Vote),0.8267,0.6823,0.4,0.4429
F_median_3d_1area,alpha,None,KNN,0.98,0.7039,0.3,0.4429
F_dasm_3d_3area,gamma,norm2,Random Forest,0.7733,0.5908,0.4,0.4429
F_peak_3d_3area,theta,norm2,KNN,0.98,0.6982,0.3,0.4429
F_dasm_3d_3area,beta,norm3,XGBoost,0.64,0.5637,0.5,0.4429
F_de_3d_Fp2,alpha,norm3,Linear SVM,0.5467,0.5078,0.3,0.4429
F_median_3d_Fp1,beta,None,Logistic Regression,0.5467,0.5336,0.5,0.4429
F_dasm_3d_3area,delta,norm2,XGBoost,0.5533,0.5501,0.5,0.4429
F_mean_3d_2area,all,norm3,Ensemble (Majority Vote),0.86,0.7598,0.5,0.4429
F_median_3d_Fp1,alpha,norm3,Ensemble (Majority Vote),0.7533,0.6083,0.3,0.4429
F_de_3d_T8,beta,None,XGBoost,0.64,0.5899,0.5,0.4429
F_median_3d_Fp1,alpha,norm2,Ensemble (Majority Vote),0.7533,0.6083,0.3,0.4429
F_median_3d_Fp1,alpha,None,KNN,0.98,0.7069,0.4,0.4429
F_de_3d_Fp2,alpha,norm2,Linear SVM,0.5467,0.5078,0.3,0.4429
F_dasm_3d_3area,delta,norm3,XGBoost,0.5533,0.5501,0.5,0.4429
F_mean_3d_10rm,gamma,norm2,Random Forest,0.98,0.7285,0.4,0.4429
F_mean_3d_10rm,gamma,norm2,Ensemble (Majority Vote),0.9267,0.7195,0.4,0.4429
F_median_3d_Fp1,all,None,XGBoost,0.8867,0.7143,0.4,0.4429
F_de_3d_Fp2,alpha,norm2,Ensemble (Majority Vote),0.82,0.6064,0.4,0.4429
F_peak_3d_C3,alpha,norm3,KNN,0.9867,0.6966,0.4,0.4429
F_median_3d_C3,gamma,None,Ensemble (Majority Vote),0.76,0.6248,0.3,0.4429
F_de_3d_F8,theta,norm3,Random Forest,0.8,0.5821,0.3,0.4429
F_mean_3d_1area,theta,norm3,Random Forest,0.72,0.5857,0.4,0.4429
F_median_3d_F7,gamma,None,KNN,0.9733,0.6984,0.4,0.4429
F_median_3d_Fz,alpha,norm2,Linear SVM,0.5,0.5039,0.4,0.4429
F_median_3d_2area,delta,None,XGBoost,0.74,0.6395,0.4,0.4429
F_peak_3d_3area,all,None,KNN,1.0,0.9023,0.3,0.4429
F_de_3d_T8,all,None,KNN,0.9867,0.7722,0.4,0.4429
F_median_3d_F7,delta,norm2,XGBoost,0.58,0.5411,0.5,0.4429
F_de_3d_T8,theta,None,XGBoost,0.6867,0.5906,0.4,0.4429
F_median_3d_Fp2,theta,None,Logistic Regression,0.56,0.54,0.4,0.4429
F_de_3d_T8,gamma,norm3,XGBoost,0.62,0.5453,0.4,0.4429
F_mean_3d_T7,theta,norm3,Linear SVM,0.4867,0.4945,0.4,0.4429
F_de_3d_1area,theta,None,Random Forest,0.7,0.6087,0.4,0.4429
F_de_3d_T7,theta,norm3,Ensemble (Majority Vote),0.7333,0.6264,0.5,0.4429
F_median_3d_Fz,alpha,norm3,Linear SVM,0.5,0.5039,0.4,0.4429
F_median_3d_F7,delta,None,Ensemble (Majority Vote),0.6467,0.5995,0.5,0.4429
F_median_3d_Fz,beta,None,Logistic Regression,0.5467,0.5184,0.4,0.4429
F_median_3d_F7,delta,norm3,XGBoost,0.58,0.5411,0.5,0.4429
F_peak_3d_C4,beta,norm3,KNN,0.9667,0.6883,0.3,0.4286
F_dasm_3d_8rm,alpha,norm3,Linear SVM,0.6333,0.5752,0.2,0.4286
F_median_3d_2area,theta,None,KNN,1.0,0.7177,0.2,0.4286
F_dasm_3d_8rm,beta,norm3,KNN,0.9733,0.7023,0.2,0.4286
F_mean_3d_10rm,delta,None,Linear SVM,0.7267,0.6372,0.4,0.4286
F_median_3d_2area,gamma,norm3,Linear SVM,0.56,0.5372,0.4,0.4286
F_de_3d_2area,beta,None,Logistic Regression,0.56,0.5513,0.3,0.4286
F_peak_3d_C4,beta,norm2,KNN,0.9667,0.6883,0.3,0.4286
F_dasm_3d19,beta,norm3,Ensemble (Majority Vote),0.82,0.6926,0.4,0.4286
F_mean_3d_F7,gamma,None,Ensemble (Majority Vote),0.6933,0.612,0.4,0.4286
F_dasm_3d19,beta,norm3,Logistic Regression,0.7067,0.6016,0.4,0.4286
F_median_3d_2area,gamma,norm3,Logistic Regression,0.56,0.5377,0.4,0.4286
F_median_3d_8rm,alpha,norm3,KNN,0.9733,0.766,0.4,0.4286
F_mean_3d_Fp1,all,None,KNN,0.9867,0.763,0.4,0.4286
F_dasm_3d19,gamma,norm3,Logistic Regression,0.68,0.6051,0.5,0.4286
F_de_3d_2area,beta,None,KNN,0.9667,0.7182,0.4,0.4286
F_mean_3d_F7,all,norm3,KNN,0.9733,0.731,0.3,0.4286
F_median_3d_10rm,delta,norm2,Linear SVM,0.48,0.4945,0.3,0.4286
F_peak_3d_3area,gamma,None,Random Forest,0.72,0.663,0.4,0.4286
F_dasm_3d19,theta,norm2,XGBoost,0.96,0.6931,0.4,0.4286
F_dasm_3d_3area,gamma,None,KNN,0.9867,0.6986,0.5,0.4286
F_mean_3d_2area,gamma,norm3,Random Forest,0.74,0.62,0.3,0.4286
F_mean_3d_F8,all,norm3,Logistic Regression,0.6133,0.5733,0.5,0.4286
F_peak_3d_Fp1,gamma,None,Ensemble (Majority Vote),0.68,0.6154,0.5,0.4286
F_median_3d19,all,norm2,KNN,0.84,0.714,0.2,0.4286
F_median_3d_1area,delta,None,Logistic Regression,0.5667,0.5386,0.4,0.4286
F_median_3d_2area,gamma,None,Ensemble (Majority Vote),0.7667,0.6492,0.3,0.4286
F_de_3d_F7,theta,None,Ensemble (Majority Vote),0.68,0.6126,0.4,0.4286
F_dasm_3d_3area,delta,norm2,KNN,0.9933,0.689,0.3,0.4286
F_de_3d_Cz,theta,norm2,XGBoost,0.66,0.548,0.3,0.4286
F_dasm_3d_3area,delta,norm2,Random Forest,0.84,0.5952,0.3,0.4286
F_dasm_3d_3area,delta,norm3,KNN,0.9933,0.689,0.3,0.4286
F_peak_3d_Fz,gamma,norm2,Ensemble (Majority Vote),0.7667,0.6195,0.4,0.4286
F_de_3d_Cz,theta,norm3,Random Forest,0.8,0.5947,0.3,0.4286
F_dasm_3d_8rm,delta,norm2,Linear SVM,0.5333,0.5051,0.4,0.4286
F_mean_3d_3area,alpha,norm3,KNN,0.98,0.7057,0.3,0.4286
F_de_3d_Cz,theta,norm3,XGBoost,0.66,0.548,0.3,0.4286
F_rasm_3d,delta,norm3,KNN,0.9933,0.7595,0.4,0.4286
F_rasm_3d,delta,norm2,Random Forest,0.8867,0.703,0.4,0.4286
F_mean_3d_F3,theta,None,Ensemble (Majority Vote),0.7533,0.6253,0.5,0.4286
F_dasm_3d_3area,delta,norm3,Random Forest,0.84,0.5952,0.3,0.4286
F_peak_3d_Fz,gamma,norm3,Ensemble (Majority Vote),0.7667,0.6195,0.4,0.4286
F_peak_3d_Fp1,theta,None,Linear SVM,0.5933,0.5492,0.2,0.4286
F_peak_3d_Fp1,theta,None,Logistic Regression,0.5933,0.5494,0.2,0.4286
F_median_3d_2area,theta,None,XGBoost,0.76,0.6402,0.4,0.4286
F_de_3d_Fz,alpha,None,Ensemble (Majority Vote),0.6867,0.6064,0.3,0.4286
F_median_3d_10rm,gamma,None,Logistic Regression,0.7267,0.6356,0.5,0.4286
F_peak_3d_T8,all,norm3,Random Forest,0.76,0.6825,0.5,0.4286
F_dasm_3d19,gamma,None,Linear SVM,0.68,0.6234,0.5,0.4286
F_de_3d_Fp2,all,None,Random Forest,0.7667,0.671,0.4,0.4286
F_peak_3d_T8,all,None,Random Forest,0.76,0.6715,0.3,0.4286
F_mean_3d_F4,gamma,norm3,Random Forest,0.7933,0.5945,0.4,0.4286
F_mean_3d_3area,beta,norm3,XGBoost,0.7867,0.6506,0.4,0.4286
F_de_3d_Fp2,all,None,KNN,1.0,0.7701,0.3,0.4286
F_dasm_3d19,alpha,None,Random Forest,0.7933,0.7133,0.2,0.4286
F_median_3d_3area,beta,norm3,Logistic Regression,0.62,0.5717,0.4,0.4286
F_de_3d_2area,all,norm3,XGBoost,0.9667,0.8161,0.5,0.4286
F_median_3d_3area,beta,norm3,Linear SVM,0.6133,0.5722,0.4,0.4286
F_de_3d_Cz,theta,norm2,Random Forest,0.8,0.5947,0.3,0.4286
F_peak_3d_2area,all,None,XGBoost,0.9667,0.8237,0.3,0.4286
F_peak_3d_C3,alpha,None,XGBoost,0.6333,0.5772,0.3,0.4286
F_de_3d_2area,all,norm3,Random Forest,0.8133,0.7267,0.5,0.4286
F_mean_3d_2area,theta,norm3,XGBoost,0.7267,0.6076,0.5,0.4286
F_de_3d_Fp2,gamma,None,Random Forest,0.6333,0.5837,0.5,0.4286
F_dasm_3d_8rm,alpha,norm3,Ensemble (Majority Vote),0.7067,0.6308,0.2,0.4286
F_median_3d_2area,delta,None,Linear SVM,0.62,0.571,0.3,0.4286
F_peak_3d_2area,alpha,None,KNN,0.96,0.7126,0.4,0.4286
F_peak_3d_C3,alpha,norm2,Random Forest,0.7933,0.5887,0.3,0.4286
F_median_3d_2area,theta,norm2,XGBoost,0.6933,0.5851,0.4,0.4286
F_peak_3d_2area,alpha,norm3,Ensemble (Majority Vote),0.7333,0.6223,0.4,0.4286
F_mean_3d_F7,all,None,Logistic Regression,0.6733,0.6005,0.5,0.4286
F_peak_3d_3area,all,norm2,Random Forest,0.9533,0.731,0.4,0.4286
F_peak_3d_T8,all,norm3,KNN,0.96,0.7685,0.2,0.4286
F_dasm_3d19,gamma,norm3,Ensemble (Majority Vote),0.8667,0.7228,0.5,0.4286
F_peak_3d_T8,alpha,None,XGBoost,0.62,0.5897,0.5,0.4286
F_peak_3d_T8,alpha,None,Logistic Regression,0.5733,0.5434,0.4,0.4286
F_peak_3d_T8,alpha,None,Linear SVM,0.5733,0.543,0.4,0.4286
F_de_3d_F8,all,None,Linear SVM,0.66,0.6037,0.5,0.4286
F_mean_3d_F4,gamma,norm3,Ensemble (Majority Vote),0.7067,0.5993,0.4,0.4286
F_mean_3d_F4,gamma,norm2,Random Forest,0.7933,0.5945,0.4,0.4286
F_mean_3d_3area,beta,norm3,Random Forest,0.78,0.6407,0.3,0.4286
F_median_3d_10rm,theta,None,KNN,0.9867,0.8083,0.4,0.4286
F_peak_3d_3area,gamma,None,KNN,0.98,0.7533,0.5,0.4286
F_peak_3d_1area,all,None,XGBoost,0.88,0.7384,0.4,0.4286
F_mean_3d_F4,alpha,None,Random Forest,0.62,0.5936,0.5,0.4286
F_de_3d_Fp2,beta,None,Linear SVM,0.62,0.5669,0.5,0.4286
F_peak_3d_3area,delta,norm3,KNN,0.9733,0.7338,0.4,0.4286
F_de_3d_1area,delta,None,Ensemble (Majority Vote),0.7533,0.6306,0.4,0.4286
F_median_3d_2area,all,None,Linear SVM,0.7267,0.646,0.3,0.4286
F_de_3d_Fp2,beta,norm2,KNN,0.9867,0.6892,0.3,0.4286
F_median_3d_10rm,theta,norm3,Random Forest,0.8467,0.7074,0.4,0.4286
F_peak_3d_Fz,all,norm2,Linear SVM,0.5,0.4956,0.3,0.4286
F_peak_3d_1area,delta,None,XGBoost,0.6933,0.6083,0.3,0.4286
F_mean_3d_2area,theta,norm2,KNN,1.0,0.703,0.6,0.4286
F_dasm_3d_8rm,alpha,norm2,Ensemble (Majority Vote),0.78,0.651,0.4,0.4286
F_peak_3d_C3,alpha,norm3,Random Forest,0.7933,0.5887,0.3,0.4286
F_median_3d_10rm,delta,None,Linear SVM,0.7333,0.6393,0.5,0.4286
F_mean_3d_F4,delta,norm2,KNN,0.9933,0.6887,0.2,0.4286
F_median_3d_10rm,gamma,None,Ensemble (Majority Vote),0.8867,0.7451,0.3,0.4286
F_median_3d_10rm,theta,norm2,XGBoost,0.9733,0.7028,0.4,0.4286
F_peak_3d_3area,beta,norm2,Linear SVM,0.4867,0.4984,0.3,0.4286
F_mean_3d_F7,all,None,Random Forest,0.8,0.6605,0.4,0.4286
F_mean_3d_F4,delta,norm2,XGBoost,0.5667,0.5526,0.4,0.4286
F_peak_3d_C3,all,None,KNN,0.9867,0.7786,0.5,0.4286
F_mean_3d_F4,delta,norm3,KNN,0.9933,0.6887,0.2,0.4286
F_de_3d_Fp2,beta,norm3,KNN,0.9867,0.6892,0.3,0.4286
F_de_3d_Fp2,all,norm2,Random Forest,0.8867,0.6644,0.3,0.4286
F_mean_3d_F4,delta,norm3,XGBoost,0.5667,0.5526,0.4,0.4286
F_mean_3d_F4,gamma,norm2,Ensemble (Majority Vote),0.7067,0.5993,0.4,0.4286
F_dasm_3d19,gamma,norm3,Linear SVM,0.68,0.6048,0.5,0.4286
F_peak_3d_F7,alpha,None,Ensemble (Majority Vote),0.6533,0.6177,0.5,0.4286
F_rasm_3d_10rm,theta,None,Linear SVM,0.5467,0.5172,0.4,0.4286
F_median_3d_Fp2,gamma,None,XGBoost,0.66,0.5816,0.5,0.4286
F_median_3d_F4,alpha,None,Logistic Regression,0.5667,0.5464,0.4,0.4286
F_de_3d_10rm,theta,None,Random Forest,0.82,0.6968,0.4,0.4286
F_de_3d_8rm,theta,norm2,Random Forest,0.9467,0.7032,0.4,0.4286
F_de_3d_3area,delta,norm2,Random Forest,0.8533,0.6156,0.3,0.4286
F_de_3d_F4,beta,norm2,KNN,0.9867,0.6793,0.3,0.4286
F_median_3d_F4,delta,None,XGBoost,0.6467,0.5839,0.4,0.4286
F_de_3d_F4,beta,norm2,Ensemble (Majority Vote),0.7733,0.6129,0.5,0.4286
F_rasm_3d_3area,alpha,norm2,KNN,0.96,0.7168,0.4,0.4286
F_rasm_3d_3area,alpha,norm3,KNN,0.96,0.7168,0.4,0.4286
F_mean_3d_Fz,gamma,None,Ensemble (Majority Vote),0.7133,0.6287,0.4,0.4286
F_median_3d_F7,delta,None,XGBoost,0.6,0.5766,0.5,0.4286
F_mean_3d_C4,alpha,None,Logistic Regression,0.5533,0.5536,0.4,0.4286
F_mean_3d_2area,all,None,KNN,1.0,0.8108,0.3,0.4286
F_de_3d_T8,all,None,XGBoost,0.8733,0.7179,0.3,0.4286
F_mean_3d_T7,theta,norm3,Random Forest,0.72,0.5853,0.3,0.4286
F_de_3d_C3,beta,None,Logistic Regression,0.5467,0.5338,0.4,0.4286
F_de_3d_C3,beta,None,Linear SVM,0.5467,0.5345,0.4,0.4286
F_dasm_3d_10rm,beta,norm3,Ensemble (Majority Vote),0.7667,0.6536,0.3,0.4286
F_median_3d_F4,alpha,None,Linear SVM,0.5733,0.5469,0.4,0.4286
F_de_3d_F4,beta,norm2,Random Forest,0.78,0.5841,0.4,0.4286
F_median_3d_T7,delta,norm2,XGBoost,0.6733,0.5561,0.4,0.4286
F_peak_3d_F3,delta,None,KNN,0.98,0.7044,0.4,0.4286
F_median_3d_F3,gamma,None,Linear SVM,0.5533,0.5294,0.5,0.4286
F_median_3d_F3,gamma,None,Logistic Regression,0.5533,0.5292,0.5,0.4286
F_de_3d_F4,beta,norm3,Random Forest,0.78,0.5841,0.4,0.4286
F_median_3d_T7,delta,norm3,XGBoost,0.6733,0.5561,0.4,0.4286
F_mean_3d_8rm,alpha,norm2,Linear SVM,0.5467,0.508,0.2,0.4286
F_median_3d_F3,theta,None,XGBoost,0.66,0.5828,0.4,0.4286
F_mean_3d_C4,theta,None,KNN,0.9733,0.6924,0.5,0.4286
F_mean_3d_C4,gamma,None,XGBoost,0.62,0.571,0.4,0.4286
F_de_3d_F4,beta,norm3,KNN,0.9867,0.6793,0.3,0.4286
F_de_3d_T7,beta,None,Linear SVM,0.58,0.5437,0.3,0.4286
F_de_3d_T7,beta,None,Logistic Regression,0.58,0.543,0.3,0.4286
F_mean_3d_C4,gamma,norm3,Ensemble (Majority Vote),0.7067,0.6163,0.5,0.4286
F_median_3d_F4,all,None,Logistic Regression,0.64,0.6025,0.4,0.4286
F_de_3d_F4,beta,norm3,Ensemble (Majority Vote),0.7733,0.6129,0.5,0.4286
F_mean_3d_C4,gamma,norm2,Ensemble (Majority Vote),0.7067,0.6163,0.5,0.4286
F_mean_3d_T7,theta,norm2,Random Forest,0.72,0.5853,0.3,0.4286
F_median_3d_Fp2,gamma,None,Random Forest,0.6333,0.5945,0.5,0.4286
F_de_3d_Cz,all,None,Linear SVM,0.6067,0.5811,0.3,0.4286
F_median_3d_Fp2,gamma,None,Ensemble (Majority Vote),0.64,0.6044,0.5,0.4286
F_median_3d_Fp1,all,None,Random Forest,0.8,0.6763,0.3,0.4286
F_median_3d_Fp1,all,norm2,Random Forest,0.9133,0.6566,0.4,0.4286
F_peak_3d_F7,beta,norm2,Linear SVM,0.4867,0.4977,0.3,0.4286
F_mean_3d_C3,alpha,norm3,Linear SVM,0.5267,0.5023,0.2,0.4286
F_peak_3d_F7,beta,None,XGBoost,0.64,0.5986,0.5,0.4286
F_mean_3d_C3,alpha,norm2,Linear SVM,0.5267,0.5023,0.2,0.4286
F_de_3d_C3,alpha,norm3,KNN,0.9733,0.6926,0.3,0.4286
F_dasm_3d_10rm,alpha,norm3,Logistic Regression,0.6533,0.5857,0.3,0.4286
F_mean_3d_T7,alpha,None,KNN,0.9667,0.7007,0.4,0.4286
F_median_3d_Fp1,delta,None,Logistic Regression,0.5867,0.557,0.4,0.4286
F_mean_3d_T7,alpha,None,Random Forest,0.7533,0.6189,0.4,0.4286
F_median_3d_Fp1,delta,None,Linear SVM,0.5867,0.5563,0.4,0.4286
F_mean_3d_8rm,theta,norm2,Ensemble (Majority Vote),0.8533,0.6938,0.3,0.4286
F_de_3d_C3,alpha,norm2,KNN,0.9733,0.6926,0.3,0.4286
F_de_3d_C3,alpha,norm2,Random Forest,0.78,0.5903,0.4,0.4286
F_dasm_3d_10rm,alpha,norm3,Linear SVM,0.66,0.5864,0.3,0.4286
F_mean_3d_8rm,theta,norm2,Random Forest,0.9733,0.7041,0.4,0.4286
F_median_3d_Fp1,theta,None,Ensemble (Majority Vote),0.7533,0.6278,0.3,0.4286
F_peak_3d_F7,beta,norm3,Linear SVM,0.4867,0.4977,0.3,0.4286
F_de_3d_C3,alpha,norm3,Random Forest,0.78,0.5903,0.4,0.4286
F_peak_3d_F7,delta,norm3,Random Forest,0.8133,0.5853,0.3,0.4286
F_mean_3d_8rm,gamma,norm2,Ensemble (Majority Vote),0.92,0.7172,0.4,0.4286
F_mean_3d_C3,gamma,norm3,Linear SVM,0.4867,0.4986,0.3,0.4286
F_mean_3d_C3,gamma,norm2,Linear SVM,0.4867,0.4986,0.3,0.4286
F_rasm_3d_8rm,all,norm3,Logistic Regression,0.6267,0.5469,0.5,0.4286
F_median_3d_Fp2,beta,norm3,Random Forest,0.78,0.5825,0.4,0.4286
F_median_3d_Fp2,beta,norm2,Random Forest,0.78,0.5825,0.4,0.4286
F_mean_3d_2area,all,None,Logistic Regression,0.6733,0.617,0.4,0.4286
F_mean_3d_C3,delta,None,Logistic Regression,0.6067,0.552,0.4,0.4286
F_median_3d_Fp1,theta,None,XGBoost,0.66,0.5949,0.4,0.4286
F_de_3d_T8,gamma,None,Logistic Regression,0.5733,0.5211,0.5,0.4286
F_peak_3d_F4,delta,norm2,XGBoost,0.5533,0.5446,0.4,0.4286
F_mean_3d_T7,gamma,None,Logistic Regression,0.5533,0.5214,0.5,0.4286
F_peak_3d_F7,delta,norm2,Random Forest,0.8133,0.5853,0.3,0.4286
F_mean_3d_C3,delta,None,Linear SVM,0.6067,0.5522,0.4,0.4286
F_de_3d_T8,gamma,None,Linear SVM,0.5667,0.5209,0.5,0.4286
F_peak_3d_F4,delta,norm3,XGBoost,0.5533,0.5446,0.4,0.4286
F_dasm_3d,beta,norm3,Linear SVM,0.6733,0.58,0.2,0.4286
F_de_3d_Fp1,gamma,None,Linear SVM,0.5667,0.54,0.2,0.4286
F_de_3d_Cz,all,None,Ensemble (Majority Vote),0.8267,0.6862,0.4,0.4286
F_peak_3d19,alpha,norm3,XGBoost,1.0,0.8995,0.4,0.4286
F_dasm_3d,delta,norm3,Linear SVM,0.6133,0.5701,0.6,0.4286
F_rasm_3d19,theta,norm3,KNN,0.98,0.7409,0.6,0.4286
F_rasm_3d19,alpha,None,Logistic Regression,0.5133,0.5159,0.4,0.4286
F_rasm_3d19,theta,norm3,Logistic Regression,0.62,0.5492,0.4,0.4286
F_de_3d19,alpha,None,Ensemble (Majority Vote),0.9533,0.8211,0.4,0.4286
F_mean_3d,theta,None,Linear SVM,0.7467,0.6359,0.5,0.4286
F_peak_3d_Fp1,all,None,Linear SVM,0.6667,0.6092,0.5,0.4286
F_de_3d_Fp1,beta,norm2,XGBoost,0.5867,0.5593,0.4,0.4286
F_peak_3d_Cz,gamma,None,Ensemble (Majority Vote),0.66,0.5943,0.4,0.4286
F_peak_3d_Fp1,all,None,Ensemble (Majority Vote),0.7667,0.6922,0.5,0.4286
F_median_3d,theta,norm2,KNN,0.98,0.6947,0.3,0.4286
F_median_3d_T8,delta,norm3,Random Forest,0.7067,0.5917,0.4,0.4286
F_rasm_3d_10rm,alpha,norm2,Ensemble (Majority Vote),0.8467,0.7292,0.4,0.4286
F_median_3d_T8,delta,norm2,Random Forest,0.7067,0.5917,0.4,0.4286
F_de_3d_Fz,gamma,None,Linear SVM,0.54,0.5225,0.3,0.4286
F_de_3d_Fz,gamma,None,Logistic Regression,0.54,0.5218,0.3,0.4286
F_rasm_3d19,alpha,norm3,Random Forest,0.7867,0.7347,0.4,0.4286
F_mean_3d19,alpha,None,Linear SVM,0.7467,0.6547,0.4,0.4286
F_median_3d_C4,theta,norm3,KNN,0.9733,0.6811,0.4,0.4286
F_median_3d,gamma,None,Logistic Regression,0.7267,0.6437,0.4,0.4286
F_median_3d_C4,theta,norm2,KNN,0.9733,0.6811,0.4,0.4286
F_mean_3d_3area,gamma,norm2,XGBoost,0.8133,0.6117,0.2,0.4286
F_de_3d_2area,gamma,None,Ensemble (Majority Vote),0.7133,0.6467,0.4,0.4286
F_de_3d_2area,gamma,None,KNN,0.98,0.7274,0.4,0.4286
F_mean_3d_F3,all,None,Ensemble (Majority Vote),0.82,0.68,0.4,0.4286
F_de_3d_Fp1,gamma,None,Logistic Regression,0.5667,0.5405,0.2,0.4286
F_median_3d_C4,theta,None,KNN,0.9733,0.697,0.3,0.4286
F_de_3d_Fz,theta,None,Ensemble (Majority Vote),0.7933,0.626,0.4,0.4286
F_median_3d_C4,gamma,norm2,Ensemble (Majority Vote),0.7933,0.6094,0.3,0.4286
F_mean_3d_F3,alpha,None,KNN,0.98,0.7009,0.3,0.4286
F_median_3d_C4,gamma,norm3,Ensemble (Majority Vote),0.7933,0.6094,0.3,0.4286
F_de_3d_Fp1,beta,norm3,XGBoost,0.5867,0.5593,0.4,0.4286
F_de_3d,all,norm2,KNN,0.8933,0.7789,0.3,0.4286
F_mean_3d_8rm,all,norm2,Ensemble (Majority Vote),0.9667,0.823,0.5,0.4286
F_peak_3d_Fp1,delta,None,XGBoost,0.6267,0.5959,0.4,0.4286
F_mean_3d_T8,gamma,None,Random Forest,0.64,0.5991,0.5,0.4286
F_mean_3d19,beta,norm3,XGBoost,1.0,0.8713,0.2,0.4286
F_peak_3d_F3,alpha,norm3,XGBoost,0.68,0.5584,0.4,0.4286
F_peak_3d_F3,alpha,norm3,Random Forest,0.7267,0.5851,0.3,0.4286
F_mean_3d_Cz,alpha,norm2,Ensemble (Majority Vote),0.8067,0.6326,0.5,0.4286
F_median_3d_T8,all,None,XGBoost,0.8333,0.7025,0.3,0.4286
F_mean_3d_T8,gamma,norm2,Ensemble (Majority Vote),0.7867,0.6216,0.2,0.4286
F_mean_3d_Fp2,alpha,None,KNN,0.9533,0.689,0.4,0.4286
F_mean_3d_Cz,alpha,norm3,Ensemble (Majority Vote),0.8067,0.6326,0.5,0.4286
F_de_3d_3area,all,None,Random Forest,0.88,0.749,0.3,0.4286
F_mean_3d19,alpha,norm3,Linear SVM,0.74,0.6531,0.5,0.4286
F_peak_3d_F3,alpha,norm2,XGBoost,0.68,0.5584,0.4,0.4286
F_peak_3d_F3,alpha,norm2,Random Forest,0.7267,0.5851,0.3,0.4286
F_rasm_3d19,beta,norm2,Random Forest,0.8867,0.7338,0.4,0.4286
F_median_3d,all,norm2,Ensemble (Majority Vote),0.9667,0.8441,0.4,0.4286
F_median_3d_T8,alpha,None,KNN,0.9667,0.7046,0.3,0.4286
F_median_3d_T8,alpha,norm2,KNN,0.9867,0.6876,0.3,0.4286
F_rasm_3d19,all,norm2,Ensemble (Majority Vote),1.0,0.8611,0.4,0.4286
F_de_3d19,alpha,None,Random Forest,0.88,0.7497,0.5,0.4286
F_median_3d_T8,alpha,norm3,KNN,0.9867,0.6876,0.3,0.4286
F_median_3d_F3,all,None,Logistic Regression,0.66,0.591,0.4,0.4286
F_mean_3d_T8,gamma,norm3,Ensemble (Majority Vote),0.7867,0.6216,0.2,0.4286
F_median_3d,all,norm2,KNN,0.82,0.7085,0.4,0.4286
F_de_3d,all,norm2,Ensemble (Majority Vote),0.98,0.8637,0.4,0.4286
F_mean_3d_C3,alpha,norm3,Ensemble (Majority Vote),0.6467,0.6078,0.4,0.4286
F_peak_3d_T7,all,norm2,KNN,0.9933,0.7002,0.3,0.4286
F_median_3d_C3,all,norm2,Ensemble (Majority Vote),0.8333,0.6703,0.4,0.4286
F_dasm_3d_3area,beta,norm3,Random Forest,0.8,0.589,0.4,0.4286
F_de_3d,beta,norm2,XGBoost,0.9933,0.7501,0.2,0.4286
F_median_3d_Fp2,all,None,Ensemble (Majority Vote),0.8067,0.683,0.4,0.4286
F_mean_3d_C3,alpha,norm2,Ensemble (Majority Vote),0.6467,0.6078,0.4,0.4286
F_median_3d_C3,gamma,norm3,KNN,0.9933,0.6885,0.2,0.4286
F_median_3d_1area,delta,None,Linear SVM,0.5667,0.5379,0.4,0.4286
F_peak_3d19,theta,None,KNN,1.0,0.9101,0.5,0.4286
F_dasm_3d_3area,delta,norm3,Ensemble (Majority Vote),0.8133,0.6267,0.5,0.4286
F_de_3d_F4,all,norm2,XGBoost,0.94,0.6451,0.2,0.4286
F_median_3d_C4,all,norm2,XGBoost,0.92,0.651,0.2,0.4286
F_dasm_3d_3area,delta,norm2,Ensemble (Majority Vote),0.8133,0.6267,0.5,0.4286
F_de_3d_1area,theta,norm3,Linear SVM,0.4867,0.5002,0.3,0.4286
F_mean_3d_8rm,gamma,None,KNN,0.9933,0.7747,0.3,0.4286
F_de_3d_C4,delta,norm3,Random Forest,0.78,0.5963,0.5,0.4286
F_median_3d_F3,beta,None,Linear SVM,0.5533,0.5232,0.4,0.4286
F_median_3d_F4,gamma,norm2,Random Forest,0.7933,0.592,0.4,0.4286
F_de_3d_F4,delta,norm3,Ensemble (Majority Vote),0.68,0.6037,0.4,0.4286
F_peak_3d_2area,gamma,None,Logistic Regression,0.5867,0.5634,0.4,0.4286
F_mean_3d_F7,all,norm2,Ensemble (Majority Vote),0.8667,0.6823,0.5,0.4286
F_peak_3d_2area,delta,norm3,Random Forest,0.76,0.6407,0.5,0.4286
F_median_3d_3area,delta,None,XGBoost,0.8067,0.6759,0.4,0.4286
F_rasm_3d,theta,norm2,KNN,0.9733,0.7421,0.5,0.4286
F_median_3d_F4,theta,None,KNN,0.9733,0.6975,0.3,0.4286
F_median_3d_F3,beta,None,Logistic Regression,0.54,0.5232,0.4,0.4286
F_de_3d_F4,delta,norm2,Ensemble (Majority Vote),0.68,0.6037,0.4,0.4286
F_peak_3d_2area,beta,norm3,Random Forest,0.8067,0.6159,0.6,0.4286
F_peak_3d_2area,beta,norm3,Ensemble (Majority Vote),0.68,0.612,0.3,0.4286
F_peak_3d_2area,all,norm3,Random Forest,0.82,0.7234,0.4,0.4286
F_dasm_3d,beta,norm3,KNN,0.9867,0.7375,0.3,0.4286
F_median_3d_F4,gamma,norm3,Random Forest,0.7933,0.592,0.4,0.4286
F_mean_3d_8rm,all,None,KNN,1.0,0.929,0.5,0.4286
F_mean_3d_F4,all,norm2,Linear SVM,0.4867,0.4998,0.3,0.4286
F_peak_3d_10rm,gamma,norm2,KNN,0.9933,0.7028,0.2,0.4286
F_rasm_3d_8rm,alpha,norm3,Random Forest,0.74,0.6651,0.3,0.4286
F_de_3d_C4,delta,norm2,Random Forest,0.78,0.5963,0.5,0.4286
F_de_3d_10rm,beta,norm2,Random Forest,0.9733,0.7221,0.3,0.4286
F_de_3d_T8,gamma,norm2,Random Forest,0.84,0.5954,0.3,0.4286
F_de_3d_1area,theta,norm2,Linear SVM,0.4867,0.5002,0.3,0.4286
F_de_3d_F4,gamma,norm3,Random Forest,0.8733,0.594,0.3,0.4286
F_rasm_3d_3area,theta,norm3,Linear SVM,0.4733,0.4899,0.2,0.4286
F_median_3d_Fp2,theta,None,Linear SVM,0.56,0.54,0.4,0.4286
F_rasm_3d_3area,theta,norm2,Linear SVM,0.4733,0.4899,0.2,0.4286
F_peak_3d_2area,all,norm3,Ensemble (Majority Vote),0.88,0.7694,0.4,0.4286
F_de_3d_F4,gamma,norm2,Random Forest,0.8733,0.594,0.3,0.4286
F_rasm_3d19,theta,None,KNN,0.9867,0.7177,0.3,0.4286
F_de_3d_C4,theta,None,Random Forest,0.6733,0.5952,0.5,0.4286
F_de_3d_T8,gamma,norm3,Random Forest,0.84,0.5954,0.3,0.4286
F_median_3d_C3,gamma,norm2,KNN,0.9933,0.6885,0.2,0.4286
F_mean_3d_8rm,theta,norm2,Linear SVM,0.4867,0.497,0.2,0.4286
F_dasm_3d_3area,all,None,XGBoost,0.8867,0.7218,0.4,0.4286
F_peak_3d_C3,delta,None,KNN,0.9733,0.6963,0.4,0.4286
F_peak_3d_F7,theta,norm2,KNN,0.9867,0.6922,0.2,0.4286
F_mean_3d_T7,gamma,norm2,Linear SVM,0.5,0.4966,0.4,0.4286
F_median_3d,gamma,None,Ensemble (Majority Vote),0.8933,0.7591,0.3,0.4286
F_mean_3d_Fp1,beta,None,KNN,0.98,0.6984,0.4,0.4286
F_mean_3d_Fp1,all,norm2,Linear SVM,0.52,0.5023,0.2,0.4286
F_peak_3d_F7,theta,norm3,KNN,0.9867,0.6922,0.2,0.4286
F_de_3d_3area,gamma,norm2,Random Forest,0.8333,0.6324,0.4,0.4286
F_peak_3d_8rm,delta,norm2,KNN,0.9733,0.7161,0.3,0.4286
F_de_3d_2area,beta,norm2,Linear SVM,0.5067,0.5124,0.3,0.4286
F_mean_3d_T7,gamma,norm3,Linear SVM,0.5,0.4966,0.4,0.4286
F_mean_3d_T8,all,norm3,Logistic Regression,0.6067,0.5811,0.4,0.4286
F_mean_3d_Fp2,alpha,norm3,Ensemble (Majority Vote),0.7867,0.6053,0.4,0.4286
F_peak_3d_F8,theta,norm3,Linear SVM,0.5133,0.5016,0.3,0.4286
F_peak_3d_Fp1,all,norm3,Logistic Regression,0.6467,0.611,0.5,0.4286
F_dasm_3d_3area,beta,norm2,Random Forest,0.8,0.589,0.4,0.4286
F_mean_3d_T8,all,norm3,Linear SVM,0.6,0.5805,0.4,0.4286
F_dasm_3d_3area,all,norm2,XGBoost,0.9533,0.652,0.5,0.4286
F_mean_3d_Fp2,alpha,norm2,Ensemble (Majority Vote),0.7867,0.6053,0.4,0.4286
F_peak_3d_F8,theta,norm2,Linear SVM,0.5133,0.5016,0.3,0.4286
F_de_3d_3area,theta,None,KNN,0.94,0.7324,0.6,0.4286
F_peak_3d_C4,all,norm3,XGBoost,0.84,0.7046,0.4,0.4286
F_peak_3d_8rm,beta,norm2,Linear SVM,0.5867,0.514,0.2,0.4286
F_de_3d_T7,gamma,None,Logistic Regression,0.5467,0.5267,0.4,0.4143
F_de_3d_T7,gamma,None,Linear SVM,0.5467,0.5271,0.4,0.4143
F_de_3d_Fp2,all,None,Ensemble (Majority Vote),0.78,0.6857,0.4,0.4143
F_median_3d_F3,delta,norm2,KNN,0.98,0.6846,0.4,0.4143
F_mean_3d_F4,gamma,norm2,XGBoost,0.6467,0.5607,0.3,0.4143
F_mean_3d_2area,theta,norm3,KNN,0.98,0.7005,0.4,0.4143
F_peak_3d_T8,theta,None,Ensemble (Majority Vote),0.7,0.6085,0.3,0.4143
F_median_3d_F3,delta,norm3,KNN,0.98,0.6846,0.4,0.4143
F_peak_3d_F3,delta,norm2,Random Forest,0.7733,0.5926,0.3,0.4143
F_dasm_3d_10rm,alpha,None,Linear SVM,0.6733,0.594,0.4,0.4143
F_de_3d_1area,gamma,None,KNN,0.9467,0.7041,0.3,0.4143
F_dasm_3d_10rm,alpha,None,Logistic Regression,0.6667,0.592,0.4,0.4143
F_de_3d_Cz,all,norm2,Ensemble (Majority Vote),0.9,0.6814,0.5,0.4143
F_dasm_3d_10rm,delta,None,Linear SVM,0.62,0.5761,0.3,0.4143
F_peak_3d_1area,beta,None,XGBoost,0.64,0.5952,0.5,0.4143
F_median_3d_3area,gamma,norm3,XGBoost,0.7667,0.6303,0.3,0.4143
F_dasm_3d,beta,norm3,Ensemble (Majority Vote),0.7933,0.6464,0.2,0.4143
F_de_3d_F3,delta,None,KNN,0.96,0.6979,0.4,0.4143
F_mean_3d_F4,delta,norm3,Ensemble (Majority Vote),0.72,0.6177,0.2,0.4143
F_dasm_3d_3area,all,None,Ensemble (Majority Vote),0.8333,0.6975,0.3,0.4143
F_peak_3d_1area,gamma,None,Linear SVM,0.6,0.5483,0.5,0.4143
F_median_3d_3area,gamma,None,Linear SVM,0.5933,0.5768,0.4,0.4143
F_mean_3d_2area,delta,None,Ensemble (Majority Vote),0.78,0.6492,0.4,0.4143
F_mean_3d_F4,delta,norm2,Ensemble (Majority Vote),0.72,0.6177,0.2,0.4143
F_peak_3d_T8,theta,None,Random Forest,0.6867,0.5908,0.3,0.4143
F_mean_3d_10rm,alpha,norm2,KNN,0.9733,0.6979,0.3,0.4143
F_peak_3d_1area,gamma,None,Logistic Regression,0.6,0.549,0.5,0.4143
F_de_3d_F4,delta,None,Linear SVM,0.58,0.54,0.5,0.4143
F_de_3d_F4,delta,None,Logistic Regression,0.5733,0.5393,0.5,0.4143
F_de_3d_F4,delta,None,KNN,0.9733,0.7005,0.4,0.4143
F_peak_3d_Fp2,beta,norm2,KNN,0.98,0.6917,0.3,0.4143
F_peak_3d_F3,delta,norm3,Random Forest,0.7733,0.5926,0.3,0.4143
F_mean_3d_F3,delta,None,Ensemble (Majority Vote),0.6667,0.5761,0.3,0.4143
F_median_3d_F4,gamma,norm2,XGBoost,0.6267,0.5444,0.3,0.4143
F_median_3d_F4,gamma,norm3,Ensemble (Majority Vote),0.7133,0.5961,0.4,0.4143
F_peak_3d_F3,theta,norm3,XGBoost,0.5933,0.5411,0.4,0.4143
F_median_3d_F4,gamma,norm3,XGBoost,0.6267,0.5444,0.3,0.4143
F_median_3d_F4,theta,norm2,Random Forest,0.7733,0.5975,0.3,0.4143
F_dasm_3d,alpha,norm2,Random Forest,0.9733,0.6807,0.2,0.4143
F_dasm_3d_3area,all,None,Random Forest,0.8,0.6862,0.3,0.4143
F_peak_3d_Fp2,delta,None,XGBoost,0.7133,0.6046,0.3,0.4143
F_peak_3d_T8,alpha,None,Ensemble (Majority Vote),0.68,0.614,0.4,0.4143
F_median_3d_F4,theta,norm3,Random Forest,0.7733,0.5975,0.3,0.4143
F_median_3d_Fz,gamma,None,KNN,0.9267,0.6933,0.4,0.4143
F_peak_3d_Fp2,delta,norm2,KNN,0.9667,0.6901,0.3,0.4143
F_de_3d_T7,theta,norm2,KNN,0.9667,0.6846,0.3,0.4143
F_peak_3d_T8,all,norm2,XGBoost,0.9333,0.6676,0.2,0.4143
F_de_3d_3area,beta,norm2,Linear SVM,0.4733,0.4995,0.3,0.4143
F_median_3d_F4,gamma,norm2,Ensemble (Majority Vote),0.7133,0.5961,0.4,0.4143
F_de_3d19,delta,norm3,KNN,1.0,0.9115,0.5,0.4143
F_mean_3d_F4,gamma,norm3,XGBoost,0.6467,0.5607,0.3,0.4143
F_peak_3d_F3,theta,norm2,XGBoost,0.5933,0.5411,0.4,0.4143
F_median_3d_3area,beta,norm3,Ensemble (Majority Vote),0.7467,0.6405,0.4,0.4143
F_de_3d_Cz,all,norm2,Random Forest,0.9533,0.6811,0.4,0.4143
F_peak_3d_F3,gamma,None,XGBoost,0.6467,0.5805,0.3,0.4143
F_peak_3d_Fp2,beta,norm2,Ensemble (Majority Vote),0.7333,0.611,0.4,0.4143
F_peak_3d_F3,theta,None,Ensemble (Majority Vote),0.68,0.6143,0.4,0.4143
F_de_3d_F4,delta,norm2,Random Forest,0.74,0.592,0.2,0.4143
F_de_3d_2area,all,norm3,Logistic Regression,0.6933,0.6375,0.4,0.4143
F_peak_3d_Fp2,beta,norm3,Ensemble (Majority Vote),0.7333,0.611,0.4,0.4143
F_peak_3d_2area,all,norm3,Linear SVM,0.72,0.6508,0.4,0.4143
F_peak_3d_2area,all,norm3,Logistic Regression,0.7133,0.6503,0.4,0.4143
F_peak_3d_Fp2,beta,norm3,KNN,0.98,0.6917,0.3,0.4143
F_peak_3d_F3,theta,None,Linear SVM,0.5667,0.5336,0.4,0.4143
F_de_3d_Fp2,gamma,None,Linear SVM,0.58,0.528,0.4,0.4143
F_peak_3d_F3,theta,None,Logistic Regression,0.5667,0.5343,0.4,0.4143
F_peak_3d_2area,alpha,norm2,KNN,0.9733,0.6837,0.1,0.4143
F_mean_3d_Fp2,delta,None,XGBoost,0.6733,0.5963,0.5,0.4143
F_peak_3d_T8,all,norm2,Random Forest,0.9133,0.6641,0.3,0.4143
F_peak_3d_C4,alpha,None,Ensemble (Majority Vote),0.68,0.6161,0.3,0.4143
F_rasm_3d19,delta,norm2,Ensemble (Majority Vote),0.9467,0.7768,0.4,0.4143
F_median_3d_C4,gamma,norm3,XGBoost,0.6933,0.5664,0.3,0.4143
F_peak_3d_C4,theta,None,KNN,0.9733,0.6959,0.5,0.4143
F_peak_3d_C4,gamma,norm3,XGBoost,0.7,0.5648,0.3,0.4143
F_de_3d_F3,gamma,norm2,KNN,0.98,0.692,0.3,0.4143
F_peak_3d_C4,gamma,norm2,XGBoost,0.7,0.5648,0.3,0.4143
F_mean_3d_F3,all,norm2,Random Forest,0.9333,0.6685,0.2,0.4143
F_mean_3d_F3,all,None,Random Forest,0.82,0.6823,0.4,0.4143
F_median_3d_C3,alpha,norm3,Random Forest,0.74,0.5837,0.3,0.4143
F_peak_3d_Fp1,alpha,norm2,XGBoost,0.5467,0.5497,0.3,0.4143
F_rasm_3d19,delta,norm2,XGBoost,0.9933,0.8205,0.3,0.4143
F_mean_3d_Fp1,theta,norm3,KNN,0.96,0.6963,0.3,0.4143
F_median_3d_C3,alpha,norm2,Random Forest,0.74,0.5837,0.3,0.4143
F_peak_3d_Fp1,alpha,norm2,Ensemble (Majority Vote),0.6667,0.6147,0.4,0.4143
F_mean_3d19,all,norm3,KNN,1.0,0.9366,0.5,0.4143
F_peak_3d_C4,gamma,None,KNN,0.98,0.7177,0.3,0.4143
F_peak_3d_C4,gamma,None,Ensemble (Majority Vote),0.6933,0.6299,0.4,0.4143
F_peak_3d_Fp1,gamma,None,XGBoost,0.62,0.5917,0.5,0.4143
F_peak_3d_Fp1,gamma,None,Random Forest,0.6467,0.5961,0.5,0.4143
F_rasm_3d_10rm,beta,None,Linear SVM,0.4667,0.4906,0.5,0.4143
F_median_3d_C4,beta,None,Logistic Regression,0.58,0.537,0.3,0.4143
F_peak_3d_Fp1,delta,None,Ensemble (Majority Vote),0.6667,0.6147,0.4,0.4143
F_rasm_3d19,all,norm2,KNN,0.9867,0.6899,0.2,0.4143
F_median_3d_C4,alpha,None,Random Forest,0.6533,0.5956,0.4,0.4143
F_median_3d,theta,norm3,Ensemble (Majority Vote),0.9,0.7359,0.4,0.4143
F_rasm_3d19,all,None,Logistic Regression,0.7267,0.5697,0.5,0.4143
F_rasm_3d19,alpha,None,Random Forest,0.8733,0.6869,0.4,0.4143
F_peak_3d19,delta,None,Logistic Regression,0.8067,0.6995,0.5,0.4143
F_de_3d,beta,norm2,Ensemble (Majority Vote),0.98,0.752,0.3,0.4143
F_de_3d_F7,all,norm2,KNN,1.0,0.6995,0.3,0.4143
F_de_3d_3area,theta,None,Random Forest,0.7533,0.6395,0.3,0.4143
F_peak_3d_Fp1,alpha,norm3,XGBoost,0.5467,0.5497,0.3,0.4143
F_median_3d_C4,gamma,norm2,XGBoost,0.6933,0.5664,0.3,0.4143
F_median_3d_C3,gamma,None,XGBoost,0.6667,0.5844,0.3,0.4143
F_mean_3d_2area,gamma,None,XGBoost,0.7067,0.629,0.4,0.4143
F_median_3d19,all,None,KNN,1.0,0.9669,0.4,0.4143
F_peak_3d_Fp1,alpha,norm3,Ensemble (Majority Vote),0.6667,0.6147,0.4,0.4143
F_mean_3d_Fp1,theta,norm2,KNN,0.96,0.6963,0.3,0.4143
F_de_3d_Fp1,delta,norm3,KNN,0.9733,0.6805,0.3,0.4143
F_de_3d19,all,None,Random Forest,0.92,0.8347,0.4,0.4143
F_median_3d_T8,delta,norm2,XGBoost,0.6333,0.5676,0.4,0.4143
F_median_3d_T8,delta,norm3,XGBoost,0.6333,0.5676,0.4,0.4143
F_de_3d_F4,delta,norm3,Random Forest,0.74,0.592,0.2,0.4143
F_mean_3d_Cz,delta,norm2,XGBoost,0.6133,0.5545,0.3,0.4143
F_de_3d_2area,beta,None,Linear SVM,0.5333,0.5478,0.3,0.4143
F_mean_3d_Fp1,gamma,norm3,Ensemble (Majority Vote),0.7267,0.6191,0.3,0.4143
F_dasm_3d19,gamma,norm3,Random Forest,0.8667,0.7133,0.6,0.4143
F_dasm_3d_8rm,alpha,norm3,Logistic Regression,0.6267,0.5749,0.2,0.4143
F_de_3d_Fp1,delta,None,Ensemble (Majority Vote),0.7133,0.6186,0.4,0.4143
F_peak_3d,all,norm2,Random Forest,0.9867,0.8432,0.5,0.4143
F_mean_3d_Fp1,gamma,norm2,Ensemble (Majority Vote),0.7267,0.6191,0.3,0.4143
F_de_3d_3area,all,None,KNN,1.0,0.8756,0.2,0.4143
F_de_3d_T7,theta,norm2,Random Forest,0.74,0.5821,0.5,0.4143
F_de_3d_Fp2,theta,None,Logistic Regression,0.5733,0.5402,0.4,0.4143
F_dasm_3d_8rm,alpha,norm2,XGBoost,0.88,0.6138,0.2,0.4143
F_de_3d_Fp2,theta,None,Linear SVM,0.5733,0.5407,0.4,0.4143
F_median_3d_F3,all,None,Ensemble (Majority Vote),0.8267,0.6763,0.4,0.4143
F_peak_3d_C4,beta,norm2,XGBoost,0.62,0.5526,0.4,0.4143
F_median_3d_8rm,gamma,norm2,Ensemble (Majority Vote),0.9267,0.7103,0.3,0.4143
F_de_3d_F4,gamma,None,Logistic Regression,0.58,0.5271,0.4,0.4143
F_mean_3d_Cz,delta,norm3,XGBoost,0.6133,0.5545,0.3,0.4143
F_de_3d_Fz,alpha,None,KNN,0.9667,0.6949,0.3,0.4143
F_peak_3d_Cz,beta,norm2,Random Forest,0.8267,0.5885,0.3,0.4143
F_median_3d_C3,all,norm2,XGBoost,0.8533,0.648,0.4,0.4143
F_de_3d_F3,all,None,Random Forest,0.8067,0.6897,0.4,0.4143
F_median_3d_Cz,alpha,None,Logistic Regression,0.5667,0.5241,0.4,0.4143
F_de_3d_F8,beta,None,Random Forest,0.6267,0.5892,0.4,0.4143
F_peak_3d_Cz,beta,norm3,Random Forest,0.8267,0.5885,0.3,0.4143
F_median_3d_T8,theta,None,Random Forest,0.76,0.6044,0.5,0.4143
F_rasm_3d19,theta,norm3,Ensemble (Majority Vote),0.88,0.7269,0.4,0.4143
F_peak_3d_C4,beta,norm3,XGBoost,0.62,0.5526,0.4,0.4143
F_rasm_3d19,theta,norm3,Linear SVM,0.6,0.5497,0.4,0.4143
F_de_3d_Fp1,delta,norm2,KNN,0.9733,0.6805,0.3,0.4143
F_rasm_3d19,theta,norm3,XGBoost,0.9533,0.7972,0.4,0.4143
F_mean_3d_8rm,all,None,Ensemble (Majority Vote),0.98,0.8749,0.4,0.4143
F_peak_3d_Fp1,all,None,Logistic Regression,0.68,0.6117,0.5,0.4143
F_median_3d,all,norm2,Random Forest,0.9667,0.834,0.4,0.4143
F_de_3d_F3,gamma,norm3,KNN,0.98,0.692,0.3,0.4143
F_median_3d_2area,all,norm3,KNN,1.0,0.8283,0.3,0.4143
F_dasm_3d19,alpha,norm2,Ensemble (Majority Vote),0.9467,0.7234,0.3,0.4143
F_peak_3d_F4,delta,norm3,KNN,0.9733,0.6887,0.4,0.4143
F_de_3d_T8,gamma,norm3,Ensemble (Majority Vote),0.7533,0.6198,0.4,0.4143
F_de_3d_3area,alpha,norm3,Random Forest,0.7533,0.631,0.4,0.4143
F_peak_3d_3area,gamma,norm3,Ensemble (Majority Vote),0.72,0.6329,0.4,0.4143
F_mean_3d_T7,gamma,None,Linear SVM,0.5533,0.5211,0.5,0.4143
F_de_3d_3area,alpha,norm3,Ensemble (Majority Vote),0.7333,0.6317,0.3,0.4143
F_median_3d_1area,theta,norm2,Random Forest,0.7,0.5855,0.1,0.4143
F_mean_3d_2area,alpha,None,Linear SVM,0.5733,0.5478,0.3,0.4143
F_de_3d_F8,theta,norm2,KNN,0.9867,0.6793,0.3,0.4143
F_peak_3d_8rm,gamma,None,Random Forest,0.86,0.7331,0.4,0.4143
F_dasm_3d19,beta,norm3,Linear SVM,0.7,0.6011,0.3,0.4143
F_rasm_3d_8rm,all,None,Linear SVM,0.5933,0.5147,0.4,0.4143
F_peak_3d_F7,gamma,norm2,XGBoost,0.7133,0.5648,0.2,0.4143
F_de_3d_3area,beta,norm3,Linear SVM,0.5667,0.5423,0.4,0.4143
F_dasm_3d_3area,alpha,norm3,Ensemble (Majority Vote),0.7133,0.6085,0.3,0.4143
F_mean_3d_T7,all,norm2,KNN,0.9933,0.6793,0.4,0.4143
F_de_3d_1area,theta,norm2,Random Forest,0.7467,0.586,0.4,0.4143
F_median_3d_Fp1,gamma,norm3,XGBoost,0.6267,0.5572,0.3,0.4143
F_median_3d_1area,theta,norm3,Random Forest,0.7,0.5855,0.1,0.4143
F_peak_3d_F7,gamma,norm3,XGBoost,0.7133,0.5648,0.2,0.4143
F_median_3d_Fp1,gamma,norm2,XGBoost,0.6267,0.5572,0.3,0.4143
F_mean_3d_F8,all,None,Ensemble (Majority Vote),0.8,0.6795,0.4,0.4143
F_mean_3d_Fz,theta,None,KNN,0.9867,0.694,0.2,0.4143
F_median_3d_Fp1,gamma,None,Logistic Regression,0.5533,0.5389,0.4,0.4143
F_de_3d_F4,all,norm2,Ensemble (Majority Vote),0.84,0.6759,0.3,0.4143
F_peak_3d_3area,beta,None,XGBoost,0.8067,0.689,0.3,0.4143
F_mean_3d_F7,delta,norm3,XGBoost,0.6267,0.5538,0.4,0.4143
F_mean_3d_F7,delta,norm3,Random Forest,0.7733,0.586,0.5,0.4143
F_mean_3d_F7,delta,norm2,XGBoost,0.6267,0.5538,0.4,0.4143
F_de_3d_Fp2,beta,None,Logistic Regression,0.62,0.5678,0.4,0.4143
F_rasm_3d_8rm,alpha,norm3,Linear SVM,0.54,0.5303,0.3,0.4143
F_mean_3d_C3,delta,None,Random Forest,0.7067,0.5966,0.3,0.4143
F_de_3d_F7,theta,norm2,XGBoost,0.6467,0.5664,0.4,0.4143
F_peak_3d_T7,all,norm2,XGBoost,0.9,0.6441,0.4,0.4143
F_mean_3d_C3,delta,None,XGBoost,0.6667,0.5874,0.2,0.4143
F_rasm_3d_8rm,alpha,norm2,XGBoost,0.86,0.7023,0.5,0.4143
F_mean_3d_C3,gamma,None,KNN,0.98,0.7057,0.3,0.4143
F_mean_3d_Fz,theta,norm3,KNN,0.9733,0.6906,0.2,0.4143
F_rasm_3d_8rm,alpha,norm3,Logistic Regression,0.54,0.528,0.3,0.4143
F_peak_3d_3area,delta,norm2,Ensemble (Majority Vote),0.76,0.6501,0.5,0.4143
F_dasm_3d_3area,alpha,norm2,Ensemble (Majority Vote),0.7133,0.6085,0.3,0.4143
F_de_3d_T8,gamma,norm2,Ensemble (Majority Vote),0.7533,0.6198,0.4,0.4143
F_mean_3d_T8,all,norm3,KNN,0.96,0.7467,0.4,0.4143
F_peak_3d_8rm,theta,None,KNN,0.9933,0.8092,0.5,0.4143
F_rasm_3d_8rm,all,norm3,Linear SVM,0.6067,0.5494,0.4,0.4143
F_peak_3d_T7,alpha,norm2,XGBoost,0.66,0.5586,0.5,0.4143
F_de_3d_F3,theta,None,Random Forest,0.6867,0.5956,0.4,0.4143
F_de_3d_F7,delta,norm3,KNN,0.96,0.6749,0.2,0.4143
F_de_3d_Fp2,beta,norm2,Random Forest,0.7933,0.6007,0.3,0.4143
F_peak_3d_T7,all,norm2,Ensemble (Majority Vote),0.8333,0.6789,0.4,0.4143
F_peak_3d_F4,delta,norm2,KNN,0.9733,0.6887,0.4,0.4143
F_de_3d_1area,theta,norm2,XGBoost,0.6867,0.569,0.4,0.4143
F_peak_3d_T7,alpha,norm3,XGBoost,0.66,0.5586,0.5,0.4143
F_mean_3d_3area,beta,norm3,Linear SVM,0.5667,0.5485,0.3,0.4143
F_mean_3d_Fz,theta,norm2,KNN,0.9733,0.6906,0.2,0.4143
F_peak_3d_3area,alpha,norm3,Ensemble (Majority Vote),0.7733,0.6464,0.3,0.4143
F_peak_3d_2area,gamma,norm3,KNN,0.9667,0.7025,0.3,0.4143
F_mean_3d_T7,alpha,None,XGBoost,0.68,0.592,0.4,0.4143
F_median_3d_10rm,gamma,None,Linear SVM,0.74,0.6398,0.5,0.4143
F_peak_3d_8rm,beta,norm2,Random Forest,0.98,0.7161,0.4,0.4143
F_peak_3d_C3,all,None,Random Forest,0.7867,0.6802,0.3,0.4143
F_de_3d_1area,theta,None,XGBoost,0.66,0.5903,0.4,0.4143
F_de_3d19,theta,None,Random Forest,0.8467,0.7343,0.4,0.4143
F_median_3d_2area,delta,norm3,KNN,0.94,0.7023,0.4,0.4143
F_median_3d_Fp1,beta,None,Linear SVM,0.5467,0.5343,0.5,0.4143
F_de_3d_T7,theta,norm3,Random Forest,0.74,0.5821,0.5,0.4143
F_peak_3d_C3,beta,norm2,XGBoost,0.6067,0.5402,0.5,0.4143
F_de_3d_10rm,alpha,norm2,KNN,0.9933,0.7099,0.5,0.4143
F_median_3d_2area,gamma,norm3,Random Forest,0.74,0.6223,0.4,0.4143
F_de_3d_F7,delta,norm2,KNN,0.96,0.6749,0.2,0.4143
F_mean_3d_F7,all,norm2,XGBoost,0.9667,0.6547,0.4,0.4143
F_rasm_3d_3area,delta,None,Linear SVM,0.4733,0.4915,0.4,0.4143
F_peak_3d_C3,beta,norm3,XGBoost,0.6067,0.5402,0.5,0.4143
F_median_3d_10rm,delta,None,Logistic Regression,0.7333,0.6359,0.4,0.4143
F_de_3d_1area,theta,norm3,XGBoost,0.6867,0.569,0.4,0.4143
F_peak_3d_Fp2,delta,norm3,KNN,0.9667,0.6901,0.3,0.4143
F_de_3d_1area,theta,norm3,Random Forest,0.7467,0.586,0.4,0.4143
F_median_3d_2area,theta,norm2,Random Forest,0.8333,0.614,0.5,0.4143
F_de_3d_T7,theta,norm3,KNN,0.9667,0.6846,0.3,0.4143
F_dasm_3d_10rm,alpha,norm2,Random Forest,0.96,0.6685,0.3,0.4143
F_median_3d_1area,delta,None,Ensemble (Majority Vote),0.8067,0.6366,0.4,0.4143
F_median_3d_10rm,gamma,norm2,Ensemble (Majority Vote),0.9267,0.723,0.5,0.4143
F_mean_3d_F7,delta,norm2,Random Forest,0.7733,0.586,0.5,0.4143
F_median_3d_Fp1,gamma,None,Ensemble (Majority Vote),0.7133,0.6129,0.3,0.4143
F_de_3d_2area,all,None,Ensemble (Majority Vote),0.8733,0.7579,0.3,0.4143
F_median_3d_2area,delta,None,Random Forest,0.7667,0.6356,0.4,0.4143
F_de_3d19,theta,norm2,XGBoost,0.9933,0.7991,0.2,0.4143
F_mean_3d_3area,beta,norm3,Logistic Regression,0.5667,0.5501,0.3,0.4143
F_median_3d_Fp1,gamma,None,Linear SVM,0.5533,0.5395,0.4,0.4143
F_de_3d_F7,theta,norm3,XGBoost,0.6467,0.5664,0.4,0.4143
F_de_3d_Fp2,beta,norm3,Random Forest,0.7933,0.6007,0.3,0.4143
F_de_3d19,theta,norm2,Ensemble (Majority Vote),0.96,0.7641,0.3,0.4143
F_de_3d_F8,theta,norm3,KNN,0.9867,0.6793,0.3,0.4143
F_median_3d_F8,all,None,Ensemble (Majority Vote),0.7933,0.6848,0.5,0.4143
F_mean_3d_2area,all,norm3,KNN,0.9867,0.8205,0.4,0.4143
F_peak_3d_F7,beta,norm3,Random Forest,0.7867,0.5851,0.4,0.4
F_peak_3d_F7,beta,norm2,Random Forest,0.7867,0.5851,0.4,0.4
F_median_3d_C3,delta,None,Ensemble (Majority Vote),0.7067,0.5975,0.3,0.4
F_mean_3d_Cz,delta,norm3,Random Forest,0.7133,0.5756,0.3,0.4
F_peak_3d_F7,delta,norm2,KNN,0.9867,0.6876,0.3,0.4
F_mean_3d_3area,theta,norm2,Ensemble (Majority Vote),0.7467,0.643,0.4,0.4
F_de_3d_F4,gamma,None,Linear SVM,0.5667,0.5257,0.4,0.4
F_mean_3d_F8,all,norm3,Random Forest,0.8067,0.6717,0.4,0.4
F_peak_3d_Fp1,delta,None,Logistic Regression,0.5933,0.5566,0.4,0.4
F_median_3d_C4,alpha,None,XGBoost,0.62,0.5837,0.5,0.4
F_mean_3d_F3,delta,None,Random Forest,0.74,0.5894,0.3,0.4
F_de_3d_F3,theta,None,XGBoost,0.7,0.5837,0.4,0.4
F_rasm_3d_8rm,theta,None,Logistic Regression,0.5333,0.5154,0.5,0.4
F_de_3d_1area,all,None,Linear SVM,0.64,0.5931,0.4,0.4
F_median_3d,theta,None,XGBoost,1.0,0.8028,0.4,0.4
F_median_3d_1area,theta,norm3,Ensemble (Majority Vote),0.8333,0.6248,0.3,0.4
F_mean_3d_3area,beta,norm3,Ensemble (Majority Vote),0.7667,0.6492,0.4,0.4
F_median_3d_Fp2,all,norm2,KNN,0.98,0.6963,0.3,0.4
F_de_3d,all,norm2,Random Forest,0.9867,0.8434,0.4,0.4
F_peak_3d_Fp1,beta,None,KNN,0.9733,0.7014,0.3,0.4
F_de_3d_C4,theta,None,XGBoost,0.6,0.5855,0.4,0.4
F_mean_3d_Fp2,beta,None,Random Forest,0.7067,0.6007,0.4,0.4
F_peak_3d,delta,norm2,XGBoost,0.9867,0.7437,0.2,0.4
F_peak_3d_3area,gamma,None,Logistic Regression,0.5667,0.5687,0.5,0.4
F_median_3d_1area,theta,norm2,Ensemble (Majority Vote),0.8333,0.6248,0.3,0.4
F_de_3d_F7,gamma,None,Logistic Regression,0.5467,0.5154,0.3,0.4
F_mean_3d_F8,all,norm3,Ensemble (Majority Vote),0.8,0.6651,0.5,0.4
F_mean_3d19,alpha,norm3,Logistic Regression,0.7267,0.6529,0.5,0.4
F_de_3d_F7,gamma,None,Linear SVM,0.5467,0.5156,0.3,0.4
F_de_3d_2area,delta,None,Random Forest,0.6933,0.6313,0.4,0.4
F_peak_3d_F7,delta,norm3,KNN,0.9867,0.6876,0.3,0.4
F_peak_3d_T8,all,norm2,Ensemble (Majority Vote),0.8267,0.6726,0.2,0.4
F_peak_3d_Fp1,delta,None,Linear SVM,0.5933,0.5563,0.4,0.4
F_peak_3d_T8,gamma,norm2,Ensemble (Majority Vote),0.64,0.6069,0.3,0.4
F_mean_3d_T8,gamma,norm2,KNN,0.9933,0.692,0.3,0.4
F_mean_3d_2area,delta,None,Logistic Regression,0.6,0.5648,0.4,0.4
F_mean_3d_F4,delta,None,Ensemble (Majority Vote),0.6533,0.6094,0.4,0.4
F_peak_3d_T7,beta,norm2,KNN,0.9867,0.6936,0.2,0.4
F_peak_3d_T8,gamma,norm3,Ensemble (Majority Vote),0.64,0.6069,0.3,0.4
F_median_3d_10rm,gamma,None,KNN,1.0,0.8191,0.4,0.4
F_mean_3d_C4,all,norm3,Logistic Regression,0.54,0.5607,0.3,0.4
F_mean_3d_F4,delta,None,Linear SVM,0.58,0.5349,0.4,0.4
F_mean_3d_C4,all,norm3,Linear SVM,0.5533,0.5625,0.3,0.4
F_peak_3d_F7,theta,norm3,Ensemble (Majority Vote),0.78,0.6175,0.3,0.4
F_median_3d_F7,theta,None,XGBoost,0.7133,0.5929,0.4,0.4
F_median_3d_F7,gamma,None,Logistic Regression,0.5467,0.5195,0.4,0.4
F_peak_3d_T7,beta,norm2,XGBoost,0.58,0.5545,0.3,0.4
F_de_3d_F3,beta,None,Logistic Regression,0.5267,0.5234,0.3,0.4
F_peak_3d_F3,gamma,None,Logistic Regression,0.52,0.5347,0.4,0.4
F_peak_3d_T7,beta,norm3,KNN,0.9867,0.6936,0.2,0.4
F_dasm_3d,delta,None,Linear SVM,0.6133,0.5777,0.4,0.4
F_peak_3d_F3,gamma,None,Ensemble (Majority Vote),0.6867,0.6133,0.3,0.4
F_peak_3d_T7,beta,norm3,XGBoost,0.58,0.5545,0.3,0.4
F_de_3d_F3,beta,None,Linear SVM,0.5267,0.5237,0.3,0.4
F_mean_3d_Cz,all,norm2,Random Forest,0.9333,0.6625,0.3,0.4
F_rasm_3d_3area,gamma,None,Logistic Regression,0.4867,0.5,0.3,0.4
F_mean_3d_Fp2,gamma,None,Logistic Regression,0.4867,0.5216,0.3,0.4
F_peak_3d_F7,theta,norm2,Ensemble (Majority Vote),0.78,0.6175,0.3,0.4
F_mean_3d_Fp2,gamma,None,Linear SVM,0.4933,0.5221,0.3,0.4
F_mean_3d_Fp1,alpha,norm2,Ensemble (Majority Vote),0.7667,0.6085,0.3,0.4
F_mean_3d_Cz,delta,norm2,Random Forest,0.7133,0.5756,0.3,0.4
F_median_3d19,theta,None,KNN,1.0,0.8717,0.4,0.4
F_peak_3d_T7,alpha,None,XGBoost,0.6133,0.5885,0.3,0.4
F_peak_3d_T8,all,None,Logistic Regression,0.66,0.5986,0.3,0.4
F_de_3d19,alpha,None,Logistic Regression,0.7733,0.6738,0.5,0.4
F_peak_3d_1area,all,norm3,KNN,0.98,0.8078,0.5,0.4
F_dasm_3d_10rm,beta,norm2,Random Forest,0.94,0.6563,0.2,0.4
F_peak_3d_T8,all,None,Ensemble (Majority Vote),0.8,0.6993,0.2,0.4
F_mean_3d_Fp1,alpha,norm3,Ensemble (Majority Vote),0.7667,0.6085,0.3,0.4
F_mean_3d_Fz,gamma,None,Random Forest,0.6667,0.5949,0.4,0.4
F_mean_3d_T8,gamma,norm3,KNN,0.9933,0.692,0.3,0.4
F_de_3d_F3,theta,None,KNN,0.9867,0.6959,0.4,0.4
F_de_3d_1area,delta,None,XGBoost,0.6933,0.606,0.4,0.4
F_mean_3d_T8,all,None,XGBoost,0.8733,0.6984,0.3,0.4
F_de_3d_1area,delta,None,Random Forest,0.7,0.6055,0.4,0.4
F_mean_3d_C3,alpha,norm2,KNN,0.98,0.6828,0.3,0.4
F_mean_3d_C3,alpha,norm3,KNN,0.98,0.6828,0.3,0.4
F_rasm_3d_3area,gamma,norm2,KNN,0.96,0.7108,0.3,0.4
F_mean_3d_8rm,delta,norm2,Ensemble (Majority Vote),0.8533,0.6949,0.5,0.4
F_peak_3d_F7,theta,norm3,XGBoost,0.5467,0.5409,0.3,0.4
F_mean_3d_Fz,gamma,None,KNN,0.9867,0.7005,0.3,0.4
F_peak_3d_Fp1,alpha,norm3,KNN,0.9733,0.689,0.5,0.4
F_mean_3d_Fz,gamma,norm2,KNN,0.9733,0.6848,0.2,0.4
F_de_3d_F4,all,None,Logistic Regression,0.64,0.6044,0.4,0.4
F_rasm_3d_8rm,theta,None,Linear SVM,0.4933,0.5057,0.4,0.4
F_mean_3d_C3,all,norm3,KNN,0.9467,0.7414,0.2,0.4
F_peak_3d_F7,theta,norm2,XGBoost,0.5467,0.5409,0.3,0.4
F_median_3d_C4,beta,None,Linear SVM,0.5867,0.537,0.3,0.4
F_mean_3d19,alpha,norm2,KNN,0.9667,0.7071,0.3,0.4
F_peak_3d19,alpha,None,Logistic Regression,0.8067,0.6929,0.3,0.4
F_mean_3d_Fz,gamma,norm3,KNN,0.9733,0.6848,0.2,0.4
F_dasm_3d,delta,None,Logistic Regression,0.6133,0.5756,0.5,0.4
F_rasm_3d_3area,gamma,norm3,KNN,0.96,0.7108,0.3,0.4
F_de_3d19,alpha,norm3,Ensemble (Majority Vote),0.9533,0.8106,0.4,0.4
F_median_3d_F3,alpha,norm3,KNN,0.9733,0.6789,0.4,0.4
F_rasm_3d_10rm,beta,norm3,Logistic Regression,0.5267,0.5267,0.3,0.4
F_mean_3d_C3,gamma,norm2,Random Forest,0.7867,0.592,0.3,0.4
F_median_3d_F3,alpha,norm2,KNN,0.9733,0.6789,0.4,0.4
F_median_3d_F3,all,norm3,XGBoost,0.84,0.6754,0.2,0.4
F_peak_3d_F4,delta,None,Linear SVM,0.56,0.5292,0.4,0.4
F_peak_3d_F3,all,norm2,KNN,0.9667,0.6966,0.2,0.4
F_dasm_3d,beta,norm2,Random Forest,0.96,0.6756,0.2,0.4
F_de_3d_Fp1,delta,None,XGBoost,0.66,0.5883,0.4,0.4
F_rasm_3d_8rm,all,norm3,Ensemble (Majority Vote),0.8733,0.7416,0.6,0.4
F_peak_3d_F7,gamma,norm2,Ensemble (Majority Vote),0.6933,0.6195,0.5,0.4
F_peak_3d_F4,delta,None,Logistic Regression,0.56,0.5294,0.4,0.4
F_de_3d19,alpha,None,KNN,1.0,0.9062,0.2,0.4
F_peak_3d_Cz,gamma,None,KNN,0.9733,0.6952,0.3,0.4
F_mean_3d_C3,gamma,norm3,Random Forest,0.7867,0.592,0.3,0.4
F_median_3d_Cz,alpha,None,Linear SVM,0.5667,0.5239,0.4,0.4
F_de_3d_Fz,theta,None,XGBoost,0.6733,0.5828,0.3,0.4
F_mean_3d_2area,delta,None,Linear SVM,0.6,0.5692,0.4,0.4
F_rasm_3d_8rm,all,None,Logistic Regression,0.5933,0.5255,0.4,0.4
F_median_3d_Fp1,theta,norm3,XGBoost,0.6667,0.5639,0.4,0.4
F_rasm_3d19,gamma,norm2,KNN,0.9867,0.7375,0.3,0.4
F_median_3d_Fp1,theta,norm2,XGBoost,0.6667,0.5639,0.4,0.4
F_rasm_3d_3area,theta,norm3,KNN,0.9667,0.7032,0.1,0.4
F_peak_3d_F7,beta,norm3,XGBoost,0.64,0.5515,0.2,0.4
F_peak_3d_Fp1,alpha,norm2,KNN,0.9733,0.689,0.5,0.4
F_peak_3d_F7,gamma,norm3,Ensemble (Majority Vote),0.6933,0.6195,0.5,0.4
F_rasm_3d_3area,theta,norm2,KNN,0.9667,0.7032,0.1,0.4
F_peak_3d_F7,beta,norm2,XGBoost,0.64,0.5515,0.2,0.4
F_rasm_3d_8rm,delta,norm2,XGBoost,0.9067,0.7175,0.3,0.4
F_median_3d_F3,delta,None,KNN,0.9733,0.6899,0.2,0.4
F_de_3d_F4,all,norm2,KNN,0.9867,0.6966,0.3,0.4
F_mean_3d_F3,all,None,Linear SVM,0.6333,0.5938,0.3,0.4
F_peak_3d19,all,None,XGBoost,1.0,0.9952,0.3,0.4
F_mean_3d_Fp1,all,norm3,KNN,0.9467,0.7501,0.2,0.4
F_de_3d_1area,theta,norm3,Ensemble (Majority Vote),0.6667,0.6145,0.3,0.4
F_peak_3d_T8,all,None,KNN,0.9867,0.7897,0.4,0.4
F_mean_3d_F3,theta,None,Logistic Regression,0.5467,0.5228,0.5,0.4
F_median_3d_2area,gamma,norm3,XGBoost,0.6733,0.5938,0.4,0.4
F_mean_3d_F3,theta,None,Linear SVM,0.5467,0.5221,0.5,0.4
F_mean_3d_Fp1,all,None,XGBoost,0.8733,0.712,0.3,0.4
F_de_3d_1area,theta,norm2,Ensemble (Majority Vote),0.6667,0.6145,0.3,0.4
F_median_3d_2area,delta,None,Logistic Regression,0.6,0.566,0.3,0.4
F_median_3d_10rm,gamma,norm2,Random Forest,0.96,0.7129,0.3,0.4
F_median_3d_C3,alpha,norm2,XGBoost,0.5933,0.5457,0.3,0.4
F_median_3d_2area,delta,None,KNN,0.9467,0.7101,0.4,0.4
F_peak_3d_3area,alpha,norm3,KNN,0.9467,0.7117,0.2,0.4
F_peak_3d_T7,beta,None,Random Forest,0.7067,0.5968,0.4,0.4
F_median_3d_C3,alpha,norm3,XGBoost,0.5933,0.5457,0.3,0.4
F_dasm_3d_3area,alpha,None,Ensemble (Majority Vote),0.62,0.5945,0.4,0.4
F_dasm_3d_3area,gamma,norm3,KNN,0.9733,0.6887,0.2,0.4
F_mean_3d_F3,theta,None,XGBoost,0.6667,0.5752,0.3,0.4
F_mean_3d_Fp1,alpha,norm2,XGBoost,0.5533,0.5503,0.3,0.4
F_de_3d_C4,delta,norm3,XGBoost,0.6333,0.5644,0.4,0.4
F_de_3d_C4,delta,norm2,XGBoost,0.6333,0.5644,0.4,0.4
F_mean_3d_10rm,all,norm2,KNN,0.78,0.7011,0.4,0.4
F_dasm_3d19,all,norm2,KNN,1.0,0.8216,0.3,0.4
F_peak_3d_1area,all,None,Random Forest,0.8,0.6972,0.4,0.4
F_median_3d_3area,beta,norm3,Random Forest,0.76,0.6384,0.2,0.4
F_mean_3d_1area,all,norm3,Ensemble (Majority Vote),0.8333,0.7041,0.2,0.4
F_peak_3d_2area,all,None,Linear SVM,0.7067,0.6467,0.4,0.4
F_peak_3d_2area,all,None,Random Forest,0.82,0.7255,0.3,0.4
F_peak_3d_2area,delta,None,Random Forest,0.7133,0.632,0.3,0.4
F_median_3d_3area,beta,None,Logistic Regression,0.6533,0.5752,0.4,0.4
F_peak_3d_2area,alpha,None,XGBoost,0.7133,0.6177,0.4,0.4
F_mean_3d_F4,all,norm2,Ensemble (Majority Vote),0.86,0.6784,0.3,0.4
F_peak_3d_2area,beta,None,Random Forest,0.76,0.6421,0.3,0.4
F_mean_3d_Fp1,alpha,norm3,XGBoost,0.5533,0.5503,0.3,0.4
F_peak_3d_2area,delta,None,Ensemble (Majority Vote),0.7267,0.6494,0.3,0.4
F_de_3d_F7,all,norm2,XGBoost,0.9533,0.651,0.2,0.4
F_peak_3d_Fp2,alpha,None,Ensemble (Majority Vote),0.7733,0.6234,0.5,0.4
F_peak_3d_Fz,alpha,norm3,KNN,0.98,0.6853,0.3,0.4
F_peak_3d_Fz,alpha,norm2,KNN,0.98,0.6853,0.3,0.4
F_peak_3d_C4,theta,None,Random Forest,0.6867,0.5968,0.3,0.4
F_dasm_3d_3area,gamma,norm2,KNN,0.9733,0.6887,0.2,0.4
F_de_3d_C3,gamma,norm3,Random Forest,0.8133,0.5917,0.4,0.4
F_de_3d_C3,gamma,norm2,Random Forest,0.8133,0.5917,0.4,0.4
F_peak_3d_8rm,gamma,None,KNN,0.98,0.8283,0.3,0.4
F_de_3d_F7,all,None,Random Forest,0.8,0.6699,0.3,0.4
F_median_3d_Fp1,gamma,norm2,KNN,0.9867,0.6989,0.4,0.4
F_peak_3d_2area,delta,norm3,XGBoost,0.78,0.6405,0.4,0.4
F_peak_3d_T8,gamma,norm2,Random Forest,0.7067,0.5931,0.4,0.4
F_peak_3d_T8,gamma,norm3,Random Forest,0.7067,0.5931,0.4,0.4
F_mean_3d_C3,delta,None,Ensemble (Majority Vote),0.7333,0.6159,0.3,0.4
F_median_3d_F4,all,norm2,KNN,0.98,0.7085,0.3,0.4
F_mean_3d_Fp2,beta,None,Linear SVM,0.6133,0.5414,0.4,0.4
F_de_3d_F4,all,norm2,Random Forest,0.9533,0.677,0.1,0.4
F_mean_3d_Fp2,beta,None,Logistic Regression,0.62,0.5405,0.4,0.4
F_median_3d_Fp1,gamma,norm3,KNN,0.9867,0.6989,0.4,0.4
F_mean_3d_Fp1,gamma,norm3,XGBoost,0.6467,0.5614,0.2,0.4
F_mean_3d_Fp1,gamma,norm2,XGBoost,0.6467,0.5614,0.2,0.4
F_median_3d_2area,all,None,Random Forest,0.8533,0.7097,0.3,0.3857
F_mean_3d_Fp1,delta,None,Logistic Regression,0.6,0.5529,0.4,0.3857
F_rasm_3d_10rm,beta,norm3,Linear SVM,0.52,0.5274,0.3,0.3857
F_peak_3d_F4,gamma,norm3,KNN,0.98,0.6892,0.3,0.3857
F_peak_3d_T8,gamma,norm3,XGBoost,0.5667,0.5524,0.4,0.3857
F_de_3d_C4,alpha,None,Logistic Regression,0.5533,0.5531,0.3,0.3857
F_peak_3d_T8,theta,None,Linear SVM,0.5533,0.5269,0.3,0.3857
F_peak_3d_Fz,gamma,None,XGBoost,0.64,0.6021,0.3,0.3857
F_peak_3d_T8,theta,None,Logistic Regression,0.5533,0.5276,0.3,0.3857
F_peak_3d_1area,delta,None,Random Forest,0.66,0.6064,0.3,0.3857
F_peak_3d_T8,gamma,norm2,XGBoost,0.5667,0.5524,0.4,0.3857
F_peak_3d_1area,beta,None,Ensemble (Majority Vote),0.6867,0.623,0.4,0.3857
F_median_3d_Fp1,all,norm2,XGBoost,0.8867,0.6363,0.3,0.3857
F_peak_3d_F3,all,norm2,Random Forest,0.9333,0.6775,0.3,0.3857
F_median_3d_T7,beta,None,XGBoost,0.6667,0.5862,0.2,0.3857
F_median_3d_Fp1,gamma,norm2,Ensemble (Majority Vote),0.62,0.609,0.3,0.3857
F_peak_3d_Fp1,beta,norm3,XGBoost,0.54,0.534,0.3,0.3857
F_peak_3d_F3,gamma,None,Linear SVM,0.5133,0.5347,0.4,0.3857
F_de_3d_F7,beta,norm3,KNN,0.9867,0.6874,0.3,0.3857
F_de_3d_1area,gamma,None,Ensemble (Majority Vote),0.7267,0.6506,0.3,0.3857
F_mean_3d_T7,delta,norm2,XGBoost,0.6667,0.5669,0.3,0.3857
F_de_3d_C3,gamma,norm2,Ensemble (Majority Vote),0.8333,0.6221,0.2,0.3857
F_mean_3d_T8,gamma,None,KNN,0.9333,0.7011,0.3,0.3857
F_mean_3d_Fp1,delta,None,Linear SVM,0.6,0.5526,0.4,0.3857
F_median_3d_10rm,all,norm2,KNN,0.7867,0.7064,0.3,0.3857
F_de_3d_3area,all,norm3,KNN,1.0,0.8754,0.3,0.3857
F_peak_3d_C3,gamma,norm2,XGBoost,0.5867,0.5632,0.2,0.3857
F_de_3d_C4,alpha,None,Linear SVM,0.5533,0.5529,0.3,0.3857
F_de_3d_Cz,all,norm2,XGBoost,0.94,0.6517,0.4,0.3857
F_mean_3d_T7,delta,norm2,Random Forest,0.7267,0.5869,0.3,0.3857
F_mean_3d_F4,delta,None,Logistic Regression,0.58,0.5343,0.4,0.3857
F_mean_3d_1area,all,norm3,Linear SVM,0.6533,0.6005,0.3,0.3857
F_peak_3d_F7,beta,None,Random Forest,0.6733,0.6062,0.4,0.3857
F_peak_3d_C3,gamma,norm3,XGBoost,0.5867,0.5632,0.2,0.3857
F_de_3d_Cz,all,norm2,KNN,0.98,0.6943,0.2,0.3857
F_mean_3d_1area,all,norm3,Logistic Regression,0.6667,0.6021,0.3,0.3857
F_median_3d_Fp1,gamma,norm3,Ensemble (Majority Vote),0.62,0.609,0.3,0.3857
F_de_3d19,delta,norm2,KNN,1.0,0.7616,0.3,0.3857
F_de_3d19,theta,norm2,Random Forest,0.9533,0.7317,0.3,0.3857
F_mean_3d_F7,alpha,norm3,XGBoost,0.6067,0.5499,0.4,0.3857
F_peak_3d_3area,alpha,None,KNN,0.98,0.734,0.2,0.3857
F_peak_3d_T7,delta,norm2,Random Forest,0.76,0.5899,0.3,0.3857
F_peak_3d_F4,beta,norm2,KNN,0.98,0.6853,0.3,0.3857
F_mean_3d_F7,gamma,None,XGBoost,0.6267,0.5876,0.3,0.3857
F_de_3d_T8,all,norm3,Ensemble (Majority Vote),0.8133,0.7069,0.4,0.3857
F_de_3d_C4,all,None,Ensemble (Majority Vote),0.8067,0.6828,0.4,0.3857
F_peak_3d_3area,alpha,norm3,Linear SVM,0.5333,0.5451,0.4,0.3857
F_peak_3d_3area,alpha,norm3,Logistic Regression,0.5333,0.5437,0.4,0.3857
F_peak_3d_F4,beta,norm3,KNN,0.98,0.6853,0.3,0.3857
F_peak_3d_3area,beta,None,KNN,0.9733,0.7575,0.3,0.3857
F_mean_3d_F7,gamma,None,Random Forest,0.6333,0.5862,0.4,0.3857
F_median_3d_2area,all,norm3,XGBoost,0.96,0.8129,0.2,0.3857
F_de_3d_Fp2,alpha,None,KNN,0.98,0.6862,0.2,0.3857
F_rasm_3d_8rm,alpha,norm3,XGBoost,0.7867,0.6901,0.3,0.3857
F_dasm_3d_3area,alpha,None,Random Forest,0.6067,0.5853,0.4,0.3857
F_peak_3d_T7,all,norm2,Random Forest,0.9467,0.6772,0.4,0.3857
F_peak_3d_T7,delta,norm3,Random Forest,0.76,0.5899,0.3,0.3857
F_median_3d_F8,theta,None,XGBoost,0.66,0.5871,0.3,0.3857
F_median_3d_Fp1,gamma,norm2,Random Forest,0.7733,0.5968,0.4,0.3857
F_mean_3d_T7,delta,norm3,XGBoost,0.6667,0.5669,0.3,0.3857
F_peak_3d_2area,alpha,norm3,KNN,0.9733,0.6869,0.2,0.3857
F_mean_3d_2area,alpha,norm3,XGBoost,0.7333,0.5972,0.3,0.3857
F_peak_3d_2area,alpha,norm3,Random Forest,0.7533,0.6094,0.4,0.3857
F_rasm_3d_3area,alpha,None,KNN,0.98,0.7,0.3,0.3857
F_de_3d_C4,alpha,None,Ensemble (Majority Vote),0.68,0.6248,0.4,0.3857
F_median_3d_F4,theta,norm2,KNN,0.9733,0.6874,0.2,0.3857
F_median_3d_F4,theta,norm3,KNN,0.9733,0.6874,0.2,0.3857
F_peak_3d_T8,all,norm3,Ensemble (Majority Vote),0.78,0.6968,0.2,0.3857
F_peak_3d_F4,gamma,norm2,KNN,0.98,0.6892,0.3,0.3857
F_dasm_3d_3area,all,norm2,KNN,0.9733,0.6834,0.2,0.3857
F_median_3d_F7,delta,None,KNN,0.9733,0.6966,0.4,0.3857
F_peak_3d_T8,all,None,Linear SVM,0.64,0.5975,0.2,0.3857
F_median_3d_Fp1,gamma,norm3,Random Forest,0.7733,0.5968,0.4,0.3857
F_mean_3d_T7,delta,norm3,Random Forest,0.7267,0.5869,0.3,0.3857
F_median_3d_F3,all,None,Random Forest,0.8,0.6692,0.2,0.3857
F_median_3d_2area,gamma,None,Logistic Regression,0.5933,0.5593,0.4,0.3857
F_mean_3d_F7,alpha,norm2,XGBoost,0.6067,0.5499,0.4,0.3857
F_mean_3d_F3,delta,None,XGBoost,0.68,0.5662,0.3,0.3857
F_de_3d_C3,gamma,norm3,Ensemble (Majority Vote),0.8333,0.6221,0.2,0.3857
F_median_3d_3area,theta,norm3,XGBoost,0.78,0.6407,0.3,0.3857
F_peak_3d,beta,norm2,XGBoost,1.0,0.7469,0.4,0.3857
F_mean_3d_Fp2,alpha,norm2,Random Forest,0.7667,0.5828,0.2,0.3857
F_median_3d,theta,norm3,Linear SVM,0.7533,0.6317,0.4,0.3857
F_median_3d,theta,norm3,Logistic Regression,0.7467,0.6326,0.4,0.3857
F_de_3d_F7,all,norm2,Ensemble (Majority Vote),0.8867,0.6899,0.2,0.3857
F_mean_3d_1area,delta,None,Random Forest,0.6733,0.6087,0.3,0.3857
F_de_3d_C4,all,None,Logistic Regression,0.66,0.5892,0.3,0.3857
F_mean_3d_Cz,delta,norm3,Ensemble (Majority Vote),0.62,0.5931,0.3,0.3857
F_mean_3d_F3,all,None,Logistic Regression,0.6467,0.5913,0.3,0.3857
F_peak_3d_10rm,all,norm2,KNN,0.8867,0.772,0.3,0.3857
F_rasm_3d19,delta,norm2,Random Forest,0.92,0.7462,0.4,0.3857
F_median_3d_C3,alpha,norm3,Ensemble (Majority Vote),0.7933,0.62,0.3,0.3857
F_mean_3d_Cz,delta,norm3,KNN,0.98,0.6871,0.2,0.3857
F_mean_3d_Fp2,alpha,norm3,Random Forest,0.7667,0.5828,0.2,0.3857
F_median_3d_C4,theta,None,XGBoost,0.6933,0.5825,0.5,0.3857
F_peak_3d_Fp1,beta,norm2,Ensemble (Majority Vote),0.8333,0.6322,0.3,0.3857
F_peak_3d,beta,norm2,Ensemble (Majority Vote),0.9533,0.7556,0.4,0.3857
F_peak_3d_C4,gamma,None,Logistic Regression,0.5533,0.5497,0.3,0.3857
F_peak_3d_C4,gamma,None,Linear SVM,0.5533,0.5499,0.3,0.3857
F_median_3d_C3,alpha,norm2,Ensemble (Majority Vote),0.7933,0.62,0.3,0.3857
F_mean_3d_F4,all,norm2,Random Forest,0.9267,0.674,0.2,0.3857
F_median_3d_C3,alpha,None,Logistic Regression,0.5733,0.5395,0.4,0.3857
F_de_3d_Fp1,delta,None,Linear SVM,0.5933,0.5549,0.3,0.3857
F_mean_3d_F4,all,None,Ensemble (Majority Vote),0.82,0.6777,0.3,0.3857
F_de_3d_Fp1,delta,None,Logistic Regression,0.5933,0.5549,0.3,0.3857
F_peak_3d_C4,beta,norm3,Ensemble (Majority Vote),0.64,0.6094,0.2,0.3857
F_median_3d_8rm,theta,norm2,XGBoost,0.96,0.6917,0.3,0.3857
F_mean_3d_Fp2,beta,None,XGBoost,0.68,0.5915,0.4,0.3857
F_peak_3d_10rm,beta,norm2,Ensemble (Majority Vote),0.9667,0.734,0.4,0.3857
F_peak_3d_C4,beta,norm2,Ensemble (Majority Vote),0.64,0.6094,0.2,0.3857
F_median_3d_T8,theta,None,XGBoost,0.7,0.5807,0.4,0.3857
F_de_3d_F8,beta,None,Ensemble (Majority Vote),0.7533,0.6267,0.3,0.3857
F_mean_3d_Cz,delta,norm2,Ensemble (Majority Vote),0.62,0.5931,0.3,0.3857
F_peak_3d,gamma,norm2,XGBoost,1.0,0.7593,0.3,0.3857
F_mean_3d19,alpha,None,KNN,1.0,0.866,0.3,0.3857
F_de_3d_F7,beta,norm2,KNN,0.9867,0.6874,0.3,0.3857
F_mean_3d_Cz,delta,norm2,KNN,0.98,0.6871,0.2,0.3857
F_peak_3d_Fp1,beta,norm2,XGBoost,0.54,0.534,0.3,0.3857
F_peak_3d19,delta,norm3,Random Forest,0.86,0.7706,0.4,0.3857
F_de_3d_F8,beta,None,KNN,0.9867,0.7039,0.4,0.3857
F_peak_3d_Fp1,beta,norm3,Ensemble (Majority Vote),0.8333,0.6322,0.3,0.3857
F_peak_3d19,all,norm3,Linear SVM,1.0,0.9255,0.3,0.3857
F_peak_3d_Fp1,delta,None,Random Forest,0.66,0.5984,0.3,0.3857
F_median_3d,theta,None,Random Forest,0.8333,0.7016,0.4,0.3857
F_peak_3d_F3,all,norm2,Ensemble (Majority Vote),0.8667,0.686,0.2,0.3857
F_rasm_3d_8rm,gamma,norm3,Linear SVM,0.4933,0.5195,0.2,0.3714
F_median_3d_Fp2,all,None,KNN,0.9667,0.7531,0.3,0.3714
F_rasm_3d_8rm,gamma,norm3,Logistic Regression,0.4867,0.5191,0.2,0.3714
F_peak_3d_C4,alpha,None,Logistic Regression,0.6,0.5699,0.3,0.3714
F_mean_3d_T8,all,norm3,Random Forest,0.7867,0.6816,0.2,0.3714
F_peak_3d_C4,alpha,None,Linear SVM,0.6,0.5694,0.3,0.3714
F_peak_3d_T8,alpha,None,Random Forest,0.6867,0.608,0.3,0.3714
F_mean_3d_F8,all,None,Linear SVM,0.6333,0.5949,0.4,0.3714
F_mean_3d_C4,all,None,Linear SVM,0.66,0.5897,0.3,0.3714
F_mean_3d_T8,all,norm3,Ensemble (Majority Vote),0.8333,0.6966,0.3,0.3714
F_median_3d_Fz,theta,norm2,KNN,0.9733,0.6857,0.1,0.3714
F_peak_3d_2area,beta,None,XGBoost,0.7067,0.6377,0.3,0.3714
F_peak_3d_3area,gamma,None,Linear SVM,0.58,0.5664,0.4,0.3714
F_dasm_3d_3area,alpha,None,XGBoost,0.6133,0.5761,0.4,0.3714
F_de_3d_C4,alpha,None,XGBoost,0.6067,0.5839,0.4,0.3714
F_median_3d_2area,all,None,Ensemble (Majority Vote),0.9,0.7634,0.3,0.3714
F_peak_3d_2area,delta,None,XGBoost,0.7733,0.6455,0.3,0.3714
F_mean_3d_3area,theta,norm2,XGBoost,0.8267,0.612,0.2,0.3714
F_de_3d_2area,all,None,Linear SVM,0.74,0.6434,0.2,0.3714
F_peak_3d_10rm,beta,norm2,Random Forest,0.9867,0.7276,0.2,0.3714
F_peak_3d_C3,gamma,None,Ensemble (Majority Vote),0.7,0.6149,0.4,0.3714
F_peak_3d_F7,gamma,None,Random Forest,0.7067,0.6007,0.3,0.3714
F_peak_3d_F7,gamma,None,XGBoost,0.72,0.5906,0.3,0.3714
F_mean_3d_F8,all,None,Logistic Regression,0.6533,0.5979,0.4,0.3714
F_peak_3d_F4,gamma,norm2,Random Forest,0.8,0.5933,0.2,0.3714
F_peak_3d,all,norm2,Ensemble (Majority Vote),0.98,0.8598,0.3,0.3714
F_peak_3d_F4,gamma,norm3,Random Forest,0.8,0.5933,0.2,0.3714
F_median_3d_2area,gamma,norm3,KNN,0.9733,0.6968,0.3,0.3714
F_median_3d_Fp2,gamma,None,Linear SVM,0.56,0.5572,0.3,0.3714
F_dasm_3d_10rm,beta,norm2,KNN,0.9867,0.7034,0.2,0.3714
F_peak_3d_F7,beta,None,Linear SVM,0.6067,0.5692,0.5,0.3714
F_peak_3d_F7,beta,None,Logistic Regression,0.6067,0.5699,0.5,0.3714
F_median_3d_Fp2,gamma,None,Logistic Regression,0.56,0.5577,0.3,0.3714
F_rasm_3d,theta,norm3,Linear SVM,0.5733,0.5434,0.3,0.3714
F_rasm_3d,theta,norm3,Logistic Regression,0.6,0.5501,0.3,0.3714
F_median_3d_F8,all,None,Logistic Regression,0.68,0.6037,0.4,0.3714
F_peak_3d_C3,all,norm3,XGBoost,0.88,0.7131,0.3,0.3714
F_median_3d_2area,delta,None,Ensemble (Majority Vote),0.7867,0.6492,0.4,0.3714
F_median_3d_Fp2,beta,None,XGBoost,0.6933,0.5947,0.4,0.3714
F_peak_3d_F3,theta,None,KNN,1.0,0.7005,0.3,0.3714
F_mean_3d_10rm,all,norm2,Ensemble (Majority Vote),0.9467,0.8322,0.4,0.3714
F_peak_3d_F3,delta,norm2,XGBoost,0.5467,0.5379,0.3,0.3714
F_mean_3d_F4,all,norm3,Logistic Regression,0.58,0.5662,0.3,0.3714
F_peak_3d_2area,all,None,Ensemble (Majority Vote),0.88,0.7641,0.4,0.3714
F_mean_3d_F4,all,norm3,Linear SVM,0.58,0.5664,0.3,0.3714
F_median_3d_Fz,theta,norm3,KNN,0.9733,0.6857,0.1,0.3714
F_mean_3d,gamma,norm2,XGBoost,0.9867,0.7451,0.3,0.3714
F_peak_3d_F3,delta,norm3,XGBoost,0.5467,0.5379,0.3,0.3714
F_peak_3d_2area,all,None,Logistic Regression,0.6733,0.6294,0.4,0.3714
F_peak_3d_Cz,alpha,norm3,KNN,0.98,0.6867,0.1,0.3714
F_de_3d_F4,delta,norm3,XGBoost,0.5533,0.5444,0.2,0.3714
F_mean_3d_F4,all,norm2,XGBoost,0.9133,0.6508,0.1,0.3714
F_de_3d_Fp2,all,norm2,Linear SVM,0.5067,0.5053,0.1,0.3714
F_peak_3d_F8,beta,norm2,Random Forest,0.78,0.5933,0.3,0.3714
F_median_3d_F4,all,norm3,Linear SVM,0.6,0.5766,0.4,0.3714
F_median_3d_F4,all,norm3,Logistic Regression,0.6,0.5779,0.4,0.3714
F_mean_3d_Fp1,all,norm3,XGBoost,0.8333,0.7131,0.3,0.3714
F_median_3d_C4,theta,None,Random Forest,0.66,0.5825,0.5,0.3714
F_peak_3d_F3,theta,norm3,Ensemble (Majority Vote),0.7533,0.6133,0.4,0.3714
F_peak_3d_F8,beta,norm3,Random Forest,0.78,0.5933,0.3,0.3714
F_peak_3d,all,norm2,KNN,0.8933,0.777,0.3,0.3714
F_peak_3d_T7,beta,norm3,Random Forest,0.74,0.5908,0.3,0.3714
F_mean_3d,gamma,norm2,Random Forest,0.9867,0.7379,0.3,0.3714
F_de_3d_1area,all,norm3,Random Forest,0.8133,0.6903,0.4,0.3714
F_peak_3d_T7,beta,norm2,Random Forest,0.74,0.5908,0.3,0.3714
F_median_3d_F8,all,norm3,Random Forest,0.7667,0.6651,0.3,0.3714
F_peak_3d19,gamma,None,KNN,1.0,0.9274,0.2,0.3714
F_peak_3d_Cz,alpha,norm2,KNN,0.98,0.6867,0.1,0.3714
F_peak_3d_T7,alpha,None,Logistic Regression,0.5533,0.5457,0.4,0.3714
F_de_3d_F4,alpha,None,Logistic Regression,0.5667,0.5483,0.4,0.3714
F_de_3d_F4,alpha,None,Linear SVM,0.5733,0.5492,0.4,0.3714
F_peak_3d_T7,alpha,None,Linear SVM,0.5533,0.5462,0.4,0.3714
F_peak_3d_F3,delta,norm3,Ensemble (Majority Vote),0.72,0.6,0.4,0.3714
F_peak_3d_F3,delta,norm2,Ensemble (Majority Vote),0.72,0.6,0.4,0.3714
F_peak_3d_8rm,beta,norm2,XGBoost,0.98,0.6929,0.1,0.3714
F_peak_3d_2area,beta,None,KNN,0.96,0.7179,0.2,0.3714
F_peak_3d_F3,theta,norm2,Ensemble (Majority Vote),0.7533,0.6133,0.4,0.3714
F_peak_3d_F3,theta,norm2,Random Forest,0.82,0.5924,0.3,0.3714
F_de_3d_C4,all,None,Linear SVM,0.6533,0.5959,0.3,0.3714
F_peak_3d_T8,all,norm3,Logistic Regression,0.64,0.6034,0.2,0.3714
F_mean_3d,all,norm2,KNN,0.76,0.7032,0.3,0.3714
F_peak_3d_T8,all,norm3,Linear SVM,0.6467,0.6041,0.2,0.3714
F_peak_3d19,alpha,None,Random Forest,0.8667,0.7572,0.3,0.3714
F_de_3d_F4,delta,norm2,XGBoost,0.5533,0.5444,0.2,0.3714
F_median_3d,beta,norm2,KNN,0.9467,0.7018,0.2,0.3714
F_mean_3d_2area,alpha,norm3,Random Forest,0.7933,0.617,0.3,0.3714
F_de_3d_2area,all,None,Logistic Regression,0.66,0.6322,0.2,0.3714
F_peak_3d_F3,theta,norm3,Random Forest,0.82,0.5924,0.3,0.3714
F_mean_3d,gamma,norm2,Ensemble (Majority Vote),0.9467,0.7418,0.2,0.3714
F_dasm_3d19,beta,None,KNN,0.9933,0.8168,0.1,0.3571
F_peak_3d_8rm,all,norm2,KNN,0.9067,0.7648,0.2,0.3571
F_median_3d_F3,theta,None,Linear SVM,0.5333,0.5297,0.4,0.3571
F_peak_3d_10rm,beta,norm2,XGBoost,0.9933,0.7301,0.3,0.3571
F_mean_3d_2area,alpha,norm3,Ensemble (Majority Vote),0.7,0.6175,0.4,0.3571
F_median_3d_C3,delta,None,Random Forest,0.6667,0.5837,0.2,0.3571
F_mean_3d_Fp1,gamma,norm2,Random Forest,0.7933,0.5938,0.1,0.3571
F_peak_3d_F7,gamma,norm2,Random Forest,0.7667,0.5899,0.2,0.3571
F_peak_3d_F4,gamma,norm2,Ensemble (Majority Vote),0.7067,0.6241,0.1,0.3571
F_peak_3d_F7,all,None,KNN,0.9933,0.7929,0.3,0.3571
F_peak_3d_Fp1,beta,norm2,Random Forest,0.7733,0.5853,0.3,0.3571
F_peak_3d_T7,beta,None,XGBoost,0.7133,0.5874,0.3,0.3571
F_peak_3d_T7,beta,None,Logistic Regression,0.54,0.5389,0.3,0.3571
F_de_3d_10rm,all,norm2,KNN,0.8867,0.7676,0.3,0.3571
F_peak_3d_T7,beta,None,Linear SVM,0.5467,0.5391,0.3,0.3571
F_peak_3d_1area,beta,None,KNN,0.9467,0.7129,0.3,0.3571
F_de_3d_2area,alpha,norm3,Random Forest,0.8,0.6074,0.3,0.3571
F_peak_3d_Fp1,beta,norm3,Random Forest,0.7733,0.5853,0.3,0.3571
F_de_3d_F3,gamma,None,XGBoost,0.6133,0.5848,0.2,0.3571
F_de_3d_1area,theta,norm3,KNN,0.9733,0.6848,0.2,0.3571
F_median_3d_F3,theta,None,Logistic Regression,0.5333,0.5297,0.4,0.3571
F_mean_3d19,beta,norm2,XGBoost,0.9933,0.8097,0.3,0.3571
F_de_3d_3area,gamma,None,Logistic Regression,0.5933,0.5618,0.3,0.3571
F_de_3d_Fz,theta,None,KNN,0.9533,0.7016,0.2,0.3571
F_peak_3d_3area,delta,norm2,KNN,0.9667,0.6977,0.3,0.3571
F_peak_3d_10rm,beta,norm2,KNN,0.9867,0.7172,0.1,0.3571
F_de_3d_C4,all,norm3,Linear SVM,0.5467,0.5582,0.4,0.3571
F_mean_3d_2area,delta,None,XGBoost,0.7733,0.637,0.4,0.3571
F_peak_3d_F8,beta,norm3,Ensemble (Majority Vote),0.6667,0.6064,0.4,0.3571
F_peak_3d_F8,beta,norm2,Ensemble (Majority Vote),0.6667,0.6064,0.4,0.3571
F_median_3d_C4,all,norm3,KNN,0.9533,0.7478,0.1,0.3571
F_mean_3d_10rm,all,norm2,XGBoost,1.0,0.923,0.2,0.3571
F_mean_3d_Fp1,gamma,norm3,Random Forest,0.7933,0.5938,0.1,0.3571
F_mean_3d_C4,all,None,Logistic Regression,0.6533,0.5818,0.4,0.3571
F_peak_3d_F3,delta,norm2,KNN,0.98,0.6818,0.1,0.3571
F_de_3d_8rm,all,norm2,KNN,0.92,0.7676,0.3,0.3571
F_de_3d_1area,theta,norm2,KNN,0.9733,0.6848,0.2,0.3571
F_median_3d_2area,gamma,None,Linear SVM,0.6133,0.5586,0.3,0.3571
F_rasm_3d,delta,norm2,XGBoost,0.96,0.7655,0.2,0.3571
F_peak_3d_F4,gamma,norm3,Ensemble (Majority Vote),0.7067,0.6241,0.1,0.3571
F_peak_3d_Fz,gamma,None,Logistic Regression,0.5933,0.5545,0.3,0.3571
F_mean_3d_3area,theta,norm2,Random Forest,0.8667,0.6313,0.2,0.3571
F_peak_3d_T8,all,norm3,XGBoost,0.86,0.7138,0.1,0.3571
F_peak_3d_Fz,gamma,None,Ensemble (Majority Vote),0.64,0.6106,0.3,0.3571
F_peak_3d_F3,delta,norm3,KNN,0.98,0.6818,0.1,0.3571
F_de_3d19,alpha,None,Linear SVM,0.7867,0.6818,0.3,0.3571
F_de_3d_Fp2,all,None,XGBoost,0.8933,0.7209,0.2,0.3571
F_peak_3d_F7,gamma,norm3,Random Forest,0.7667,0.5899,0.2,0.3571
F_rasm_3d19,alpha,None,Linear SVM,0.46,0.4929,0.2,0.3571
F_de_3d_C4,alpha,None,Random Forest,0.62,0.5995,0.3,0.3571
F_mean_3d_Fp2,beta,None,Ensemble (Majority Vote),0.78,0.6352,0.3,0.3571
F_de_3d_C4,all,norm3,Logistic Regression,0.5533,0.5586,0.4,0.3429
F_peak_3d_F3,gamma,None,Random Forest,0.6733,0.594,0.3,0.3429
F_median_3d_2area,gamma,norm3,Ensemble (Majority Vote),0.6867,0.6172,0.2,0.3429
F_median_3d_C3,alpha,None,Linear SVM,0.5667,0.5411,0.4,0.3429
F_median_3d_Fp1,all,None,KNN,0.98,0.7577,0.2,0.3429
F_median_3d_Fp1,theta,None,Random Forest,0.66,0.6007,0.3,0.3429
F_de_3d_F3,gamma,None,Ensemble (Majority Vote),0.6733,0.6122,0.3,0.3429
F_de_3d_F3,gamma,None,Random Forest,0.66,0.5841,0.2,0.3429
F_mean_3d_3area,beta,None,Linear SVM,0.66,0.5816,0.3,0.3429
F_de_3d19,alpha,norm3,Linear SVM,0.8133,0.6816,0.4,0.3429
F_peak_3d_Fz,gamma,None,Linear SVM,0.5933,0.554,0.3,0.3429
F_peak_3d_Fp2,alpha,None,Random Forest,0.76,0.5975,0.2,0.3429
F_peak_3d_F7,all,norm2,XGBoost,0.9333,0.6559,0.0,0.3429
F_peak_3d19,all,None,Random Forest,0.9467,0.8639,0.3,0.3429
F_mean_3d_1area,alpha,None,KNN,0.98,0.7046,0.3,0.3429
F_peak_3d_Fz,gamma,None,Random Forest,0.6533,0.5984,0.3,0.3429
F_mean_3d_8rm,all,norm2,KNN,0.82,0.7025,0.2,0.3429
F_median_3d_F3,delta,None,Ensemble (Majority Vote),0.7133,0.6074,0.3,0.3429
F_rasm_3d_10rm,delta,norm2,XGBoost,0.9733,0.748,0.2,0.3429
F_de_3d19,alpha,norm3,Logistic Regression,0.8133,0.6834,0.4,0.3429
F_peak_3d_T7,beta,None,Ensemble (Majority Vote),0.7067,0.6083,0.3,0.3429
F_median_3d_2area,alpha,norm3,Logistic Regression,0.5333,0.5262,0.4,0.3429
F_de_3d19,all,norm3,KNN,1.0,0.9582,0.2,0.3429
F_mean_3d_T8,all,None,KNN,0.98,0.7494,0.2,0.3429
F_de_3d_C4,all,norm3,Ensemble (Majority Vote),0.74,0.6644,0.3,0.3429
F_median_3d_F4,all,norm3,Random Forest,0.7933,0.6593,0.3,0.3429
F_median_3d_F8,all,None,Linear SVM,0.6733,0.6117,0.3,0.3429
F_peak_3d_C3,all,norm3,Random Forest,0.7867,0.6924,0.3,0.3429
F_mean_3d_F3,theta,None,Random Forest,0.7667,0.5993,0.2,0.3429
F_mean_3d_8rm,delta,norm2,KNN,0.9667,0.6989,0.1,0.3429
F_dasm_3d_10rm,beta,norm3,KNN,0.98,0.7239,0.1,0.3429
F_peak_3d_T7,beta,norm3,Ensemble (Majority Vote),0.62,0.6147,0.3,0.3429
F_de_3d_T8,all,norm3,KNN,0.9533,0.768,0.3,0.3429
F_median_3d_2area,alpha,norm3,Linear SVM,0.5333,0.5255,0.4,0.3429
F_peak_3d_T7,beta,norm2,Ensemble (Majority Vote),0.62,0.6147,0.3,0.3429
F_median_3d_F4,all,norm3,Ensemble (Majority Vote),0.7867,0.6648,0.4,0.3429
F_peak_3d_C3,gamma,None,Logistic Regression,0.5533,0.5384,0.4,0.3429
F_de_3d_2area,alpha,norm3,XGBoost,0.74,0.594,0.2,0.3286
F_peak_3d_Fp2,alpha,None,XGBoost,0.68,0.5853,0.3,0.3286
F_peak_3d19,alpha,None,Ensemble (Majority Vote),0.9467,0.8198,0.3,0.3286
F_peak_3d_3area,gamma,norm3,Logistic Regression,0.5733,0.5572,0.3,0.3286
F_de_3d_2area,alpha,norm3,Ensemble (Majority Vote),0.7267,0.6292,0.2,0.3286
F_median_3d_F8,all,norm3,XGBoost,0.8467,0.6883,0.2,0.3286
F_peak_3d_3area,gamma,norm3,Linear SVM,0.5733,0.5563,0.3,0.3286
F_de_3d_T8,all,norm3,Random Forest,0.8133,0.688,0.3,0.3286
F_de_3d_3area,theta,None,XGBoost,0.8,0.6637,0.3,0.3286
F_de_3d_T8,all,norm3,XGBoost,0.88,0.7225,0.2,0.3286
F_peak_3d_C4,beta,norm2,Random Forest,0.7333,0.5913,0.2,0.3286
F_peak_3d_F7,all,norm2,Random Forest,0.94,0.6697,0.0,0.3286
F_peak_3d_C4,beta,norm3,Random Forest,0.7333,0.5913,0.2,0.3286
F_peak_3d_C3,gamma,None,Linear SVM,0.5533,0.5382,0.4,0.3286
F_de_3d_F3,theta,None,Ensemble (Majority Vote),0.7133,0.6143,0.2,0.3286
F_peak_3d19,alpha,None,KNN,0.9933,0.9179,0.3,0.3286
F_peak_3d_T8,all,None,XGBoost,0.8733,0.7147,0.3,0.3286
F_median_3d_F4,all,norm3,XGBoost,0.8333,0.6871,0.2,0.3143
F_mean_3d_2area,alpha,norm3,Linear SVM,0.5533,0.5343,0.2,0.3143
F_de_3d_1area,gamma,None,Linear SVM,0.5467,0.5446,0.3,0.3143
F_mean_3d_2area,alpha,norm3,Logistic Regression,0.5533,0.5345,0.2,0.3143
F_de_3d_C4,all,norm3,Random Forest,0.7733,0.6554,0.2,0.3143
F_peak_3d_1area,beta,None,Random Forest,0.72,0.6143,0.3,0.3143
F_de_3d_2area,gamma,None,Linear SVM,0.5867,0.5497,0.3,0.3143
F_median_3d19,theta,None,Random Forest,0.8733,0.7437,0.3,0.3143
F_mean_3d_F4,all,norm3,XGBoost,0.8733,0.6903,0.2,0.3143
F_mean_3d_F4,all,None,Linear SVM,0.6333,0.5972,0.3,0.3143
F_de_3d_C4,all,norm3,XGBoost,0.8667,0.7,0.2,0.3143
F_de_3d_C4,all,norm3,KNN,0.98,0.7499,0.2,0.3143
F_mean_3d_T8,all,norm3,XGBoost,0.8667,0.6989,0.2,0.3143
F_median_3d_Fp2,beta,None,Random Forest,0.6733,0.6011,0.2,0.3143
F_peak_3d,beta,norm2,Random Forest,1.0,0.768,0.2,0.3143
F_peak_3d_F7,all,norm2,Ensemble (Majority Vote),0.9,0.6754,0.1,0.3
F_mean_3d_F4,all,None,Logistic Regression,0.66,0.6014,0.3,0.3
F_de_3d_F3,gamma,None,Logistic Regression,0.5333,0.537,0.3,0.3
F_mean_3d_F4,all,norm3,Ensemble (Majority Vote),0.7667,0.6625,0.2,0.3
F_median_3d_F8,all,norm3,Ensemble (Majority Vote),0.8,0.6715,0.2,0.3
F_median_3d_F3,delta,None,Logistic Regression,0.5667,0.5269,0.3,0.3
F_median_3d_F3,delta,None,Linear SVM,0.5667,0.5271,0.3,0.3
F_de_3d_F3,gamma,None,Linear SVM,0.5333,0.5375,0.3,0.3
F_median_3d_F8,all,norm3,Logistic Regression,0.64,0.594,0.2,0.3
F_median_3d_F8,all,norm3,Linear SVM,0.66,0.5952,0.2,0.3
F_peak_3d_Fz,gamma,norm3,KNN,0.9867,0.6938,0.2,0.3
F_peak_3d_Fz,gamma,norm2,KNN,0.9867,0.6938,0.2,0.3
F_de_3d_2area,gamma,None,Logistic Regression,0.56,0.5409,0.3,0.3
F_median_3d_Fp2,beta,None,Ensemble (Majority Vote),0.72,0.62,0.3,0.2857
F_de_3d_F3,theta,None,Linear SVM,0.58,0.5349,0.2,0.2857
F_de_3d_2area,alpha,norm3,Linear SVM,0.5133,0.5278,0.2,0.2857
F_de_3d_2area,alpha,norm3,Logistic Regression,0.5133,0.528,0.2,0.2857
F_median_3d_C4,theta,None,Logistic Regression,0.5267,0.5333,0.2,0.2857
F_median_3d_C4,theta,None,Linear SVM,0.5267,0.5333,0.2,0.2857
F_de_3d_F3,theta,None,Logistic Regression,0.58,0.5349,0.2,0.2857
F_median_3d_C4,theta,None,Ensemble (Majority Vote),0.7,0.6166,0.4,0.2857
F_mean_3d_F4,all,norm3,Random Forest,0.7867,0.6678,0.3,0.2857
F_median_3d_1area,theta,norm2,KNN,0.9867,0.6869,0.1,0.2857
F_median_3d_1area,theta,norm3,KNN,0.9867,0.6869,0.1,0.2857
F_median_3d_Fp2,beta,None,Logistic Regression,0.5933,0.5483,0.3,0.2857
F_median_3d_Fp2,beta,None,Linear SVM,0.6,0.5483,0.2,0.2714
F_de_3d_1area,gamma,None,Logistic Regression,0.54,0.5453,0.2,0.2714
